/*
 Navicat Premium Dump SQL

 Source Server         : localhost
 Source Server Type    : MySQL
 Source Server Version : 80030 (8.0.30)
 Source Host           : localhost:3306
 Source Schema         : vtiger

 Target Server Type    : MySQL
 Target Server Version : 80030 (8.0.30)
 File Encoding         : 65001

 Date: 23/10/2024 17:08:50
*/

SET NAMES utf8mb4;
SET FOREIGN_KEY_CHECKS = 0;

-- ----------------------------
-- Table structure for com_vtiger_workflow_activatedonce
-- ----------------------------
DROP TABLE IF EXISTS `com_vtiger_workflow_activatedonce`;
CREATE TABLE `com_vtiger_workflow_activatedonce`  (
  `workflow_id` int NOT NULL,
  `entity_id` int NOT NULL,
  PRIMARY KEY (`workflow_id`, `entity_id`) USING BTREE
) ENGINE = InnoDB CHARACTER SET = utf8mb3 COLLATE = utf8mb3_general_ci ROW_FORMAT = Dynamic;

-- ----------------------------
-- Records of com_vtiger_workflow_activatedonce
-- ----------------------------

-- ----------------------------
-- Table structure for com_vtiger_workflow_tasktypes
-- ----------------------------
DROP TABLE IF EXISTS `com_vtiger_workflow_tasktypes`;
CREATE TABLE `com_vtiger_workflow_tasktypes`  (
  `id` int NOT NULL,
  `tasktypename` varchar(255) CHARACTER SET utf8mb3 COLLATE utf8mb3_general_ci NOT NULL,
  `label` varchar(255) CHARACTER SET utf8mb3 COLLATE utf8mb3_general_ci NULL DEFAULT NULL,
  `classname` varchar(255) CHARACTER SET utf8mb3 COLLATE utf8mb3_general_ci NULL DEFAULT NULL,
  `classpath` varchar(255) CHARACTER SET utf8mb3 COLLATE utf8mb3_general_ci NULL DEFAULT NULL,
  `templatepath` varchar(255) CHARACTER SET utf8mb3 COLLATE utf8mb3_general_ci NULL DEFAULT NULL,
  `modules` varchar(500) CHARACTER SET utf8mb3 COLLATE utf8mb3_general_ci NULL DEFAULT NULL,
  `sourcemodule` varchar(255) CHARACTER SET utf8mb3 COLLATE utf8mb3_general_ci NULL DEFAULT NULL
) ENGINE = InnoDB CHARACTER SET = utf8mb3 COLLATE = utf8mb3_general_ci ROW_FORMAT = Dynamic;

-- ----------------------------
-- Records of com_vtiger_workflow_tasktypes
-- ----------------------------
INSERT INTO `com_vtiger_workflow_tasktypes` VALUES (1, 'VTEmailTask', 'Send Mail', 'VTEmailTask', 'modules/com_vtiger_workflow/tasks/VTEmailTask.inc', 'modules/Settings/Workflows/Tasks/VTEmailTask.tpl', '{\"include\":[],\"exclude\":[]}', '');
INSERT INTO `com_vtiger_workflow_tasktypes` VALUES (2, 'VTEntityMethodTask', 'Invoke Custom Function', 'VTEntityMethodTask', 'modules/com_vtiger_workflow/tasks/VTEntityMethodTask.inc', 'modules/Settings/Workflows/Tasks/VTEntityMethodTask.tpl', '{\"include\":[],\"exclude\":[]}', '');
INSERT INTO `com_vtiger_workflow_tasktypes` VALUES (3, 'VTCreateTodoTask', 'Create Todo', 'VTCreateTodoTask', 'modules/com_vtiger_workflow/tasks/VTCreateTodoTask.inc', 'modules/Settings/Workflows/Tasks/VTCreateTodoTask.tpl', '{\"include\":[\"Leads\",\"Accounts\",\"Potentials\",\"Contacts\",\"HelpDesk\",\"Campaigns\",\"Quotes\",\"PurchaseOrder\",\"SalesOrder\",\"Invoice\",\"Project\"],\"exclude\":[\"Calendar\",\"FAQ\",\"Events\"]}', '');
INSERT INTO `com_vtiger_workflow_tasktypes` VALUES (4, 'VTCreateEventTask', 'Create Event', 'VTCreateEventTask', 'modules/com_vtiger_workflow/tasks/VTCreateEventTask.inc', 'modules/Settings/Workflows/Tasks/VTCreateEventTask.tpl', '{\"include\":[\"Leads\",\"Accounts\",\"Potentials\",\"Contacts\",\"HelpDesk\",\"Campaigns\",\"Project\"],\"exclude\":[\"Calendar\",\"FAQ\",\"Events\"]}', '');
INSERT INTO `com_vtiger_workflow_tasktypes` VALUES (5, 'VTUpdateFieldsTask', 'Update Fields', 'VTUpdateFieldsTask', 'modules/com_vtiger_workflow/tasks/VTUpdateFieldsTask.inc', 'modules/Settings/Workflows/Tasks/VTUpdateFieldsTask.tpl', '{\"include\":[],\"exclude\":[]}', '');
INSERT INTO `com_vtiger_workflow_tasktypes` VALUES (6, 'VTCreateEntityTask', 'Create Entity', 'VTCreateEntityTask', 'modules/com_vtiger_workflow/tasks/VTCreateEntityTask.inc', 'modules/Settings/Workflows/Tasks/VTCreateEntityTask.tpl', '{\"include\":[],\"exclude\":[]}', '');
INSERT INTO `com_vtiger_workflow_tasktypes` VALUES (7, 'VTSMSTask', 'SMS Task', 'VTSMSTask', 'modules/com_vtiger_workflow/tasks/VTSMSTask.inc', 'modules/Settings/Workflows/Tasks/VTSMSTask.tpl', '{\"include\":[],\"exclude\":[]}', 'SMSNotifier');

-- ----------------------------
-- Table structure for com_vtiger_workflow_tasktypes_seq
-- ----------------------------
DROP TABLE IF EXISTS `com_vtiger_workflow_tasktypes_seq`;
CREATE TABLE `com_vtiger_workflow_tasktypes_seq`  (
  `id` int NOT NULL
) ENGINE = InnoDB CHARACTER SET = utf8mb4 COLLATE = utf8mb4_0900_ai_ci ROW_FORMAT = Dynamic;

-- ----------------------------
-- Records of com_vtiger_workflow_tasktypes_seq
-- ----------------------------
INSERT INTO `com_vtiger_workflow_tasktypes_seq` VALUES (7);

-- ----------------------------
-- Table structure for com_vtiger_workflows
-- ----------------------------
DROP TABLE IF EXISTS `com_vtiger_workflows`;
CREATE TABLE `com_vtiger_workflows`  (
  `workflow_id` int NOT NULL AUTO_INCREMENT,
  `module_name` varchar(100) CHARACTER SET utf8mb3 COLLATE utf8mb3_general_ci NULL DEFAULT NULL,
  `summary` varchar(400) CHARACTER SET utf8mb3 COLLATE utf8mb3_general_ci NOT NULL,
  `test` text CHARACTER SET utf8mb3 COLLATE utf8mb3_general_ci NOT NULL,
  `execution_condition` int NOT NULL,
  `defaultworkflow` int NULL DEFAULT NULL,
  `type` varchar(255) CHARACTER SET utf8mb3 COLLATE utf8mb3_general_ci NULL DEFAULT NULL,
  `filtersavedinnew` int NULL DEFAULT NULL,
  `schtypeid` int NULL DEFAULT NULL,
  `schdayofmonth` varchar(100) CHARACTER SET utf8mb3 COLLATE utf8mb3_general_ci NULL DEFAULT NULL,
  `schdayofweek` varchar(100) CHARACTER SET utf8mb3 COLLATE utf8mb3_general_ci NULL DEFAULT NULL,
  `schannualdates` varchar(500) CHARACTER SET utf8mb3 COLLATE utf8mb3_general_ci NULL DEFAULT NULL,
  `schtime` varchar(50) CHARACTER SET utf8mb3 COLLATE utf8mb3_general_ci NULL DEFAULT NULL,
  `nexttrigger_time` datetime NULL DEFAULT NULL,
  `status` tinyint(1) NULL DEFAULT 1,
  `workflowname` varchar(100) CHARACTER SET utf8mb3 COLLATE utf8mb3_general_ci NULL DEFAULT NULL,
  PRIMARY KEY (`workflow_id`) USING BTREE,
  UNIQUE INDEX `com_vtiger_workflows_idx`(`workflow_id` ASC) USING BTREE
) ENGINE = InnoDB AUTO_INCREMENT = 25 CHARACTER SET = utf8mb3 COLLATE = utf8mb3_general_ci ROW_FORMAT = Dynamic;

-- ----------------------------
-- Records of com_vtiger_workflows
-- ----------------------------
INSERT INTO `com_vtiger_workflows` VALUES (1, 'Invoice', 'UpdateInventoryProducts On Every Save', '[{\"fieldname\":\"subject\",\"operation\":\"does not contain\",\"value\":\"`!`\"}]', 3, 1, 'basic', 5, NULL, NULL, NULL, NULL, NULL, NULL, 1, 'UpdateInventoryProducts On Every Save');
INSERT INTO `com_vtiger_workflows` VALUES (2, 'Accounts', 'Send Email to user when Notifyowner is True', '[{\"fieldname\":\"notify_owner\",\"operation\":\"is\",\"value\":\"true:boolean\"}]', 2, 1, 'basic', 5, NULL, NULL, NULL, NULL, NULL, NULL, 1, 'Send Email to user when Notifyowner is True');
INSERT INTO `com_vtiger_workflows` VALUES (3, 'Contacts', 'Send Email to user when Notifyowner is True', '[{\"fieldname\":\"notify_owner\",\"operation\":\"is\",\"value\":\"true:boolean\"}]', 2, 1, 'basic', 5, NULL, NULL, NULL, NULL, NULL, NULL, 1, 'Send Email to user when Notifyowner is True');
INSERT INTO `com_vtiger_workflows` VALUES (4, 'Contacts', 'Send Email to user when Portal User is True', '[{\"fieldname\":\"portal\",\"operation\":\"is\",\"value\":\"1\",\"valuetype\":\"rawtext\",\"joincondition\":\"and\",\"groupjoin\":\"and\",\"groupid\":\"0\"},{\"fieldname\":\"email\",\"operation\":\"is not empty\",\"value\":\"\",\"valuetype\":\"rawtext\",\"joincondition\":\"\",\"groupjoin\":\"and\",\"groupid\":\"0\"}]', 3, 1, 'basic', 6, NULL, NULL, NULL, NULL, NULL, NULL, 1, 'Send Email to user when Portal User is True');
INSERT INTO `com_vtiger_workflows` VALUES (5, 'Potentials', 'Send Email to users on Potential creation', '[]', 1, 1, 'basic', 5, NULL, NULL, NULL, NULL, NULL, NULL, 1, 'Send Email to users on Potential creation');
INSERT INTO `com_vtiger_workflows` VALUES (6, 'Contacts', 'Workflow for Contact Creation or Modification', '[]', 3, 1, 'basic', 5, NULL, NULL, NULL, NULL, NULL, NULL, 1, 'Workflow for Contact Creation or Modification');
INSERT INTO `com_vtiger_workflows` VALUES (7, 'HelpDesk', 'Ticket Creation From Portal : Send Email to Record Owner and Contact', '[{\"fieldname\":\"from_portal\",\"operation\":\"is\",\"value\":1,\"valuetype\":\"rawtext\",\"joincondition\":\"and\",\"groupjoin\":\"and\",\"groupid\":0}]', 1, 1, 'basic', 6, NULL, NULL, NULL, NULL, NULL, NULL, 1, 'Ticket Creation From Portal : Send Email to Record Owner and Contact');
INSERT INTO `com_vtiger_workflows` VALUES (9, 'HelpDesk', 'Send Email to Contact on Ticket Update', '[{\"fieldname\":\"(contact_id : (Contacts) emailoptout)\",\"operation\":\"is\",\"value\":\"0\",\"valuetype\":\"rawtext\",\"joincondition\":\"and\",\"groupjoin\":\"and\",\"groupid\":\"0\"},{\"fieldname\":\"from_portal\",\"operation\":\"is\",\"value\":0,\"valuetype\":\"rawtext\",\"joincondition\":\"and\",\"groupjoin\":\"and\",\"groupid\":0},{\"fieldname\":\"ticketstatus\",\"operation\":\"has changed to\",\"value\":\"Closed\",\"valuetype\":\"rawtext\",\"joincondition\":\"or\",\"groupjoin\":\"and\",\"groupid\":\"1\"},{\"fieldname\":\"solution\",\"operation\":\"has changed\",\"value\":\"\",\"valuetype\":\"\",\"joincondition\":\"or\",\"groupjoin\":\"and\",\"groupid\":\"1\"},{\"fieldname\":\"description\",\"operation\":\"has changed\",\"value\":\"\",\"valuetype\":\"\",\"joincondition\":\"or\",\"groupjoin\":\"and\",\"groupid\":\"1\"}]', 3, 1, 'basic', 6, NULL, NULL, NULL, NULL, NULL, NULL, 1, 'Send Email to Contact on Ticket Update');
INSERT INTO `com_vtiger_workflows` VALUES (10, 'Events', 'Workflow for Events when Send Notification is True', '[{\"fieldname\":\"sendnotification\",\"operation\":\"is\",\"value\":\"true:boolean\"}]', 3, 1, 'basic', 5, NULL, NULL, NULL, NULL, NULL, NULL, 1, 'Workflow for Events when Send Notification is True');
INSERT INTO `com_vtiger_workflows` VALUES (11, 'Calendar', 'Workflow for Calendar Todos when Send Notification is True', '[{\"fieldname\":\"sendnotification\",\"operation\":\"is\",\"value\":\"true:boolean\"}]', 3, 1, 'basic', 5, NULL, NULL, NULL, NULL, NULL, NULL, 1, 'Workflow for Calendar Todos when Send Notification is True');
INSERT INTO `com_vtiger_workflows` VALUES (12, 'Potentials', 'Calculate or Update forecast amount', '[]', 3, 1, 'basic', 5, NULL, NULL, NULL, NULL, NULL, NULL, 1, 'Calculate or Update forecast amount');
INSERT INTO `com_vtiger_workflows` VALUES (13, 'Events', 'Workflow for Events when Send Notification is True', '[{\"fieldname\":\"sendnotification\",\"operation\":\"is\",\"value\":\"true:boolean\"}]', 3, 1, 'basic', 5, NULL, NULL, NULL, NULL, NULL, NULL, 1, 'Workflow for Events when Send Notification is True');
INSERT INTO `com_vtiger_workflows` VALUES (14, 'Calendar', 'Workflow for Calendar Todos when Send Notification is True', '[{\"fieldname\":\"sendnotification\",\"operation\":\"is\",\"value\":\"true:boolean\"}]', 3, 1, 'basic', 5, NULL, NULL, NULL, NULL, NULL, NULL, 1, 'Workflow for Calendar Todos when Send Notification is True');
INSERT INTO `com_vtiger_workflows` VALUES (15, 'HelpDesk', 'Comment Added From CRM : Send Email to Organization', '[{\"fieldname\":\"_VT_add_comment\",\"operation\":\"is added\",\"value\":\"\",\"valuetype\":\"rawtext\",\"joincondition\":\"\",\"groupjoin\":\"and\",\"groupid\":\"0\"},{\"fieldname\":\"from_portal\",\"operation\":\"is\",\"value\":\"0\",\"valuetype\":\"rawtext\",\"joincondition\":\"\",\"groupjoin\":\"and\",\"groupid\":\"0\"},{\"fieldname\":\"(parent_id : (Accounts) emailoptout)\",\"operation\":\"is\",\"value\":\"0\",\"valuetype\":\"rawtext\",\"joincondition\":\"and\",\"groupjoin\":\"and\",\"groupid\":\"0\"}]', 3, 1, 'basic', 6, NULL, NULL, NULL, NULL, NULL, NULL, 1, 'Comment Added From CRM : Send Email to Organization');
INSERT INTO `com_vtiger_workflows` VALUES (16, 'PurchaseOrder', 'Update Inventory Products On Every Save', '[]', 3, 1, 'basic', 5, NULL, NULL, NULL, NULL, NULL, NULL, 1, 'Update Inventory Products On Every Save');
INSERT INTO `com_vtiger_workflows` VALUES (17, 'HelpDesk', 'Comment Added From Portal : Send Email to Record Owner', '[{\"fieldname\":\"_VT_add_comment\",\"operation\":\"is added\",\"value\":\"\",\"valuetype\":\"rawtext\",\"joincondition\":\"\",\"groupjoin\":\"and\",\"groupid\":\"0\"},{\"fieldname\":\"from_portal\",\"operation\":\"is\",\"value\":\"1\",\"valuetype\":\"rawtext\",\"joincondition\":\"\",\"groupjoin\":\"and\",\"groupid\":\"0\"}]', 3, 1, 'basic', 6, NULL, NULL, NULL, NULL, NULL, NULL, 1, 'Comment Added From Portal : Send Email to Record Owner');
INSERT INTO `com_vtiger_workflows` VALUES (18, 'HelpDesk', 'Comment Added From CRM : Send Email to Contact, where Contact is not a Portal User', '[{\"fieldname\":\"(contact_id : (Contacts) portal)\",\"operation\":\"is\",\"value\":\"0\",\"valuetype\":\"rawtext\",\"joincondition\":\"and\",\"groupjoin\":\"and\",\"groupid\":\"0\"},{\"fieldname\":\"_VT_add_comment\",\"operation\":\"is added\",\"value\":\"\",\"valuetype\":\"rawtext\",\"joincondition\":\"\",\"groupjoin\":\"and\",\"groupid\":\"0\"},{\"fieldname\":\"from_portal\",\"operation\":\"is\",\"value\":\"0\",\"valuetype\":\"rawtext\",\"joincondition\":\"\",\"groupjoin\":\"and\",\"groupid\":\"0\"},{\"fieldname\":\"(contact_id : (Contacts) emailoptout)\",\"operation\":\"is\",\"value\":\"0\",\"valuetype\":\"rawtext\",\"joincondition\":\"and\",\"groupjoin\":\"and\",\"groupid\":\"0\"}]', 3, 1, 'basic', 6, NULL, NULL, NULL, NULL, NULL, NULL, 1, 'Comment Added From CRM : Send Email to Contact, where Contact is not a Portal User');
INSERT INTO `com_vtiger_workflows` VALUES (19, 'HelpDesk', 'Comment Added From CRM : Send Email to Contact, where Contact is Portal User', '[{\"fieldname\":\"(contact_id : (Contacts) portal)\",\"operation\":\"is\",\"value\":\"1\",\"valuetype\":\"rawtext\",\"joincondition\":\"and\",\"groupjoin\":\"and\",\"groupid\":\"0\"},{\"fieldname\":\"_VT_add_comment\",\"operation\":\"is added\",\"value\":\"\",\"valuetype\":\"rawtext\",\"joincondition\":\"\",\"groupjoin\":\"and\",\"groupid\":\"0\"},{\"fieldname\":\"from_portal\",\"operation\":\"is\",\"value\":\"0\",\"valuetype\":\"rawtext\",\"joincondition\":\"\",\"groupjoin\":\"and\",\"groupid\":\"0\"},{\"fieldname\":\"(contact_id : (Contacts) emailoptout)\",\"operation\":\"is\",\"value\":\"0\",\"valuetype\":\"rawtext\",\"joincondition\":\"and\",\"groupjoin\":\"and\",\"groupid\":\"0\"}]', 3, 1, 'basic', 6, NULL, NULL, NULL, NULL, NULL, NULL, 1, 'Comment Added From CRM : Send Email to Contact, where Contact is Portal User');
INSERT INTO `com_vtiger_workflows` VALUES (20, 'HelpDesk', 'Send Email to Record Owner on Ticket Update', '[{\"fieldname\":\"from_portal\",\"operation\":\"is\",\"value\":0,\"valuetype\":\"rawtext\",\"joincondition\":\"and\",\"groupjoin\":\"and\",\"groupid\":0},{\"fieldname\":\"ticketstatus\",\"operation\":\"has changed to\",\"value\":\"Closed\",\"valuetype\":\"rawtext\",\"joincondition\":\"or\",\"groupjoin\":\"and\",\"groupid\":\"1\"},{\"fieldname\":\"solution\",\"operation\":\"has changed\",\"value\":\"\",\"valuetype\":\"\",\"joincondition\":\"or\",\"groupjoin\":\"and\",\"groupid\":\"1\"},{\"fieldname\":\"assigned_user_id\",\"operation\":\"has changed\",\"value\":\"\",\"valuetype\":\"\",\"joincondition\":\"or\",\"groupjoin\":\"and\",\"groupid\":\"1\"},{\"fieldname\":\"description\",\"operation\":\"has changed\",\"value\":\"\",\"valuetype\":\"\",\"joincondition\":\"or\",\"groupjoin\":\"and\",\"groupid\":\"1\"}]', 3, 1, 'basic', 6, NULL, NULL, NULL, NULL, NULL, NULL, 1, 'Send Email to Record Owner on Ticket Update');
INSERT INTO `com_vtiger_workflows` VALUES (21, 'HelpDesk', 'Ticket Creation From CRM : Send Email to Record Owner', '[{\"fieldname\":\"from_portal\",\"operation\":\"is\",\"value\":\"0\",\"valuetype\":\"rawtext\",\"joincondition\":\"\",\"groupjoin\":\"and\",\"groupid\":\"0\"}]', 1, 1, 'basic', 6, NULL, NULL, NULL, NULL, NULL, NULL, 1, 'Ticket Creation From CRM : Send Email to Record Owner');
INSERT INTO `com_vtiger_workflows` VALUES (22, 'HelpDesk', 'Send Email to Organization on Ticket Update', '[{\"fieldname\":\"(parent_id : (Accounts) emailoptout)\",\"operation\":\"is\",\"value\":\"0\",\"valuetype\":\"rawtext\",\"joincondition\":\"and\",\"groupjoin\":\"and\",\"groupid\":\"0\"},{\"fieldname\":\"from_portal\",\"operation\":\"is\",\"value\":0,\"valuetype\":\"rawtext\",\"joincondition\":\"and\",\"groupjoin\":\"and\",\"groupid\":0},{\"fieldname\":\"ticketstatus\",\"operation\":\"has changed to\",\"value\":\"Closed\",\"valuetype\":\"rawtext\",\"joincondition\":\"or\",\"groupjoin\":\"and\",\"groupid\":\"1\"},{\"fieldname\":\"solution\",\"operation\":\"has changed\",\"value\":\"\",\"valuetype\":\"\",\"joincondition\":\"or\",\"groupjoin\":\"and\",\"groupid\":\"1\"},{\"fieldname\":\"description\",\"operation\":\"has changed\",\"value\":\"\",\"valuetype\":\"\",\"joincondition\":\"or\",\"groupjoin\":\"and\",\"groupid\":\"1\"}]', 3, 1, 'basic', 6, NULL, NULL, NULL, NULL, NULL, NULL, 1, 'Send Email to Organization on Ticket Update');
INSERT INTO `com_vtiger_workflows` VALUES (23, 'HelpDesk', 'Ticket Creation From CRM : Send Email to Organization', '[{\"fieldname\":\"(parent_id : (Accounts) emailoptout)\",\"operation\":\"is\",\"value\":\"0\",\"valuetype\":\"rawtext\",\"joincondition\":\"and\",\"groupjoin\":\"and\",\"groupid\":\"0\"},{\"fieldname\":\"from_portal\",\"operation\":\"is\",\"value\":\"0\",\"valuetype\":\"rawtext\",\"joincondition\":\"\",\"groupjoin\":\"and\",\"groupid\":\"0\"}]', 1, 1, 'basic', 6, NULL, NULL, NULL, NULL, NULL, NULL, 1, 'Ticket Creation From CRM : Send Email to Organization');
INSERT INTO `com_vtiger_workflows` VALUES (24, 'HelpDesk', 'Ticket Creation From CRM : Send Email to Contact', '[{\"fieldname\":\"(contact_id : (Contacts) emailoptout)\",\"operation\":\"is\",\"value\":\"0\",\"valuetype\":\"rawtext\",\"joincondition\":\"and\",\"groupjoin\":\"and\",\"groupid\":\"0\"},{\"fieldname\":\"from_portal\",\"operation\":\"is\",\"value\":\"0\",\"valuetype\":\"rawtext\",\"joincondition\":\"\",\"groupjoin\":\"and\",\"groupid\":\"0\"}]', 1, 1, 'basic', 6, NULL, NULL, NULL, NULL, NULL, NULL, 1, 'Ticket Creation From CRM : Send Email to Contact');

-- ----------------------------
-- Table structure for com_vtiger_workflows_seq
-- ----------------------------
DROP TABLE IF EXISTS `com_vtiger_workflows_seq`;
CREATE TABLE `com_vtiger_workflows_seq`  (
  `id` int NOT NULL
) ENGINE = InnoDB CHARACTER SET = utf8mb4 COLLATE = utf8mb4_0900_ai_ci ROW_FORMAT = Dynamic;

-- ----------------------------
-- Records of com_vtiger_workflows_seq
-- ----------------------------
INSERT INTO `com_vtiger_workflows_seq` VALUES (24);

-- ----------------------------
-- Table structure for com_vtiger_workflowtask_queue
-- ----------------------------
DROP TABLE IF EXISTS `com_vtiger_workflowtask_queue`;
CREATE TABLE `com_vtiger_workflowtask_queue`  (
  `task_id` int NULL DEFAULT NULL,
  `entity_id` varchar(100) CHARACTER SET utf8mb3 COLLATE utf8mb3_general_ci NULL DEFAULT NULL,
  `do_after` int NULL DEFAULT NULL,
  `relatedinfo` varchar(255) CHARACTER SET utf8mb3 COLLATE utf8mb3_general_ci NULL DEFAULT NULL,
  `task_contents` text CHARACTER SET utf8mb3 COLLATE utf8mb3_general_ci NULL
) ENGINE = InnoDB CHARACTER SET = utf8mb3 COLLATE = utf8mb3_general_ci ROW_FORMAT = Dynamic;

-- ----------------------------
-- Records of com_vtiger_workflowtask_queue
-- ----------------------------

-- ----------------------------
-- Table structure for com_vtiger_workflowtasks
-- ----------------------------
DROP TABLE IF EXISTS `com_vtiger_workflowtasks`;
CREATE TABLE `com_vtiger_workflowtasks`  (
  `task_id` int NOT NULL AUTO_INCREMENT,
  `workflow_id` int NULL DEFAULT NULL,
  `summary` varchar(400) CHARACTER SET utf8mb3 COLLATE utf8mb3_general_ci NOT NULL,
  `task` text CHARACTER SET utf8mb3 COLLATE utf8mb3_general_ci NOT NULL,
  PRIMARY KEY (`task_id`) USING BTREE,
  UNIQUE INDEX `com_vtiger_workflowtasks_idx`(`task_id` ASC) USING BTREE
) ENGINE = InnoDB AUTO_INCREMENT = 29 CHARACTER SET = utf8mb3 COLLATE = utf8mb3_general_ci ROW_FORMAT = Dynamic;

-- ----------------------------
-- Records of com_vtiger_workflowtasks
-- ----------------------------
INSERT INTO `com_vtiger_workflowtasks` VALUES (1, 1, '', 'O:18:\"VTEntityMethodTask\":6:{s:18:\"executeImmediately\";b:1;s:10:\"workflowId\";i:1;s:7:\"summary\";s:0:\"\";s:6:\"active\";b:1;s:10:\"methodName\";s:15:\"UpdateInventory\";s:2:\"id\";i:1;}');
INSERT INTO `com_vtiger_workflowtasks` VALUES (2, 2, 'An account has been created ', 'O:11:\"VTEmailTask\":9:{s:18:\"executeImmediately\";s:0:\"\";s:10:\"workflowId\";s:1:\"2\";s:7:\"summary\";s:28:\"An account has been created \";s:6:\"active\";s:1:\"1\";s:10:\"methodName\";s:11:\"NotifyOwner\";s:9:\"recepient\";s:36:\"$(assigned_user_id : (Users) email1)\";s:7:\"subject\";s:26:\"Regarding Account Creation\";s:7:\"content\";s:301:\"An Account has been assigned to you on vtigerCRM<br>Details of account are :<br><br>AccountId:<b>$account_no</b><br>AccountName:<b>$accountname</b><br>Rating:<b>$rating</b><br>Industry:<b>$industry</b><br>AccountType:<b>$accounttype</b><br>Description:<b>$description</b><br><br><br>Thank You<br>Admin\";s:2:\"id\";s:1:\"2\";}');
INSERT INTO `com_vtiger_workflowtasks` VALUES (3, 3, 'An contact has been created ', 'O:11:\"VTEmailTask\":9:{s:18:\"executeImmediately\";s:0:\"\";s:10:\"workflowId\";s:1:\"3\";s:7:\"summary\";s:28:\"An contact has been created \";s:6:\"active\";s:1:\"1\";s:10:\"methodName\";s:11:\"NotifyOwner\";s:9:\"recepient\";s:36:\"$(assigned_user_id : (Users) email1)\";s:7:\"subject\";s:26:\"Regarding Contact Creation\";s:7:\"content\";s:305:\"An Contact has been assigned to you on vtigerCRM<br>Details of Contact are :<br><br>Contact Id:<b>$contact_no</b><br>LastName:<b>$lastname</b><br>FirstName:<b>$firstname</b><br>Lead Source:<b>$leadsource</b><br>Department:<b>$department</b><br>Description:<b>$description</b><br><br><br>Thank You<br>Admin\";s:2:\"id\";s:1:\"3\";}');
INSERT INTO `com_vtiger_workflowtasks` VALUES (4, 4, 'Email Customer Portal Login Details', 'O:18:\"VTEntityMethodTask\":6:{s:18:\"executeImmediately\";b:1;s:10:\"workflowId\";i:4;s:7:\"summary\";s:35:\"Email Customer Portal Login Details\";s:6:\"active\";b:1;s:10:\"methodName\";s:22:\"SendPortalLoginDetails\";s:2:\"id\";i:4;}');
INSERT INTO `com_vtiger_workflowtasks` VALUES (5, 5, 'An Potential has been created ', 'O:11:\"VTEmailTask\":8:{s:18:\"executeImmediately\";s:0:\"\";s:10:\"workflowId\";s:1:\"5\";s:7:\"summary\";s:30:\"An Potential has been created \";s:6:\"active\";s:1:\"1\";s:9:\"recepient\";s:36:\"$(assigned_user_id : (Users) email1)\";s:7:\"subject\";s:30:\"Regarding Potential Assignment\";s:7:\"content\";s:342:\"An Potential has been assigned to you on vtigerCRM<br>Details of Potential are :<br><br>Potential No:<b>$potential_no</b><br>Potential Name:<b>$potentialname</b><br>Amount:<b>$amount</b><br>Expected Close Date:<b>$closingdate ($_DATE_FORMAT_)</b><br>Type:<b>$opportunity_type</b><br><br><br>Description :$description<br><br>Thank You<br>Admin\";s:2:\"id\";s:1:\"5\";}');
INSERT INTO `com_vtiger_workflowtasks` VALUES (6, 6, 'An contact has been created ', 'O:11:\"VTEmailTask\":8:{s:18:\"executeImmediately\";s:0:\"\";s:10:\"workflowId\";s:1:\"6\";s:7:\"summary\";s:28:\"An contact has been created \";s:6:\"active\";s:1:\"1\";s:9:\"recepient\";s:36:\"$(assigned_user_id : (Users) email1)\";s:7:\"subject\";s:28:\"Regarding Contact Assignment\";s:7:\"content\";s:384:\"An Contact has been assigned to you on vtigerCRM<br>Details of Contact are :<br><br>Contact Id:<b>$contact_no</b><br>LastName:<b>$lastname</b><br>FirstName:<b>$firstname</b><br>Lead Source:<b>$leadsource</b><br>Department:<b>$department</b><br>Description:<b>$description</b><br><br><br>And <b>CustomerPortal Login Details</b> is sent to the EmailID :-$email<br><br>Thank You<br>Admin\";s:2:\"id\";s:1:\"6\";}');
INSERT INTO `com_vtiger_workflowtasks` VALUES (7, 7, 'Notify Related Contact when Ticket is created from Portal', 'O:11:\"VTEmailTask\":9:{s:18:\"executeImmediately\";s:1:\"0\";s:7:\"summary\";s:57:\"Notify Related Contact when Ticket is created from Portal\";s:6:\"active\";s:1:\"1\";s:2:\"id\";s:1:\"7\";s:10:\"workflowId\";s:1:\"7\";s:9:\"fromEmail\";s:93:\"$(general : (__VtigerMeta__) supportName)&lt;$(general : (__VtigerMeta__) supportEmailId)&gt;\";s:9:\"recepient\";s:33:\",$(contact_id : (Contacts) email)\";s:7:\"subject\";s:93:\"[From Portal] $ticket_no [ Ticket Id : $(general : (__VtigerMeta__) recordId) ] $ticket_title\";s:7:\"content\";s:158:\"Ticket No : $ticket_no<br>\n							  Ticket ID : $(general : (__VtigerMeta__) recordId)<br>\n							  Ticket Title : $ticket_title<br><br>\n							  $description\";}');
INSERT INTO `com_vtiger_workflowtasks` VALUES (10, 9, 'Send Email to Contact on Ticket Update', 'O:11:\"VTEmailTask\":9:{s:18:\"executeImmediately\";s:1:\"0\";s:7:\"summary\";s:38:\"Send Email to Contact on Ticket Update\";s:6:\"active\";s:1:\"1\";s:2:\"id\";s:2:\"10\";s:9:\"fromEmail\";s:93:\"$(general : (__VtigerMeta__) supportName)&lt;$(general : (__VtigerMeta__) supportEmailId)&gt;\";s:9:\"recepient\";s:33:\",$(contact_id : (Contacts) email)\";s:7:\"subject\";s:79:\"$ticket_no [ Ticket Id : $(general : (__VtigerMeta__) recordId) ] $ticket_title\";s:7:\"content\";s:624:\"Ticket ID : $(general : (__VtigerMeta__) recordId)<br>Ticket Title : $ticket_title<br><br>\n								Dear $(contact_id : (Contacts) lastname) $(contact_id : (Contacts) firstname),<br><br>\n								The Ticket is replied the details are :<br><br>\n								Ticket No : $ticket_no<br>\n								Status : $ticketstatus<br>\n								Category : $ticketcategories<br>\n								Severity : $ticketseverities<br>\n								Priority : $ticketpriorities<br><br>\n								Description : <br>$description<br><br>\n								Solution : <br>$solution<br>\n								The comments are : <br>\n								$allComments<br><br>\n								Regards<br>Support Administrator\";s:10:\"workflowId\";s:1:\"9\";}');
INSERT INTO `com_vtiger_workflowtasks` VALUES (13, 12, 'update forecast amount', 'O:18:\"VTUpdateFieldsTask\":7:{s:18:\"executeImmediately\";b:1;s:43:\"\0VTUpdateFieldsTask\0referenceFieldFocusList\";a:0:{}s:10:\"workflowId\";i:12;s:7:\"summary\";s:22:\"update forecast amount\";s:6:\"active\";b:1;s:19:\"field_value_mapping\";s:95:\"[{\"fieldname\":\"forecast_amount\",\"valuetype\":\"expression\",\"value\":\"amount * probability / 100\"}]\";s:2:\"id\";i:13;}');
INSERT INTO `com_vtiger_workflowtasks` VALUES (14, 13, 'Send Notification Email to Record Owner', 'O:11:\"VTEmailTask\":8:{s:18:\"executeImmediately\";s:0:\"\";s:10:\"workflowId\";s:2:\"13\";s:7:\"summary\";s:39:\"Send Notification Email to Record Owner\";s:6:\"active\";s:1:\"1\";s:9:\"recepient\";s:36:\"$(assigned_user_id : (Users) email1)\";s:7:\"subject\";s:17:\"Event :  $subject\";s:7:\"content\";s:771:\"$(assigned_user_id : (Users) last_name) $(assigned_user_id : (Users) first_name) ,<br/><b>Activity Notification Details:</b><br/>Subject             : $subject<br/>Start date and time : $date_start ($(general : (__VtigerMeta__) usertimezone))<br/>End date and time   : $due_date ($(general : (__VtigerMeta__) usertimezone)) <br/>Status              : $eventstatus <br/>Priority            : $taskpriority <br/>Related To          : $(parent_id : (Leads) lastname) $(parent_id : (Leads) firstname) $(parent_id : (Accounts) accountname) $(parent_id : (Potentials) potentialname) $(parent_id : (HelpDesk) ticket_title) $(parent_id : (Campaigns) campaignname) <br/>Contacts List       : $contact_id <br/>Location            : $location <br/>Description         : $description\";s:2:\"id\";s:2:\"14\";}');
INSERT INTO `com_vtiger_workflowtasks` VALUES (15, 14, 'Send Notification Email to Record Owner', 'O:11:\"VTEmailTask\":8:{s:18:\"executeImmediately\";s:0:\"\";s:10:\"workflowId\";s:2:\"14\";s:7:\"summary\";s:39:\"Send Notification Email to Record Owner\";s:6:\"active\";s:1:\"1\";s:9:\"recepient\";s:36:\"$(assigned_user_id : (Users) email1)\";s:7:\"subject\";s:16:\"Task :  $subject\";s:7:\"content\";s:689:\"$(assigned_user_id : (Users) last_name) $(assigned_user_id : (Users) first_name) ,<br/><b>Task Notification Details:</b><br/>Subject : $subject<br/>Start date and time : $date_start ($(general : (__VtigerMeta__) usertimezone))<br/>End date and time   : $due_date ($_DATE_FORMAT_) <br/>Status              : $taskstatus <br/>Priority            : $taskpriority <br/>Related To          : $(parent_id : (Leads) lastname) $(parent_id : (Leads) firstname) $(parent_id : (Accounts) accountname) $(parent_id : (Potentials) potentialname) $(parent_id : (HelpDesk) ticket_title) $(parent_id : (Campaigns) campaignname) <br/>Contacts List       : $contact_id <br/>Description         : $description\";s:2:\"id\";s:2:\"15\";}');
INSERT INTO `com_vtiger_workflowtasks` VALUES (18, 16, 'Update Inventory Products', 'O:18:\"VTEntityMethodTask\":6:{s:18:\"executeImmediately\";b:1;s:10:\"workflowId\";i:16;s:7:\"summary\";s:25:\"Update Inventory Products\";s:6:\"active\";b:1;s:10:\"methodName\";s:15:\"UpdateInventory\";s:2:\"id\";i:18;}');
INSERT INTO `com_vtiger_workflowtasks` VALUES (19, 17, 'Comment Added From Portal : Send Email to Record Owner', 'O:11:\"VTEmailTask\":9:{s:18:\"executeImmediately\";s:1:\"0\";s:7:\"summary\";s:54:\"Comment Added From Portal : Send Email to Record Owner\";s:6:\"active\";s:1:\"1\";s:2:\"id\";s:2:\"19\";s:10:\"workflowId\";s:2:\"17\";s:9:\"fromEmail\";s:112:\"$(contact_id : (Contacts) lastname) $(contact_id : (Contacts) firstname)&lt;$(contact_id : (Contacts) email)&gt;\";s:9:\"recepient\";s:37:\",$(assigned_user_id : (Users) email1)\";s:7:\"subject\";s:92:\"Respond to Ticket ID## $(general : (__VtigerMeta__) recordId) ## in Customer Portal - URGENT\";s:7:\"content\";s:325:\"Dear $(assigned_user_id : (Users) last_name) $(assigned_user_id : (Users) first_name),<br><br>\n								Customer has provided the following additional information to your reply:<br><br>\n								<b>$lastComment</b><br><br>\n								Kindly respond to above ticket at the earliest.<br><br>\n								Regards<br>Support Administrator\";}');
INSERT INTO `com_vtiger_workflowtasks` VALUES (20, 18, 'Comment Added From CRM : Send Email to Contact, where Contact is not a Portal User', 'O:11:\"VTEmailTask\":9:{s:18:\"executeImmediately\";s:1:\"0\";s:7:\"summary\";s:82:\"Comment Added From CRM : Send Email to Contact, where Contact is not a Portal User\";s:6:\"active\";s:1:\"1\";s:2:\"id\";s:2:\"20\";s:10:\"workflowId\";s:2:\"18\";s:9:\"fromEmail\";s:93:\"$(general : (__VtigerMeta__) supportName)&lt;$(general : (__VtigerMeta__) supportEmailId)&gt;\";s:9:\"recepient\";s:33:\",$(contact_id : (Contacts) email)\";s:7:\"subject\";s:79:\"$ticket_no [ Ticket Id : $(general : (__VtigerMeta__) recordId) ] $ticket_title\";s:7:\"content\";s:514:\"Dear $(contact_id : (Contacts) lastname) $(contact_id : (Contacts) firstname),<br><br>\n							The Ticket is replied the details are :<br><br>\n							Ticket No : $ticket_no<br>\n							Status : $ticketstatus<br>\n							Category : $ticketcategories<br>\n							Severity : $ticketseverities<br>\n							Priority : $ticketpriorities<br><br>\n							Description : <br>$description<br><br>\n							Solution : <br>$solution<br>\n							The comments are : <br>\n							$allComments<br><br>\n							Regards<br>Support Administrator\";}');
INSERT INTO `com_vtiger_workflowtasks` VALUES (21, 19, 'Comment Added From CRM : Send Email to Contact, where Contact is Portal User', 'O:11:\"VTEmailTask\":9:{s:18:\"executeImmediately\";s:1:\"0\";s:7:\"summary\";s:76:\"Comment Added From CRM : Send Email to Contact, where Contact is Portal User\";s:6:\"active\";s:1:\"1\";s:2:\"id\";s:2:\"21\";s:10:\"workflowId\";s:2:\"19\";s:9:\"fromEmail\";s:93:\"$(general : (__VtigerMeta__) supportName)&lt;$(general : (__VtigerMeta__) supportEmailId)&gt;\";s:9:\"recepient\";s:33:\",$(contact_id : (Contacts) email)\";s:7:\"subject\";s:79:\"$ticket_no [ Ticket Id : $(general : (__VtigerMeta__) recordId) ] $ticket_title\";s:7:\"content\";s:547:\"Ticket No : $ticket_no<br>\n										Ticket Id : $(general : (__VtigerMeta__) recordId)<br>\n										Subject : $ticket_title<br><br>\n										Dear $(contact_id : (Contacts) lastname) $(contact_id : (Contacts) firstname),<br><br>\n										There is a reply to <b>$ticket_title</b> in the \"Customer Portal\" at VTiger.\n										You can use the following link to view the replies made:<br>\n										<a href=\"$(general : (__VtigerMeta__) portaldetailviewurl)\">Ticket Details</a><br><br>\n										Thanks<br>$(general : (__VtigerMeta__) supportName)\";}');
INSERT INTO `com_vtiger_workflowtasks` VALUES (22, 15, 'Comment Added From CRM : Send Email to Organization', 'O:11:\"VTEmailTask\":9:{s:18:\"executeImmediately\";s:1:\"0\";s:7:\"summary\";s:51:\"Comment Added From CRM : Send Email to Organization\";s:6:\"active\";s:1:\"1\";s:2:\"id\";s:2:\"22\";s:10:\"workflowId\";s:2:\"15\";s:9:\"fromEmail\";s:93:\"$(general : (__VtigerMeta__) supportName)&lt;$(general : (__VtigerMeta__) supportEmailId)&gt;\";s:9:\"recepient\";s:34:\",$(parent_id : (Accounts) email1),\";s:7:\"subject\";s:79:\"$ticket_no [ Ticket Id : $(general : (__VtigerMeta__) recordId) ] $ticket_title\";s:7:\"content\";s:589:\"Ticket ID : $(general : (__VtigerMeta__) recordId)<br>Ticket Title : $ticket_title<br><br>\n								Dear $(parent_id : (Accounts) accountname),<br><br>\n								The Ticket is replied the details are :<br><br>\n								Ticket No : $ticket_no<br>\n								Status : $ticketstatus<br>\n								Category : $ticketcategories<br>\n								Severity : $ticketseverities<br>\n								Priority : $ticketpriorities<br><br>\n								Description : <br>$description<br><br>\n								Solution : <br>$solution<br>\n								The comments are : <br>\n								$allComments<br><br>\n								Regards<br>Support Administrator\";}');
INSERT INTO `com_vtiger_workflowtasks` VALUES (23, 7, 'Notify Record Owner when Ticket is created from Portal', 'O:11:\"VTEmailTask\":9:{s:18:\"executeImmediately\";s:1:\"0\";s:7:\"summary\";s:54:\"Notify Record Owner when Ticket is created from Portal\";s:6:\"active\";s:1:\"1\";s:2:\"id\";s:2:\"23\";s:10:\"workflowId\";s:1:\"7\";s:9:\"fromEmail\";s:124:\"$(contact_id : (Contacts) lastname) $(contact_id : (Contacts) firstname)&lt;$(general : (__VtigerMeta__) supportEmailId)&gt;\";s:9:\"recepient\";s:37:\",$(assigned_user_id : (Users) email1)\";s:7:\"subject\";s:93:\"[From Portal] $ticket_no [ Ticket Id : $(general : (__VtigerMeta__) recordId) ] $ticket_title\";s:7:\"content\";s:158:\"Ticket No : $ticket_no<br>\n							  Ticket ID : $(general : (__VtigerMeta__) recordId)<br>\n							  Ticket Title : $ticket_title<br><br>\n							  $description\";}');
INSERT INTO `com_vtiger_workflowtasks` VALUES (24, 20, 'Send Email to Record Owner on Ticket Update', 'O:11:\"VTEmailTask\":9:{s:18:\"executeImmediately\";s:1:\"0\";s:7:\"summary\";s:43:\"Send Email to Record Owner on Ticket Update\";s:6:\"active\";s:1:\"1\";s:2:\"id\";s:2:\"24\";s:10:\"workflowId\";s:2:\"20\";s:9:\"fromEmail\";s:93:\"$(general : (__VtigerMeta__) supportName)&lt;$(general : (__VtigerMeta__) supportEmailId)&gt;\";s:9:\"recepient\";s:37:\",$(assigned_user_id : (Users) email1)\";s:7:\"subject\";s:40:\"Ticket Number : $ticket_no $ticket_title\";s:7:\"content\";s:596:\"Ticket ID : $(general : (__VtigerMeta__) recordId)<br>Ticket Title : $ticket_title<br><br>\n								Dear $(assigned_user_id : (Users) last_name) $(assigned_user_id : (Users) first_name),<br><br>\n								The Ticket is replied the details are :<br><br>\n								Ticket No : $ticket_no<br>\n								Status : $ticketstatus<br>\n								Category : $ticketcategories<br>\n								Severity : $ticketseverities<br>\n								Priority : $ticketpriorities<br><br>\n								Description : <br>$description<br><br>\n								Solution : <br>$solution\n								$allComments<br><br>\n								Regards<br>Support Administrator\";}');
INSERT INTO `com_vtiger_workflowtasks` VALUES (25, 21, 'Ticket Creation From CRM : Send Email to Record Owner', 'O:11:\"VTEmailTask\":9:{s:18:\"executeImmediately\";s:1:\"0\";s:7:\"summary\";s:53:\"Ticket Creation From CRM : Send Email to Record Owner\";s:6:\"active\";s:1:\"1\";s:2:\"id\";s:2:\"25\";s:10:\"workflowId\";s:2:\"21\";s:9:\"fromEmail\";s:93:\"$(general : (__VtigerMeta__) supportName)&lt;$(general : (__VtigerMeta__) supportEmailId)&gt;\";s:9:\"recepient\";s:37:\",$(assigned_user_id : (Users) email1)\";s:7:\"subject\";s:40:\"Ticket Number : $ticket_no $ticket_title\";s:7:\"content\";s:596:\"Ticket ID : $(general : (__VtigerMeta__) recordId)<br>Ticket Title : $ticket_title<br><br>\n								Dear $(assigned_user_id : (Users) last_name) $(assigned_user_id : (Users) first_name),<br><br>\n								The Ticket is replied the details are :<br><br>\n								Ticket No : $ticket_no<br>\n								Status : $ticketstatus<br>\n								Category : $ticketcategories<br>\n								Severity : $ticketseverities<br>\n								Priority : $ticketpriorities<br><br>\n								Description : <br>$description<br><br>\n								Solution : <br>$solution\n								$allComments<br><br>\n								Regards<br>Support Administrator\";}');
INSERT INTO `com_vtiger_workflowtasks` VALUES (26, 22, 'Send Email to Organization on Ticket Update', 'O:11:\"VTEmailTask\":9:{s:18:\"executeImmediately\";s:1:\"0\";s:7:\"summary\";s:43:\"Send Email to Organization on Ticket Update\";s:6:\"active\";s:1:\"1\";s:2:\"id\";s:2:\"26\";s:9:\"fromEmail\";s:93:\"$(general : (__VtigerMeta__) supportName)&lt;$(general : (__VtigerMeta__) supportEmailId)&gt;\";s:9:\"recepient\";s:33:\",$(parent_id : (Accounts) email1)\";s:7:\"subject\";s:79:\"$ticket_no [ Ticket Id : $(general : (__VtigerMeta__) recordId) ] $ticket_title\";s:7:\"content\";s:589:\"Ticket ID : $(general : (__VtigerMeta__) recordId)<br>Ticket Title : $ticket_title<br><br>\n								Dear $(parent_id : (Accounts) accountname),<br><br>\n								The Ticket is replied the details are :<br><br>\n								Ticket No : $ticket_no<br>\n								Status : $ticketstatus<br>\n								Category : $ticketcategories<br>\n								Severity : $ticketseverities<br>\n								Priority : $ticketpriorities<br><br>\n								Description : <br>$description<br><br>\n								Solution : <br>$solution<br>\n								The comments are : <br>\n								$allComments<br><br>\n								Regards<br>Support Administrator\";s:10:\"workflowId\";s:2:\"22\";}');
INSERT INTO `com_vtiger_workflowtasks` VALUES (27, 23, 'Ticket Creation From CRM : Send Email to Organization', 'O:11:\"VTEmailTask\":9:{s:18:\"executeImmediately\";s:1:\"0\";s:7:\"summary\";s:53:\"Ticket Creation From CRM : Send Email to Organization\";s:6:\"active\";s:1:\"1\";s:2:\"id\";s:2:\"27\";s:9:\"fromEmail\";s:93:\"$(general : (__VtigerMeta__) supportName)&lt;$(general : (__VtigerMeta__) supportEmailId)&gt;\";s:9:\"recepient\";s:33:\",$(parent_id : (Accounts) email1)\";s:7:\"subject\";s:79:\"$ticket_no [ Ticket Id : $(general : (__VtigerMeta__) recordId) ] $ticket_title\";s:7:\"content\";s:589:\"Ticket ID : $(general : (__VtigerMeta__) recordId)<br>Ticket Title : $ticket_title<br><br>\n								Dear $(parent_id : (Accounts) accountname),<br><br>\n								The Ticket is replied the details are :<br><br>\n								Ticket No : $ticket_no<br>\n								Status : $ticketstatus<br>\n								Category : $ticketcategories<br>\n								Severity : $ticketseverities<br>\n								Priority : $ticketpriorities<br><br>\n								Description : <br>$description<br><br>\n								Solution : <br>$solution<br>\n								The comments are : <br>\n								$allComments<br><br>\n								Regards<br>Support Administrator\";s:10:\"workflowId\";s:2:\"23\";}');
INSERT INTO `com_vtiger_workflowtasks` VALUES (28, 24, 'Ticket Creation From CRM : Send Email to Contact', 'O:11:\"VTEmailTask\":9:{s:18:\"executeImmediately\";s:1:\"0\";s:7:\"summary\";s:48:\"Ticket Creation From CRM : Send Email to Contact\";s:6:\"active\";s:1:\"1\";s:2:\"id\";s:2:\"28\";s:9:\"fromEmail\";s:93:\"$(general : (__VtigerMeta__) supportName)&lt;$(general : (__VtigerMeta__) supportEmailId)&gt;\";s:9:\"recepient\";s:33:\",$(contact_id : (Contacts) email)\";s:7:\"subject\";s:79:\"$ticket_no [ Ticket Id : $(general : (__VtigerMeta__) recordId) ] $ticket_title\";s:7:\"content\";s:624:\"Ticket ID : $(general : (__VtigerMeta__) recordId)<br>Ticket Title : $ticket_title<br><br>\n								Dear $(contact_id : (Contacts) lastname) $(contact_id : (Contacts) firstname),<br><br>\n								The Ticket is replied the details are :<br><br>\n								Ticket No : $ticket_no<br>\n								Status : $ticketstatus<br>\n								Category : $ticketcategories<br>\n								Severity : $ticketseverities<br>\n								Priority : $ticketpriorities<br><br>\n								Description : <br>$description<br><br>\n								Solution : <br>$solution<br>\n								The comments are : <br>\n								$allComments<br><br>\n								Regards<br>Support Administrator\";s:10:\"workflowId\";s:2:\"24\";}');

-- ----------------------------
-- Table structure for com_vtiger_workflowtasks_entitymethod
-- ----------------------------
DROP TABLE IF EXISTS `com_vtiger_workflowtasks_entitymethod`;
CREATE TABLE `com_vtiger_workflowtasks_entitymethod`  (
  `workflowtasks_entitymethod_id` int NOT NULL,
  `module_name` varchar(100) CHARACTER SET utf8mb3 COLLATE utf8mb3_general_ci NULL DEFAULT NULL,
  `method_name` varchar(100) CHARACTER SET utf8mb3 COLLATE utf8mb3_general_ci NULL DEFAULT NULL,
  `function_path` varchar(400) CHARACTER SET utf8mb3 COLLATE utf8mb3_general_ci NULL DEFAULT NULL,
  `function_name` varchar(100) CHARACTER SET utf8mb3 COLLATE utf8mb3_general_ci NULL DEFAULT NULL,
  PRIMARY KEY (`workflowtasks_entitymethod_id`) USING BTREE,
  UNIQUE INDEX `com_vtiger_workflowtasks_entitymethod_idx`(`workflowtasks_entitymethod_id` ASC) USING BTREE
) ENGINE = InnoDB CHARACTER SET = utf8mb3 COLLATE = utf8mb3_general_ci ROW_FORMAT = Dynamic;

-- ----------------------------
-- Records of com_vtiger_workflowtasks_entitymethod
-- ----------------------------
INSERT INTO `com_vtiger_workflowtasks_entitymethod` VALUES (1, 'SalesOrder', 'UpdateInventory', 'include/InventoryHandler.php', 'handleInventoryProductRel');
INSERT INTO `com_vtiger_workflowtasks_entitymethod` VALUES (2, 'Invoice', 'UpdateInventory', 'include/InventoryHandler.php', 'handleInventoryProductRel');
INSERT INTO `com_vtiger_workflowtasks_entitymethod` VALUES (3, 'Contacts', 'SendPortalLoginDetails', 'modules/Contacts/ContactsHandler.php', 'Contacts_sendCustomerPortalLoginDetails');
INSERT INTO `com_vtiger_workflowtasks_entitymethod` VALUES (4, 'HelpDesk', 'NotifyOnPortalTicketCreation', 'modules/HelpDesk/HelpDeskHandler.php', 'HelpDesk_nofifyOnPortalTicketCreation');
INSERT INTO `com_vtiger_workflowtasks_entitymethod` VALUES (5, 'HelpDesk', 'NotifyOnPortalTicketComment', 'modules/HelpDesk/HelpDeskHandler.php', 'HelpDesk_notifyOnPortalTicketComment');
INSERT INTO `com_vtiger_workflowtasks_entitymethod` VALUES (6, 'HelpDesk', 'NotifyOwnerOnTicketChange', 'modules/HelpDesk/HelpDeskHandler.php', 'HelpDesk_notifyOwnerOnTicketChange');
INSERT INTO `com_vtiger_workflowtasks_entitymethod` VALUES (7, 'HelpDesk', 'NotifyParentOnTicketChange', 'modules/HelpDesk/HelpDeskHandler.php', 'HelpDesk_notifyParentOnTicketChange');
INSERT INTO `com_vtiger_workflowtasks_entitymethod` VALUES (8, 'ModComments', 'CustomerCommentFromPortal', 'modules/ModComments/ModCommentsHandler.php', 'CustomerCommentFromPortal');
INSERT INTO `com_vtiger_workflowtasks_entitymethod` VALUES (9, 'ModComments', 'TicketOwnerComments', 'modules/ModComments/ModCommentsHandler.php', 'TicketOwnerComments');
INSERT INTO `com_vtiger_workflowtasks_entitymethod` VALUES (10, 'PurchaseOrder', 'UpdateInventory', 'include/InventoryHandler.php', 'handleInventoryProductRel');

-- ----------------------------
-- Table structure for com_vtiger_workflowtasks_entitymethod_seq
-- ----------------------------
DROP TABLE IF EXISTS `com_vtiger_workflowtasks_entitymethod_seq`;
CREATE TABLE `com_vtiger_workflowtasks_entitymethod_seq`  (
  `id` int NOT NULL
) ENGINE = InnoDB CHARACTER SET = utf8mb4 COLLATE = utf8mb4_0900_ai_ci ROW_FORMAT = Dynamic;

-- ----------------------------
-- Records of com_vtiger_workflowtasks_entitymethod_seq
-- ----------------------------
INSERT INTO `com_vtiger_workflowtasks_entitymethod_seq` VALUES (10);

-- ----------------------------
-- Table structure for com_vtiger_workflowtasks_seq
-- ----------------------------
DROP TABLE IF EXISTS `com_vtiger_workflowtasks_seq`;
CREATE TABLE `com_vtiger_workflowtasks_seq`  (
  `id` int NOT NULL
) ENGINE = InnoDB CHARACTER SET = utf8mb4 COLLATE = utf8mb4_0900_ai_ci ROW_FORMAT = Dynamic;

-- ----------------------------
-- Records of com_vtiger_workflowtasks_seq
-- ----------------------------
INSERT INTO `com_vtiger_workflowtasks_seq` VALUES (28);

-- ----------------------------
-- Table structure for com_vtiger_workflowtemplates
-- ----------------------------
DROP TABLE IF EXISTS `com_vtiger_workflowtemplates`;
CREATE TABLE `com_vtiger_workflowtemplates`  (
  `template_id` int NOT NULL AUTO_INCREMENT,
  `module_name` varchar(100) CHARACTER SET utf8mb3 COLLATE utf8mb3_general_ci NULL DEFAULT NULL,
  `title` varchar(400) CHARACTER SET utf8mb3 COLLATE utf8mb3_general_ci NULL DEFAULT NULL,
  `template` text CHARACTER SET utf8mb3 COLLATE utf8mb3_general_ci NULL,
  PRIMARY KEY (`template_id`) USING BTREE
) ENGINE = InnoDB CHARACTER SET = utf8mb3 COLLATE = utf8mb3_general_ci ROW_FORMAT = Dynamic;

-- ----------------------------
-- Records of com_vtiger_workflowtemplates
-- ----------------------------

-- ----------------------------
-- Table structure for vtiger_account
-- ----------------------------
DROP TABLE IF EXISTS `vtiger_account`;
CREATE TABLE `vtiger_account`  (
  `accountid` int NOT NULL DEFAULT 0,
  `account_no` varchar(100) CHARACTER SET utf8mb3 COLLATE utf8mb3_general_ci NOT NULL,
  `accountname` varchar(100) CHARACTER SET utf8mb3 COLLATE utf8mb3_general_ci NOT NULL,
  `parentid` int NULL DEFAULT 0,
  `account_type` varchar(200) CHARACTER SET utf8mb3 COLLATE utf8mb3_general_ci NULL DEFAULT NULL,
  `industry` varchar(200) CHARACTER SET utf8mb3 COLLATE utf8mb3_general_ci NULL DEFAULT NULL,
  `annualrevenue` decimal(25, 8) NULL DEFAULT NULL,
  `rating` varchar(200) CHARACTER SET utf8mb3 COLLATE utf8mb3_general_ci NULL DEFAULT NULL,
  `ownership` varchar(50) CHARACTER SET utf8mb3 COLLATE utf8mb3_general_ci NULL DEFAULT NULL,
  `siccode` varchar(50) CHARACTER SET utf8mb3 COLLATE utf8mb3_general_ci NULL DEFAULT NULL,
  `tickersymbol` varchar(30) CHARACTER SET utf8mb3 COLLATE utf8mb3_general_ci NULL DEFAULT NULL,
  `phone` varchar(30) CHARACTER SET utf8mb3 COLLATE utf8mb3_general_ci NULL DEFAULT NULL,
  `otherphone` varchar(30) CHARACTER SET utf8mb3 COLLATE utf8mb3_general_ci NULL DEFAULT NULL,
  `email1` varchar(100) CHARACTER SET utf8mb3 COLLATE utf8mb3_general_ci NULL DEFAULT NULL,
  `email2` varchar(100) CHARACTER SET utf8mb3 COLLATE utf8mb3_general_ci NULL DEFAULT NULL,
  `website` varchar(100) CHARACTER SET utf8mb3 COLLATE utf8mb3_general_ci NULL DEFAULT NULL,
  `fax` varchar(30) CHARACTER SET utf8mb3 COLLATE utf8mb3_general_ci NULL DEFAULT NULL,
  `employees` int NULL DEFAULT 0,
  `emailoptout` varchar(3) CHARACTER SET utf8mb3 COLLATE utf8mb3_general_ci NULL DEFAULT '0',
  `notify_owner` varchar(3) CHARACTER SET utf8mb3 COLLATE utf8mb3_general_ci NULL DEFAULT '0',
  `isconvertedfromlead` varchar(3) CHARACTER SET utf8mb3 COLLATE utf8mb3_general_ci NULL DEFAULT '0',
  `tags` varchar(1) CHARACTER SET utf8mb3 COLLATE utf8mb3_general_ci NULL DEFAULT NULL,
  PRIMARY KEY (`accountid`) USING BTREE,
  INDEX `account_account_type_idx`(`account_type` ASC) USING BTREE,
  INDEX `email_idx`(`email1` ASC, `email2` ASC) USING BTREE,
  CONSTRAINT `fk_1_vtiger_account` FOREIGN KEY (`accountid`) REFERENCES `vtiger_crmentity` (`crmid`) ON DELETE CASCADE ON UPDATE RESTRICT
) ENGINE = InnoDB CHARACTER SET = utf8mb3 COLLATE = utf8mb3_general_ci ROW_FORMAT = Dynamic;

-- ----------------------------
-- Records of vtiger_account
-- ----------------------------

-- ----------------------------
-- Table structure for vtiger_accountbillads
-- ----------------------------
DROP TABLE IF EXISTS `vtiger_accountbillads`;
CREATE TABLE `vtiger_accountbillads`  (
  `accountaddressid` int NOT NULL DEFAULT 0,
  `bill_city` varchar(30) CHARACTER SET utf8mb3 COLLATE utf8mb3_general_ci NULL DEFAULT NULL,
  `bill_code` varchar(30) CHARACTER SET utf8mb3 COLLATE utf8mb3_general_ci NULL DEFAULT NULL,
  `bill_country` varchar(30) CHARACTER SET utf8mb3 COLLATE utf8mb3_general_ci NULL DEFAULT NULL,
  `bill_state` varchar(30) CHARACTER SET utf8mb3 COLLATE utf8mb3_general_ci NULL DEFAULT NULL,
  `bill_street` varchar(250) CHARACTER SET utf8mb3 COLLATE utf8mb3_general_ci NULL DEFAULT NULL,
  `bill_pobox` varchar(30) CHARACTER SET utf8mb3 COLLATE utf8mb3_general_ci NULL DEFAULT NULL,
  PRIMARY KEY (`accountaddressid`) USING BTREE,
  CONSTRAINT `fk_1_vtiger_accountbillads` FOREIGN KEY (`accountaddressid`) REFERENCES `vtiger_account` (`accountid`) ON DELETE CASCADE ON UPDATE RESTRICT
) ENGINE = InnoDB CHARACTER SET = utf8mb3 COLLATE = utf8mb3_general_ci ROW_FORMAT = Dynamic;

-- ----------------------------
-- Records of vtiger_accountbillads
-- ----------------------------

-- ----------------------------
-- Table structure for vtiger_accountrating
-- ----------------------------
DROP TABLE IF EXISTS `vtiger_accountrating`;
CREATE TABLE `vtiger_accountrating`  (
  `accountratingid` int NOT NULL AUTO_INCREMENT,
  `rating` varchar(200) CHARACTER SET utf8mb3 COLLATE utf8mb3_general_ci NOT NULL,
  `sortorderid` int NOT NULL DEFAULT 0,
  `presence` int NOT NULL DEFAULT 1,
  PRIMARY KEY (`accountratingid`) USING BTREE,
  UNIQUE INDEX `accountrating_rating_idx`(`rating` ASC) USING BTREE
) ENGINE = InnoDB CHARACTER SET = utf8mb3 COLLATE = utf8mb3_general_ci ROW_FORMAT = Dynamic;

-- ----------------------------
-- Records of vtiger_accountrating
-- ----------------------------

-- ----------------------------
-- Table structure for vtiger_accountscf
-- ----------------------------
DROP TABLE IF EXISTS `vtiger_accountscf`;
CREATE TABLE `vtiger_accountscf`  (
  `accountid` int NOT NULL DEFAULT 0,
  PRIMARY KEY (`accountid`) USING BTREE,
  CONSTRAINT `fk_1_vtiger_accountscf` FOREIGN KEY (`accountid`) REFERENCES `vtiger_account` (`accountid`) ON DELETE CASCADE ON UPDATE RESTRICT
) ENGINE = InnoDB CHARACTER SET = utf8mb3 COLLATE = utf8mb3_general_ci ROW_FORMAT = Dynamic;

-- ----------------------------
-- Records of vtiger_accountscf
-- ----------------------------

-- ----------------------------
-- Table structure for vtiger_accountshipads
-- ----------------------------
DROP TABLE IF EXISTS `vtiger_accountshipads`;
CREATE TABLE `vtiger_accountshipads`  (
  `accountaddressid` int NOT NULL DEFAULT 0,
  `ship_city` varchar(30) CHARACTER SET utf8mb3 COLLATE utf8mb3_general_ci NULL DEFAULT NULL,
  `ship_code` varchar(30) CHARACTER SET utf8mb3 COLLATE utf8mb3_general_ci NULL DEFAULT NULL,
  `ship_country` varchar(30) CHARACTER SET utf8mb3 COLLATE utf8mb3_general_ci NULL DEFAULT NULL,
  `ship_state` varchar(30) CHARACTER SET utf8mb3 COLLATE utf8mb3_general_ci NULL DEFAULT NULL,
  `ship_pobox` varchar(30) CHARACTER SET utf8mb3 COLLATE utf8mb3_general_ci NULL DEFAULT NULL,
  `ship_street` varchar(250) CHARACTER SET utf8mb3 COLLATE utf8mb3_general_ci NULL DEFAULT NULL,
  PRIMARY KEY (`accountaddressid`) USING BTREE,
  CONSTRAINT `fk_1_vtiger_accountshipads` FOREIGN KEY (`accountaddressid`) REFERENCES `vtiger_account` (`accountid`) ON DELETE CASCADE ON UPDATE RESTRICT
) ENGINE = InnoDB CHARACTER SET = utf8mb3 COLLATE = utf8mb3_general_ci ROW_FORMAT = Dynamic;

-- ----------------------------
-- Records of vtiger_accountshipads
-- ----------------------------

-- ----------------------------
-- Table structure for vtiger_accounttype
-- ----------------------------
DROP TABLE IF EXISTS `vtiger_accounttype`;
CREATE TABLE `vtiger_accounttype`  (
  `accounttypeid` int NOT NULL AUTO_INCREMENT,
  `accounttype` varchar(200) CHARACTER SET utf8mb3 COLLATE utf8mb3_general_ci NOT NULL,
  `presence` int NOT NULL DEFAULT 1,
  `picklist_valueid` int NOT NULL DEFAULT 0,
  `sortorderid` int NULL DEFAULT NULL,
  `color` varchar(10) CHARACTER SET utf8mb3 COLLATE utf8mb3_general_ci NULL DEFAULT NULL,
  PRIMARY KEY (`accounttypeid`) USING BTREE,
  UNIQUE INDEX `accounttype_accounttype_idx`(`accounttype` ASC) USING BTREE
) ENGINE = InnoDB AUTO_INCREMENT = 12 CHARACTER SET = utf8mb3 COLLATE = utf8mb3_general_ci ROW_FORMAT = Dynamic;

-- ----------------------------
-- Records of vtiger_accounttype
-- ----------------------------
INSERT INTO `vtiger_accounttype` VALUES (2, 'Analyst', 1, 2, 1, NULL);
INSERT INTO `vtiger_accounttype` VALUES (3, 'Competitor', 1, 3, 2, NULL);
INSERT INTO `vtiger_accounttype` VALUES (4, 'Customer', 1, 4, 3, NULL);
INSERT INTO `vtiger_accounttype` VALUES (5, 'Integrator', 1, 5, 4, NULL);
INSERT INTO `vtiger_accounttype` VALUES (6, 'Investor', 1, 6, 5, NULL);
INSERT INTO `vtiger_accounttype` VALUES (7, 'Partner', 1, 7, 6, NULL);
INSERT INTO `vtiger_accounttype` VALUES (8, 'Press', 1, 8, 7, NULL);
INSERT INTO `vtiger_accounttype` VALUES (9, 'Prospect', 1, 9, 8, NULL);
INSERT INTO `vtiger_accounttype` VALUES (10, 'Reseller', 1, 10, 9, NULL);
INSERT INTO `vtiger_accounttype` VALUES (11, 'Other', 1, 11, 10, NULL);

-- ----------------------------
-- Table structure for vtiger_accounttype_seq
-- ----------------------------
DROP TABLE IF EXISTS `vtiger_accounttype_seq`;
CREATE TABLE `vtiger_accounttype_seq`  (
  `id` int NOT NULL
) ENGINE = InnoDB CHARACTER SET = utf8mb4 COLLATE = utf8mb4_0900_ai_ci ROW_FORMAT = Dynamic;

-- ----------------------------
-- Records of vtiger_accounttype_seq
-- ----------------------------
INSERT INTO `vtiger_accounttype_seq` VALUES (11);

-- ----------------------------
-- Table structure for vtiger_actionmapping
-- ----------------------------
DROP TABLE IF EXISTS `vtiger_actionmapping`;
CREATE TABLE `vtiger_actionmapping`  (
  `actionid` int NOT NULL,
  `actionname` varchar(200) CHARACTER SET utf8mb3 COLLATE utf8mb3_general_ci NOT NULL,
  `securitycheck` int NULL DEFAULT NULL,
  PRIMARY KEY (`actionid`, `actionname`) USING BTREE
) ENGINE = InnoDB CHARACTER SET = utf8mb3 COLLATE = utf8mb3_general_ci ROW_FORMAT = Dynamic;

-- ----------------------------
-- Records of vtiger_actionmapping
-- ----------------------------
INSERT INTO `vtiger_actionmapping` VALUES (0, 'Save', 0);
INSERT INTO `vtiger_actionmapping` VALUES (0, 'SavePriceBook', 1);
INSERT INTO `vtiger_actionmapping` VALUES (0, 'SaveVendor', 1);
INSERT INTO `vtiger_actionmapping` VALUES (1, 'DetailViewAjax', 1);
INSERT INTO `vtiger_actionmapping` VALUES (1, 'EditView', 0);
INSERT INTO `vtiger_actionmapping` VALUES (1, 'PriceBookEditView', 1);
INSERT INTO `vtiger_actionmapping` VALUES (1, 'QuickCreate', 1);
INSERT INTO `vtiger_actionmapping` VALUES (1, 'VendorEditView', 1);
INSERT INTO `vtiger_actionmapping` VALUES (2, 'Delete', 0);
INSERT INTO `vtiger_actionmapping` VALUES (2, 'DeletePriceBook', 1);
INSERT INTO `vtiger_actionmapping` VALUES (2, 'DeleteVendor', 1);
INSERT INTO `vtiger_actionmapping` VALUES (3, 'index', 0);
INSERT INTO `vtiger_actionmapping` VALUES (3, 'Popup', 1);
INSERT INTO `vtiger_actionmapping` VALUES (4, 'DetailView', 0);
INSERT INTO `vtiger_actionmapping` VALUES (4, 'PriceBookDetailView', 1);
INSERT INTO `vtiger_actionmapping` VALUES (4, 'TagCloud', 1);
INSERT INTO `vtiger_actionmapping` VALUES (4, 'VendorDetailView', 1);
INSERT INTO `vtiger_actionmapping` VALUES (5, 'Import', 0);
INSERT INTO `vtiger_actionmapping` VALUES (6, 'Export', 0);
INSERT INTO `vtiger_actionmapping` VALUES (7, 'CreateView', 0);
INSERT INTO `vtiger_actionmapping` VALUES (8, 'Merge', 0);
INSERT INTO `vtiger_actionmapping` VALUES (9, 'ConvertLead', 0);
INSERT INTO `vtiger_actionmapping` VALUES (10, 'DuplicatesHandling', 0);
INSERT INTO `vtiger_actionmapping` VALUES (11, 'ReceiveIncomingCalls', 0);
INSERT INTO `vtiger_actionmapping` VALUES (12, 'MakeOutgoingCalls', 0);
INSERT INTO `vtiger_actionmapping` VALUES (13, 'Print', 0);

-- ----------------------------
-- Table structure for vtiger_activity
-- ----------------------------
DROP TABLE IF EXISTS `vtiger_activity`;
CREATE TABLE `vtiger_activity`  (
  `activityid` int NOT NULL DEFAULT 0,
  `subject` varchar(255) CHARACTER SET utf8mb3 COLLATE utf8mb3_general_ci NULL DEFAULT NULL,
  `semodule` varchar(20) CHARACTER SET utf8mb3 COLLATE utf8mb3_general_ci NULL DEFAULT NULL,
  `activitytype` varchar(200) CHARACTER SET utf8mb3 COLLATE utf8mb3_general_ci NOT NULL,
  `date_start` date NOT NULL,
  `due_date` date NULL DEFAULT NULL,
  `time_start` varchar(50) CHARACTER SET utf8mb3 COLLATE utf8mb3_general_ci NULL DEFAULT NULL,
  `time_end` varchar(50) CHARACTER SET utf8mb3 COLLATE utf8mb3_general_ci NULL DEFAULT NULL,
  `sendnotification` varchar(3) CHARACTER SET utf8mb3 COLLATE utf8mb3_general_ci NOT NULL DEFAULT '0',
  `duration_hours` varchar(200) CHARACTER SET utf8mb3 COLLATE utf8mb3_general_ci NULL DEFAULT NULL,
  `duration_minutes` varchar(200) CHARACTER SET utf8mb3 COLLATE utf8mb3_general_ci NULL DEFAULT NULL,
  `status` varchar(200) CHARACTER SET utf8mb3 COLLATE utf8mb3_general_ci NULL DEFAULT NULL,
  `eventstatus` varchar(200) CHARACTER SET utf8mb3 COLLATE utf8mb3_general_ci NULL DEFAULT NULL,
  `priority` varchar(200) CHARACTER SET utf8mb3 COLLATE utf8mb3_general_ci NULL DEFAULT NULL,
  `location` varchar(150) CHARACTER SET utf8mb3 COLLATE utf8mb3_general_ci NULL DEFAULT NULL,
  `notime` varchar(3) CHARACTER SET utf8mb3 COLLATE utf8mb3_general_ci NOT NULL DEFAULT '0',
  `visibility` varchar(50) CHARACTER SET utf8mb3 COLLATE utf8mb3_general_ci NOT NULL DEFAULT 'all',
  `recurringtype` varchar(200) CHARACTER SET utf8mb3 COLLATE utf8mb3_general_ci NULL DEFAULT NULL,
  `tags` varchar(1) CHARACTER SET utf8mb3 COLLATE utf8mb3_general_ci NULL DEFAULT NULL,
  PRIMARY KEY (`activityid`) USING BTREE,
  INDEX `activity_activityid_subject_idx`(`activityid` ASC, `subject` ASC) USING BTREE,
  INDEX `activity_activitytype_date_start_idx`(`activitytype` ASC, `date_start` ASC) USING BTREE,
  INDEX `activity_date_start_due_date_idx`(`date_start` ASC, `due_date` ASC) USING BTREE,
  INDEX `activity_date_start_time_start_idx`(`date_start` ASC, `time_start` ASC) USING BTREE,
  INDEX `activity_eventstatus_idx`(`eventstatus` ASC) USING BTREE,
  INDEX `activity_status_idx`(`status` ASC) USING BTREE,
  CONSTRAINT `fk_1_vtiger_activity` FOREIGN KEY (`activityid`) REFERENCES `vtiger_crmentity` (`crmid`) ON DELETE CASCADE ON UPDATE RESTRICT
) ENGINE = InnoDB CHARACTER SET = utf8mb3 COLLATE = utf8mb3_general_ci ROW_FORMAT = Dynamic;

-- ----------------------------
-- Records of vtiger_activity
-- ----------------------------

-- ----------------------------
-- Table structure for vtiger_activity_recurring_info
-- ----------------------------
DROP TABLE IF EXISTS `vtiger_activity_recurring_info`;
CREATE TABLE `vtiger_activity_recurring_info`  (
  `activityid` int NOT NULL,
  `recurrenceid` int NOT NULL
) ENGINE = InnoDB CHARACTER SET = utf8mb3 COLLATE = utf8mb3_general_ci ROW_FORMAT = Dynamic;

-- ----------------------------
-- Records of vtiger_activity_recurring_info
-- ----------------------------

-- ----------------------------
-- Table structure for vtiger_activity_reminder
-- ----------------------------
DROP TABLE IF EXISTS `vtiger_activity_reminder`;
CREATE TABLE `vtiger_activity_reminder`  (
  `activity_id` int NOT NULL,
  `reminder_time` int NOT NULL,
  `reminder_sent` int NOT NULL,
  `recurringid` int NOT NULL,
  PRIMARY KEY (`activity_id`, `recurringid`) USING BTREE,
  CONSTRAINT `fk_activityid_vtiger_activity_reminder` FOREIGN KEY (`activity_id`) REFERENCES `vtiger_activity` (`activityid`) ON DELETE CASCADE ON UPDATE RESTRICT
) ENGINE = InnoDB CHARACTER SET = utf8mb3 COLLATE = utf8mb3_general_ci ROW_FORMAT = Dynamic;

-- ----------------------------
-- Records of vtiger_activity_reminder
-- ----------------------------

-- ----------------------------
-- Table structure for vtiger_activity_reminder_popup
-- ----------------------------
DROP TABLE IF EXISTS `vtiger_activity_reminder_popup`;
CREATE TABLE `vtiger_activity_reminder_popup`  (
  `reminderid` int NOT NULL AUTO_INCREMENT,
  `semodule` varchar(100) CHARACTER SET utf8mb3 COLLATE utf8mb3_general_ci NOT NULL,
  `recordid` int NOT NULL,
  `date_start` date NOT NULL,
  `time_start` varchar(100) CHARACTER SET utf8mb3 COLLATE utf8mb3_general_ci NOT NULL,
  `status` int NOT NULL,
  PRIMARY KEY (`reminderid`) USING BTREE
) ENGINE = InnoDB AUTO_INCREMENT = 1 CHARACTER SET = utf8mb3 COLLATE = utf8mb3_general_ci ROW_FORMAT = Dynamic;

-- ----------------------------
-- Records of vtiger_activity_reminder_popup
-- ----------------------------

-- ----------------------------
-- Table structure for vtiger_activity_view
-- ----------------------------
DROP TABLE IF EXISTS `vtiger_activity_view`;
CREATE TABLE `vtiger_activity_view`  (
  `activity_viewid` int NOT NULL AUTO_INCREMENT,
  `activity_view` varchar(200) CHARACTER SET utf8mb3 COLLATE utf8mb3_general_ci NOT NULL,
  `sortorderid` int NOT NULL DEFAULT 0,
  `presence` int NOT NULL DEFAULT 1,
  PRIMARY KEY (`activity_viewid`) USING BTREE
) ENGINE = InnoDB AUTO_INCREMENT = 6 CHARACTER SET = utf8mb3 COLLATE = utf8mb3_general_ci ROW_FORMAT = Dynamic;

-- ----------------------------
-- Records of vtiger_activity_view
-- ----------------------------
INSERT INTO `vtiger_activity_view` VALUES (1, 'Today', 0, 1);
INSERT INTO `vtiger_activity_view` VALUES (2, 'This Week', 1, 1);
INSERT INTO `vtiger_activity_view` VALUES (3, 'This Month', 2, 1);
INSERT INTO `vtiger_activity_view` VALUES (4, 'This Year', 3, 1);
INSERT INTO `vtiger_activity_view` VALUES (5, 'Agenda', 4, 1);

-- ----------------------------
-- Table structure for vtiger_activity_view_seq
-- ----------------------------
DROP TABLE IF EXISTS `vtiger_activity_view_seq`;
CREATE TABLE `vtiger_activity_view_seq`  (
  `id` int NOT NULL
) ENGINE = InnoDB CHARACTER SET = utf8mb4 COLLATE = utf8mb4_0900_ai_ci ROW_FORMAT = Dynamic;

-- ----------------------------
-- Records of vtiger_activity_view_seq
-- ----------------------------
INSERT INTO `vtiger_activity_view_seq` VALUES (5);

-- ----------------------------
-- Table structure for vtiger_activitycf
-- ----------------------------
DROP TABLE IF EXISTS `vtiger_activitycf`;
CREATE TABLE `vtiger_activitycf`  (
  `activityid` int NOT NULL DEFAULT 0,
  PRIMARY KEY (`activityid`) USING BTREE,
  CONSTRAINT `fk_activityid_vtiger_activitycf` FOREIGN KEY (`activityid`) REFERENCES `vtiger_activity` (`activityid`) ON DELETE CASCADE ON UPDATE RESTRICT
) ENGINE = InnoDB CHARACTER SET = utf8mb3 COLLATE = utf8mb3_general_ci ROW_FORMAT = Dynamic;

-- ----------------------------
-- Records of vtiger_activitycf
-- ----------------------------

-- ----------------------------
-- Table structure for vtiger_activityproductrel
-- ----------------------------
DROP TABLE IF EXISTS `vtiger_activityproductrel`;
CREATE TABLE `vtiger_activityproductrel`  (
  `activityid` int NOT NULL DEFAULT 0,
  `productid` int NOT NULL DEFAULT 0,
  PRIMARY KEY (`activityid`, `productid`) USING BTREE,
  INDEX `activityproductrel_activityid_idx`(`activityid` ASC) USING BTREE,
  INDEX `activityproductrel_productid_idx`(`productid` ASC) USING BTREE,
  CONSTRAINT `fk_2_vtiger_activityproductrel` FOREIGN KEY (`productid`) REFERENCES `vtiger_products` (`productid`) ON DELETE CASCADE ON UPDATE RESTRICT
) ENGINE = InnoDB CHARACTER SET = utf8mb3 COLLATE = utf8mb3_general_ci ROW_FORMAT = Dynamic;

-- ----------------------------
-- Records of vtiger_activityproductrel
-- ----------------------------

-- ----------------------------
-- Table structure for vtiger_activitytype
-- ----------------------------
DROP TABLE IF EXISTS `vtiger_activitytype`;
CREATE TABLE `vtiger_activitytype`  (
  `activitytypeid` int NOT NULL AUTO_INCREMENT,
  `activitytype` varchar(200) CHARACTER SET utf8mb3 COLLATE utf8mb3_general_ci NOT NULL,
  `presence` int NOT NULL DEFAULT 1,
  `picklist_valueid` int NOT NULL DEFAULT 0,
  `sortorderid` int NULL DEFAULT NULL,
  `color` varchar(10) CHARACTER SET utf8mb3 COLLATE utf8mb3_general_ci NULL DEFAULT NULL,
  PRIMARY KEY (`activitytypeid`) USING BTREE,
  UNIQUE INDEX `activitytype_activitytype_idx`(`activitytype` ASC) USING BTREE
) ENGINE = InnoDB AUTO_INCREMENT = 4 CHARACTER SET = utf8mb3 COLLATE = utf8mb3_general_ci ROW_FORMAT = Dynamic;

-- ----------------------------
-- Records of vtiger_activitytype
-- ----------------------------
INSERT INTO `vtiger_activitytype` VALUES (1, 'Call', 0, 12, 0, NULL);
INSERT INTO `vtiger_activitytype` VALUES (2, 'Meeting', 0, 13, 1, NULL);
INSERT INTO `vtiger_activitytype` VALUES (3, 'Mobile Call', 0, 295, 1, NULL);

-- ----------------------------
-- Table structure for vtiger_activitytype_seq
-- ----------------------------
DROP TABLE IF EXISTS `vtiger_activitytype_seq`;
CREATE TABLE `vtiger_activitytype_seq`  (
  `id` int NOT NULL
) ENGINE = InnoDB CHARACTER SET = utf8mb4 COLLATE = utf8mb4_0900_ai_ci ROW_FORMAT = Dynamic;

-- ----------------------------
-- Records of vtiger_activitytype_seq
-- ----------------------------
INSERT INTO `vtiger_activitytype_seq` VALUES (3);

-- ----------------------------
-- Table structure for vtiger_announcement
-- ----------------------------
DROP TABLE IF EXISTS `vtiger_announcement`;
CREATE TABLE `vtiger_announcement`  (
  `creatorid` int NOT NULL,
  `announcement` text CHARACTER SET utf8mb3 COLLATE utf8mb3_general_ci NULL,
  `title` varchar(255) CHARACTER SET utf8mb3 COLLATE utf8mb3_general_ci NULL DEFAULT NULL,
  `time` timestamp NULL DEFAULT NULL,
  PRIMARY KEY (`creatorid`) USING BTREE,
  INDEX `announcement_creatorid_idx`(`creatorid` ASC) USING BTREE
) ENGINE = InnoDB CHARACTER SET = utf8mb3 COLLATE = utf8mb3_general_ci ROW_FORMAT = Dynamic;

-- ----------------------------
-- Records of vtiger_announcement
-- ----------------------------

-- ----------------------------
-- Table structure for vtiger_app2tab
-- ----------------------------
DROP TABLE IF EXISTS `vtiger_app2tab`;
CREATE TABLE `vtiger_app2tab`  (
  `tabid` int NULL DEFAULT NULL,
  `appname` varchar(20) CHARACTER SET utf8mb3 COLLATE utf8mb3_general_ci NULL DEFAULT NULL,
  `sequence` int NULL DEFAULT NULL,
  `visible` int NULL DEFAULT 1,
  INDEX `vtiger_app2tab_fk_tab`(`tabid` ASC) USING BTREE,
  CONSTRAINT `vtiger_app2tab_fk_tab` FOREIGN KEY (`tabid`) REFERENCES `vtiger_tab` (`tabid`) ON DELETE CASCADE ON UPDATE RESTRICT
) ENGINE = InnoDB CHARACTER SET = utf8mb3 COLLATE = utf8mb3_general_ci ROW_FORMAT = Dynamic;

-- ----------------------------
-- Records of vtiger_app2tab
-- ----------------------------
INSERT INTO `vtiger_app2tab` VALUES (34, 'TOOLS', 5, 1);
INSERT INTO `vtiger_app2tab` VALUES (35, 'SUPPORT', 3, 1);
INSERT INTO `vtiger_app2tab` VALUES (36, 'INVENTORY', 2, 1);
INSERT INTO `vtiger_app2tab` VALUES (40, 'TOOLS', 1, 1);
INSERT INTO `vtiger_app2tab` VALUES (46, 'TOOLS', 4, 1);
INSERT INTO `vtiger_app2tab` VALUES (49, 'SETTINGS', 1, 1);
INSERT INTO `vtiger_app2tab` VALUES (2, 'SALES', 1, 1);
INSERT INTO `vtiger_app2tab` VALUES (20, 'SALES', 2, 1);
INSERT INTO `vtiger_app2tab` VALUES (4, 'SALES', 6, 1);
INSERT INTO `vtiger_app2tab` VALUES (6, 'SALES', 7, 1);
INSERT INTO `vtiger_app2tab` VALUES (14, 'SALES', 3, 1);
INSERT INTO `vtiger_app2tab` VALUES (36, 'SALES', 4, 1);
INSERT INTO `vtiger_app2tab` VALUES (4, 'MARKETING', 3, 1);
INSERT INTO `vtiger_app2tab` VALUES (6, 'MARKETING', 4, 1);
INSERT INTO `vtiger_app2tab` VALUES (7, 'MARKETING', 2, 1);
INSERT INTO `vtiger_app2tab` VALUES (26, 'MARKETING', 1, 1);
INSERT INTO `vtiger_app2tab` VALUES (4, 'INVENTORY', 8, 1);
INSERT INTO `vtiger_app2tab` VALUES (6, 'INVENTORY', 9, 1);
INSERT INTO `vtiger_app2tab` VALUES (22, 'INVENTORY', 5, 1);
INSERT INTO `vtiger_app2tab` VALUES (23, 'INVENTORY', 4, 1);
INSERT INTO `vtiger_app2tab` VALUES (14, 'INVENTORY', 1, 1);
INSERT INTO `vtiger_app2tab` VALUES (18, 'INVENTORY', 7, 1);
INSERT INTO `vtiger_app2tab` VALUES (19, 'INVENTORY', 3, 1);
INSERT INTO `vtiger_app2tab` VALUES (21, 'INVENTORY', 6, 1);
INSERT INTO `vtiger_app2tab` VALUES (4, 'SUPPORT', 6, 1);
INSERT INTO `vtiger_app2tab` VALUES (6, 'SUPPORT', 7, 1);
INSERT INTO `vtiger_app2tab` VALUES (13, 'SUPPORT', 1, 1);
INSERT INTO `vtiger_app2tab` VALUES (15, 'SUPPORT', 2, 1);
INSERT INTO `vtiger_app2tab` VALUES (38, 'SUPPORT', 4, 1);
INSERT INTO `vtiger_app2tab` VALUES (45, 'PROJECT', 1, 1);
INSERT INTO `vtiger_app2tab` VALUES (44, 'PROJECT', 2, 1);
INSERT INTO `vtiger_app2tab` VALUES (43, 'PROJECT', 3, 1);
INSERT INTO `vtiger_app2tab` VALUES (4, 'PROJECT', 4, 1);
INSERT INTO `vtiger_app2tab` VALUES (6, 'PROJECT', 5, 1);
INSERT INTO `vtiger_app2tab` VALUES (47, 'SALES', 5, 1);
INSERT INTO `vtiger_app2tab` VALUES (47, 'SUPPORT', 5, 1);
INSERT INTO `vtiger_app2tab` VALUES (24, 'TOOLS', 2, 1);
INSERT INTO `vtiger_app2tab` VALUES (27, 'TOOLS', 3, 1);
INSERT INTO `vtiger_app2tab` VALUES (50, 'INVENTORY', 10, 1);

-- ----------------------------
-- Table structure for vtiger_assets
-- ----------------------------
DROP TABLE IF EXISTS `vtiger_assets`;
CREATE TABLE `vtiger_assets`  (
  `assetsid` int NOT NULL,
  `asset_no` varchar(30) CHARACTER SET utf8mb3 COLLATE utf8mb3_general_ci NOT NULL,
  `account` int NULL DEFAULT NULL,
  `product` int NOT NULL,
  `serialnumber` varchar(200) CHARACTER SET utf8mb3 COLLATE utf8mb3_general_ci NULL DEFAULT NULL,
  `datesold` date NULL DEFAULT NULL,
  `dateinservice` date NULL DEFAULT NULL,
  `assetstatus` varchar(200) CHARACTER SET utf8mb3 COLLATE utf8mb3_general_ci NULL DEFAULT 'In Service',
  `tagnumber` varchar(300) CHARACTER SET utf8mb3 COLLATE utf8mb3_general_ci NULL DEFAULT NULL,
  `invoiceid` int NULL DEFAULT NULL,
  `shippingmethod` varchar(200) CHARACTER SET utf8mb3 COLLATE utf8mb3_general_ci NULL DEFAULT NULL,
  `shippingtrackingnumber` varchar(200) CHARACTER SET utf8mb3 COLLATE utf8mb3_general_ci NULL DEFAULT NULL,
  `assetname` varchar(100) CHARACTER SET utf8mb3 COLLATE utf8mb3_general_ci NULL DEFAULT NULL,
  `contact` int NULL DEFAULT NULL,
  `tags` varchar(1) CHARACTER SET utf8mb3 COLLATE utf8mb3_general_ci NULL DEFAULT NULL,
  PRIMARY KEY (`assetsid`) USING BTREE,
  CONSTRAINT `fk_1_vtiger_assets` FOREIGN KEY (`assetsid`) REFERENCES `vtiger_crmentity` (`crmid`) ON DELETE CASCADE ON UPDATE RESTRICT
) ENGINE = InnoDB CHARACTER SET = utf8mb3 COLLATE = utf8mb3_general_ci ROW_FORMAT = Dynamic;

-- ----------------------------
-- Records of vtiger_assets
-- ----------------------------

-- ----------------------------
-- Table structure for vtiger_assetscf
-- ----------------------------
DROP TABLE IF EXISTS `vtiger_assetscf`;
CREATE TABLE `vtiger_assetscf`  (
  `assetsid` int NOT NULL,
  PRIMARY KEY (`assetsid`) USING BTREE,
  CONSTRAINT `fk_assetsid_vtiger_assetscf` FOREIGN KEY (`assetsid`) REFERENCES `vtiger_assets` (`assetsid`) ON DELETE CASCADE ON UPDATE RESTRICT
) ENGINE = InnoDB CHARACTER SET = utf8mb3 COLLATE = utf8mb3_general_ci ROW_FORMAT = Dynamic;

-- ----------------------------
-- Records of vtiger_assetscf
-- ----------------------------

-- ----------------------------
-- Table structure for vtiger_assetstatus
-- ----------------------------
DROP TABLE IF EXISTS `vtiger_assetstatus`;
CREATE TABLE `vtiger_assetstatus`  (
  `assetstatusid` int NOT NULL AUTO_INCREMENT,
  `assetstatus` varchar(200) CHARACTER SET utf8mb3 COLLATE utf8mb3_general_ci NOT NULL,
  `presence` int NOT NULL DEFAULT 1,
  `picklist_valueid` int NOT NULL DEFAULT 0,
  `sortorderid` int NULL DEFAULT 0,
  `color` varchar(10) CHARACTER SET utf8mb3 COLLATE utf8mb3_general_ci NULL DEFAULT NULL,
  PRIMARY KEY (`assetstatusid`) USING BTREE
) ENGINE = InnoDB AUTO_INCREMENT = 3 CHARACTER SET = utf8mb3 COLLATE = utf8mb3_general_ci ROW_FORMAT = Dynamic;

-- ----------------------------
-- Records of vtiger_assetstatus
-- ----------------------------
INSERT INTO `vtiger_assetstatus` VALUES (1, 'In Service', 1, 235, 1, NULL);
INSERT INTO `vtiger_assetstatus` VALUES (2, 'Out-of-service', 1, 236, 2, NULL);

-- ----------------------------
-- Table structure for vtiger_assetstatus_seq
-- ----------------------------
DROP TABLE IF EXISTS `vtiger_assetstatus_seq`;
CREATE TABLE `vtiger_assetstatus_seq`  (
  `id` int NOT NULL
) ENGINE = InnoDB CHARACTER SET = utf8mb4 COLLATE = utf8mb4_0900_ai_ci ROW_FORMAT = Dynamic;

-- ----------------------------
-- Records of vtiger_assetstatus_seq
-- ----------------------------
INSERT INTO `vtiger_assetstatus_seq` VALUES (2);

-- ----------------------------
-- Table structure for vtiger_asterisk
-- ----------------------------
DROP TABLE IF EXISTS `vtiger_asterisk`;
CREATE TABLE `vtiger_asterisk`  (
  `server` varchar(30) CHARACTER SET utf8mb3 COLLATE utf8mb3_general_ci NULL DEFAULT NULL,
  `port` varchar(30) CHARACTER SET utf8mb3 COLLATE utf8mb3_general_ci NULL DEFAULT NULL,
  `username` varchar(50) CHARACTER SET utf8mb3 COLLATE utf8mb3_general_ci NULL DEFAULT NULL,
  `password` varchar(50) CHARACTER SET utf8mb3 COLLATE utf8mb3_general_ci NULL DEFAULT NULL,
  `version` varchar(50) CHARACTER SET utf8mb3 COLLATE utf8mb3_general_ci NULL DEFAULT NULL
) ENGINE = InnoDB CHARACTER SET = utf8mb3 COLLATE = utf8mb3_general_ci ROW_FORMAT = Dynamic;

-- ----------------------------
-- Records of vtiger_asterisk
-- ----------------------------

-- ----------------------------
-- Table structure for vtiger_asteriskextensions
-- ----------------------------
DROP TABLE IF EXISTS `vtiger_asteriskextensions`;
CREATE TABLE `vtiger_asteriskextensions`  (
  `userid` int NULL DEFAULT NULL,
  `asterisk_extension` varchar(50) CHARACTER SET utf8mb3 COLLATE utf8mb3_general_ci NULL DEFAULT NULL,
  `use_asterisk` varchar(3) CHARACTER SET utf8mb3 COLLATE utf8mb3_general_ci NULL DEFAULT NULL
) ENGINE = InnoDB CHARACTER SET = utf8mb3 COLLATE = utf8mb3_general_ci ROW_FORMAT = Dynamic;

-- ----------------------------
-- Records of vtiger_asteriskextensions
-- ----------------------------
INSERT INTO `vtiger_asteriskextensions` VALUES (1, NULL, NULL);

-- ----------------------------
-- Table structure for vtiger_asteriskincomingcalls
-- ----------------------------
DROP TABLE IF EXISTS `vtiger_asteriskincomingcalls`;
CREATE TABLE `vtiger_asteriskincomingcalls`  (
  `from_number` varchar(50) CHARACTER SET utf8mb3 COLLATE utf8mb3_general_ci NULL DEFAULT NULL,
  `from_name` varchar(50) CHARACTER SET utf8mb3 COLLATE utf8mb3_general_ci NULL DEFAULT NULL,
  `to_number` varchar(50) CHARACTER SET utf8mb3 COLLATE utf8mb3_general_ci NULL DEFAULT NULL,
  `callertype` varchar(30) CHARACTER SET utf8mb3 COLLATE utf8mb3_general_ci NULL DEFAULT NULL,
  `flag` int NULL DEFAULT NULL,
  `timer` int NULL DEFAULT NULL,
  `refuid` varchar(255) CHARACTER SET utf8mb3 COLLATE utf8mb3_general_ci NULL DEFAULT NULL
) ENGINE = InnoDB CHARACTER SET = utf8mb3 COLLATE = utf8mb3_general_ci ROW_FORMAT = Dynamic;

-- ----------------------------
-- Records of vtiger_asteriskincomingcalls
-- ----------------------------

-- ----------------------------
-- Table structure for vtiger_asteriskincomingevents
-- ----------------------------
DROP TABLE IF EXISTS `vtiger_asteriskincomingevents`;
CREATE TABLE `vtiger_asteriskincomingevents`  (
  `uid` varchar(255) CHARACTER SET utf8mb4 COLLATE utf8mb4_0900_ai_ci NOT NULL,
  `channel` varchar(100) CHARACTER SET utf8mb4 COLLATE utf8mb4_0900_ai_ci NULL DEFAULT NULL,
  `from_number` bigint NULL DEFAULT NULL,
  `from_name` varchar(100) CHARACTER SET utf8mb4 COLLATE utf8mb4_0900_ai_ci NULL DEFAULT NULL,
  `to_number` bigint NULL DEFAULT NULL,
  `callertype` varchar(100) CHARACTER SET utf8mb4 COLLATE utf8mb4_0900_ai_ci NULL DEFAULT NULL,
  `timer` int NULL DEFAULT NULL,
  `flag` varchar(3) CHARACTER SET utf8mb4 COLLATE utf8mb4_0900_ai_ci NULL DEFAULT NULL,
  `pbxrecordid` int NULL DEFAULT NULL,
  `relcrmid` int NULL DEFAULT NULL,
  PRIMARY KEY (`uid`) USING BTREE
) ENGINE = InnoDB CHARACTER SET = utf8mb4 COLLATE = utf8mb4_0900_ai_ci ROW_FORMAT = Dynamic;

-- ----------------------------
-- Records of vtiger_asteriskincomingevents
-- ----------------------------

-- ----------------------------
-- Table structure for vtiger_attachments
-- ----------------------------
DROP TABLE IF EXISTS `vtiger_attachments`;
CREATE TABLE `vtiger_attachments`  (
  `attachmentsid` int NOT NULL,
  `name` varchar(255) CHARACTER SET utf8mb3 COLLATE utf8mb3_general_ci NOT NULL,
  `description` text CHARACTER SET utf8mb3 COLLATE utf8mb3_general_ci NULL,
  `type` varchar(100) CHARACTER SET utf8mb3 COLLATE utf8mb3_general_ci NULL DEFAULT NULL,
  `path` text CHARACTER SET utf8mb3 COLLATE utf8mb3_general_ci NULL,
  `storedname` varchar(255) CHARACTER SET utf8mb3 COLLATE utf8mb3_general_ci NULL DEFAULT NULL,
  `subject` varchar(255) CHARACTER SET utf8mb3 COLLATE utf8mb3_general_ci NULL DEFAULT NULL,
  PRIMARY KEY (`attachmentsid`) USING BTREE,
  INDEX `attachments_attachmentsid_idx`(`attachmentsid` ASC) USING BTREE,
  CONSTRAINT `fk_1_vtiger_attachments` FOREIGN KEY (`attachmentsid`) REFERENCES `vtiger_crmentity` (`crmid`) ON DELETE CASCADE ON UPDATE RESTRICT
) ENGINE = InnoDB CHARACTER SET = utf8mb3 COLLATE = utf8mb3_general_ci ROW_FORMAT = Dynamic;

-- ----------------------------
-- Records of vtiger_attachments
-- ----------------------------

-- ----------------------------
-- Table structure for vtiger_attachmentsfolder
-- ----------------------------
DROP TABLE IF EXISTS `vtiger_attachmentsfolder`;
CREATE TABLE `vtiger_attachmentsfolder`  (
  `folderid` int NOT NULL AUTO_INCREMENT,
  `foldername` varchar(200) CHARACTER SET utf8mb3 COLLATE utf8mb3_general_ci NOT NULL,
  `description` varchar(250) CHARACTER SET utf8mb3 COLLATE utf8mb3_general_ci NULL DEFAULT NULL,
  `createdby` int NOT NULL,
  `sequence` int NULL DEFAULT NULL,
  PRIMARY KEY (`folderid`) USING BTREE
) ENGINE = InnoDB AUTO_INCREMENT = 2 CHARACTER SET = utf8mb3 COLLATE = utf8mb3_general_ci ROW_FORMAT = Dynamic;

-- ----------------------------
-- Records of vtiger_attachmentsfolder
-- ----------------------------
INSERT INTO `vtiger_attachmentsfolder` VALUES (1, 'Default', 'This is a Default Folder', 1, 1);

-- ----------------------------
-- Table structure for vtiger_attachmentsfolder_seq
-- ----------------------------
DROP TABLE IF EXISTS `vtiger_attachmentsfolder_seq`;
CREATE TABLE `vtiger_attachmentsfolder_seq`  (
  `id` int NOT NULL
) ENGINE = InnoDB CHARACTER SET = utf8mb4 COLLATE = utf8mb4_0900_ai_ci ROW_FORMAT = Dynamic;

-- ----------------------------
-- Records of vtiger_attachmentsfolder_seq
-- ----------------------------
INSERT INTO `vtiger_attachmentsfolder_seq` VALUES (1);

-- ----------------------------
-- Table structure for vtiger_audit_trial
-- ----------------------------
DROP TABLE IF EXISTS `vtiger_audit_trial`;
CREATE TABLE `vtiger_audit_trial`  (
  `auditid` int NOT NULL,
  `userid` int NULL DEFAULT NULL,
  `module` varchar(255) CHARACTER SET utf8mb3 COLLATE utf8mb3_general_ci NULL DEFAULT NULL,
  `action` varchar(255) CHARACTER SET utf8mb3 COLLATE utf8mb3_general_ci NULL DEFAULT NULL,
  `recordid` varchar(20) CHARACTER SET utf8mb3 COLLATE utf8mb3_general_ci NULL DEFAULT NULL,
  `actiondate` datetime NULL DEFAULT NULL,
  PRIMARY KEY (`auditid`) USING BTREE
) ENGINE = InnoDB CHARACTER SET = utf8mb3 COLLATE = utf8mb3_general_ci ROW_FORMAT = Dynamic;

-- ----------------------------
-- Records of vtiger_audit_trial
-- ----------------------------

-- ----------------------------
-- Table structure for vtiger_blocks
-- ----------------------------
DROP TABLE IF EXISTS `vtiger_blocks`;
CREATE TABLE `vtiger_blocks`  (
  `blockid` int NOT NULL,
  `tabid` int NOT NULL,
  `blocklabel` varchar(100) CHARACTER SET utf8mb3 COLLATE utf8mb3_general_ci NOT NULL,
  `sequence` int NULL DEFAULT NULL,
  `show_title` int NULL DEFAULT NULL,
  `visible` int NOT NULL DEFAULT 0,
  `create_view` int NOT NULL DEFAULT 0,
  `edit_view` int NOT NULL DEFAULT 0,
  `detail_view` int NOT NULL DEFAULT 0,
  `display_status` int NOT NULL DEFAULT 1,
  `iscustom` int NOT NULL DEFAULT 0,
  PRIMARY KEY (`blockid`) USING BTREE,
  INDEX `block_tabid_idx`(`tabid` ASC) USING BTREE,
  CONSTRAINT `fk_1_vtiger_blocks` FOREIGN KEY (`tabid`) REFERENCES `vtiger_tab` (`tabid`) ON DELETE CASCADE ON UPDATE RESTRICT
) ENGINE = InnoDB CHARACTER SET = utf8mb3 COLLATE = utf8mb3_general_ci ROW_FORMAT = Dynamic;

-- ----------------------------
-- Records of vtiger_blocks
-- ----------------------------
INSERT INTO `vtiger_blocks` VALUES (1, 2, 'LBL_OPPORTUNITY_INFORMATION', 1, 0, 0, 0, 0, 0, 1, 0);
INSERT INTO `vtiger_blocks` VALUES (2, 2, 'LBL_CUSTOM_INFORMATION', 2, 0, 0, 0, 0, 0, 1, 0);
INSERT INTO `vtiger_blocks` VALUES (3, 2, 'LBL_DESCRIPTION_INFORMATION', 3, 0, 0, 0, 0, 0, 1, 0);
INSERT INTO `vtiger_blocks` VALUES (4, 4, 'LBL_CONTACT_INFORMATION', 1, 0, 0, 0, 0, 0, 1, 0);
INSERT INTO `vtiger_blocks` VALUES (5, 4, 'LBL_CUSTOM_INFORMATION', 2, 0, 0, 0, 0, 0, 1, 0);
INSERT INTO `vtiger_blocks` VALUES (6, 4, 'LBL_CUSTOMER_PORTAL_INFORMATION', 3, 0, 0, 0, 0, 0, 1, 0);
INSERT INTO `vtiger_blocks` VALUES (7, 4, 'LBL_ADDRESS_INFORMATION', 4, 0, 0, 0, 0, 0, 1, 0);
INSERT INTO `vtiger_blocks` VALUES (8, 4, 'LBL_DESCRIPTION_INFORMATION', 5, 0, 0, 0, 0, 0, 1, 0);
INSERT INTO `vtiger_blocks` VALUES (9, 6, 'LBL_ACCOUNT_INFORMATION', 1, 0, 0, 0, 0, 0, 1, 0);
INSERT INTO `vtiger_blocks` VALUES (10, 6, 'LBL_CUSTOM_INFORMATION', 2, 0, 0, 0, 0, 0, 1, 0);
INSERT INTO `vtiger_blocks` VALUES (11, 6, 'LBL_ADDRESS_INFORMATION', 3, 0, 0, 0, 0, 0, 1, 0);
INSERT INTO `vtiger_blocks` VALUES (12, 6, 'LBL_DESCRIPTION_INFORMATION', 4, 0, 0, 0, 0, 0, 1, 0);
INSERT INTO `vtiger_blocks` VALUES (13, 7, 'LBL_LEAD_INFORMATION', 1, 0, 0, 0, 0, 0, 1, 0);
INSERT INTO `vtiger_blocks` VALUES (14, 7, 'LBL_CUSTOM_INFORMATION', 2, 0, 0, 0, 0, 0, 1, 0);
INSERT INTO `vtiger_blocks` VALUES (15, 7, 'LBL_ADDRESS_INFORMATION', 3, 0, 0, 0, 0, 0, 1, 0);
INSERT INTO `vtiger_blocks` VALUES (16, 7, 'LBL_DESCRIPTION_INFORMATION', 4, 0, 0, 0, 0, 0, 1, 0);
INSERT INTO `vtiger_blocks` VALUES (17, 8, 'LBL_NOTE_INFORMATION', 1, 0, 0, 0, 0, 0, 1, 0);
INSERT INTO `vtiger_blocks` VALUES (18, 8, 'LBL_FILE_INFORMATION', 3, 1, 0, 0, 0, 0, 1, 0);
INSERT INTO `vtiger_blocks` VALUES (19, 9, 'LBL_TASK_INFORMATION', 1, 0, 0, 0, 0, 0, 1, 0);
INSERT INTO `vtiger_blocks` VALUES (20, 9, 'LBL_DESCRIPTION_INFORMATION', 3, 1, 0, 0, 0, 0, 1, 0);
INSERT INTO `vtiger_blocks` VALUES (21, 10, 'LBL_EMAIL_INFORMATION', 1, 0, 0, 0, 0, 0, 1, 0);
INSERT INTO `vtiger_blocks` VALUES (22, 10, 'Emails_Block1', 2, 1, 0, 0, 0, 0, 1, 0);
INSERT INTO `vtiger_blocks` VALUES (23, 10, 'Emails_Block2', 3, 1, 0, 0, 0, 0, 1, 0);
INSERT INTO `vtiger_blocks` VALUES (24, 10, 'Emails_Block3', 4, 1, 0, 0, 0, 0, 1, 0);
INSERT INTO `vtiger_blocks` VALUES (25, 13, 'LBL_TICKET_INFORMATION', 1, 0, 0, 0, 0, 0, 1, 0);
INSERT INTO `vtiger_blocks` VALUES (26, 13, '', 2, 1, 0, 0, 0, 0, 1, 0);
INSERT INTO `vtiger_blocks` VALUES (27, 13, 'LBL_CUSTOM_INFORMATION', 3, 0, 0, 0, 0, 0, 1, 0);
INSERT INTO `vtiger_blocks` VALUES (28, 13, 'LBL_DESCRIPTION_INFORMATION', 4, 0, 0, 0, 0, 0, 1, 0);
INSERT INTO `vtiger_blocks` VALUES (29, 13, 'LBL_TICKET_RESOLUTION', 5, 0, 0, 1, 0, 0, 1, 0);
INSERT INTO `vtiger_blocks` VALUES (30, 13, 'LBL_COMMENTS', 6, 0, 0, 1, 0, 0, 1, 0);
INSERT INTO `vtiger_blocks` VALUES (31, 14, 'LBL_PRODUCT_INFORMATION', 1, 0, 0, 0, 0, 0, 1, 0);
INSERT INTO `vtiger_blocks` VALUES (32, 14, 'LBL_PRICING_INFORMATION', 2, 0, 0, 0, 0, 0, 1, 0);
INSERT INTO `vtiger_blocks` VALUES (33, 14, 'LBL_STOCK_INFORMATION', 3, 0, 0, 0, 0, 0, 1, 0);
INSERT INTO `vtiger_blocks` VALUES (34, 14, 'LBL_CUSTOM_INFORMATION', 4, 0, 0, 0, 0, 0, 1, 0);
INSERT INTO `vtiger_blocks` VALUES (35, 14, 'LBL_IMAGE_INFORMATION', 5, 0, 0, 0, 0, 0, 1, 0);
INSERT INTO `vtiger_blocks` VALUES (36, 14, 'LBL_DESCRIPTION_INFORMATION', 6, 0, 0, 0, 0, 0, 1, 0);
INSERT INTO `vtiger_blocks` VALUES (37, 15, 'LBL_FAQ_INFORMATION', 1, 0, 0, 0, 0, 0, 1, 0);
INSERT INTO `vtiger_blocks` VALUES (38, 15, 'LBL_COMMENT_INFORMATION', 4, 0, 0, 1, 0, 0, 1, 0);
INSERT INTO `vtiger_blocks` VALUES (39, 16, 'LBL_EVENT_INFORMATION', 1, 0, 0, 0, 0, 0, 1, 0);
INSERT INTO `vtiger_blocks` VALUES (40, 16, 'LBL_REMINDER_INFORMATION', 2, 0, 0, 0, 0, 0, 1, 0);
INSERT INTO `vtiger_blocks` VALUES (41, 16, 'LBL_DESCRIPTION_INFORMATION', 5, 0, 0, 0, 0, 0, 1, 0);
INSERT INTO `vtiger_blocks` VALUES (42, 18, 'LBL_VENDOR_INFORMATION', 1, 0, 0, 0, 0, 0, 1, 0);
INSERT INTO `vtiger_blocks` VALUES (43, 18, 'LBL_CUSTOM_INFORMATION', 2, 0, 0, 0, 0, 0, 1, 0);
INSERT INTO `vtiger_blocks` VALUES (44, 18, 'LBL_VENDOR_ADDRESS_INFORMATION', 3, 0, 0, 0, 0, 0, 1, 0);
INSERT INTO `vtiger_blocks` VALUES (45, 18, 'LBL_DESCRIPTION_INFORMATION', 4, 0, 0, 0, 0, 0, 1, 0);
INSERT INTO `vtiger_blocks` VALUES (46, 19, 'LBL_PRICEBOOK_INFORMATION', 1, 0, 0, 0, 0, 0, 1, 0);
INSERT INTO `vtiger_blocks` VALUES (47, 19, 'LBL_CUSTOM_INFORMATION', 2, 0, 0, 0, 0, 0, 1, 0);
INSERT INTO `vtiger_blocks` VALUES (48, 19, 'LBL_DESCRIPTION_INFORMATION', 3, 0, 0, 0, 0, 0, 1, 0);
INSERT INTO `vtiger_blocks` VALUES (49, 20, 'LBL_QUOTE_INFORMATION', 1, 0, 0, 0, 0, 0, 1, 0);
INSERT INTO `vtiger_blocks` VALUES (50, 20, 'LBL_CUSTOM_INFORMATION', 2, 0, 0, 0, 0, 0, 1, 0);
INSERT INTO `vtiger_blocks` VALUES (51, 20, 'LBL_ADDRESS_INFORMATION', 3, 0, 0, 0, 0, 0, 1, 0);
INSERT INTO `vtiger_blocks` VALUES (52, 20, 'LBL_RELATED_PRODUCTS', 4, 0, 0, 0, 0, 0, 1, 0);
INSERT INTO `vtiger_blocks` VALUES (53, 20, 'LBL_TERMS_INFORMATION', 5, 0, 0, 0, 0, 0, 1, 0);
INSERT INTO `vtiger_blocks` VALUES (54, 20, 'LBL_DESCRIPTION_INFORMATION', 6, 0, 0, 0, 0, 0, 1, 0);
INSERT INTO `vtiger_blocks` VALUES (55, 21, 'LBL_PO_INFORMATION', 1, 0, 0, 0, 0, 0, 1, 0);
INSERT INTO `vtiger_blocks` VALUES (56, 21, 'LBL_CUSTOM_INFORMATION', 2, 0, 0, 0, 0, 0, 1, 0);
INSERT INTO `vtiger_blocks` VALUES (57, 21, 'LBL_ADDRESS_INFORMATION', 3, 0, 0, 0, 0, 0, 1, 0);
INSERT INTO `vtiger_blocks` VALUES (58, 21, 'LBL_RELATED_PRODUCTS', 4, 0, 0, 0, 0, 0, 1, 0);
INSERT INTO `vtiger_blocks` VALUES (59, 21, 'LBL_TERMS_INFORMATION', 5, 0, 0, 0, 0, 0, 1, 0);
INSERT INTO `vtiger_blocks` VALUES (60, 21, 'LBL_DESCRIPTION_INFORMATION', 6, 0, 0, 0, 0, 0, 1, 0);
INSERT INTO `vtiger_blocks` VALUES (61, 22, 'LBL_SO_INFORMATION', 1, 0, 0, 0, 0, 0, 1, 0);
INSERT INTO `vtiger_blocks` VALUES (62, 22, 'LBL_CUSTOM_INFORMATION', 3, 0, 0, 0, 0, 0, 1, 0);
INSERT INTO `vtiger_blocks` VALUES (63, 22, 'LBL_ADDRESS_INFORMATION', 4, 0, 0, 0, 0, 0, 1, 0);
INSERT INTO `vtiger_blocks` VALUES (64, 22, 'LBL_RELATED_PRODUCTS', 5, 0, 0, 0, 0, 0, 1, 0);
INSERT INTO `vtiger_blocks` VALUES (65, 22, 'LBL_TERMS_INFORMATION', 6, 0, 0, 0, 0, 0, 1, 0);
INSERT INTO `vtiger_blocks` VALUES (66, 22, 'LBL_DESCRIPTION_INFORMATION', 7, 0, 0, 0, 0, 0, 1, 0);
INSERT INTO `vtiger_blocks` VALUES (67, 23, 'LBL_INVOICE_INFORMATION', 1, 0, 0, 0, 0, 0, 1, 0);
INSERT INTO `vtiger_blocks` VALUES (68, 23, 'LBL_CUSTOM_INFORMATION', 2, 0, 0, 0, 0, 0, 1, 0);
INSERT INTO `vtiger_blocks` VALUES (69, 23, 'LBL_ADDRESS_INFORMATION', 3, 0, 0, 0, 0, 0, 1, 0);
INSERT INTO `vtiger_blocks` VALUES (70, 23, 'LBL_RELATED_PRODUCTS', 4, 0, 0, 0, 0, 0, 1, 0);
INSERT INTO `vtiger_blocks` VALUES (71, 23, 'LBL_TERMS_INFORMATION', 5, 0, 0, 0, 0, 0, 1, 0);
INSERT INTO `vtiger_blocks` VALUES (72, 23, 'LBL_DESCRIPTION_INFORMATION', 6, 0, 0, 0, 0, 0, 1, 0);
INSERT INTO `vtiger_blocks` VALUES (73, 4, 'LBL_IMAGE_INFORMATION', 6, 0, 0, 0, 0, 0, 1, 0);
INSERT INTO `vtiger_blocks` VALUES (74, 26, 'LBL_CAMPAIGN_INFORMATION', 1, 0, 0, 0, 0, 0, 1, 0);
INSERT INTO `vtiger_blocks` VALUES (75, 26, 'LBL_CUSTOM_INFORMATION', 2, 0, 0, 0, 0, 0, 1, 0);
INSERT INTO `vtiger_blocks` VALUES (76, 26, 'LBL_EXPECTATIONS_AND_ACTUALS', 3, 0, 0, 0, 0, 0, 1, 0);
INSERT INTO `vtiger_blocks` VALUES (77, 29, 'LBL_USERLOGIN_ROLE', 1, 0, 0, 0, 0, 0, 1, 0);
INSERT INTO `vtiger_blocks` VALUES (78, 29, 'LBL_CURRENCY_CONFIGURATION', 3, 0, 0, 0, 0, 0, 1, 0);
INSERT INTO `vtiger_blocks` VALUES (79, 29, 'LBL_MORE_INFORMATION', 4, 0, 0, 0, 0, 0, 1, 0);
INSERT INTO `vtiger_blocks` VALUES (80, 29, 'LBL_ADDRESS_INFORMATION', 5, 0, 0, 0, 0, 0, 1, 0);
INSERT INTO `vtiger_blocks` VALUES (81, 26, 'LBL_DESCRIPTION_INFORMATION', 4, 0, 0, 0, 0, 0, 1, 0);
INSERT INTO `vtiger_blocks` VALUES (82, 29, 'LBL_USER_IMAGE_INFORMATION', 5, 0, 0, 0, 0, 0, 1, 0);
INSERT INTO `vtiger_blocks` VALUES (83, 29, 'LBL_USER_ADV_OPTIONS', 6, 0, 0, 0, 0, 0, 1, 0);
INSERT INTO `vtiger_blocks` VALUES (84, 8, 'LBL_DESCRIPTION', 2, 0, 0, 0, 0, 0, 1, 0);
INSERT INTO `vtiger_blocks` VALUES (85, 22, 'Recurring Invoice Information', 2, 0, 0, 0, 0, 0, 1, 0);
INSERT INTO `vtiger_blocks` VALUES (86, 9, 'LBL_CUSTOM_INFORMATION', 4, 0, 0, 0, 0, 0, 1, 0);
INSERT INTO `vtiger_blocks` VALUES (87, 16, 'LBL_CUSTOM_INFORMATION', 6, 0, 0, 0, 0, 0, 1, 0);
INSERT INTO `vtiger_blocks` VALUES (88, 34, 'LBL_PBXMANAGER_INFORMATION', 1, 0, 0, 0, 0, 0, 1, 0);
INSERT INTO `vtiger_blocks` VALUES (89, 35, 'LBL_SERVICE_CONTRACT_INFORMATION', 1, 0, 0, 0, 0, 0, 1, 0);
INSERT INTO `vtiger_blocks` VALUES (90, 35, 'LBL_CUSTOM_INFORMATION', 2, 0, 0, 0, 0, 0, 1, 0);
INSERT INTO `vtiger_blocks` VALUES (91, 36, 'LBL_SERVICE_INFORMATION', 1, 0, 0, 0, 0, 0, 1, 0);
INSERT INTO `vtiger_blocks` VALUES (92, 36, 'LBL_PRICING_INFORMATION', 2, 0, 0, 0, 0, 0, 1, 0);
INSERT INTO `vtiger_blocks` VALUES (93, 36, 'LBL_CUSTOM_INFORMATION', 3, 0, 0, 0, 0, 0, 1, 0);
INSERT INTO `vtiger_blocks` VALUES (94, 36, 'LBL_DESCRIPTION_INFORMATION', 4, 0, 0, 0, 0, 0, 1, 0);
INSERT INTO `vtiger_blocks` VALUES (95, 38, 'LBL_ASSET_INFORMATION', 1, 0, 0, 0, 0, 0, 1, 0);
INSERT INTO `vtiger_blocks` VALUES (96, 38, 'LBL_CUSTOM_INFORMATION', 2, 0, 0, 0, 0, 0, 1, 0);
INSERT INTO `vtiger_blocks` VALUES (97, 38, 'LBL_DESCRIPTION_INFORMATION', 3, 0, 0, 0, 0, 0, 1, 0);
INSERT INTO `vtiger_blocks` VALUES (98, 42, 'LBL_MODCOMMENTS_INFORMATION', 1, 0, 0, 0, 0, 0, 1, 0);
INSERT INTO `vtiger_blocks` VALUES (99, 42, 'LBL_OTHER_INFORMATION', 2, 0, 0, 0, 0, 0, 1, 0);
INSERT INTO `vtiger_blocks` VALUES (100, 42, 'LBL_CUSTOM_INFORMATION', 3, 0, 0, 0, 0, 0, 1, 0);
INSERT INTO `vtiger_blocks` VALUES (101, 43, 'LBL_PROJECT_MILESTONE_INFORMATION', 1, 0, 0, 0, 0, 0, 1, 0);
INSERT INTO `vtiger_blocks` VALUES (102, 43, 'LBL_CUSTOM_INFORMATION', 2, 0, 0, 0, 0, 0, 1, 0);
INSERT INTO `vtiger_blocks` VALUES (103, 43, 'LBL_DESCRIPTION_INFORMATION', 3, 0, 0, 0, 0, 0, 1, 0);
INSERT INTO `vtiger_blocks` VALUES (104, 44, 'LBL_PROJECT_TASK_INFORMATION', 1, 0, 0, 0, 0, 0, 1, 0);
INSERT INTO `vtiger_blocks` VALUES (105, 44, 'LBL_CUSTOM_INFORMATION', 2, 0, 0, 0, 0, 0, 1, 0);
INSERT INTO `vtiger_blocks` VALUES (106, 44, 'LBL_DESCRIPTION_INFORMATION', 3, 0, 0, 0, 0, 0, 1, 0);
INSERT INTO `vtiger_blocks` VALUES (107, 45, 'LBL_PROJECT_INFORMATION', 1, 0, 0, 0, 0, 0, 1, 0);
INSERT INTO `vtiger_blocks` VALUES (108, 45, 'LBL_CUSTOM_INFORMATION', 2, 0, 0, 0, 0, 0, 1, 0);
INSERT INTO `vtiger_blocks` VALUES (109, 45, 'LBL_DESCRIPTION_INFORMATION', 3, 0, 0, 0, 0, 0, 1, 0);
INSERT INTO `vtiger_blocks` VALUES (110, 47, 'LBL_SMSNOTIFIER_INFORMATION', 1, 0, 0, 0, 0, 0, 1, 0);
INSERT INTO `vtiger_blocks` VALUES (111, 47, 'LBL_CUSTOM_INFORMATION', 2, 0, 0, 0, 0, 0, 1, 0);
INSERT INTO `vtiger_blocks` VALUES (112, 47, 'StatusInformation', 3, 0, 0, 0, 0, 0, 1, 0);
INSERT INTO `vtiger_blocks` VALUES (113, 23, 'LBL_ITEM_DETAILS', 5, 0, 0, 0, 0, 0, 1, 0);
INSERT INTO `vtiger_blocks` VALUES (114, 22, 'LBL_ITEM_DETAILS', 5, 0, 0, 0, 0, 0, 1, 0);
INSERT INTO `vtiger_blocks` VALUES (115, 21, 'LBL_ITEM_DETAILS', 5, 0, 0, 0, 0, 0, 1, 0);
INSERT INTO `vtiger_blocks` VALUES (116, 20, 'LBL_ITEM_DETAILS', 5, 0, 0, 0, 0, 0, 1, 0);
INSERT INTO `vtiger_blocks` VALUES (117, 16, 'LBL_RECURRENCE_INFORMATION', 3, 0, 0, 0, 0, 0, 1, 0);
INSERT INTO `vtiger_blocks` VALUES (118, 29, 'LBL_CALENDAR_SETTINGS', 2, 0, 0, 0, 0, 0, 1, 0);
INSERT INTO `vtiger_blocks` VALUES (119, 16, 'LBL_RELATED_TO', 4, 0, 0, 0, 0, 0, 1, 0);
INSERT INTO `vtiger_blocks` VALUES (120, 9, 'LBL_REMINDER_INFORMATION', 2, 0, 0, 0, 0, 0, 1, 0);

-- ----------------------------
-- Table structure for vtiger_blocks_seq
-- ----------------------------
DROP TABLE IF EXISTS `vtiger_blocks_seq`;
CREATE TABLE `vtiger_blocks_seq`  (
  `id` int NOT NULL
) ENGINE = InnoDB CHARACTER SET = utf8mb4 COLLATE = utf8mb4_0900_ai_ci ROW_FORMAT = Dynamic;

-- ----------------------------
-- Records of vtiger_blocks_seq
-- ----------------------------
INSERT INTO `vtiger_blocks_seq` VALUES (120);

-- ----------------------------
-- Table structure for vtiger_calendar_default_activitytypes
-- ----------------------------
DROP TABLE IF EXISTS `vtiger_calendar_default_activitytypes`;
CREATE TABLE `vtiger_calendar_default_activitytypes`  (
  `id` int NOT NULL,
  `module` varchar(50) CHARACTER SET utf8mb3 COLLATE utf8mb3_general_ci NULL DEFAULT NULL,
  `fieldname` varchar(50) CHARACTER SET utf8mb3 COLLATE utf8mb3_general_ci NULL DEFAULT NULL,
  `defaultcolor` varchar(50) CHARACTER SET utf8mb3 COLLATE utf8mb3_general_ci NULL DEFAULT NULL,
  `isdefault` int NULL DEFAULT 1,
  `conditions` varchar(255) CHARACTER SET utf8mb3 COLLATE utf8mb3_general_ci NULL DEFAULT '',
  PRIMARY KEY (`id`) USING BTREE
) ENGINE = InnoDB CHARACTER SET = utf8mb3 COLLATE = utf8mb3_general_ci ROW_FORMAT = Dynamic;

-- ----------------------------
-- Records of vtiger_calendar_default_activitytypes
-- ----------------------------
INSERT INTO `vtiger_calendar_default_activitytypes` VALUES (1, 'Events', '[\"date_start\",\"due_date\"]', '#17309A', 1, '');
INSERT INTO `vtiger_calendar_default_activitytypes` VALUES (2, 'Calendar', '[\"date_start\",\"due_date\"]', '#3A87AD', 1, '');
INSERT INTO `vtiger_calendar_default_activitytypes` VALUES (3, 'Potentials', '[\"closingdate\"]', '#AA6705', 1, '');
INSERT INTO `vtiger_calendar_default_activitytypes` VALUES (4, 'Contacts', '[\"support_end_date\"]', '#953B39', 1, '');
INSERT INTO `vtiger_calendar_default_activitytypes` VALUES (5, 'Contacts', '[\"birthday\"]', '#545252', 1, '');
INSERT INTO `vtiger_calendar_default_activitytypes` VALUES (6, 'Invoice', '[\"duedate\"]', '#87865D', 1, '');
INSERT INTO `vtiger_calendar_default_activitytypes` VALUES (7, 'Project', '[\"startdate\",\"targetenddate\"]', '#C71585', 1, '');
INSERT INTO `vtiger_calendar_default_activitytypes` VALUES (8, 'ProjectTask', '[\"startdate\",\"enddate\"]', '#006400', 1, '');

-- ----------------------------
-- Table structure for vtiger_calendar_default_activitytypes_seq
-- ----------------------------
DROP TABLE IF EXISTS `vtiger_calendar_default_activitytypes_seq`;
CREATE TABLE `vtiger_calendar_default_activitytypes_seq`  (
  `id` int NOT NULL
) ENGINE = InnoDB CHARACTER SET = utf8mb4 COLLATE = utf8mb4_0900_ai_ci ROW_FORMAT = Dynamic;

-- ----------------------------
-- Records of vtiger_calendar_default_activitytypes_seq
-- ----------------------------
INSERT INTO `vtiger_calendar_default_activitytypes_seq` VALUES (8);

-- ----------------------------
-- Table structure for vtiger_calendar_user_activitytypes
-- ----------------------------
DROP TABLE IF EXISTS `vtiger_calendar_user_activitytypes`;
CREATE TABLE `vtiger_calendar_user_activitytypes`  (
  `id` int NOT NULL,
  `defaultid` int NULL DEFAULT NULL,
  `userid` int NULL DEFAULT NULL,
  `color` varchar(50) CHARACTER SET utf8mb3 COLLATE utf8mb3_general_ci NULL DEFAULT NULL,
  `visible` int NULL DEFAULT 1,
  PRIMARY KEY (`id`) USING BTREE
) ENGINE = InnoDB CHARACTER SET = utf8mb3 COLLATE = utf8mb3_general_ci ROW_FORMAT = Dynamic;

-- ----------------------------
-- Records of vtiger_calendar_user_activitytypes
-- ----------------------------
INSERT INTO `vtiger_calendar_user_activitytypes` VALUES (1, 1, 1, '#17309A', 1);
INSERT INTO `vtiger_calendar_user_activitytypes` VALUES (2, 2, 1, '#3A87AD', 1);
INSERT INTO `vtiger_calendar_user_activitytypes` VALUES (3, 3, 1, '#AA6705', 1);
INSERT INTO `vtiger_calendar_user_activitytypes` VALUES (4, 4, 1, '#953B39', 1);
INSERT INTO `vtiger_calendar_user_activitytypes` VALUES (5, 5, 1, '#545252', 1);
INSERT INTO `vtiger_calendar_user_activitytypes` VALUES (6, 6, 1, '#87865D', 1);
INSERT INTO `vtiger_calendar_user_activitytypes` VALUES (7, 7, 1, '#C71585', 1);
INSERT INTO `vtiger_calendar_user_activitytypes` VALUES (8, 8, 1, '#006400', 1);

-- ----------------------------
-- Table structure for vtiger_calendar_user_activitytypes_seq
-- ----------------------------
DROP TABLE IF EXISTS `vtiger_calendar_user_activitytypes_seq`;
CREATE TABLE `vtiger_calendar_user_activitytypes_seq`  (
  `id` int NOT NULL
) ENGINE = InnoDB CHARACTER SET = utf8mb4 COLLATE = utf8mb4_0900_ai_ci ROW_FORMAT = Dynamic;

-- ----------------------------
-- Records of vtiger_calendar_user_activitytypes_seq
-- ----------------------------
INSERT INTO `vtiger_calendar_user_activitytypes_seq` VALUES (8);

-- ----------------------------
-- Table structure for vtiger_calendarsharedtype
-- ----------------------------
DROP TABLE IF EXISTS `vtiger_calendarsharedtype`;
CREATE TABLE `vtiger_calendarsharedtype`  (
  `calendarsharedtypeid` int NOT NULL AUTO_INCREMENT,
  `calendarsharedtype` varchar(200) CHARACTER SET utf8mb3 COLLATE utf8mb3_general_ci NOT NULL,
  `sortorderid` int NULL DEFAULT NULL,
  `presence` int NOT NULL DEFAULT 1,
  PRIMARY KEY (`calendarsharedtypeid`) USING BTREE
) ENGINE = InnoDB AUTO_INCREMENT = 4 CHARACTER SET = utf8mb3 COLLATE = utf8mb3_general_ci ROW_FORMAT = Dynamic;

-- ----------------------------
-- Records of vtiger_calendarsharedtype
-- ----------------------------
INSERT INTO `vtiger_calendarsharedtype` VALUES (1, 'public', 0, 1);
INSERT INTO `vtiger_calendarsharedtype` VALUES (2, 'private', 1, 1);
INSERT INTO `vtiger_calendarsharedtype` VALUES (3, 'seletedusers', 2, 1);

-- ----------------------------
-- Table structure for vtiger_calendarsharedtype_seq
-- ----------------------------
DROP TABLE IF EXISTS `vtiger_calendarsharedtype_seq`;
CREATE TABLE `vtiger_calendarsharedtype_seq`  (
  `id` int NOT NULL
) ENGINE = InnoDB CHARACTER SET = utf8mb4 COLLATE = utf8mb4_0900_ai_ci ROW_FORMAT = Dynamic;

-- ----------------------------
-- Records of vtiger_calendarsharedtype_seq
-- ----------------------------
INSERT INTO `vtiger_calendarsharedtype_seq` VALUES (3);

-- ----------------------------
-- Table structure for vtiger_callduration
-- ----------------------------
DROP TABLE IF EXISTS `vtiger_callduration`;
CREATE TABLE `vtiger_callduration`  (
  `calldurationid` int NOT NULL AUTO_INCREMENT,
  `callduration` varchar(200) CHARACTER SET utf8mb3 COLLATE utf8mb3_general_ci NOT NULL,
  `sortorderid` int NULL DEFAULT NULL,
  `presence` int NOT NULL DEFAULT 1,
  PRIMARY KEY (`calldurationid`) USING BTREE
) ENGINE = InnoDB AUTO_INCREMENT = 6 CHARACTER SET = utf8mb3 COLLATE = utf8mb3_general_ci ROW_FORMAT = Dynamic;

-- ----------------------------
-- Records of vtiger_callduration
-- ----------------------------
INSERT INTO `vtiger_callduration` VALUES (1, '5', 0, 1);
INSERT INTO `vtiger_callduration` VALUES (2, '10', 1, 1);
INSERT INTO `vtiger_callduration` VALUES (3, '30', 2, 1);
INSERT INTO `vtiger_callduration` VALUES (4, '60', 3, 1);
INSERT INTO `vtiger_callduration` VALUES (5, '120', 4, 1);

-- ----------------------------
-- Table structure for vtiger_callduration_seq
-- ----------------------------
DROP TABLE IF EXISTS `vtiger_callduration_seq`;
CREATE TABLE `vtiger_callduration_seq`  (
  `id` int NOT NULL
) ENGINE = InnoDB CHARACTER SET = utf8mb4 COLLATE = utf8mb4_0900_ai_ci ROW_FORMAT = Dynamic;

-- ----------------------------
-- Records of vtiger_callduration_seq
-- ----------------------------
INSERT INTO `vtiger_callduration_seq` VALUES (5);

-- ----------------------------
-- Table structure for vtiger_campaign
-- ----------------------------
DROP TABLE IF EXISTS `vtiger_campaign`;
CREATE TABLE `vtiger_campaign`  (
  `campaign_no` varchar(100) CHARACTER SET utf8mb3 COLLATE utf8mb3_general_ci NOT NULL,
  `campaignname` varchar(255) CHARACTER SET utf8mb3 COLLATE utf8mb3_general_ci NULL DEFAULT NULL,
  `campaigntype` varchar(200) CHARACTER SET utf8mb3 COLLATE utf8mb3_general_ci NULL DEFAULT NULL,
  `campaignstatus` varchar(200) CHARACTER SET utf8mb3 COLLATE utf8mb3_general_ci NULL DEFAULT NULL,
  `expectedrevenue` decimal(25, 8) NULL DEFAULT NULL,
  `budgetcost` decimal(25, 8) NULL DEFAULT NULL,
  `actualcost` decimal(25, 8) NULL DEFAULT NULL,
  `expectedresponse` varchar(200) CHARACTER SET utf8mb3 COLLATE utf8mb3_general_ci NULL DEFAULT NULL,
  `numsent` decimal(11, 0) NULL DEFAULT NULL,
  `product_id` int NULL DEFAULT NULL,
  `sponsor` varchar(255) CHARACTER SET utf8mb3 COLLATE utf8mb3_general_ci NULL DEFAULT NULL,
  `targetaudience` varchar(255) CHARACTER SET utf8mb3 COLLATE utf8mb3_general_ci NULL DEFAULT NULL,
  `targetsize` int NULL DEFAULT NULL,
  `expectedresponsecount` int NULL DEFAULT NULL,
  `expectedsalescount` int NULL DEFAULT NULL,
  `expectedroi` decimal(25, 8) NULL DEFAULT NULL,
  `actualresponsecount` int NULL DEFAULT NULL,
  `actualsalescount` int NULL DEFAULT NULL,
  `actualroi` decimal(25, 8) NULL DEFAULT NULL,
  `campaignid` int NOT NULL,
  `closingdate` date NULL DEFAULT NULL,
  `tags` varchar(1) CHARACTER SET utf8mb3 COLLATE utf8mb3_general_ci NULL DEFAULT NULL,
  PRIMARY KEY (`campaignid`) USING BTREE,
  INDEX `campaign_campaignstatus_idx`(`campaignstatus` ASC) USING BTREE,
  INDEX `campaign_campaignname_idx`(`campaignname` ASC) USING BTREE,
  INDEX `campaign_campaignid_idx`(`campaignid` ASC) USING BTREE,
  CONSTRAINT `fk_crmid_vtiger_campaign` FOREIGN KEY (`campaignid`) REFERENCES `vtiger_crmentity` (`crmid`) ON DELETE CASCADE ON UPDATE RESTRICT
) ENGINE = InnoDB CHARACTER SET = utf8mb3 COLLATE = utf8mb3_general_ci ROW_FORMAT = Dynamic;

-- ----------------------------
-- Records of vtiger_campaign
-- ----------------------------

-- ----------------------------
-- Table structure for vtiger_campaignaccountrel
-- ----------------------------
DROP TABLE IF EXISTS `vtiger_campaignaccountrel`;
CREATE TABLE `vtiger_campaignaccountrel`  (
  `campaignid` int NULL DEFAULT NULL,
  `accountid` int NULL DEFAULT NULL,
  `campaignrelstatusid` int NULL DEFAULT NULL
) ENGINE = InnoDB CHARACTER SET = utf8mb3 COLLATE = utf8mb3_general_ci ROW_FORMAT = Dynamic;

-- ----------------------------
-- Records of vtiger_campaignaccountrel
-- ----------------------------

-- ----------------------------
-- Table structure for vtiger_campaigncontrel
-- ----------------------------
DROP TABLE IF EXISTS `vtiger_campaigncontrel`;
CREATE TABLE `vtiger_campaigncontrel`  (
  `campaignid` int NOT NULL DEFAULT 0,
  `contactid` int NOT NULL DEFAULT 0,
  `campaignrelstatusid` int NOT NULL DEFAULT 0,
  PRIMARY KEY (`campaignid`, `contactid`, `campaignrelstatusid`) USING BTREE,
  INDEX `campaigncontrel_contractid_idx`(`contactid` ASC) USING BTREE,
  CONSTRAINT `fk_2_vtiger_campaigncontrel` FOREIGN KEY (`contactid`) REFERENCES `vtiger_contactdetails` (`contactid`) ON DELETE CASCADE ON UPDATE RESTRICT
) ENGINE = InnoDB CHARACTER SET = utf8mb3 COLLATE = utf8mb3_general_ci ROW_FORMAT = Dynamic;

-- ----------------------------
-- Records of vtiger_campaigncontrel
-- ----------------------------

-- ----------------------------
-- Table structure for vtiger_campaignleadrel
-- ----------------------------
DROP TABLE IF EXISTS `vtiger_campaignleadrel`;
CREATE TABLE `vtiger_campaignleadrel`  (
  `campaignid` int NOT NULL DEFAULT 0,
  `leadid` int NOT NULL DEFAULT 0,
  `campaignrelstatusid` int NOT NULL DEFAULT 0,
  PRIMARY KEY (`campaignid`, `leadid`, `campaignrelstatusid`) USING BTREE,
  INDEX `campaignleadrel_leadid_campaignid_idx`(`leadid` ASC, `campaignid` ASC) USING BTREE,
  CONSTRAINT `fk_2_vtiger_campaignleadrel` FOREIGN KEY (`leadid`) REFERENCES `vtiger_leaddetails` (`leadid`) ON DELETE CASCADE ON UPDATE RESTRICT
) ENGINE = InnoDB CHARACTER SET = utf8mb3 COLLATE = utf8mb3_general_ci ROW_FORMAT = Dynamic;

-- ----------------------------
-- Records of vtiger_campaignleadrel
-- ----------------------------

-- ----------------------------
-- Table structure for vtiger_campaignrelstatus
-- ----------------------------
DROP TABLE IF EXISTS `vtiger_campaignrelstatus`;
CREATE TABLE `vtiger_campaignrelstatus`  (
  `campaignrelstatusid` int NULL DEFAULT NULL,
  `campaignrelstatus` varchar(256) CHARACTER SET utf8mb3 COLLATE utf8mb3_general_ci NULL DEFAULT NULL,
  `sortorderid` int NULL DEFAULT NULL,
  `presence` int NULL DEFAULT NULL,
  `color` varchar(10) CHARACTER SET utf8mb3 COLLATE utf8mb3_general_ci NULL DEFAULT NULL
) ENGINE = InnoDB CHARACTER SET = utf8mb3 COLLATE = utf8mb3_general_ci ROW_FORMAT = Dynamic;

-- ----------------------------
-- Records of vtiger_campaignrelstatus
-- ----------------------------
INSERT INTO `vtiger_campaignrelstatus` VALUES (2, 'Contacted - Successful', 1, 1, NULL);
INSERT INTO `vtiger_campaignrelstatus` VALUES (3, 'Contacted - Unsuccessful', 2, 1, NULL);
INSERT INTO `vtiger_campaignrelstatus` VALUES (4, 'Contacted - Never Contact Again', 3, 1, NULL);

-- ----------------------------
-- Table structure for vtiger_campaignrelstatus_seq
-- ----------------------------
DROP TABLE IF EXISTS `vtiger_campaignrelstatus_seq`;
CREATE TABLE `vtiger_campaignrelstatus_seq`  (
  `id` int NOT NULL
) ENGINE = InnoDB CHARACTER SET = utf8mb4 COLLATE = utf8mb4_0900_ai_ci ROW_FORMAT = Dynamic;

-- ----------------------------
-- Records of vtiger_campaignrelstatus_seq
-- ----------------------------
INSERT INTO `vtiger_campaignrelstatus_seq` VALUES (4);

-- ----------------------------
-- Table structure for vtiger_campaignscf
-- ----------------------------
DROP TABLE IF EXISTS `vtiger_campaignscf`;
CREATE TABLE `vtiger_campaignscf`  (
  `campaignid` int NOT NULL DEFAULT 0,
  PRIMARY KEY (`campaignid`) USING BTREE,
  CONSTRAINT `fk_1_vtiger_campaignscf` FOREIGN KEY (`campaignid`) REFERENCES `vtiger_campaign` (`campaignid`) ON DELETE CASCADE ON UPDATE RESTRICT
) ENGINE = InnoDB CHARACTER SET = utf8mb3 COLLATE = utf8mb3_general_ci ROW_FORMAT = Dynamic;

-- ----------------------------
-- Records of vtiger_campaignscf
-- ----------------------------

-- ----------------------------
-- Table structure for vtiger_campaignstatus
-- ----------------------------
DROP TABLE IF EXISTS `vtiger_campaignstatus`;
CREATE TABLE `vtiger_campaignstatus`  (
  `campaignstatusid` int NOT NULL AUTO_INCREMENT,
  `campaignstatus` varchar(200) CHARACTER SET utf8mb3 COLLATE utf8mb3_general_ci NOT NULL,
  `presence` int NOT NULL DEFAULT 1,
  `picklist_valueid` int NOT NULL DEFAULT 0,
  `sortorderid` int NULL DEFAULT NULL,
  `color` varchar(10) CHARACTER SET utf8mb3 COLLATE utf8mb3_general_ci NULL DEFAULT NULL,
  PRIMARY KEY (`campaignstatusid`) USING BTREE,
  INDEX `campaignstatus_campaignstatus_idx`(`campaignstatus` ASC) USING BTREE
) ENGINE = InnoDB AUTO_INCREMENT = 7 CHARACTER SET = utf8mb3 COLLATE = utf8mb3_general_ci ROW_FORMAT = Dynamic;

-- ----------------------------
-- Records of vtiger_campaignstatus
-- ----------------------------
INSERT INTO `vtiger_campaignstatus` VALUES (2, 'Planning', 1, 15, 1, NULL);
INSERT INTO `vtiger_campaignstatus` VALUES (3, 'Active', 1, 16, 2, NULL);
INSERT INTO `vtiger_campaignstatus` VALUES (4, 'Inactive', 1, 17, 3, NULL);
INSERT INTO `vtiger_campaignstatus` VALUES (5, 'Completed', 1, 18, 4, NULL);
INSERT INTO `vtiger_campaignstatus` VALUES (6, 'Cancelled', 1, 19, 5, NULL);

-- ----------------------------
-- Table structure for vtiger_campaignstatus_seq
-- ----------------------------
DROP TABLE IF EXISTS `vtiger_campaignstatus_seq`;
CREATE TABLE `vtiger_campaignstatus_seq`  (
  `id` int NOT NULL
) ENGINE = InnoDB CHARACTER SET = utf8mb4 COLLATE = utf8mb4_0900_ai_ci ROW_FORMAT = Dynamic;

-- ----------------------------
-- Records of vtiger_campaignstatus_seq
-- ----------------------------
INSERT INTO `vtiger_campaignstatus_seq` VALUES (6);

-- ----------------------------
-- Table structure for vtiger_campaigntype
-- ----------------------------
DROP TABLE IF EXISTS `vtiger_campaigntype`;
CREATE TABLE `vtiger_campaigntype`  (
  `campaigntypeid` int NOT NULL AUTO_INCREMENT,
  `campaigntype` varchar(200) CHARACTER SET utf8mb3 COLLATE utf8mb3_general_ci NOT NULL,
  `presence` int NOT NULL DEFAULT 1,
  `picklist_valueid` int NOT NULL DEFAULT 0,
  `sortorderid` int NULL DEFAULT NULL,
  `color` varchar(10) CHARACTER SET utf8mb3 COLLATE utf8mb3_general_ci NULL DEFAULT NULL,
  PRIMARY KEY (`campaigntypeid`) USING BTREE,
  UNIQUE INDEX `campaigntype_campaigntype_idx`(`campaigntype` ASC) USING BTREE
) ENGINE = InnoDB AUTO_INCREMENT = 14 CHARACTER SET = utf8mb3 COLLATE = utf8mb3_general_ci ROW_FORMAT = Dynamic;

-- ----------------------------
-- Records of vtiger_campaigntype
-- ----------------------------
INSERT INTO `vtiger_campaigntype` VALUES (2, 'Conference', 1, 21, 1, NULL);
INSERT INTO `vtiger_campaigntype` VALUES (3, 'Webinar', 1, 22, 2, NULL);
INSERT INTO `vtiger_campaigntype` VALUES (4, 'Trade Show', 1, 23, 3, NULL);
INSERT INTO `vtiger_campaigntype` VALUES (5, 'Public Relations', 1, 24, 4, NULL);
INSERT INTO `vtiger_campaigntype` VALUES (6, 'Partners', 1, 25, 5, NULL);
INSERT INTO `vtiger_campaigntype` VALUES (7, 'Referral Program', 1, 26, 6, NULL);
INSERT INTO `vtiger_campaigntype` VALUES (8, 'Advertisement', 1, 27, 7, NULL);
INSERT INTO `vtiger_campaigntype` VALUES (9, 'Banner Ads', 1, 28, 8, NULL);
INSERT INTO `vtiger_campaigntype` VALUES (10, 'Direct Mail', 1, 29, 9, NULL);
INSERT INTO `vtiger_campaigntype` VALUES (11, 'Email', 1, 30, 10, NULL);
INSERT INTO `vtiger_campaigntype` VALUES (12, 'Telemarketing', 1, 31, 11, NULL);
INSERT INTO `vtiger_campaigntype` VALUES (13, 'Others', 1, 32, 12, NULL);

-- ----------------------------
-- Table structure for vtiger_campaigntype_seq
-- ----------------------------
DROP TABLE IF EXISTS `vtiger_campaigntype_seq`;
CREATE TABLE `vtiger_campaigntype_seq`  (
  `id` int NOT NULL
) ENGINE = InnoDB CHARACTER SET = utf8mb4 COLLATE = utf8mb4_0900_ai_ci ROW_FORMAT = Dynamic;

-- ----------------------------
-- Records of vtiger_campaigntype_seq
-- ----------------------------
INSERT INTO `vtiger_campaigntype_seq` VALUES (13);

-- ----------------------------
-- Table structure for vtiger_carrier
-- ----------------------------
DROP TABLE IF EXISTS `vtiger_carrier`;
CREATE TABLE `vtiger_carrier`  (
  `carrierid` int NOT NULL AUTO_INCREMENT,
  `carrier` varchar(200) CHARACTER SET utf8mb3 COLLATE utf8mb3_general_ci NOT NULL,
  `presence` int NOT NULL DEFAULT 1,
  `picklist_valueid` int NOT NULL DEFAULT 0,
  `sortorderid` int NULL DEFAULT NULL,
  `color` varchar(10) CHARACTER SET utf8mb3 COLLATE utf8mb3_general_ci NULL DEFAULT NULL,
  PRIMARY KEY (`carrierid`) USING BTREE,
  UNIQUE INDEX `carrier_carrier_idx`(`carrier` ASC) USING BTREE
) ENGINE = InnoDB AUTO_INCREMENT = 6 CHARACTER SET = utf8mb3 COLLATE = utf8mb3_general_ci ROW_FORMAT = Dynamic;

-- ----------------------------
-- Records of vtiger_carrier
-- ----------------------------
INSERT INTO `vtiger_carrier` VALUES (1, 'FedEx', 1, 33, 0, NULL);
INSERT INTO `vtiger_carrier` VALUES (2, 'UPS', 1, 34, 1, NULL);
INSERT INTO `vtiger_carrier` VALUES (3, 'USPS', 1, 35, 2, NULL);
INSERT INTO `vtiger_carrier` VALUES (4, 'DHL', 1, 36, 3, NULL);
INSERT INTO `vtiger_carrier` VALUES (5, 'BlueDart', 1, 37, 4, NULL);

-- ----------------------------
-- Table structure for vtiger_carrier_seq
-- ----------------------------
DROP TABLE IF EXISTS `vtiger_carrier_seq`;
CREATE TABLE `vtiger_carrier_seq`  (
  `id` int NOT NULL
) ENGINE = InnoDB CHARACTER SET = utf8mb4 COLLATE = utf8mb4_0900_ai_ci ROW_FORMAT = Dynamic;

-- ----------------------------
-- Records of vtiger_carrier_seq
-- ----------------------------
INSERT INTO `vtiger_carrier_seq` VALUES (5);

-- ----------------------------
-- Table structure for vtiger_cntactivityrel
-- ----------------------------
DROP TABLE IF EXISTS `vtiger_cntactivityrel`;
CREATE TABLE `vtiger_cntactivityrel`  (
  `contactid` int NOT NULL DEFAULT 0,
  `activityid` int NOT NULL DEFAULT 0,
  PRIMARY KEY (`contactid`, `activityid`) USING BTREE,
  INDEX `cntactivityrel_contactid_idx`(`contactid` ASC) USING BTREE,
  INDEX `cntactivityrel_activityid_idx`(`activityid` ASC) USING BTREE,
  CONSTRAINT `fk_2_vtiger_cntactivityrel` FOREIGN KEY (`contactid`) REFERENCES `vtiger_contactdetails` (`contactid`) ON DELETE CASCADE ON UPDATE RESTRICT
) ENGINE = InnoDB CHARACTER SET = utf8mb3 COLLATE = utf8mb3_general_ci ROW_FORMAT = Dynamic;

-- ----------------------------
-- Records of vtiger_cntactivityrel
-- ----------------------------

-- ----------------------------
-- Table structure for vtiger_contactaddress
-- ----------------------------
DROP TABLE IF EXISTS `vtiger_contactaddress`;
CREATE TABLE `vtiger_contactaddress`  (
  `contactaddressid` int NOT NULL DEFAULT 0,
  `mailingcity` varchar(40) CHARACTER SET utf8mb3 COLLATE utf8mb3_general_ci NULL DEFAULT NULL,
  `mailingstreet` varchar(250) CHARACTER SET utf8mb3 COLLATE utf8mb3_general_ci NULL DEFAULT NULL,
  `mailingcountry` varchar(40) CHARACTER SET utf8mb3 COLLATE utf8mb3_general_ci NULL DEFAULT NULL,
  `othercountry` varchar(30) CHARACTER SET utf8mb3 COLLATE utf8mb3_general_ci NULL DEFAULT NULL,
  `mailingstate` varchar(30) CHARACTER SET utf8mb3 COLLATE utf8mb3_general_ci NULL DEFAULT NULL,
  `mailingpobox` varchar(30) CHARACTER SET utf8mb3 COLLATE utf8mb3_general_ci NULL DEFAULT NULL,
  `othercity` varchar(40) CHARACTER SET utf8mb3 COLLATE utf8mb3_general_ci NULL DEFAULT NULL,
  `otherstate` varchar(50) CHARACTER SET utf8mb3 COLLATE utf8mb3_general_ci NULL DEFAULT NULL,
  `mailingzip` varchar(30) CHARACTER SET utf8mb3 COLLATE utf8mb3_general_ci NULL DEFAULT NULL,
  `otherzip` varchar(30) CHARACTER SET utf8mb3 COLLATE utf8mb3_general_ci NULL DEFAULT NULL,
  `otherstreet` varchar(250) CHARACTER SET utf8mb3 COLLATE utf8mb3_general_ci NULL DEFAULT NULL,
  `otherpobox` varchar(30) CHARACTER SET utf8mb3 COLLATE utf8mb3_general_ci NULL DEFAULT NULL,
  PRIMARY KEY (`contactaddressid`) USING BTREE,
  CONSTRAINT `fk_1_vtiger_contactaddress` FOREIGN KEY (`contactaddressid`) REFERENCES `vtiger_contactdetails` (`contactid`) ON DELETE CASCADE ON UPDATE RESTRICT
) ENGINE = InnoDB CHARACTER SET = utf8mb3 COLLATE = utf8mb3_general_ci ROW_FORMAT = Dynamic;

-- ----------------------------
-- Records of vtiger_contactaddress
-- ----------------------------

-- ----------------------------
-- Table structure for vtiger_contactdetails
-- ----------------------------
DROP TABLE IF EXISTS `vtiger_contactdetails`;
CREATE TABLE `vtiger_contactdetails`  (
  `contactid` int NOT NULL DEFAULT 0,
  `contact_no` varchar(100) CHARACTER SET utf8mb3 COLLATE utf8mb3_general_ci NOT NULL,
  `accountid` int NULL DEFAULT NULL,
  `salutation` varchar(200) CHARACTER SET utf8mb3 COLLATE utf8mb3_general_ci NULL DEFAULT NULL,
  `firstname` varchar(40) CHARACTER SET utf8mb3 COLLATE utf8mb3_general_ci NULL DEFAULT NULL,
  `lastname` varchar(80) CHARACTER SET utf8mb3 COLLATE utf8mb3_general_ci NOT NULL,
  `email` varchar(100) CHARACTER SET utf8mb3 COLLATE utf8mb3_general_ci NULL DEFAULT NULL,
  `phone` varchar(50) CHARACTER SET utf8mb3 COLLATE utf8mb3_general_ci NULL DEFAULT NULL,
  `mobile` varchar(50) CHARACTER SET utf8mb3 COLLATE utf8mb3_general_ci NULL DEFAULT NULL,
  `title` varchar(50) CHARACTER SET utf8mb3 COLLATE utf8mb3_general_ci NULL DEFAULT NULL,
  `department` varchar(30) CHARACTER SET utf8mb3 COLLATE utf8mb3_general_ci NULL DEFAULT NULL,
  `fax` varchar(50) CHARACTER SET utf8mb3 COLLATE utf8mb3_general_ci NULL DEFAULT NULL,
  `reportsto` varchar(30) CHARACTER SET utf8mb3 COLLATE utf8mb3_general_ci NULL DEFAULT NULL,
  `training` varchar(50) CHARACTER SET utf8mb3 COLLATE utf8mb3_general_ci NULL DEFAULT NULL,
  `usertype` varchar(50) CHARACTER SET utf8mb3 COLLATE utf8mb3_general_ci NULL DEFAULT NULL,
  `contacttype` varchar(50) CHARACTER SET utf8mb3 COLLATE utf8mb3_general_ci NULL DEFAULT NULL,
  `otheremail` varchar(100) CHARACTER SET utf8mb3 COLLATE utf8mb3_general_ci NULL DEFAULT NULL,
  `secondaryemail` varchar(100) CHARACTER SET utf8mb3 COLLATE utf8mb3_general_ci NULL DEFAULT NULL,
  `donotcall` varchar(3) CHARACTER SET utf8mb3 COLLATE utf8mb3_general_ci NULL DEFAULT NULL,
  `emailoptout` varchar(3) CHARACTER SET utf8mb3 COLLATE utf8mb3_general_ci NULL DEFAULT '0',
  `imagename` varchar(150) CHARACTER SET utf8mb3 COLLATE utf8mb3_general_ci NULL DEFAULT NULL,
  `reference` varchar(3) CHARACTER SET utf8mb3 COLLATE utf8mb3_general_ci NULL DEFAULT NULL,
  `notify_owner` varchar(3) CHARACTER SET utf8mb3 COLLATE utf8mb3_general_ci NULL DEFAULT '0',
  `isconvertedfromlead` varchar(3) CHARACTER SET utf8mb3 COLLATE utf8mb3_general_ci NULL DEFAULT '0',
  `tags` varchar(1) CHARACTER SET utf8mb3 COLLATE utf8mb3_general_ci NULL DEFAULT NULL,
  PRIMARY KEY (`contactid`) USING BTREE,
  INDEX `contactdetails_accountid_idx`(`accountid` ASC) USING BTREE,
  INDEX `email_idx`(`email` ASC) USING BTREE,
  CONSTRAINT `fk_1_vtiger_contactdetails` FOREIGN KEY (`contactid`) REFERENCES `vtiger_crmentity` (`crmid`) ON DELETE CASCADE ON UPDATE RESTRICT
) ENGINE = InnoDB CHARACTER SET = utf8mb3 COLLATE = utf8mb3_general_ci ROW_FORMAT = Dynamic;

-- ----------------------------
-- Records of vtiger_contactdetails
-- ----------------------------

-- ----------------------------
-- Table structure for vtiger_contactscf
-- ----------------------------
DROP TABLE IF EXISTS `vtiger_contactscf`;
CREATE TABLE `vtiger_contactscf`  (
  `contactid` int NOT NULL DEFAULT 0,
  PRIMARY KEY (`contactid`) USING BTREE,
  CONSTRAINT `fk_1_vtiger_contactscf` FOREIGN KEY (`contactid`) REFERENCES `vtiger_contactdetails` (`contactid`) ON DELETE CASCADE ON UPDATE RESTRICT
) ENGINE = InnoDB CHARACTER SET = utf8mb3 COLLATE = utf8mb3_general_ci ROW_FORMAT = Dynamic;

-- ----------------------------
-- Records of vtiger_contactscf
-- ----------------------------

-- ----------------------------
-- Table structure for vtiger_contactsubdetails
-- ----------------------------
DROP TABLE IF EXISTS `vtiger_contactsubdetails`;
CREATE TABLE `vtiger_contactsubdetails`  (
  `contactsubscriptionid` int NOT NULL DEFAULT 0,
  `homephone` varchar(50) CHARACTER SET utf8mb3 COLLATE utf8mb3_general_ci NULL DEFAULT NULL,
  `otherphone` varchar(50) CHARACTER SET utf8mb3 COLLATE utf8mb3_general_ci NULL DEFAULT NULL,
  `assistant` varchar(30) CHARACTER SET utf8mb3 COLLATE utf8mb3_general_ci NULL DEFAULT NULL,
  `assistantphone` varchar(50) CHARACTER SET utf8mb3 COLLATE utf8mb3_general_ci NULL DEFAULT NULL,
  `birthday` date NULL DEFAULT NULL,
  `laststayintouchrequest` int NULL DEFAULT 0,
  `laststayintouchsavedate` int NULL DEFAULT 0,
  `leadsource` varchar(200) CHARACTER SET utf8mb3 COLLATE utf8mb3_general_ci NULL DEFAULT NULL,
  PRIMARY KEY (`contactsubscriptionid`) USING BTREE,
  CONSTRAINT `fk_1_vtiger_contactsubdetails` FOREIGN KEY (`contactsubscriptionid`) REFERENCES `vtiger_contactdetails` (`contactid`) ON DELETE CASCADE ON UPDATE RESTRICT
) ENGINE = InnoDB CHARACTER SET = utf8mb3 COLLATE = utf8mb3_general_ci ROW_FORMAT = Dynamic;

-- ----------------------------
-- Records of vtiger_contactsubdetails
-- ----------------------------

-- ----------------------------
-- Table structure for vtiger_contpotentialrel
-- ----------------------------
DROP TABLE IF EXISTS `vtiger_contpotentialrel`;
CREATE TABLE `vtiger_contpotentialrel`  (
  `contactid` int NOT NULL DEFAULT 0,
  `potentialid` int NOT NULL DEFAULT 0,
  PRIMARY KEY (`contactid`, `potentialid`) USING BTREE,
  INDEX `contpotentialrel_potentialid_idx`(`potentialid` ASC) USING BTREE,
  INDEX `contpotentialrel_contactid_idx`(`contactid` ASC) USING BTREE,
  CONSTRAINT `fk_2_vtiger_contpotentialrel` FOREIGN KEY (`potentialid`) REFERENCES `vtiger_potential` (`potentialid`) ON DELETE CASCADE ON UPDATE RESTRICT
) ENGINE = InnoDB CHARACTER SET = utf8mb3 COLLATE = utf8mb3_general_ci ROW_FORMAT = Dynamic;

-- ----------------------------
-- Records of vtiger_contpotentialrel
-- ----------------------------

-- ----------------------------
-- Table structure for vtiger_contract_priority
-- ----------------------------
DROP TABLE IF EXISTS `vtiger_contract_priority`;
CREATE TABLE `vtiger_contract_priority`  (
  `contract_priorityid` int NOT NULL AUTO_INCREMENT,
  `contract_priority` varchar(200) CHARACTER SET utf8mb3 COLLATE utf8mb3_general_ci NOT NULL,
  `presence` int NOT NULL DEFAULT 1,
  `picklist_valueid` int NOT NULL DEFAULT 0,
  `sortorderid` int NULL DEFAULT 0,
  `color` varchar(10) CHARACTER SET utf8mb3 COLLATE utf8mb3_general_ci NULL DEFAULT NULL,
  PRIMARY KEY (`contract_priorityid`) USING BTREE
) ENGINE = InnoDB AUTO_INCREMENT = 4 CHARACTER SET = utf8mb3 COLLATE = utf8mb3_general_ci ROW_FORMAT = Dynamic;

-- ----------------------------
-- Records of vtiger_contract_priority
-- ----------------------------
INSERT INTO `vtiger_contract_priority` VALUES (1, 'Low', 1, 220, 1, NULL);
INSERT INTO `vtiger_contract_priority` VALUES (2, 'Normal', 1, 221, 2, NULL);
INSERT INTO `vtiger_contract_priority` VALUES (3, 'High', 1, 222, 3, NULL);

-- ----------------------------
-- Table structure for vtiger_contract_priority_seq
-- ----------------------------
DROP TABLE IF EXISTS `vtiger_contract_priority_seq`;
CREATE TABLE `vtiger_contract_priority_seq`  (
  `id` int NOT NULL
) ENGINE = InnoDB CHARACTER SET = utf8mb4 COLLATE = utf8mb4_0900_ai_ci ROW_FORMAT = Dynamic;

-- ----------------------------
-- Records of vtiger_contract_priority_seq
-- ----------------------------
INSERT INTO `vtiger_contract_priority_seq` VALUES (3);

-- ----------------------------
-- Table structure for vtiger_contract_status
-- ----------------------------
DROP TABLE IF EXISTS `vtiger_contract_status`;
CREATE TABLE `vtiger_contract_status`  (
  `contract_statusid` int NOT NULL AUTO_INCREMENT,
  `contract_status` varchar(200) CHARACTER SET utf8mb3 COLLATE utf8mb3_general_ci NOT NULL,
  `presence` int NOT NULL DEFAULT 1,
  `picklist_valueid` int NOT NULL DEFAULT 0,
  `sortorderid` int NULL DEFAULT 0,
  `color` varchar(10) CHARACTER SET utf8mb3 COLLATE utf8mb3_general_ci NULL DEFAULT NULL,
  PRIMARY KEY (`contract_statusid`) USING BTREE
) ENGINE = InnoDB AUTO_INCREMENT = 7 CHARACTER SET = utf8mb3 COLLATE = utf8mb3_general_ci ROW_FORMAT = Dynamic;

-- ----------------------------
-- Records of vtiger_contract_status
-- ----------------------------
INSERT INTO `vtiger_contract_status` VALUES (1, 'Undefined', 1, 214, 1, NULL);
INSERT INTO `vtiger_contract_status` VALUES (2, 'In Planning', 1, 215, 2, NULL);
INSERT INTO `vtiger_contract_status` VALUES (3, 'In Progress', 1, 216, 3, NULL);
INSERT INTO `vtiger_contract_status` VALUES (4, 'On Hold', 1, 217, 4, NULL);
INSERT INTO `vtiger_contract_status` VALUES (5, 'Complete', 0, 218, 5, NULL);
INSERT INTO `vtiger_contract_status` VALUES (6, 'Archived', 1, 219, 6, NULL);

-- ----------------------------
-- Table structure for vtiger_contract_status_seq
-- ----------------------------
DROP TABLE IF EXISTS `vtiger_contract_status_seq`;
CREATE TABLE `vtiger_contract_status_seq`  (
  `id` int NOT NULL
) ENGINE = InnoDB CHARACTER SET = utf8mb4 COLLATE = utf8mb4_0900_ai_ci ROW_FORMAT = Dynamic;

-- ----------------------------
-- Records of vtiger_contract_status_seq
-- ----------------------------
INSERT INTO `vtiger_contract_status_seq` VALUES (6);

-- ----------------------------
-- Table structure for vtiger_contract_type
-- ----------------------------
DROP TABLE IF EXISTS `vtiger_contract_type`;
CREATE TABLE `vtiger_contract_type`  (
  `contract_typeid` int NOT NULL AUTO_INCREMENT,
  `contract_type` varchar(200) CHARACTER SET utf8mb3 COLLATE utf8mb3_general_ci NOT NULL,
  `presence` int NOT NULL DEFAULT 1,
  `picklist_valueid` int NOT NULL DEFAULT 0,
  `sortorderid` int NULL DEFAULT 0,
  `color` varchar(10) CHARACTER SET utf8mb3 COLLATE utf8mb3_general_ci NULL DEFAULT NULL,
  PRIMARY KEY (`contract_typeid`) USING BTREE
) ENGINE = InnoDB AUTO_INCREMENT = 4 CHARACTER SET = utf8mb3 COLLATE = utf8mb3_general_ci ROW_FORMAT = Dynamic;

-- ----------------------------
-- Records of vtiger_contract_type
-- ----------------------------
INSERT INTO `vtiger_contract_type` VALUES (1, 'Support', 1, 223, 1, NULL);
INSERT INTO `vtiger_contract_type` VALUES (2, 'Services', 1, 224, 2, NULL);
INSERT INTO `vtiger_contract_type` VALUES (3, 'Administrative', 1, 225, 3, NULL);

-- ----------------------------
-- Table structure for vtiger_contract_type_seq
-- ----------------------------
DROP TABLE IF EXISTS `vtiger_contract_type_seq`;
CREATE TABLE `vtiger_contract_type_seq`  (
  `id` int NOT NULL
) ENGINE = InnoDB CHARACTER SET = utf8mb4 COLLATE = utf8mb4_0900_ai_ci ROW_FORMAT = Dynamic;

-- ----------------------------
-- Records of vtiger_contract_type_seq
-- ----------------------------
INSERT INTO `vtiger_contract_type_seq` VALUES (3);

-- ----------------------------
-- Table structure for vtiger_convertleadmapping
-- ----------------------------
DROP TABLE IF EXISTS `vtiger_convertleadmapping`;
CREATE TABLE `vtiger_convertleadmapping`  (
  `cfmid` int NOT NULL AUTO_INCREMENT,
  `leadfid` int NOT NULL,
  `accountfid` int NULL DEFAULT NULL,
  `contactfid` int NULL DEFAULT NULL,
  `potentialfid` int NULL DEFAULT NULL,
  `editable` int NULL DEFAULT 1,
  PRIMARY KEY (`cfmid`) USING BTREE
) ENGINE = InnoDB AUTO_INCREMENT = 31 CHARACTER SET = utf8mb3 COLLATE = utf8mb3_general_ci ROW_FORMAT = Dynamic;

-- ----------------------------
-- Records of vtiger_convertleadmapping
-- ----------------------------
INSERT INTO `vtiger_convertleadmapping` VALUES (1, 43, 1, 0, 110, 0);
INSERT INTO `vtiger_convertleadmapping` VALUES (2, 49, 14, 0, 0, 1);
INSERT INTO `vtiger_convertleadmapping` VALUES (3, 40, 3, 69, 0, 1);
INSERT INTO `vtiger_convertleadmapping` VALUES (4, 44, 5, 77, 0, 1);
INSERT INTO `vtiger_convertleadmapping` VALUES (5, 52, 13, 0, 0, 1);
INSERT INTO `vtiger_convertleadmapping` VALUES (6, 46, 9, 80, 0, 0);
INSERT INTO `vtiger_convertleadmapping` VALUES (7, 48, 4, 0, 0, 1);
INSERT INTO `vtiger_convertleadmapping` VALUES (8, 61, 26, 98, 0, 1);
INSERT INTO `vtiger_convertleadmapping` VALUES (9, 60, 30, 0, 0, 1);
INSERT INTO `vtiger_convertleadmapping` VALUES (10, 62, 32, 104, 0, 1);
INSERT INTO `vtiger_convertleadmapping` VALUES (11, 63, 28, 100, 0, 1);
INSERT INTO `vtiger_convertleadmapping` VALUES (12, 59, 24, 96, 0, 1);
INSERT INTO `vtiger_convertleadmapping` VALUES (13, 64, 34, 106, 0, 1);
INSERT INTO `vtiger_convertleadmapping` VALUES (14, 61, 27, 0, 0, 1);
INSERT INTO `vtiger_convertleadmapping` VALUES (15, 60, 31, 0, 0, 1);
INSERT INTO `vtiger_convertleadmapping` VALUES (16, 62, 33, 0, 0, 1);
INSERT INTO `vtiger_convertleadmapping` VALUES (17, 63, 29, 0, 0, 1);
INSERT INTO `vtiger_convertleadmapping` VALUES (18, 59, 25, 0, 0, 1);
INSERT INTO `vtiger_convertleadmapping` VALUES (19, 64, 35, 0, 0, 1);
INSERT INTO `vtiger_convertleadmapping` VALUES (20, 65, 36, 109, 125, 1);
INSERT INTO `vtiger_convertleadmapping` VALUES (21, 37, 0, 66, 0, 1);
INSERT INTO `vtiger_convertleadmapping` VALUES (22, 38, 0, 67, 0, 0);
INSERT INTO `vtiger_convertleadmapping` VALUES (23, 41, 0, 70, 0, 0);
INSERT INTO `vtiger_convertleadmapping` VALUES (24, 42, 0, 71, 0, 1);
INSERT INTO `vtiger_convertleadmapping` VALUES (25, 45, 0, 76, 0, 1);
INSERT INTO `vtiger_convertleadmapping` VALUES (26, 55, 0, 83, 0, 1);
INSERT INTO `vtiger_convertleadmapping` VALUES (27, 47, 0, 74, 117, 1);
INSERT INTO `vtiger_convertleadmapping` VALUES (28, 50, 0, 0, 0, 1);
INSERT INTO `vtiger_convertleadmapping` VALUES (29, 53, 10, 0, 0, 1);
INSERT INTO `vtiger_convertleadmapping` VALUES (30, 51, 17, 0, 0, 1);

-- ----------------------------
-- Table structure for vtiger_convertpotentialmapping
-- ----------------------------
DROP TABLE IF EXISTS `vtiger_convertpotentialmapping`;
CREATE TABLE `vtiger_convertpotentialmapping`  (
  `cfmid` int NOT NULL AUTO_INCREMENT,
  `potentialfid` int NOT NULL,
  `projectfid` int NULL DEFAULT NULL,
  `editable` int NULL DEFAULT 1,
  PRIMARY KEY (`cfmid`) USING BTREE
) ENGINE = InnoDB AUTO_INCREMENT = 3 CHARACTER SET = utf8mb3 COLLATE = utf8mb3_general_ci ROW_FORMAT = Dynamic;

-- ----------------------------
-- Records of vtiger_convertpotentialmapping
-- ----------------------------
INSERT INTO `vtiger_convertpotentialmapping` VALUES (1, 110, 648, 1);
INSERT INTO `vtiger_convertpotentialmapping` VALUES (2, 125, 664, 1);

-- ----------------------------
-- Table structure for vtiger_crmentity
-- ----------------------------
DROP TABLE IF EXISTS `vtiger_crmentity`;
CREATE TABLE `vtiger_crmentity`  (
  `crmid` int NOT NULL,
  `smcreatorid` int NOT NULL DEFAULT 0,
  `smownerid` int NOT NULL DEFAULT 0,
  `modifiedby` int NOT NULL DEFAULT 0,
  `setype` varchar(100) CHARACTER SET utf8mb3 COLLATE utf8mb3_general_ci NULL DEFAULT NULL,
  `description` mediumtext CHARACTER SET utf8mb3 COLLATE utf8mb3_general_ci NULL,
  `createdtime` datetime NOT NULL,
  `modifiedtime` datetime NOT NULL,
  `viewedtime` datetime NULL DEFAULT NULL,
  `status` varchar(50) CHARACTER SET utf8mb3 COLLATE utf8mb3_general_ci NULL DEFAULT NULL,
  `version` int NOT NULL DEFAULT 0,
  `presence` int NULL DEFAULT 1,
  `deleted` int NOT NULL DEFAULT 0,
  `smgroupid` int NULL DEFAULT NULL,
  `source` varchar(100) CHARACTER SET utf8mb3 COLLATE utf8mb3_general_ci NULL DEFAULT NULL,
  `label` varchar(255) CHARACTER SET utf8mb3 COLLATE utf8mb3_general_ci NULL DEFAULT NULL,
  PRIMARY KEY (`crmid`) USING BTREE,
  INDEX `crmentity_smcreatorid_idx`(`smcreatorid` ASC) USING BTREE,
  INDEX `crmentity_modifiedby_idx`(`modifiedby` ASC) USING BTREE,
  INDEX `crmentity_deleted_idx`(`deleted` ASC) USING BTREE,
  INDEX `crm_ownerid_del_setype_idx`(`smownerid` ASC, `deleted` ASC, `setype` ASC) USING BTREE,
  INDEX `vtiger_crmentity_labelidx`(`label` ASC) USING BTREE
) ENGINE = InnoDB CHARACTER SET = utf8mb3 COLLATE = utf8mb3_general_ci ROW_FORMAT = Dynamic;

-- ----------------------------
-- Records of vtiger_crmentity
-- ----------------------------
INSERT INTO `vtiger_crmentity` VALUES (2, 1, 1, 1, 'PriceBooks', 'some price for friends', '2024-10-23 13:08:50', '2024-10-23 13:08:50', NULL, NULL, 0, 1, 0, 0, 'CRM', 'for friends');
INSERT INTO `vtiger_crmentity` VALUES (3, 1, 1, 1, 'Products', '', '2024-10-23 13:09:48', '2024-10-23 13:10:44', NULL, NULL, 0, 1, 0, 0, 'CRM', 'Fortnite game');

-- ----------------------------
-- Table structure for vtiger_crmentity_seq
-- ----------------------------
DROP TABLE IF EXISTS `vtiger_crmentity_seq`;
CREATE TABLE `vtiger_crmentity_seq`  (
  `id` int NOT NULL
) ENGINE = InnoDB CHARACTER SET = utf8mb4 COLLATE = utf8mb4_0900_ai_ci ROW_FORMAT = Dynamic;

-- ----------------------------
-- Records of vtiger_crmentity_seq
-- ----------------------------
INSERT INTO `vtiger_crmentity_seq` VALUES (3);

-- ----------------------------
-- Table structure for vtiger_crmentity_user_field
-- ----------------------------
DROP TABLE IF EXISTS `vtiger_crmentity_user_field`;
CREATE TABLE `vtiger_crmentity_user_field`  (
  `recordid` int NOT NULL,
  `userid` int NOT NULL,
  `starred` varchar(100) CHARACTER SET utf8mb3 COLLATE utf8mb3_general_ci NULL DEFAULT NULL,
  INDEX `record_user_idx`(`recordid` ASC, `userid` ASC) USING BTREE,
  CONSTRAINT `fk_vtiger_crmentity_user_field_recordid` FOREIGN KEY (`recordid`) REFERENCES `vtiger_crmentity` (`crmid`) ON DELETE CASCADE ON UPDATE RESTRICT
) ENGINE = InnoDB CHARACTER SET = utf8mb3 COLLATE = utf8mb3_general_ci ROW_FORMAT = Dynamic;

-- ----------------------------
-- Records of vtiger_crmentity_user_field
-- ----------------------------
INSERT INTO `vtiger_crmentity_user_field` VALUES (2, 1, '0');
INSERT INTO `vtiger_crmentity_user_field` VALUES (3, 1, '0');

-- ----------------------------
-- Table structure for vtiger_crmentityrel
-- ----------------------------
DROP TABLE IF EXISTS `vtiger_crmentityrel`;
CREATE TABLE `vtiger_crmentityrel`  (
  `crmid` int NOT NULL,
  `module` varchar(100) CHARACTER SET utf8mb3 COLLATE utf8mb3_general_ci NOT NULL,
  `relcrmid` int NOT NULL,
  `relmodule` varchar(100) CHARACTER SET utf8mb3 COLLATE utf8mb3_general_ci NOT NULL,
  INDEX `crmid_idx`(`crmid` ASC) USING BTREE,
  INDEX `relcrmid_idx`(`relcrmid` ASC) USING BTREE
) ENGINE = InnoDB CHARACTER SET = utf8mb3 COLLATE = utf8mb3_general_ci ROW_FORMAT = Dynamic;

-- ----------------------------
-- Records of vtiger_crmentityrel
-- ----------------------------

-- ----------------------------
-- Table structure for vtiger_crmsetup
-- ----------------------------
DROP TABLE IF EXISTS `vtiger_crmsetup`;
CREATE TABLE `vtiger_crmsetup`  (
  `userid` int NULL DEFAULT NULL,
  `setup_status` int NULL DEFAULT NULL
) ENGINE = InnoDB CHARACTER SET = utf8mb3 COLLATE = utf8mb3_general_ci ROW_FORMAT = Dynamic;

-- ----------------------------
-- Records of vtiger_crmsetup
-- ----------------------------
INSERT INTO `vtiger_crmsetup` VALUES (1, 1);

-- ----------------------------
-- Table structure for vtiger_cron_task
-- ----------------------------
DROP TABLE IF EXISTS `vtiger_cron_task`;
CREATE TABLE `vtiger_cron_task`  (
  `id` int NOT NULL AUTO_INCREMENT,
  `name` varchar(100) CHARACTER SET utf8mb3 COLLATE utf8mb3_general_ci NULL DEFAULT NULL,
  `handler_file` varchar(100) CHARACTER SET utf8mb3 COLLATE utf8mb3_general_ci NULL DEFAULT NULL,
  `frequency` int NULL DEFAULT NULL,
  `laststart` int UNSIGNED NULL DEFAULT NULL,
  `lastend` int UNSIGNED NULL DEFAULT NULL,
  `status` int NULL DEFAULT NULL,
  `module` varchar(100) CHARACTER SET utf8mb3 COLLATE utf8mb3_general_ci NULL DEFAULT NULL,
  `sequence` int NULL DEFAULT NULL,
  `description` text CHARACTER SET utf8mb3 COLLATE utf8mb3_general_ci NULL,
  PRIMARY KEY (`id`) USING BTREE,
  UNIQUE INDEX `name`(`name` ASC) USING BTREE,
  UNIQUE INDEX `handler_file`(`handler_file` ASC) USING BTREE
) ENGINE = InnoDB AUTO_INCREMENT = 8 CHARACTER SET = utf8mb3 COLLATE = utf8mb3_general_ci ROW_FORMAT = Dynamic;

-- ----------------------------
-- Records of vtiger_cron_task
-- ----------------------------
INSERT INTO `vtiger_cron_task` VALUES (1, 'Workflow', 'cron/modules/com_vtiger_workflow/com_vtiger_workflow.service', 900, NULL, NULL, 1, 'com_vtiger_workflow', 1, 'Recommended frequency for Workflow is 15 mins');
INSERT INTO `vtiger_cron_task` VALUES (2, 'RecurringInvoice', 'cron/modules/SalesOrder/RecurringInvoice.service', 43200, NULL, NULL, 1, 'SalesOrder', 2, 'Recommended frequency for RecurringInvoice is 12 hours');
INSERT INTO `vtiger_cron_task` VALUES (3, 'SendReminder', 'cron/SendReminder.service', 900, NULL, NULL, 1, 'Calendar', 3, 'Recommended frequency for SendReminder is 15 mins');
INSERT INTO `vtiger_cron_task` VALUES (5, 'MailScanner', 'cron/MailScanner.service', 900, NULL, NULL, 1, 'Settings', 5, 'Recommended frequency for MailScanner is 15 mins');
INSERT INTO `vtiger_cron_task` VALUES (6, 'Scheduled Import', 'cron/modules/Import/ScheduledImport.service', 900, NULL, NULL, 0, 'Import', 6, 'Recommended frequency for MailScanner is 15 mins');
INSERT INTO `vtiger_cron_task` VALUES (7, 'ScheduleReports', 'cron/modules/Reports/ScheduleReports.service', 900, NULL, NULL, 1, 'Reports', 7, 'Recommended frequency for ScheduleReports is 15 mins');

-- ----------------------------
-- Table structure for vtiger_currencies
-- ----------------------------
DROP TABLE IF EXISTS `vtiger_currencies`;
CREATE TABLE `vtiger_currencies`  (
  `currencyid` int NOT NULL AUTO_INCREMENT,
  `currency_name` varchar(200) CHARACTER SET utf8mb3 COLLATE utf8mb3_general_ci NULL DEFAULT NULL,
  `currency_code` varchar(50) CHARACTER SET utf8mb3 COLLATE utf8mb3_general_ci NULL DEFAULT NULL,
  `currency_symbol` varchar(11) CHARACTER SET utf8mb3 COLLATE utf8mb3_general_ci NULL DEFAULT NULL,
  PRIMARY KEY (`currencyid`) USING BTREE
) ENGINE = InnoDB AUTO_INCREMENT = 139 CHARACTER SET = utf8mb3 COLLATE = utf8mb3_general_ci ROW_FORMAT = Dynamic;

-- ----------------------------
-- Records of vtiger_currencies
-- ----------------------------
INSERT INTO `vtiger_currencies` VALUES (1, 'Albania, Leke', 'ALL', 'Lek');
INSERT INTO `vtiger_currencies` VALUES (2, 'Argentina, Pesos', 'ARS', '$');
INSERT INTO `vtiger_currencies` VALUES (3, 'Aruba, Guilders', 'AWG', '');
INSERT INTO `vtiger_currencies` VALUES (4, 'Australia, Dollars', 'AUD', '$');
INSERT INTO `vtiger_currencies` VALUES (5, 'Azerbaijan, New Manats', 'AZN', '');
INSERT INTO `vtiger_currencies` VALUES (6, 'Bahamas, Dollars', 'BSD', '$');
INSERT INTO `vtiger_currencies` VALUES (7, 'Bahrain, Dinar', 'BHD', 'BD');
INSERT INTO `vtiger_currencies` VALUES (8, 'Barbados, Dollars', 'BBD', '$');
INSERT INTO `vtiger_currencies` VALUES (9, 'Belarus, Rubles', 'BYR', 'p.');
INSERT INTO `vtiger_currencies` VALUES (10, 'Belize, Dollars', 'BZD', 'BZ$');
INSERT INTO `vtiger_currencies` VALUES (11, 'Bermuda, Dollars', 'BMD', '$');
INSERT INTO `vtiger_currencies` VALUES (12, 'Bolivia, Bolivianos', 'BOB', '$b');
INSERT INTO `vtiger_currencies` VALUES (13, 'China, Yuan Renminbi', 'CNY', '');
INSERT INTO `vtiger_currencies` VALUES (14, 'Convertible Marka', 'BAM', 'KM');
INSERT INTO `vtiger_currencies` VALUES (15, 'Botswana, Pulas', 'BWP', 'P');
INSERT INTO `vtiger_currencies` VALUES (16, 'Bulgaria, Leva', 'BGN', '');
INSERT INTO `vtiger_currencies` VALUES (17, 'Brazil, Reais', 'BRL', 'R$');
INSERT INTO `vtiger_currencies` VALUES (18, 'Great Britain Pounds', 'GBP', '');
INSERT INTO `vtiger_currencies` VALUES (19, 'Brunei Darussalam, Dollars', 'BND', '$');
INSERT INTO `vtiger_currencies` VALUES (20, 'Canada, Dollars', 'CAD', '$');
INSERT INTO `vtiger_currencies` VALUES (21, 'Cayman Islands, Dollars', 'KYD', '$');
INSERT INTO `vtiger_currencies` VALUES (22, 'Chile, Pesos', 'CLP', '$');
INSERT INTO `vtiger_currencies` VALUES (23, 'Colombia, Pesos', 'COP', '$');
INSERT INTO `vtiger_currencies` VALUES (24, 'Costa Rica, Coln', 'CRC', '');
INSERT INTO `vtiger_currencies` VALUES (25, 'Croatia, Kuna', 'HRK', 'kn');
INSERT INTO `vtiger_currencies` VALUES (26, 'Cuba, Pesos', 'CUP', '');
INSERT INTO `vtiger_currencies` VALUES (27, 'Czech Republic, Koruny', 'CZK', 'K');
INSERT INTO `vtiger_currencies` VALUES (28, 'Cyprus, Pounds', 'CYP', '');
INSERT INTO `vtiger_currencies` VALUES (29, 'Denmark, Kroner', 'DKK', 'kr');
INSERT INTO `vtiger_currencies` VALUES (30, 'Dominican Republic, Pesos', 'DOP', 'RD$');
INSERT INTO `vtiger_currencies` VALUES (31, 'East Caribbean, Dollars', 'XCD', '$');
INSERT INTO `vtiger_currencies` VALUES (32, 'Egypt, Pounds', 'EGP', 'E');
INSERT INTO `vtiger_currencies` VALUES (33, 'El Salvador, Coln', 'SVC', '');
INSERT INTO `vtiger_currencies` VALUES (34, 'England, Pounds', 'GBP', '');
INSERT INTO `vtiger_currencies` VALUES (35, 'Estonia, Krooni', 'EEK', 'kr');
INSERT INTO `vtiger_currencies` VALUES (36, 'Euro', 'EUR', '');
INSERT INTO `vtiger_currencies` VALUES (37, 'Falkland Islands, Pounds', 'FKP', '');
INSERT INTO `vtiger_currencies` VALUES (38, 'Fiji, Dollars', 'FJD', '$');
INSERT INTO `vtiger_currencies` VALUES (39, 'Ghana, Cedis', 'GHC', '');
INSERT INTO `vtiger_currencies` VALUES (40, 'Gibraltar, Pounds', 'GIP', '');
INSERT INTO `vtiger_currencies` VALUES (41, 'Guatemala, Quetzales', 'GTQ', 'Q');
INSERT INTO `vtiger_currencies` VALUES (42, 'Guernsey, Pounds', 'GGP', '');
INSERT INTO `vtiger_currencies` VALUES (43, 'Guyana, Dollars', 'GYD', '$');
INSERT INTO `vtiger_currencies` VALUES (44, 'Honduras, Lempiras', 'HNL', 'L');
INSERT INTO `vtiger_currencies` VALUES (45, 'Hong Kong, Dollars', 'HKD', 'HK$');
INSERT INTO `vtiger_currencies` VALUES (46, 'Hungary, Forint', 'HUF', 'Ft');
INSERT INTO `vtiger_currencies` VALUES (47, 'Iceland, Krona', 'ISK', 'kr');
INSERT INTO `vtiger_currencies` VALUES (48, 'India, Rupees', 'INR', '');
INSERT INTO `vtiger_currencies` VALUES (49, 'Indonesia, Rupiahs', 'IDR', 'Rp');
INSERT INTO `vtiger_currencies` VALUES (50, 'Iran, Rials', 'IRR', '');
INSERT INTO `vtiger_currencies` VALUES (51, 'Isle of Man, Pounds', 'IMP', '');
INSERT INTO `vtiger_currencies` VALUES (52, 'Israel, New Shekels', 'ILS', '');
INSERT INTO `vtiger_currencies` VALUES (53, 'Jamaica, Dollars', 'JMD', 'J$');
INSERT INTO `vtiger_currencies` VALUES (54, 'Japan, Yen', 'JPY', '');
INSERT INTO `vtiger_currencies` VALUES (55, 'Jersey, Pounds', 'JEP', '');
INSERT INTO `vtiger_currencies` VALUES (56, 'Jordan, Dinar', 'JOD', 'JOD');
INSERT INTO `vtiger_currencies` VALUES (57, 'Kazakhstan, Tenge', 'KZT', '');
INSERT INTO `vtiger_currencies` VALUES (58, 'Kenya, Shilling', 'KES', 'KES');
INSERT INTO `vtiger_currencies` VALUES (59, 'Korea (North), Won', 'KPW', '');
INSERT INTO `vtiger_currencies` VALUES (60, 'Korea (South), Won', 'KRW', '');
INSERT INTO `vtiger_currencies` VALUES (61, 'Kuwait, Dinar', 'KWD', 'KWD');
INSERT INTO `vtiger_currencies` VALUES (62, 'Kyrgyzstan, Soms', 'KGS', '');
INSERT INTO `vtiger_currencies` VALUES (63, 'Laos, Kips', 'LAK', '');
INSERT INTO `vtiger_currencies` VALUES (64, 'Latvia, Lati', 'LVL', 'Ls');
INSERT INTO `vtiger_currencies` VALUES (65, 'Lebanon, Pounds', 'LBP', '');
INSERT INTO `vtiger_currencies` VALUES (66, 'Liberia, Dollars', 'LRD', '$');
INSERT INTO `vtiger_currencies` VALUES (67, 'Switzerland Francs', 'CHF', 'CHF');
INSERT INTO `vtiger_currencies` VALUES (68, 'Lithuania, Litai', 'LTL', 'Lt');
INSERT INTO `vtiger_currencies` VALUES (69, 'MADAGASCAR, Malagasy Ariary', 'MGA', 'MGA');
INSERT INTO `vtiger_currencies` VALUES (70, 'Macedonia, Denars', 'MKD', '');
INSERT INTO `vtiger_currencies` VALUES (71, 'Malaysia, Ringgits', 'MYR', 'RM');
INSERT INTO `vtiger_currencies` VALUES (72, 'Malta, Liri', 'MTL', '');
INSERT INTO `vtiger_currencies` VALUES (73, 'Mauritius, Rupees', 'MUR', '');
INSERT INTO `vtiger_currencies` VALUES (74, 'Mexico, Pesos', 'MXN', '$');
INSERT INTO `vtiger_currencies` VALUES (75, 'Mongolia, Tugriks', 'MNT', '');
INSERT INTO `vtiger_currencies` VALUES (76, 'Mozambique, Meticais', 'MZN', 'MT');
INSERT INTO `vtiger_currencies` VALUES (77, 'Namibia, Dollars', 'NAD', '$');
INSERT INTO `vtiger_currencies` VALUES (78, 'Nepal, Rupees', 'NPR', '');
INSERT INTO `vtiger_currencies` VALUES (79, 'Netherlands Antilles, Guilders', 'ANG', '');
INSERT INTO `vtiger_currencies` VALUES (80, 'New Zealand, Dollars', 'NZD', '$');
INSERT INTO `vtiger_currencies` VALUES (81, 'Nicaragua, Cordobas', 'NIO', 'C$');
INSERT INTO `vtiger_currencies` VALUES (82, 'Nigeria, Nairas', 'NGN', '');
INSERT INTO `vtiger_currencies` VALUES (83, 'North Korea, Won', 'KPW', '');
INSERT INTO `vtiger_currencies` VALUES (84, 'Norway, Krone', 'NOK', 'kr');
INSERT INTO `vtiger_currencies` VALUES (85, 'Oman, Rials', 'OMR', '');
INSERT INTO `vtiger_currencies` VALUES (86, 'Pakistan, Rupees', 'PKR', '');
INSERT INTO `vtiger_currencies` VALUES (87, 'Panama, Balboa', 'PAB', 'B/.');
INSERT INTO `vtiger_currencies` VALUES (88, 'Paraguay, Guarani', 'PYG', 'Gs');
INSERT INTO `vtiger_currencies` VALUES (89, 'Peru, Nuevos Soles', 'PEN', 'S/.');
INSERT INTO `vtiger_currencies` VALUES (90, 'Philippines, Pesos', 'PHP', 'Php');
INSERT INTO `vtiger_currencies` VALUES (91, 'Poland, Zlotych', 'PLN', 'z');
INSERT INTO `vtiger_currencies` VALUES (92, 'Qatar, Rials', 'QAR', '');
INSERT INTO `vtiger_currencies` VALUES (93, 'Romania, New Lei', 'RON', 'lei');
INSERT INTO `vtiger_currencies` VALUES (94, 'Russia, Rubles', 'RUB', '');
INSERT INTO `vtiger_currencies` VALUES (95, 'Saint Helena, Pounds', 'SHP', '');
INSERT INTO `vtiger_currencies` VALUES (96, 'Saudi Arabia, Riyals', 'SAR', '');
INSERT INTO `vtiger_currencies` VALUES (97, 'Serbia, Dinars', 'RSD', '.');
INSERT INTO `vtiger_currencies` VALUES (98, 'Seychelles, Rupees', 'SCR', '');
INSERT INTO `vtiger_currencies` VALUES (99, 'Singapore, Dollars', 'SGD', '$');
INSERT INTO `vtiger_currencies` VALUES (100, 'Solomon Islands, Dollars', 'SBD', '$');
INSERT INTO `vtiger_currencies` VALUES (101, 'Somalia, Shillings', 'SOS', 'S');
INSERT INTO `vtiger_currencies` VALUES (102, 'South Africa, Rand', 'ZAR', 'R');
INSERT INTO `vtiger_currencies` VALUES (103, 'South Korea, Won', 'KRW', '');
INSERT INTO `vtiger_currencies` VALUES (104, 'Sri Lanka, Rupees', 'LKR', '');
INSERT INTO `vtiger_currencies` VALUES (105, 'Sweden, Kronor', 'SEK', 'kr');
INSERT INTO `vtiger_currencies` VALUES (106, 'Switzerland, Francs', 'CHF', 'CHF');
INSERT INTO `vtiger_currencies` VALUES (107, 'Suriname, Dollars', 'SRD', '$');
INSERT INTO `vtiger_currencies` VALUES (108, 'Syria, Pounds', 'SYP', '');
INSERT INTO `vtiger_currencies` VALUES (109, 'Taiwan, New Dollars', 'TWD', 'NT$');
INSERT INTO `vtiger_currencies` VALUES (110, 'Thailand, Baht', 'THB', '');
INSERT INTO `vtiger_currencies` VALUES (111, 'Trinidad and Tobago, Dollars', 'TTD', 'TT$');
INSERT INTO `vtiger_currencies` VALUES (112, 'Turkey, New Lira', 'TRY', 'YTL');
INSERT INTO `vtiger_currencies` VALUES (113, 'Turkey, Liras', 'TRL', '');
INSERT INTO `vtiger_currencies` VALUES (114, 'Tuvalu, Dollars', 'TVD', '$');
INSERT INTO `vtiger_currencies` VALUES (115, 'Ukraine, Hryvnia', 'UAH', '');
INSERT INTO `vtiger_currencies` VALUES (116, 'United Arab Emirates, Dirham', 'AED', 'AED');
INSERT INTO `vtiger_currencies` VALUES (117, 'United Kingdom, Pounds', 'GBP', '');
INSERT INTO `vtiger_currencies` VALUES (118, 'United Republic of Tanzania, Shilling', 'TZS', 'TZS');
INSERT INTO `vtiger_currencies` VALUES (119, 'USA, Dollars', 'USD', '$');
INSERT INTO `vtiger_currencies` VALUES (120, 'Uruguay, Pesos', 'UYU', '$U');
INSERT INTO `vtiger_currencies` VALUES (121, 'Uzbekistan, Sums', 'UZS', '');
INSERT INTO `vtiger_currencies` VALUES (122, 'Venezuela, Bolivares Fuertes', 'VEF', 'Bs');
INSERT INTO `vtiger_currencies` VALUES (123, 'Vietnam, Dong', 'VND', '');
INSERT INTO `vtiger_currencies` VALUES (124, 'Zambia, Kwacha', 'ZMK', 'ZMK');
INSERT INTO `vtiger_currencies` VALUES (125, 'Yemen, Rials', 'YER', '');
INSERT INTO `vtiger_currencies` VALUES (126, 'Zimbabwe Dollars', 'ZWD', 'Z$');
INSERT INTO `vtiger_currencies` VALUES (127, 'Malawi, Kwacha', 'MWK', 'MK');
INSERT INTO `vtiger_currencies` VALUES (128, 'Tunisian, Dinar', 'TD', 'TD');
INSERT INTO `vtiger_currencies` VALUES (129, 'Moroccan, Dirham', 'MAD', 'DH');
INSERT INTO `vtiger_currencies` VALUES (130, 'Iraqi Dinar', 'IQD', 'ID');
INSERT INTO `vtiger_currencies` VALUES (131, 'Maldivian Ruffiya', 'MVR', 'MVR');
INSERT INTO `vtiger_currencies` VALUES (132, 'Ugandan Shilling', 'UGX', 'Sh');
INSERT INTO `vtiger_currencies` VALUES (133, 'Sudanese Pound', 'SDG', '');
INSERT INTO `vtiger_currencies` VALUES (134, 'CFA Franc BCEAO', 'XOF', 'CFA');
INSERT INTO `vtiger_currencies` VALUES (135, 'CFA Franc BEAC', 'XAF', 'CFA');
INSERT INTO `vtiger_currencies` VALUES (136, 'Haiti, Gourde', 'HTG', 'G');
INSERT INTO `vtiger_currencies` VALUES (137, 'Libya, Dinar', 'LYD', 'LYD');
INSERT INTO `vtiger_currencies` VALUES (138, 'CFP Franc', 'XPF', 'F');

-- ----------------------------
-- Table structure for vtiger_currencies_seq
-- ----------------------------
DROP TABLE IF EXISTS `vtiger_currencies_seq`;
CREATE TABLE `vtiger_currencies_seq`  (
  `id` int NOT NULL
) ENGINE = InnoDB CHARACTER SET = utf8mb4 COLLATE = utf8mb4_0900_ai_ci ROW_FORMAT = Dynamic;

-- ----------------------------
-- Records of vtiger_currencies_seq
-- ----------------------------
INSERT INTO `vtiger_currencies_seq` VALUES (138);

-- ----------------------------
-- Table structure for vtiger_currency
-- ----------------------------
DROP TABLE IF EXISTS `vtiger_currency`;
CREATE TABLE `vtiger_currency`  (
  `currencyid` int NOT NULL AUTO_INCREMENT,
  `currency` varchar(200) CHARACTER SET utf8mb3 COLLATE utf8mb3_general_ci NOT NULL,
  `sortorderid` int NOT NULL DEFAULT 0,
  `presence` int NOT NULL DEFAULT 1,
  PRIMARY KEY (`currencyid`) USING BTREE,
  UNIQUE INDEX `currency_currency_idx`(`currency` ASC) USING BTREE
) ENGINE = InnoDB CHARACTER SET = utf8mb3 COLLATE = utf8mb3_general_ci ROW_FORMAT = Dynamic;

-- ----------------------------
-- Records of vtiger_currency
-- ----------------------------

-- ----------------------------
-- Table structure for vtiger_currency_decimal_separator
-- ----------------------------
DROP TABLE IF EXISTS `vtiger_currency_decimal_separator`;
CREATE TABLE `vtiger_currency_decimal_separator`  (
  `currency_decimal_separatorid` int NOT NULL AUTO_INCREMENT,
  `currency_decimal_separator` varchar(2) CHARACTER SET utf8mb3 COLLATE utf8mb3_general_ci NOT NULL,
  `sortorderid` int NOT NULL DEFAULT 0,
  `presence` int NOT NULL DEFAULT 1,
  PRIMARY KEY (`currency_decimal_separatorid`) USING BTREE
) ENGINE = InnoDB AUTO_INCREMENT = 6 CHARACTER SET = utf8mb3 COLLATE = utf8mb3_general_ci ROW_FORMAT = Dynamic;

-- ----------------------------
-- Records of vtiger_currency_decimal_separator
-- ----------------------------
INSERT INTO `vtiger_currency_decimal_separator` VALUES (1, '.', 0, 1);
INSERT INTO `vtiger_currency_decimal_separator` VALUES (2, ',', 1, 1);
INSERT INTO `vtiger_currency_decimal_separator` VALUES (3, '\'', 2, 1);
INSERT INTO `vtiger_currency_decimal_separator` VALUES (4, ' ', 3, 1);
INSERT INTO `vtiger_currency_decimal_separator` VALUES (5, '$', 4, 1);

-- ----------------------------
-- Table structure for vtiger_currency_decimal_separator_seq
-- ----------------------------
DROP TABLE IF EXISTS `vtiger_currency_decimal_separator_seq`;
CREATE TABLE `vtiger_currency_decimal_separator_seq`  (
  `id` int NOT NULL
) ENGINE = InnoDB CHARACTER SET = utf8mb4 COLLATE = utf8mb4_0900_ai_ci ROW_FORMAT = Dynamic;

-- ----------------------------
-- Records of vtiger_currency_decimal_separator_seq
-- ----------------------------
INSERT INTO `vtiger_currency_decimal_separator_seq` VALUES (5);

-- ----------------------------
-- Table structure for vtiger_currency_grouping_pattern
-- ----------------------------
DROP TABLE IF EXISTS `vtiger_currency_grouping_pattern`;
CREATE TABLE `vtiger_currency_grouping_pattern`  (
  `currency_grouping_patternid` int NOT NULL AUTO_INCREMENT,
  `currency_grouping_pattern` varchar(200) CHARACTER SET utf8mb3 COLLATE utf8mb3_general_ci NOT NULL,
  `sortorderid` int NOT NULL DEFAULT 0,
  `presence` int NOT NULL DEFAULT 1,
  PRIMARY KEY (`currency_grouping_patternid`) USING BTREE
) ENGINE = InnoDB AUTO_INCREMENT = 5 CHARACTER SET = utf8mb3 COLLATE = utf8mb3_general_ci ROW_FORMAT = Dynamic;

-- ----------------------------
-- Records of vtiger_currency_grouping_pattern
-- ----------------------------
INSERT INTO `vtiger_currency_grouping_pattern` VALUES (1, '123,456,789', 0, 1);
INSERT INTO `vtiger_currency_grouping_pattern` VALUES (2, '123456789', 1, 1);
INSERT INTO `vtiger_currency_grouping_pattern` VALUES (3, '123456,789', 2, 1);
INSERT INTO `vtiger_currency_grouping_pattern` VALUES (4, '12,34,56,789', 3, 1);

-- ----------------------------
-- Table structure for vtiger_currency_grouping_pattern_seq
-- ----------------------------
DROP TABLE IF EXISTS `vtiger_currency_grouping_pattern_seq`;
CREATE TABLE `vtiger_currency_grouping_pattern_seq`  (
  `id` int NOT NULL
) ENGINE = InnoDB CHARACTER SET = utf8mb4 COLLATE = utf8mb4_0900_ai_ci ROW_FORMAT = Dynamic;

-- ----------------------------
-- Records of vtiger_currency_grouping_pattern_seq
-- ----------------------------
INSERT INTO `vtiger_currency_grouping_pattern_seq` VALUES (4);

-- ----------------------------
-- Table structure for vtiger_currency_grouping_separator
-- ----------------------------
DROP TABLE IF EXISTS `vtiger_currency_grouping_separator`;
CREATE TABLE `vtiger_currency_grouping_separator`  (
  `currency_grouping_separatorid` int NOT NULL AUTO_INCREMENT,
  `currency_grouping_separator` varchar(2) CHARACTER SET utf8mb3 COLLATE utf8mb3_general_ci NOT NULL,
  `sortorderid` int NOT NULL DEFAULT 0,
  `presence` int NOT NULL DEFAULT 1,
  PRIMARY KEY (`currency_grouping_separatorid`) USING BTREE
) ENGINE = InnoDB AUTO_INCREMENT = 6 CHARACTER SET = utf8mb3 COLLATE = utf8mb3_general_ci ROW_FORMAT = Dynamic;

-- ----------------------------
-- Records of vtiger_currency_grouping_separator
-- ----------------------------
INSERT INTO `vtiger_currency_grouping_separator` VALUES (1, ',', 0, 1);
INSERT INTO `vtiger_currency_grouping_separator` VALUES (2, '.', 1, 1);
INSERT INTO `vtiger_currency_grouping_separator` VALUES (3, '\'', 2, 1);
INSERT INTO `vtiger_currency_grouping_separator` VALUES (4, ' ', 3, 1);
INSERT INTO `vtiger_currency_grouping_separator` VALUES (5, '$', 4, 1);

-- ----------------------------
-- Table structure for vtiger_currency_grouping_separator_seq
-- ----------------------------
DROP TABLE IF EXISTS `vtiger_currency_grouping_separator_seq`;
CREATE TABLE `vtiger_currency_grouping_separator_seq`  (
  `id` int NOT NULL
) ENGINE = InnoDB CHARACTER SET = utf8mb4 COLLATE = utf8mb4_0900_ai_ci ROW_FORMAT = Dynamic;

-- ----------------------------
-- Records of vtiger_currency_grouping_separator_seq
-- ----------------------------
INSERT INTO `vtiger_currency_grouping_separator_seq` VALUES (5);

-- ----------------------------
-- Table structure for vtiger_currency_info
-- ----------------------------
DROP TABLE IF EXISTS `vtiger_currency_info`;
CREATE TABLE `vtiger_currency_info`  (
  `id` int NOT NULL AUTO_INCREMENT,
  `currency_name` varchar(100) CHARACTER SET utf8mb3 COLLATE utf8mb3_general_ci NULL DEFAULT NULL,
  `currency_code` varchar(100) CHARACTER SET utf8mb3 COLLATE utf8mb3_general_ci NULL DEFAULT NULL,
  `currency_symbol` varchar(30) CHARACTER SET utf8mb3 COLLATE utf8mb3_general_ci NULL DEFAULT NULL,
  `conversion_rate` decimal(12, 5) NULL DEFAULT NULL,
  `currency_status` varchar(25) CHARACTER SET utf8mb3 COLLATE utf8mb3_general_ci NULL DEFAULT NULL,
  `defaultid` varchar(10) CHARACTER SET utf8mb3 COLLATE utf8mb3_general_ci NOT NULL DEFAULT '0',
  `deleted` int NOT NULL DEFAULT 0,
  PRIMARY KEY (`id`) USING BTREE
) ENGINE = InnoDB AUTO_INCREMENT = 2 CHARACTER SET = utf8mb3 COLLATE = utf8mb3_general_ci ROW_FORMAT = Dynamic;

-- ----------------------------
-- Records of vtiger_currency_info
-- ----------------------------
INSERT INTO `vtiger_currency_info` VALUES (1, 'Iran, Rials', 'IRR', '', 1.00000, 'Active', '-11', 0);

-- ----------------------------
-- Table structure for vtiger_currency_info_seq
-- ----------------------------
DROP TABLE IF EXISTS `vtiger_currency_info_seq`;
CREATE TABLE `vtiger_currency_info_seq`  (
  `id` int NOT NULL
) ENGINE = InnoDB CHARACTER SET = utf8mb4 COLLATE = utf8mb4_0900_ai_ci ROW_FORMAT = Dynamic;

-- ----------------------------
-- Records of vtiger_currency_info_seq
-- ----------------------------
INSERT INTO `vtiger_currency_info_seq` VALUES (1);

-- ----------------------------
-- Table structure for vtiger_currency_symbol_placement
-- ----------------------------
DROP TABLE IF EXISTS `vtiger_currency_symbol_placement`;
CREATE TABLE `vtiger_currency_symbol_placement`  (
  `currency_symbol_placementid` int NOT NULL AUTO_INCREMENT,
  `currency_symbol_placement` varchar(30) CHARACTER SET utf8mb3 COLLATE utf8mb3_general_ci NOT NULL,
  `sortorderid` int NOT NULL DEFAULT 0,
  `presence` int NOT NULL DEFAULT 1,
  PRIMARY KEY (`currency_symbol_placementid`) USING BTREE
) ENGINE = InnoDB AUTO_INCREMENT = 3 CHARACTER SET = utf8mb3 COLLATE = utf8mb3_general_ci ROW_FORMAT = Dynamic;

-- ----------------------------
-- Records of vtiger_currency_symbol_placement
-- ----------------------------
INSERT INTO `vtiger_currency_symbol_placement` VALUES (1, '$1.0', 0, 1);
INSERT INTO `vtiger_currency_symbol_placement` VALUES (2, '1.0$', 1, 1);

-- ----------------------------
-- Table structure for vtiger_currency_symbol_placement_seq
-- ----------------------------
DROP TABLE IF EXISTS `vtiger_currency_symbol_placement_seq`;
CREATE TABLE `vtiger_currency_symbol_placement_seq`  (
  `id` int NOT NULL
) ENGINE = InnoDB CHARACTER SET = utf8mb4 COLLATE = utf8mb4_0900_ai_ci ROW_FORMAT = Dynamic;

-- ----------------------------
-- Records of vtiger_currency_symbol_placement_seq
-- ----------------------------
INSERT INTO `vtiger_currency_symbol_placement_seq` VALUES (2);

-- ----------------------------
-- Table structure for vtiger_customaction
-- ----------------------------
DROP TABLE IF EXISTS `vtiger_customaction`;
CREATE TABLE `vtiger_customaction`  (
  `cvid` int NOT NULL,
  `subject` varchar(250) CHARACTER SET utf8mb3 COLLATE utf8mb3_general_ci NOT NULL,
  `module` varchar(50) CHARACTER SET utf8mb3 COLLATE utf8mb3_general_ci NOT NULL,
  `content` text CHARACTER SET utf8mb3 COLLATE utf8mb3_general_ci NULL,
  INDEX `customaction_cvid_idx`(`cvid` ASC) USING BTREE,
  CONSTRAINT `fk_1_vtiger_customaction` FOREIGN KEY (`cvid`) REFERENCES `vtiger_customview` (`cvid`) ON DELETE CASCADE ON UPDATE RESTRICT
) ENGINE = InnoDB CHARACTER SET = utf8mb3 COLLATE = utf8mb3_general_ci ROW_FORMAT = Dynamic;

-- ----------------------------
-- Records of vtiger_customaction
-- ----------------------------

-- ----------------------------
-- Table structure for vtiger_customerdetails
-- ----------------------------
DROP TABLE IF EXISTS `vtiger_customerdetails`;
CREATE TABLE `vtiger_customerdetails`  (
  `customerid` int NOT NULL,
  `portal` varchar(3) CHARACTER SET utf8mb3 COLLATE utf8mb3_general_ci NULL DEFAULT NULL,
  `support_start_date` date NULL DEFAULT NULL,
  `support_end_date` date NULL DEFAULT NULL,
  PRIMARY KEY (`customerid`) USING BTREE,
  CONSTRAINT `fk_1_vtiger_customerdetails` FOREIGN KEY (`customerid`) REFERENCES `vtiger_contactdetails` (`contactid`) ON DELETE CASCADE ON UPDATE RESTRICT
) ENGINE = InnoDB CHARACTER SET = utf8mb3 COLLATE = utf8mb3_general_ci ROW_FORMAT = Dynamic;

-- ----------------------------
-- Records of vtiger_customerdetails
-- ----------------------------

-- ----------------------------
-- Table structure for vtiger_customerportal_fields
-- ----------------------------
DROP TABLE IF EXISTS `vtiger_customerportal_fields`;
CREATE TABLE `vtiger_customerportal_fields`  (
  `tabid` int NOT NULL,
  `fieldinfo` text CHARACTER SET utf8mb3 COLLATE utf8mb3_general_ci NULL,
  `records_visible` int NULL DEFAULT NULL,
  PRIMARY KEY (`tabid`) USING BTREE
) ENGINE = InnoDB CHARACTER SET = utf8mb3 COLLATE = utf8mb3_general_ci ROW_FORMAT = Dynamic;

-- ----------------------------
-- Records of vtiger_customerportal_fields
-- ----------------------------
INSERT INTO `vtiger_customerportal_fields` VALUES (4, '{\"lastname\":1,\"assigned_user_id\":1}', 1);
INSERT INTO `vtiger_customerportal_fields` VALUES (6, '{\"accountname\":1,\"assigned_user_id\":1}', 1);
INSERT INTO `vtiger_customerportal_fields` VALUES (8, '{\"notes_title\":1,\"assigned_user_id\":1,\"filename\":0}', 1);
INSERT INTO `vtiger_customerportal_fields` VALUES (13, '{\"ticket_title\":1,\"assigned_user_id\":1,\"ticketpriorities\":1,\"ticketstatus\":1,\"description\":1,\"product_id\":1,\"ticketseverities\":1,\"ticketcategories\":1}', 1);
INSERT INTO `vtiger_customerportal_fields` VALUES (14, '{\"productname\":1,\"assigned_user_id\":1}', 1);
INSERT INTO `vtiger_customerportal_fields` VALUES (15, '{\"faqstatus\":1,\"question\":1,\"faq_answer\":1}', 1);
INSERT INTO `vtiger_customerportal_fields` VALUES (20, '{\"subject\":1,\"quotestage\":1,\"account_id\":1,\"assigned_user_id\":1,\"bill_street\":1,\"ship_street\":1}', 1);
INSERT INTO `vtiger_customerportal_fields` VALUES (23, '{\"subject\":1,\"account_id\":1,\"assigned_user_id\":1,\"bill_street\":1,\"ship_street\":1}', 1);
INSERT INTO `vtiger_customerportal_fields` VALUES (35, '{\"subject\":1,\"assigned_user_id\":1}', NULL);
INSERT INTO `vtiger_customerportal_fields` VALUES (36, '{\"servicename\":1}', 1);
INSERT INTO `vtiger_customerportal_fields` VALUES (38, '{\"product\":1,\"serialnumber\":1,\"assigned_user_id\":1,\"datesold\":1,\"dateinservice\":1,\"assetstatus\":1,\"assetname\":1,\"account\":1}', 1);
INSERT INTO `vtiger_customerportal_fields` VALUES (43, '{\"projectmilestonename\":1,\"projectid\":1,\"assigned_user_id\":1}', 1);
INSERT INTO `vtiger_customerportal_fields` VALUES (44, '{\"projecttaskname\":1,\"projectid\":1,\"assigned_user_id\":1}', 1);
INSERT INTO `vtiger_customerportal_fields` VALUES (45, '{\"projectname\":1,\"assigned_user_id\":1}', 1);

-- ----------------------------
-- Table structure for vtiger_customerportal_prefs
-- ----------------------------
DROP TABLE IF EXISTS `vtiger_customerportal_prefs`;
CREATE TABLE `vtiger_customerportal_prefs`  (
  `tabid` int NOT NULL,
  `prefkey` varchar(100) CHARACTER SET utf8mb3 COLLATE utf8mb3_general_ci NOT NULL,
  `prefvalue` int NULL DEFAULT NULL,
  PRIMARY KEY (`tabid`, `prefkey`) USING BTREE
) ENGINE = InnoDB CHARACTER SET = utf8mb3 COLLATE = utf8mb3_general_ci ROW_FORMAT = Dynamic;

-- ----------------------------
-- Records of vtiger_customerportal_prefs
-- ----------------------------
INSERT INTO `vtiger_customerportal_prefs` VALUES (0, 'defaultassignee', 1);
INSERT INTO `vtiger_customerportal_prefs` VALUES (0, 'userid', 1);
INSERT INTO `vtiger_customerportal_prefs` VALUES (4, 'showrelatedinfo', 1);
INSERT INTO `vtiger_customerportal_prefs` VALUES (6, 'showrelatedinfo', 1);
INSERT INTO `vtiger_customerportal_prefs` VALUES (8, 'showrelatedinfo', 1);
INSERT INTO `vtiger_customerportal_prefs` VALUES (13, 'showrelatedinfo', 1);
INSERT INTO `vtiger_customerportal_prefs` VALUES (14, 'showrelatedinfo', 1);
INSERT INTO `vtiger_customerportal_prefs` VALUES (15, 'showrelatedinfo', 1);
INSERT INTO `vtiger_customerportal_prefs` VALUES (20, 'showrelatedinfo', 1);
INSERT INTO `vtiger_customerportal_prefs` VALUES (23, 'showrelatedinfo', 1);
INSERT INTO `vtiger_customerportal_prefs` VALUES (36, 'showrelatedinfo', 1);
INSERT INTO `vtiger_customerportal_prefs` VALUES (38, 'showrelatedinfo', 1);
INSERT INTO `vtiger_customerportal_prefs` VALUES (43, 'showrelatedinfo', 1);
INSERT INTO `vtiger_customerportal_prefs` VALUES (44, 'showrelatedinfo', 1);
INSERT INTO `vtiger_customerportal_prefs` VALUES (45, 'showrelatedinfo', 1);

-- ----------------------------
-- Table structure for vtiger_customerportal_relatedmoduleinfo
-- ----------------------------
DROP TABLE IF EXISTS `vtiger_customerportal_relatedmoduleinfo`;
CREATE TABLE `vtiger_customerportal_relatedmoduleinfo`  (
  `tabid` int NOT NULL,
  `relatedmodules` text CHARACTER SET utf8mb4 COLLATE utf8mb4_0900_ai_ci NULL,
  PRIMARY KEY (`tabid`) USING BTREE
) ENGINE = InnoDB CHARACTER SET = utf8mb4 COLLATE = utf8mb4_0900_ai_ci ROW_FORMAT = Dynamic;

-- ----------------------------
-- Records of vtiger_customerportal_relatedmoduleinfo
-- ----------------------------
INSERT INTO `vtiger_customerportal_relatedmoduleinfo` VALUES (8, '[{\"name\":\"History\",\"value\":1}]');
INSERT INTO `vtiger_customerportal_relatedmoduleinfo` VALUES (13, '[{\"name\":\"History\",\"value\":1},{\"name\":\"ModComments\",\"value\":1},{\"name\":\"Documents\",\"value\":1}]');
INSERT INTO `vtiger_customerportal_relatedmoduleinfo` VALUES (14, '[{\"name\":\"History\",\"value\":1}]');
INSERT INTO `vtiger_customerportal_relatedmoduleinfo` VALUES (20, '[{\"name\":\"History\",\"value\":1}]');
INSERT INTO `vtiger_customerportal_relatedmoduleinfo` VALUES (23, '[{\"name\":\"History\",\"value\":1}]');
INSERT INTO `vtiger_customerportal_relatedmoduleinfo` VALUES (35, '[{\"name\":\"History\",\"value\":1}]');
INSERT INTO `vtiger_customerportal_relatedmoduleinfo` VALUES (36, '[{\"name\":\"History\",\"value\":1}]');
INSERT INTO `vtiger_customerportal_relatedmoduleinfo` VALUES (38, '[{\"name\":\"History\",\"value\":1}]');
INSERT INTO `vtiger_customerportal_relatedmoduleinfo` VALUES (43, '[{\"name\":\"History\",\"value\":1}]');
INSERT INTO `vtiger_customerportal_relatedmoduleinfo` VALUES (44, '[{\"name\":\"History\",\"value\":1},{\"name\":\"ModComments\",\"value\":1}]');
INSERT INTO `vtiger_customerportal_relatedmoduleinfo` VALUES (45, '[{\"name\":\"History\",\"value\":1},{\"name\":\"ModComments\",\"value\":1},{\"name\":\"ProjectTask\",\"value\":1},{\"name\":\"ProjectMilestone\",\"value\":1},{\"name\":\"Documents\",\"value\":1}]');

-- ----------------------------
-- Table structure for vtiger_customerportal_settings
-- ----------------------------
DROP TABLE IF EXISTS `vtiger_customerportal_settings`;
CREATE TABLE `vtiger_customerportal_settings`  (
  `id` int NULL DEFAULT NULL,
  `url` varchar(250) CHARACTER SET utf8mb4 COLLATE utf8mb4_0900_ai_ci NULL DEFAULT NULL,
  `default_assignee` int NULL DEFAULT NULL,
  `support_notification` int NULL DEFAULT NULL,
  `announcement` text CHARACTER SET utf8mb4 COLLATE utf8mb4_0900_ai_ci NULL,
  `shortcuts` text CHARACTER SET utf8mb4 COLLATE utf8mb4_0900_ai_ci NULL,
  `widgets` text CHARACTER SET utf8mb4 COLLATE utf8mb4_0900_ai_ci NULL,
  `charts` text CHARACTER SET utf8mb4 COLLATE utf8mb4_0900_ai_ci NULL
) ENGINE = InnoDB CHARACTER SET = utf8mb4 COLLATE = utf8mb4_0900_ai_ci ROW_FORMAT = Dynamic;

-- ----------------------------
-- Records of vtiger_customerportal_settings
-- ----------------------------
INSERT INTO `vtiger_customerportal_settings` VALUES (1, NULL, 1, NULL, NULL, '{\"Documents\":{\"LBL_ADD_DOCUMENT\":1},\"HelpDesk\":{\"LBL_CREATE_TICKET\":1,\"LBL_OPEN_TICKETS\":1}}', '{\"widgets\":{\"HelpDesk\":1,\"Documents\":1,\"Faq\":1}}', '{\"charts\":{\"OpenTicketsByPriority\":1,\"TicketsClosureTimeByPriority\":1}}');

-- ----------------------------
-- Table structure for vtiger_customerportal_tabs
-- ----------------------------
DROP TABLE IF EXISTS `vtiger_customerportal_tabs`;
CREATE TABLE `vtiger_customerportal_tabs`  (
  `tabid` int NOT NULL,
  `visible` int NULL DEFAULT 1,
  `sequence` int NULL DEFAULT NULL,
  `createrecord` tinyint(1) NOT NULL DEFAULT 0,
  `editrecord` tinyint(1) NOT NULL DEFAULT 0,
  PRIMARY KEY (`tabid`) USING BTREE
) ENGINE = InnoDB CHARACTER SET = utf8mb3 COLLATE = utf8mb3_general_ci ROW_FORMAT = Dynamic;

-- ----------------------------
-- Records of vtiger_customerportal_tabs
-- ----------------------------
INSERT INTO `vtiger_customerportal_tabs` VALUES (4, 0, 9, 0, 1);
INSERT INTO `vtiger_customerportal_tabs` VALUES (6, 0, 10, 0, 1);
INSERT INTO `vtiger_customerportal_tabs` VALUES (8, 1, 8, 1, 0);
INSERT INTO `vtiger_customerportal_tabs` VALUES (13, 1, 2, 1, 1);
INSERT INTO `vtiger_customerportal_tabs` VALUES (14, 1, 6, 0, 0);
INSERT INTO `vtiger_customerportal_tabs` VALUES (15, 1, 3, 0, 0);
INSERT INTO `vtiger_customerportal_tabs` VALUES (20, 1, 5, 0, 0);
INSERT INTO `vtiger_customerportal_tabs` VALUES (23, 1, 4, 0, 0);
INSERT INTO `vtiger_customerportal_tabs` VALUES (35, 1, 25, 0, 0);
INSERT INTO `vtiger_customerportal_tabs` VALUES (36, 1, 7, 0, 0);
INSERT INTO `vtiger_customerportal_tabs` VALUES (38, 1, 11, 0, 1);
INSERT INTO `vtiger_customerportal_tabs` VALUES (43, 1, 12, 0, 0);
INSERT INTO `vtiger_customerportal_tabs` VALUES (44, 1, 13, 0, 0);
INSERT INTO `vtiger_customerportal_tabs` VALUES (45, 1, 14, 0, 0);

-- ----------------------------
-- Table structure for vtiger_customview
-- ----------------------------
DROP TABLE IF EXISTS `vtiger_customview`;
CREATE TABLE `vtiger_customview`  (
  `cvid` int NOT NULL,
  `viewname` varchar(100) CHARACTER SET utf8mb3 COLLATE utf8mb3_general_ci NOT NULL,
  `setdefault` int NULL DEFAULT 0,
  `setmetrics` int NULL DEFAULT 0,
  `entitytype` varchar(25) CHARACTER SET utf8mb3 COLLATE utf8mb3_general_ci NOT NULL,
  `status` int NULL DEFAULT 1,
  `userid` int NULL DEFAULT 1,
  PRIMARY KEY (`cvid`) USING BTREE,
  INDEX `customview_entitytype_idx`(`entitytype` ASC) USING BTREE,
  CONSTRAINT `fk_1_vtiger_customview` FOREIGN KEY (`entitytype`) REFERENCES `vtiger_tab` (`name`) ON DELETE CASCADE ON UPDATE RESTRICT
) ENGINE = InnoDB CHARACTER SET = utf8mb3 COLLATE = utf8mb3_general_ci ROW_FORMAT = Dynamic;

-- ----------------------------
-- Records of vtiger_customview
-- ----------------------------
INSERT INTO `vtiger_customview` VALUES (1, 'All', 1, 0, 'Leads', 0, 1);
INSERT INTO `vtiger_customview` VALUES (2, 'Hot Leads', 0, 1, 'Leads', 3, 1);
INSERT INTO `vtiger_customview` VALUES (3, 'This Month Leads', 0, 0, 'Leads', 3, 1);
INSERT INTO `vtiger_customview` VALUES (4, 'All', 1, 0, 'Accounts', 0, 1);
INSERT INTO `vtiger_customview` VALUES (5, 'Prospect Accounts', 0, 1, 'Accounts', 3, 1);
INSERT INTO `vtiger_customview` VALUES (6, 'New This Week', 0, 0, 'Accounts', 3, 1);
INSERT INTO `vtiger_customview` VALUES (7, 'All', 1, 0, 'Contacts', 0, 1);
INSERT INTO `vtiger_customview` VALUES (8, 'Contacts Address', 0, 0, 'Contacts', 3, 1);
INSERT INTO `vtiger_customview` VALUES (9, 'Todays Birthday', 0, 0, 'Contacts', 3, 1);
INSERT INTO `vtiger_customview` VALUES (10, 'All', 1, 0, 'Potentials', 0, 1);
INSERT INTO `vtiger_customview` VALUES (11, 'Potentials Won', 0, 1, 'Potentials', 3, 1);
INSERT INTO `vtiger_customview` VALUES (12, 'Prospecting', 0, 0, 'Potentials', 3, 1);
INSERT INTO `vtiger_customview` VALUES (13, 'All', 1, 0, 'HelpDesk', 0, 1);
INSERT INTO `vtiger_customview` VALUES (14, 'Open Tickets', 0, 1, 'HelpDesk', 3, 1);
INSERT INTO `vtiger_customview` VALUES (15, 'High Prioriy Tickets', 0, 0, 'HelpDesk', 3, 1);
INSERT INTO `vtiger_customview` VALUES (16, 'All', 1, 0, 'Quotes', 0, 1);
INSERT INTO `vtiger_customview` VALUES (17, 'Open Quotes', 0, 1, 'Quotes', 3, 1);
INSERT INTO `vtiger_customview` VALUES (18, 'Rejected Quotes', 0, 0, 'Quotes', 3, 1);
INSERT INTO `vtiger_customview` VALUES (19, 'All', 1, 0, 'Calendar', 0, 1);
INSERT INTO `vtiger_customview` VALUES (20, 'All', 1, 0, 'Emails', 0, 1);
INSERT INTO `vtiger_customview` VALUES (21, 'All', 1, 0, 'Invoice', 0, 1);
INSERT INTO `vtiger_customview` VALUES (22, 'All', 1, 0, 'Documents', 0, 1);
INSERT INTO `vtiger_customview` VALUES (23, 'All', 1, 0, 'PriceBooks', 0, 1);
INSERT INTO `vtiger_customview` VALUES (24, 'All', 1, 0, 'Products', 0, 1);
INSERT INTO `vtiger_customview` VALUES (25, 'All', 1, 0, 'PurchaseOrder', 0, 1);
INSERT INTO `vtiger_customview` VALUES (26, 'All', 1, 0, 'SalesOrder', 0, 1);
INSERT INTO `vtiger_customview` VALUES (27, 'All', 1, 0, 'Vendors', 0, 1);
INSERT INTO `vtiger_customview` VALUES (28, 'All', 1, 0, 'Faq', 0, 1);
INSERT INTO `vtiger_customview` VALUES (29, 'All', 1, 0, 'Campaigns', 0, 1);
INSERT INTO `vtiger_customview` VALUES (30, 'All', 1, 0, 'Webmails', 0, 1);
INSERT INTO `vtiger_customview` VALUES (31, 'Drafted FAQ', 0, 0, 'Faq', 3, 1);
INSERT INTO `vtiger_customview` VALUES (32, 'Published FAQ', 0, 0, 'Faq', 3, 1);
INSERT INTO `vtiger_customview` VALUES (33, 'Open Purchase Orders', 0, 0, 'PurchaseOrder', 3, 1);
INSERT INTO `vtiger_customview` VALUES (34, 'Received Purchase Orders', 0, 0, 'PurchaseOrder', 3, 1);
INSERT INTO `vtiger_customview` VALUES (35, 'Open Invoices', 0, 0, 'Invoice', 3, 1);
INSERT INTO `vtiger_customview` VALUES (36, 'Paid Invoices', 0, 0, 'Invoice', 3, 1);
INSERT INTO `vtiger_customview` VALUES (37, 'Pending Sales Orders', 0, 0, 'SalesOrder', 3, 1);
INSERT INTO `vtiger_customview` VALUES (38, 'All', 1, 0, 'PBXManager', 0, 1);
INSERT INTO `vtiger_customview` VALUES (39, 'All', 1, 0, 'ServiceContracts', 0, 1);
INSERT INTO `vtiger_customview` VALUES (40, 'All', 1, 0, 'Services', 0, 1);
INSERT INTO `vtiger_customview` VALUES (41, 'All', 1, 0, 'Assets', 0, 1);
INSERT INTO `vtiger_customview` VALUES (42, 'All', 0, 0, 'ModComments', 0, 1);
INSERT INTO `vtiger_customview` VALUES (46, 'All', 0, 0, 'SMSNotifier', 0, 1);
INSERT INTO `vtiger_customview` VALUES (47, 'All', 1, 0, 'ProjectMilestone', 0, 1);
INSERT INTO `vtiger_customview` VALUES (48, 'All', 1, 0, 'ProjectTask', 0, 1);
INSERT INTO `vtiger_customview` VALUES (49, 'All', 1, 0, 'Project', 0, 1);

-- ----------------------------
-- Table structure for vtiger_customview_seq
-- ----------------------------
DROP TABLE IF EXISTS `vtiger_customview_seq`;
CREATE TABLE `vtiger_customview_seq`  (
  `id` int NOT NULL
) ENGINE = InnoDB CHARACTER SET = utf8mb4 COLLATE = utf8mb4_0900_ai_ci ROW_FORMAT = Dynamic;

-- ----------------------------
-- Records of vtiger_customview_seq
-- ----------------------------
INSERT INTO `vtiger_customview_seq` VALUES (49);

-- ----------------------------
-- Table structure for vtiger_cv2group
-- ----------------------------
DROP TABLE IF EXISTS `vtiger_cv2group`;
CREATE TABLE `vtiger_cv2group`  (
  `cvid` int NOT NULL,
  `groupid` int NOT NULL,
  INDEX `vtiger_cv2group_ibfk_1`(`cvid` ASC) USING BTREE,
  INDEX `vtiger_groups_ibfk_1`(`groupid` ASC) USING BTREE,
  CONSTRAINT `vtiger_customview_ibfk_2` FOREIGN KEY (`cvid`) REFERENCES `vtiger_customview` (`cvid`) ON DELETE CASCADE ON UPDATE RESTRICT,
  CONSTRAINT `vtiger_groups_ibfk_1` FOREIGN KEY (`groupid`) REFERENCES `vtiger_groups` (`groupid`) ON DELETE CASCADE ON UPDATE RESTRICT
) ENGINE = InnoDB CHARACTER SET = utf8mb3 COLLATE = utf8mb3_general_ci ROW_FORMAT = Dynamic;

-- ----------------------------
-- Records of vtiger_cv2group
-- ----------------------------

-- ----------------------------
-- Table structure for vtiger_cv2role
-- ----------------------------
DROP TABLE IF EXISTS `vtiger_cv2role`;
CREATE TABLE `vtiger_cv2role`  (
  `cvid` int NOT NULL,
  `roleid` varchar(255) CHARACTER SET utf8mb3 COLLATE utf8mb3_general_ci NOT NULL,
  INDEX `vtiger_cv2role_ibfk_1`(`cvid` ASC) USING BTREE,
  INDEX `vtiger_role_ibfk_1`(`roleid` ASC) USING BTREE,
  CONSTRAINT `vtiger_customview_ibfk_3` FOREIGN KEY (`cvid`) REFERENCES `vtiger_customview` (`cvid`) ON DELETE CASCADE ON UPDATE RESTRICT,
  CONSTRAINT `vtiger_role_ibfk_1` FOREIGN KEY (`roleid`) REFERENCES `vtiger_role` (`roleid`) ON DELETE CASCADE ON UPDATE RESTRICT
) ENGINE = InnoDB CHARACTER SET = utf8mb3 COLLATE = utf8mb3_general_ci ROW_FORMAT = Dynamic;

-- ----------------------------
-- Records of vtiger_cv2role
-- ----------------------------

-- ----------------------------
-- Table structure for vtiger_cv2rs
-- ----------------------------
DROP TABLE IF EXISTS `vtiger_cv2rs`;
CREATE TABLE `vtiger_cv2rs`  (
  `cvid` int NOT NULL,
  `rsid` varchar(255) CHARACTER SET utf8mb3 COLLATE utf8mb3_general_ci NOT NULL,
  INDEX `vtiger_cv2role_ibfk_1`(`cvid` ASC) USING BTREE,
  INDEX `vtiger_rolesd_ibfk_1`(`rsid` ASC) USING BTREE,
  CONSTRAINT `vtiger_customview_ibfk_4` FOREIGN KEY (`cvid`) REFERENCES `vtiger_customview` (`cvid`) ON DELETE CASCADE ON UPDATE RESTRICT,
  CONSTRAINT `vtiger_rolesd_ibfk_1` FOREIGN KEY (`rsid`) REFERENCES `vtiger_role` (`roleid`) ON DELETE CASCADE ON UPDATE RESTRICT
) ENGINE = InnoDB CHARACTER SET = utf8mb3 COLLATE = utf8mb3_general_ci ROW_FORMAT = Dynamic;

-- ----------------------------
-- Records of vtiger_cv2rs
-- ----------------------------

-- ----------------------------
-- Table structure for vtiger_cv2users
-- ----------------------------
DROP TABLE IF EXISTS `vtiger_cv2users`;
CREATE TABLE `vtiger_cv2users`  (
  `cvid` int NOT NULL,
  `userid` int NOT NULL,
  INDEX `vtiger_cv2users_ibfk_1`(`cvid` ASC) USING BTREE,
  INDEX `vtiger_users_ibfk_1`(`userid` ASC) USING BTREE,
  CONSTRAINT `vtiger_customview_ibfk_1` FOREIGN KEY (`cvid`) REFERENCES `vtiger_customview` (`cvid`) ON DELETE CASCADE ON UPDATE RESTRICT,
  CONSTRAINT `vtiger_users_ibfk_1` FOREIGN KEY (`userid`) REFERENCES `vtiger_users` (`id`) ON DELETE CASCADE ON UPDATE RESTRICT
) ENGINE = InnoDB CHARACTER SET = utf8mb3 COLLATE = utf8mb3_general_ci ROW_FORMAT = Dynamic;

-- ----------------------------
-- Records of vtiger_cv2users
-- ----------------------------

-- ----------------------------
-- Table structure for vtiger_cvadvfilter
-- ----------------------------
DROP TABLE IF EXISTS `vtiger_cvadvfilter`;
CREATE TABLE `vtiger_cvadvfilter`  (
  `cvid` int NOT NULL,
  `columnindex` int NOT NULL,
  `columnname` varchar(250) CHARACTER SET utf8mb3 COLLATE utf8mb3_general_ci NULL DEFAULT '',
  `comparator` varchar(20) CHARACTER SET utf8mb3 COLLATE utf8mb3_general_ci NULL DEFAULT NULL,
  `value` varchar(512) CHARACTER SET utf8mb3 COLLATE utf8mb3_general_ci NULL DEFAULT NULL,
  `groupid` int NULL DEFAULT 1,
  `column_condition` varchar(255) CHARACTER SET utf8mb3 COLLATE utf8mb3_general_ci NULL DEFAULT 'and',
  PRIMARY KEY (`cvid`, `columnindex`) USING BTREE,
  INDEX `cvadvfilter_cvid_idx`(`cvid` ASC) USING BTREE,
  CONSTRAINT `fk_1_vtiger_cvadvfilter` FOREIGN KEY (`cvid`) REFERENCES `vtiger_customview` (`cvid`) ON DELETE CASCADE ON UPDATE RESTRICT
) ENGINE = InnoDB CHARACTER SET = utf8mb3 COLLATE = utf8mb3_general_ci ROW_FORMAT = Dynamic;

-- ----------------------------
-- Records of vtiger_cvadvfilter
-- ----------------------------
INSERT INTO `vtiger_cvadvfilter` VALUES (2, 0, 'vtiger_leaddetails:leadstatus:leadstatus:Leads_Lead_Status:V', 'e', 'Hot', 1, 'and');
INSERT INTO `vtiger_cvadvfilter` VALUES (5, 0, 'vtiger_account:account_type:accounttype:Accounts_Type:V', 'e', 'Prospect', 1, 'and');
INSERT INTO `vtiger_cvadvfilter` VALUES (11, 0, 'vtiger_potential:sales_stage:sales_stage:Potentials_Sales_Stage:V', 'e', 'Closed Won', 1, 'and');
INSERT INTO `vtiger_cvadvfilter` VALUES (12, 0, 'vtiger_potential:sales_stage:sales_stage:Potentials_Sales_Stage:V', 'e', 'Prospecting', 1, 'and');
INSERT INTO `vtiger_cvadvfilter` VALUES (14, 0, 'vtiger_troubletickets:status:ticketstatus:HelpDesk_Status:V', 'n', 'Closed', 1, 'and');
INSERT INTO `vtiger_cvadvfilter` VALUES (15, 0, 'vtiger_troubletickets:priority:ticketpriorities:HelpDesk_Priority:V', 'e', 'High', 1, 'and');
INSERT INTO `vtiger_cvadvfilter` VALUES (17, 0, 'vtiger_quotes:quotestage:quotestage:Quotes_Quote_Stage:V', 'n', 'Accepted', 1, 'and');
INSERT INTO `vtiger_cvadvfilter` VALUES (17, 1, 'vtiger_quotes:quotestage:quotestage:Quotes_Quote_Stage:V', 'n', 'Rejected', 1, 'and');
INSERT INTO `vtiger_cvadvfilter` VALUES (18, 0, 'vtiger_quotes:quotestage:quotestage:Quotes_Quote_Stage:V', 'e', 'Rejected', 1, 'and');
INSERT INTO `vtiger_cvadvfilter` VALUES (31, 0, 'vtiger_faq:status:faqstatus:Faq_Status:V', 'e', 'Draft', 1, 'and');
INSERT INTO `vtiger_cvadvfilter` VALUES (32, 0, 'vtiger_faq:status:faqstatus:Faq_Status:V', 'e', 'Published', 1, 'and');
INSERT INTO `vtiger_cvadvfilter` VALUES (33, 0, 'vtiger_purchaseorder:postatus:postatus:PurchaseOrder_Status:V', 'e', 'Created, Approved, Delivered', 1, 'and');
INSERT INTO `vtiger_cvadvfilter` VALUES (34, 0, 'vtiger_purchaseorder:postatus:postatus:PurchaseOrder_Status:V', 'e', 'Received Shipment', 1, 'and');
INSERT INTO `vtiger_cvadvfilter` VALUES (35, 0, 'vtiger_invoice:invoicestatus:invoicestatus:Invoice_Status:V', 'e', 'Created, Approved, Sent', 1, 'and');
INSERT INTO `vtiger_cvadvfilter` VALUES (36, 0, 'vtiger_invoice:invoicestatus:invoicestatus:Invoice_Status:V', 'e', 'Paid', 1, 'and');
INSERT INTO `vtiger_cvadvfilter` VALUES (37, 0, 'vtiger_salesorder:sostatus:sostatus:SalesOrder_Status:V', 'e', 'Created, Approved', 1, 'and');

-- ----------------------------
-- Table structure for vtiger_cvadvfilter_grouping
-- ----------------------------
DROP TABLE IF EXISTS `vtiger_cvadvfilter_grouping`;
CREATE TABLE `vtiger_cvadvfilter_grouping`  (
  `groupid` int NOT NULL,
  `cvid` int NOT NULL,
  `group_condition` varchar(255) CHARACTER SET utf8mb3 COLLATE utf8mb3_general_ci NULL DEFAULT NULL,
  `condition_expression` text CHARACTER SET utf8mb3 COLLATE utf8mb3_general_ci NULL,
  PRIMARY KEY (`groupid`, `cvid`) USING BTREE
) ENGINE = InnoDB CHARACTER SET = utf8mb3 COLLATE = utf8mb3_general_ci ROW_FORMAT = Dynamic;

-- ----------------------------
-- Records of vtiger_cvadvfilter_grouping
-- ----------------------------
INSERT INTO `vtiger_cvadvfilter_grouping` VALUES (1, 2, '', '');
INSERT INTO `vtiger_cvadvfilter_grouping` VALUES (1, 5, '', '');
INSERT INTO `vtiger_cvadvfilter_grouping` VALUES (1, 11, '', '');
INSERT INTO `vtiger_cvadvfilter_grouping` VALUES (1, 12, '', '');
INSERT INTO `vtiger_cvadvfilter_grouping` VALUES (1, 14, '', '');
INSERT INTO `vtiger_cvadvfilter_grouping` VALUES (1, 15, '', '');
INSERT INTO `vtiger_cvadvfilter_grouping` VALUES (1, 17, '', '');
INSERT INTO `vtiger_cvadvfilter_grouping` VALUES (1, 18, '', '');
INSERT INTO `vtiger_cvadvfilter_grouping` VALUES (1, 31, '', '');
INSERT INTO `vtiger_cvadvfilter_grouping` VALUES (1, 32, '', '');
INSERT INTO `vtiger_cvadvfilter_grouping` VALUES (1, 33, '', '');
INSERT INTO `vtiger_cvadvfilter_grouping` VALUES (1, 34, '', '');
INSERT INTO `vtiger_cvadvfilter_grouping` VALUES (1, 35, '', '');
INSERT INTO `vtiger_cvadvfilter_grouping` VALUES (1, 36, '', '');
INSERT INTO `vtiger_cvadvfilter_grouping` VALUES (1, 37, '', '');

-- ----------------------------
-- Table structure for vtiger_cvcolumnlist
-- ----------------------------
DROP TABLE IF EXISTS `vtiger_cvcolumnlist`;
CREATE TABLE `vtiger_cvcolumnlist`  (
  `cvid` int NOT NULL,
  `columnindex` int NOT NULL,
  `columnname` varchar(250) CHARACTER SET utf8mb3 COLLATE utf8mb3_general_ci NULL DEFAULT '',
  PRIMARY KEY (`cvid`, `columnindex`) USING BTREE,
  INDEX `cvcolumnlist_columnindex_idx`(`columnindex` ASC) USING BTREE,
  INDEX `cvcolumnlist_cvid_idx`(`cvid` ASC) USING BTREE,
  CONSTRAINT `fk_1_vtiger_cvcolumnlist` FOREIGN KEY (`cvid`) REFERENCES `vtiger_customview` (`cvid`) ON DELETE CASCADE ON UPDATE RESTRICT
) ENGINE = InnoDB CHARACTER SET = utf8mb3 COLLATE = utf8mb3_general_ci ROW_FORMAT = Dynamic;

-- ----------------------------
-- Records of vtiger_cvcolumnlist
-- ----------------------------
INSERT INTO `vtiger_cvcolumnlist` VALUES (1, 1, 'vtiger_leaddetails:firstname:firstname:Leads_First_Name:V');
INSERT INTO `vtiger_cvcolumnlist` VALUES (1, 2, 'vtiger_leaddetails:lastname:lastname:Leads_Last_Name:V');
INSERT INTO `vtiger_cvcolumnlist` VALUES (1, 3, 'vtiger_leaddetails:company:company:Leads_Company:V');
INSERT INTO `vtiger_cvcolumnlist` VALUES (1, 4, 'vtiger_leadaddress:phone:phone:Leads_Phone:V');
INSERT INTO `vtiger_cvcolumnlist` VALUES (1, 5, 'vtiger_leadsubdetails:website:website:Leads_Website:V');
INSERT INTO `vtiger_cvcolumnlist` VALUES (1, 6, 'vtiger_leaddetails:email:email:Leads_Email:V');
INSERT INTO `vtiger_cvcolumnlist` VALUES (1, 7, 'vtiger_crmentity:smownerid:assigned_user_id:Leads_Assigned_To:V');
INSERT INTO `vtiger_cvcolumnlist` VALUES (2, 0, 'vtiger_leaddetails:firstname:firstname:Leads_First_Name:V');
INSERT INTO `vtiger_cvcolumnlist` VALUES (2, 1, 'vtiger_leaddetails:lastname:lastname:Leads_Last_Name:V');
INSERT INTO `vtiger_cvcolumnlist` VALUES (2, 2, 'vtiger_leaddetails:company:company:Leads_Company:V');
INSERT INTO `vtiger_cvcolumnlist` VALUES (2, 3, 'vtiger_leaddetails:leadsource:leadsource:Leads_Lead_Source:V');
INSERT INTO `vtiger_cvcolumnlist` VALUES (2, 4, 'vtiger_leadsubdetails:website:website:Leads_Website:V');
INSERT INTO `vtiger_cvcolumnlist` VALUES (2, 5, 'vtiger_leaddetails:email:email:Leads_Email:E');
INSERT INTO `vtiger_cvcolumnlist` VALUES (3, 0, 'vtiger_leaddetails:firstname:firstname:Leads_First_Name:V');
INSERT INTO `vtiger_cvcolumnlist` VALUES (3, 1, 'vtiger_leaddetails:lastname:lastname:Leads_Last_Name:V');
INSERT INTO `vtiger_cvcolumnlist` VALUES (3, 2, 'vtiger_leaddetails:company:company:Leads_Company:V');
INSERT INTO `vtiger_cvcolumnlist` VALUES (3, 3, 'vtiger_leaddetails:leadsource:leadsource:Leads_Lead_Source:V');
INSERT INTO `vtiger_cvcolumnlist` VALUES (3, 4, 'vtiger_leadsubdetails:website:website:Leads_Website:V');
INSERT INTO `vtiger_cvcolumnlist` VALUES (3, 5, 'vtiger_leaddetails:email:email:Leads_Email:E');
INSERT INTO `vtiger_cvcolumnlist` VALUES (4, 1, 'vtiger_account:accountname:accountname:Accounts_Account_Name:V');
INSERT INTO `vtiger_cvcolumnlist` VALUES (4, 2, 'vtiger_accountbillads:bill_city:bill_city:Accounts_Billing_City:V');
INSERT INTO `vtiger_cvcolumnlist` VALUES (4, 3, 'vtiger_account:website:website:Accounts_Website:V');
INSERT INTO `vtiger_cvcolumnlist` VALUES (4, 4, 'vtiger_account:phone:phone:Accounts_Phone:V');
INSERT INTO `vtiger_cvcolumnlist` VALUES (4, 5, 'vtiger_crmentity:smownerid:assigned_user_id:Accounts_Assigned_To:V');
INSERT INTO `vtiger_cvcolumnlist` VALUES (5, 0, 'vtiger_account:accountname:accountname:Accounts_Account_Name:V');
INSERT INTO `vtiger_cvcolumnlist` VALUES (5, 1, 'vtiger_account:phone:phone:Accounts_Phone:V');
INSERT INTO `vtiger_cvcolumnlist` VALUES (5, 2, 'vtiger_account:website:website:Accounts_Website:V');
INSERT INTO `vtiger_cvcolumnlist` VALUES (5, 3, 'vtiger_account:rating:rating:Accounts_Rating:V');
INSERT INTO `vtiger_cvcolumnlist` VALUES (5, 4, 'vtiger_crmentity:smownerid:assigned_user_id:Accounts_Assigned_To:V');
INSERT INTO `vtiger_cvcolumnlist` VALUES (6, 0, 'vtiger_account:accountname:accountname:Accounts_Account_Name:V');
INSERT INTO `vtiger_cvcolumnlist` VALUES (6, 1, 'vtiger_account:phone:phone:Accounts_Phone:V');
INSERT INTO `vtiger_cvcolumnlist` VALUES (6, 2, 'vtiger_account:website:website:Accounts_Website:V');
INSERT INTO `vtiger_cvcolumnlist` VALUES (6, 3, 'vtiger_accountbillads:bill_city:bill_city:Accounts_City:V');
INSERT INTO `vtiger_cvcolumnlist` VALUES (6, 4, 'vtiger_crmentity:smownerid:assigned_user_id:Accounts_Assigned_To:V');
INSERT INTO `vtiger_cvcolumnlist` VALUES (7, 1, 'vtiger_contactdetails:firstname:firstname:Contacts_First_Name:V');
INSERT INTO `vtiger_cvcolumnlist` VALUES (7, 2, 'vtiger_contactdetails:lastname:lastname:Contacts_Last_Name:V');
INSERT INTO `vtiger_cvcolumnlist` VALUES (7, 3, 'vtiger_contactdetails:title:title:Contacts_Title:V');
INSERT INTO `vtiger_cvcolumnlist` VALUES (7, 4, 'vtiger_contactdetails:accountid:account_id:Contacts_Account_Name:V');
INSERT INTO `vtiger_cvcolumnlist` VALUES (7, 5, 'vtiger_contactdetails:email:email:Contacts_Email:V');
INSERT INTO `vtiger_cvcolumnlist` VALUES (7, 6, 'vtiger_contactdetails:phone:phone:Contacts_Office_Phone:V');
INSERT INTO `vtiger_cvcolumnlist` VALUES (7, 7, 'vtiger_crmentity:smownerid:assigned_user_id:Contacts_Assigned_To:V');
INSERT INTO `vtiger_cvcolumnlist` VALUES (8, 0, 'vtiger_contactdetails:firstname:firstname:Contacts_First_Name:V');
INSERT INTO `vtiger_cvcolumnlist` VALUES (8, 1, 'vtiger_contactdetails:lastname:lastname:Contacts_Last_Name:V');
INSERT INTO `vtiger_cvcolumnlist` VALUES (8, 2, 'vtiger_contactaddress:mailingstreet:mailingstreet:Contacts_Mailing_Street:V');
INSERT INTO `vtiger_cvcolumnlist` VALUES (8, 3, 'vtiger_contactaddress:mailingcity:mailingcity:Contacts_Mailing_City:V');
INSERT INTO `vtiger_cvcolumnlist` VALUES (8, 4, 'vtiger_contactaddress:mailingstate:mailingstate:Contacts_Mailing_State:V');
INSERT INTO `vtiger_cvcolumnlist` VALUES (8, 5, 'vtiger_contactaddress:mailingzip:mailingzip:Contacts_Mailing_Zip:V');
INSERT INTO `vtiger_cvcolumnlist` VALUES (8, 6, 'vtiger_contactaddress:mailingcountry:mailingcountry:Contacts_Mailing_Country:V');
INSERT INTO `vtiger_cvcolumnlist` VALUES (9, 0, 'vtiger_contactdetails:firstname:firstname:Contacts_First_Name:V');
INSERT INTO `vtiger_cvcolumnlist` VALUES (9, 1, 'vtiger_contactdetails:lastname:lastname:Contacts_Last_Name:V');
INSERT INTO `vtiger_cvcolumnlist` VALUES (9, 2, 'vtiger_contactdetails:title:title:Contacts_Title:V');
INSERT INTO `vtiger_cvcolumnlist` VALUES (9, 3, 'vtiger_contactdetails:accountid:account_id:Contacts_Account_Name:I');
INSERT INTO `vtiger_cvcolumnlist` VALUES (9, 4, 'vtiger_contactdetails:email:email:Contacts_Email:E');
INSERT INTO `vtiger_cvcolumnlist` VALUES (9, 5, 'vtiger_contactsubdetails:otherphone:otherphone:Contacts_Phone:V');
INSERT INTO `vtiger_cvcolumnlist` VALUES (9, 6, 'vtiger_crmentity:smownerid:assigned_user_id:Contacts_Assigned_To:V');
INSERT INTO `vtiger_cvcolumnlist` VALUES (10, 1, 'vtiger_potential:potentialname:potentialname:Potentials_Potential_Name:V');
INSERT INTO `vtiger_cvcolumnlist` VALUES (10, 2, 'vtiger_potential:related_to:related_to:Potentials_Related_To:V');
INSERT INTO `vtiger_cvcolumnlist` VALUES (10, 3, 'vtiger_potential:sales_stage:sales_stage:Potentials_Sales_Stage:V');
INSERT INTO `vtiger_cvcolumnlist` VALUES (10, 4, 'vtiger_potential:leadsource:leadsource:Potentials_Lead_Source:V');
INSERT INTO `vtiger_cvcolumnlist` VALUES (10, 5, 'vtiger_potential:closingdate:closingdate:Potentials_Expected_Close_Date:D');
INSERT INTO `vtiger_cvcolumnlist` VALUES (10, 6, 'vtiger_potential:amount:amount:Potentials_Amount:N');
INSERT INTO `vtiger_cvcolumnlist` VALUES (10, 7, 'vtiger_crmentity:smownerid:assigned_user_id:Potentials_Assigned_To:V');
INSERT INTO `vtiger_cvcolumnlist` VALUES (10, 8, 'vtiger_potential:contact_id:contact_id:Potentials_Contact_Name:V');
INSERT INTO `vtiger_cvcolumnlist` VALUES (11, 0, 'vtiger_potential:potentialname:potentialname:Potentials_Potential_Name:V');
INSERT INTO `vtiger_cvcolumnlist` VALUES (11, 1, 'vtiger_potential:related_to:related_to:Potentials_Related_To:V');
INSERT INTO `vtiger_cvcolumnlist` VALUES (11, 2, 'vtiger_potential:amount:amount:Potentials_Amount:N');
INSERT INTO `vtiger_cvcolumnlist` VALUES (11, 3, 'vtiger_potential:closingdate:closingdate:Potentials_Expected_Close_Date:D');
INSERT INTO `vtiger_cvcolumnlist` VALUES (11, 4, 'vtiger_crmentity:smownerid:assigned_user_id:Potentials_Assigned_To:V');
INSERT INTO `vtiger_cvcolumnlist` VALUES (11, 5, 'vtiger_potential:contact_id:contact_id:Potentials_Contact_Name:V');
INSERT INTO `vtiger_cvcolumnlist` VALUES (12, 0, 'vtiger_potential:potentialname:potentialname:Potentials_Potential_Name:V');
INSERT INTO `vtiger_cvcolumnlist` VALUES (12, 1, 'vtiger_potential:related_to:related_to:Potentials_Related_To:V');
INSERT INTO `vtiger_cvcolumnlist` VALUES (12, 2, 'vtiger_potential:amount:amount:Potentials_Amount:N');
INSERT INTO `vtiger_cvcolumnlist` VALUES (12, 3, 'vtiger_potential:leadsource:leadsource:Potentials_Lead_Source:V');
INSERT INTO `vtiger_cvcolumnlist` VALUES (12, 4, 'vtiger_potential:closingdate:closingdate:Potentials_Expected_Close_Date:D');
INSERT INTO `vtiger_cvcolumnlist` VALUES (12, 5, 'vtiger_crmentity:smownerid:assigned_user_id:Potentials_Assigned_To:V');
INSERT INTO `vtiger_cvcolumnlist` VALUES (12, 6, 'vtiger_potential:contact_id:contact_id:Potentials_Contact_Name:V');
INSERT INTO `vtiger_cvcolumnlist` VALUES (13, 1, 'vtiger_troubletickets:title:ticket_title:HelpDesk_Title:V');
INSERT INTO `vtiger_cvcolumnlist` VALUES (13, 2, 'vtiger_troubletickets:parent_id:parent_id:HelpDesk_Related_To:V');
INSERT INTO `vtiger_cvcolumnlist` VALUES (13, 3, 'vtiger_troubletickets:status:ticketstatus:HelpDesk_Status:V');
INSERT INTO `vtiger_cvcolumnlist` VALUES (13, 4, 'vtiger_troubletickets:priority:ticketpriorities:HelpDesk_Priority:V');
INSERT INTO `vtiger_cvcolumnlist` VALUES (13, 5, 'vtiger_crmentity:smownerid:assigned_user_id:HelpDesk_Assigned_To:V');
INSERT INTO `vtiger_cvcolumnlist` VALUES (13, 6, 'vtiger_troubletickets:contact_id:contact_id:HelpDesk_Contact_Name:V');
INSERT INTO `vtiger_cvcolumnlist` VALUES (14, 0, 'vtiger_troubletickets:title:ticket_title:HelpDesk_Title:V');
INSERT INTO `vtiger_cvcolumnlist` VALUES (14, 1, 'vtiger_troubletickets:parent_id:parent_id:HelpDesk_Related_To:I');
INSERT INTO `vtiger_cvcolumnlist` VALUES (14, 2, 'vtiger_troubletickets:priority:ticketpriorities:HelpDesk_Priority:V');
INSERT INTO `vtiger_cvcolumnlist` VALUES (14, 3, 'vtiger_troubletickets:product_id:product_id:HelpDesk_Product_Name:I');
INSERT INTO `vtiger_cvcolumnlist` VALUES (14, 4, 'vtiger_crmentity:smownerid:assigned_user_id:HelpDesk_Assigned_To:V');
INSERT INTO `vtiger_cvcolumnlist` VALUES (14, 5, 'vtiger_troubletickets:contact_id:contact_id:HelpDesk_Contact_Name:V');
INSERT INTO `vtiger_cvcolumnlist` VALUES (15, 0, 'vtiger_troubletickets:title:ticket_title:HelpDesk_Title:V');
INSERT INTO `vtiger_cvcolumnlist` VALUES (15, 1, 'vtiger_troubletickets:parent_id:parent_id:HelpDesk_Related_To:I');
INSERT INTO `vtiger_cvcolumnlist` VALUES (15, 2, 'vtiger_troubletickets:status:ticketstatus:HelpDesk_Status:V');
INSERT INTO `vtiger_cvcolumnlist` VALUES (15, 3, 'vtiger_troubletickets:product_id:product_id:HelpDesk_Product_Name:I');
INSERT INTO `vtiger_cvcolumnlist` VALUES (15, 4, 'vtiger_crmentity:smownerid:assigned_user_id:HelpDesk_Assigned_To:V');
INSERT INTO `vtiger_cvcolumnlist` VALUES (15, 5, 'vtiger_troubletickets:contact_id:contact_id:HelpDesk_Contact_Name:V');
INSERT INTO `vtiger_cvcolumnlist` VALUES (16, 1, 'vtiger_quotes:subject:subject:Quotes_Subject:V');
INSERT INTO `vtiger_cvcolumnlist` VALUES (16, 2, 'vtiger_quotes:quotestage:quotestage:Quotes_Quote_Stage:V');
INSERT INTO `vtiger_cvcolumnlist` VALUES (16, 3, 'vtiger_quotes:potentialid:potential_id:Quotes_Potential_Name:V');
INSERT INTO `vtiger_cvcolumnlist` VALUES (16, 4, 'vtiger_quotes:accountid:account_id:Quotes_Account_Name:V');
INSERT INTO `vtiger_cvcolumnlist` VALUES (16, 5, 'vtiger_quotes:total:hdnGrandTotal:Quotes_Total:N');
INSERT INTO `vtiger_cvcolumnlist` VALUES (16, 6, 'vtiger_crmentity:smownerid:assigned_user_id:Quotes_Assigned_To:V');
INSERT INTO `vtiger_cvcolumnlist` VALUES (17, 0, 'vtiger_quotes:subject:subject:Quotes_Subject:V');
INSERT INTO `vtiger_cvcolumnlist` VALUES (17, 1, 'vtiger_quotes:quotestage:quotestage:Quotes_Quote_Stage:V');
INSERT INTO `vtiger_cvcolumnlist` VALUES (17, 2, 'vtiger_quotes:potentialid:potential_id:Quotes_Potential_Name:I');
INSERT INTO `vtiger_cvcolumnlist` VALUES (17, 3, 'vtiger_quotes:accountid:account_id:Quotes_Account_Name:I');
INSERT INTO `vtiger_cvcolumnlist` VALUES (17, 4, 'vtiger_quotes:validtill:validtill:Quotes_Valid_Till:D');
INSERT INTO `vtiger_cvcolumnlist` VALUES (17, 5, 'vtiger_crmentity:smownerid:assigned_user_id:Quotes_Assigned_To:V');
INSERT INTO `vtiger_cvcolumnlist` VALUES (18, 0, 'vtiger_quotes:subject:subject:Quotes_Subject:V');
INSERT INTO `vtiger_cvcolumnlist` VALUES (18, 1, 'vtiger_quotes:potentialid:potential_id:Quotes_Potential_Name:I');
INSERT INTO `vtiger_cvcolumnlist` VALUES (18, 2, 'vtiger_quotes:accountid:account_id:Quotes_Account_Name:I');
INSERT INTO `vtiger_cvcolumnlist` VALUES (18, 3, 'vtiger_quotes:validtill:validtill:Quotes_Valid_Till:D');
INSERT INTO `vtiger_cvcolumnlist` VALUES (18, 4, 'vtiger_crmentity:smownerid:assigned_user_id:Quotes_Assigned_To:V');
INSERT INTO `vtiger_cvcolumnlist` VALUES (19, 0, 'vtiger_activity:status:taskstatus:Calendar_Status:V');
INSERT INTO `vtiger_cvcolumnlist` VALUES (19, 1, 'vtiger_activity:activitytype:activitytype:Calendar_Activity_Type:V');
INSERT INTO `vtiger_cvcolumnlist` VALUES (19, 2, 'vtiger_activity:subject:subject:Calendar_Subject:V');
INSERT INTO `vtiger_cvcolumnlist` VALUES (19, 3, 'vtiger_seactivityrel:crmid:parent_id:Calendar_Related_To:V');
INSERT INTO `vtiger_cvcolumnlist` VALUES (19, 4, 'vtiger_activity:date_start:date_start:Calendar_Start_Date_&_Time:DT');
INSERT INTO `vtiger_cvcolumnlist` VALUES (19, 5, 'vtiger_activity:due_date:due_date:Calendar_Due_Date:D');
INSERT INTO `vtiger_cvcolumnlist` VALUES (19, 6, 'vtiger_crmentity:smownerid:assigned_user_id:Calendar_Assigned_To:V');
INSERT INTO `vtiger_cvcolumnlist` VALUES (20, 0, 'vtiger_activity:subject:subject:Emails_Subject:V');
INSERT INTO `vtiger_cvcolumnlist` VALUES (20, 1, 'vtiger_emaildetails:to_email:saved_toid:Emails_To:V');
INSERT INTO `vtiger_cvcolumnlist` VALUES (20, 2, 'vtiger_activity:date_start:date_start:Emails_Date_&_Time_Sent:DT');
INSERT INTO `vtiger_cvcolumnlist` VALUES (21, 1, 'vtiger_invoice:subject:subject:Invoice_Subject:V');
INSERT INTO `vtiger_cvcolumnlist` VALUES (21, 2, 'vtiger_invoice:salesorderid:salesorder_id:Invoice_Sales_Order:V');
INSERT INTO `vtiger_cvcolumnlist` VALUES (21, 3, 'vtiger_invoice:invoicestatus:invoicestatus:Invoice_Status:V');
INSERT INTO `vtiger_cvcolumnlist` VALUES (21, 4, 'vtiger_invoice:total:hdnGrandTotal:Invoice_Total:N');
INSERT INTO `vtiger_cvcolumnlist` VALUES (21, 5, 'vtiger_crmentity:smownerid:assigned_user_id:Invoice_Assigned_To:V');
INSERT INTO `vtiger_cvcolumnlist` VALUES (22, 1, 'vtiger_notes:title:notes_title:Documents_Title:V');
INSERT INTO `vtiger_cvcolumnlist` VALUES (22, 2, 'vtiger_notes:filename:filename:Documents_File_Name:V');
INSERT INTO `vtiger_cvcolumnlist` VALUES (22, 3, 'vtiger_crmentity:modifiedtime:modifiedtime:Documents_Modified_Time:DT');
INSERT INTO `vtiger_cvcolumnlist` VALUES (22, 4, 'vtiger_crmentity:smownerid:assigned_user_id:Documents_Assigned_To:V');
INSERT INTO `vtiger_cvcolumnlist` VALUES (23, 1, 'vtiger_pricebook:bookname:bookname:PriceBooks_Price_Book_Name:V');
INSERT INTO `vtiger_cvcolumnlist` VALUES (23, 2, 'vtiger_pricebook:active:active:PriceBooks_Active:C');
INSERT INTO `vtiger_cvcolumnlist` VALUES (23, 3, 'vtiger_pricebook:currency_id:currency_id:PriceBooks_Currency:V');
INSERT INTO `vtiger_cvcolumnlist` VALUES (24, 1, 'vtiger_products:productname:productname:Products_Product_Name:V');
INSERT INTO `vtiger_cvcolumnlist` VALUES (24, 2, 'vtiger_products:productcode:productcode:Products_Part_Number:V');
INSERT INTO `vtiger_cvcolumnlist` VALUES (24, 3, 'vtiger_products:commissionrate:commissionrate:Products_Commission_Rate:N');
INSERT INTO `vtiger_cvcolumnlist` VALUES (24, 4, 'vtiger_products:qtyinstock:qtyinstock:Products_Qty_In_Stock:NN');
INSERT INTO `vtiger_cvcolumnlist` VALUES (24, 5, 'vtiger_products:qty_per_unit:qty_per_unit:Products_Qty/Unit:N');
INSERT INTO `vtiger_cvcolumnlist` VALUES (24, 6, 'vtiger_products:unit_price:unit_price:Products_Unit_Price:N');
INSERT INTO `vtiger_cvcolumnlist` VALUES (25, 1, 'vtiger_purchaseorder:subject:subject:PurchaseOrder_Subject:V');
INSERT INTO `vtiger_cvcolumnlist` VALUES (25, 2, 'vtiger_purchaseorder:vendorid:vendor_id:PurchaseOrder_Vendor_Name:V');
INSERT INTO `vtiger_cvcolumnlist` VALUES (25, 3, 'vtiger_purchaseorder:tracking_no:tracking_no:PurchaseOrder_Tracking_Number:V');
INSERT INTO `vtiger_cvcolumnlist` VALUES (25, 4, 'vtiger_purchaseorder:total:hdnGrandTotal:PurchaseOrder_Total:N');
INSERT INTO `vtiger_cvcolumnlist` VALUES (25, 5, 'vtiger_crmentity:smownerid:assigned_user_id:PurchaseOrder_Assigned_To:V');
INSERT INTO `vtiger_cvcolumnlist` VALUES (26, 1, 'vtiger_salesorder:subject:subject:SalesOrder_Subject:V');
INSERT INTO `vtiger_cvcolumnlist` VALUES (26, 2, 'vtiger_salesorder:accountid:account_id:SalesOrder_Account_Name:V');
INSERT INTO `vtiger_cvcolumnlist` VALUES (26, 3, 'vtiger_salesorder:quoteid:quote_id:SalesOrder_Quote_Name:V');
INSERT INTO `vtiger_cvcolumnlist` VALUES (26, 4, 'vtiger_salesorder:total:hdnGrandTotal:SalesOrder_Total:N');
INSERT INTO `vtiger_cvcolumnlist` VALUES (26, 5, 'vtiger_crmentity:smownerid:assigned_user_id:SalesOrder_Assigned_To:V');
INSERT INTO `vtiger_cvcolumnlist` VALUES (27, 1, 'vtiger_vendor:vendorname:vendorname:Vendors_Vendor_Name:V');
INSERT INTO `vtiger_cvcolumnlist` VALUES (27, 2, 'vtiger_vendor:phone:phone:Vendors_Phone:V');
INSERT INTO `vtiger_cvcolumnlist` VALUES (27, 3, 'vtiger_vendor:email:email:Vendors_Email:V');
INSERT INTO `vtiger_cvcolumnlist` VALUES (27, 4, 'vtiger_vendor:category:category:Vendors_Category:V');
INSERT INTO `vtiger_cvcolumnlist` VALUES (27, 5, 'vtiger_crmentity:smownerid:assigned_user_id:Vendors_Assigned_To:V');
INSERT INTO `vtiger_cvcolumnlist` VALUES (28, 1, 'vtiger_faq:question:question:Faq_Question:V');
INSERT INTO `vtiger_cvcolumnlist` VALUES (28, 2, 'vtiger_faq:category:faqcategories:Faq_Category:V');
INSERT INTO `vtiger_cvcolumnlist` VALUES (28, 3, 'vtiger_faq:product_id:product_id:Faq_Product_Name:V');
INSERT INTO `vtiger_cvcolumnlist` VALUES (28, 4, 'vtiger_crmentity:createdtime:createdtime:Faq_Created_Time:DT');
INSERT INTO `vtiger_cvcolumnlist` VALUES (28, 5, 'vtiger_crmentity:modifiedtime:modifiedtime:Faq_Modified_Time:DT');
INSERT INTO `vtiger_cvcolumnlist` VALUES (29, 1, 'vtiger_campaign:campaignname:campaignname:Campaigns_Campaign_Name:V');
INSERT INTO `vtiger_cvcolumnlist` VALUES (29, 2, 'vtiger_campaign:campaigntype:campaigntype:Campaigns_Campaign_Type:V');
INSERT INTO `vtiger_cvcolumnlist` VALUES (29, 3, 'vtiger_campaign:campaignstatus:campaignstatus:Campaigns_Campaign_Status:V');
INSERT INTO `vtiger_cvcolumnlist` VALUES (29, 4, 'vtiger_campaign:expectedrevenue:expectedrevenue:Campaigns_Expected_Revenue:N');
INSERT INTO `vtiger_cvcolumnlist` VALUES (29, 5, 'vtiger_campaign:closingdate:closingdate:Campaigns_Expected_Close_Date:D');
INSERT INTO `vtiger_cvcolumnlist` VALUES (29, 6, 'vtiger_crmentity:smownerid:assigned_user_id:Campaigns_Assigned_To:V');
INSERT INTO `vtiger_cvcolumnlist` VALUES (30, 0, 'subject:subject:subject:Subject:V');
INSERT INTO `vtiger_cvcolumnlist` VALUES (30, 1, 'from:fromname:fromname:From:N');
INSERT INTO `vtiger_cvcolumnlist` VALUES (30, 2, 'to:tpname:toname:To:N');
INSERT INTO `vtiger_cvcolumnlist` VALUES (30, 3, 'body:body:body:Body:V');
INSERT INTO `vtiger_cvcolumnlist` VALUES (31, 0, 'vtiger_faq:question:question:Faq_Question:V');
INSERT INTO `vtiger_cvcolumnlist` VALUES (31, 1, 'vtiger_faq:status:faqstatus:Faq_Status:V');
INSERT INTO `vtiger_cvcolumnlist` VALUES (31, 2, 'vtiger_faq:product_id:product_id:Faq_Product_Name:I');
INSERT INTO `vtiger_cvcolumnlist` VALUES (31, 3, 'vtiger_faq:category:faqcategories:Faq_Category:V');
INSERT INTO `vtiger_cvcolumnlist` VALUES (31, 4, 'vtiger_crmentity:createdtime:createdtime:Faq_Created_Time:DT');
INSERT INTO `vtiger_cvcolumnlist` VALUES (32, 0, 'vtiger_faq:question:question:Faq_Question:V');
INSERT INTO `vtiger_cvcolumnlist` VALUES (32, 1, 'vtiger_faq:answer:faq_answer:Faq_Answer:V');
INSERT INTO `vtiger_cvcolumnlist` VALUES (32, 2, 'vtiger_faq:status:faqstatus:Faq_Status:V');
INSERT INTO `vtiger_cvcolumnlist` VALUES (32, 3, 'vtiger_faq:product_id:product_id:Faq_Product_Name:I');
INSERT INTO `vtiger_cvcolumnlist` VALUES (32, 4, 'vtiger_faq:category:faqcategories:Faq_Category:V');
INSERT INTO `vtiger_cvcolumnlist` VALUES (32, 5, 'vtiger_crmentity:createdtime:createdtime:Faq_Created_Time:DT');
INSERT INTO `vtiger_cvcolumnlist` VALUES (33, 0, 'vtiger_purchaseorder:subject:subject:PurchaseOrder_Subject:V');
INSERT INTO `vtiger_cvcolumnlist` VALUES (33, 1, 'vtiger_purchaseorder:postatus:postatus:PurchaseOrder_Status:V');
INSERT INTO `vtiger_cvcolumnlist` VALUES (33, 2, 'vtiger_purchaseorder:vendorid:vendor_id:PurchaseOrder_Vendor_Name:I');
INSERT INTO `vtiger_cvcolumnlist` VALUES (33, 3, 'vtiger_crmentity:smownerid:assigned_user_id:PurchaseOrder_Assigned_To:V');
INSERT INTO `vtiger_cvcolumnlist` VALUES (33, 4, 'vtiger_purchaseorder:duedate:duedate:PurchaseOrder_Due_Date:V');
INSERT INTO `vtiger_cvcolumnlist` VALUES (34, 0, 'vtiger_purchaseorder:subject:subject:PurchaseOrder_Subject:V');
INSERT INTO `vtiger_cvcolumnlist` VALUES (34, 1, 'vtiger_purchaseorder:vendorid:vendor_id:PurchaseOrder_Vendor_Name:I');
INSERT INTO `vtiger_cvcolumnlist` VALUES (34, 2, 'vtiger_crmentity:smownerid:assigned_user_id:PurchaseOrder_Assigned_To:V');
INSERT INTO `vtiger_cvcolumnlist` VALUES (34, 3, 'vtiger_purchaseorder:postatus:postatus:PurchaseOrder_Status:V');
INSERT INTO `vtiger_cvcolumnlist` VALUES (34, 4, 'vtiger_purchaseorder:carrier:carrier:PurchaseOrder_Carrier:V');
INSERT INTO `vtiger_cvcolumnlist` VALUES (34, 5, 'vtiger_poshipads:ship_street:ship_street:PurchaseOrder_Shipping_Address:V');
INSERT INTO `vtiger_cvcolumnlist` VALUES (35, 0, 'vtiger_invoice:invoice_no:invoice_no:Invoice_Invoice_No:V');
INSERT INTO `vtiger_cvcolumnlist` VALUES (35, 1, 'vtiger_invoice:subject:subject:Invoice_Subject:V');
INSERT INTO `vtiger_cvcolumnlist` VALUES (35, 2, 'vtiger_invoice:accountid:account_id:Invoice_Account_Name:I');
INSERT INTO `vtiger_cvcolumnlist` VALUES (35, 3, 'vtiger_invoice:salesorderid:salesorder_id:Invoice_Sales_Order:I');
INSERT INTO `vtiger_cvcolumnlist` VALUES (35, 4, 'vtiger_invoice:invoicestatus:invoicestatus:Invoice_Status:V');
INSERT INTO `vtiger_cvcolumnlist` VALUES (35, 5, 'vtiger_crmentity:smownerid:assigned_user_id:Invoice_Assigned_To:V');
INSERT INTO `vtiger_cvcolumnlist` VALUES (35, 6, 'vtiger_crmentity:createdtime:createdtime:Invoice_Created_Time:DT');
INSERT INTO `vtiger_cvcolumnlist` VALUES (36, 0, 'vtiger_invoice:invoice_no:invoice_no:Invoice_Invoice_No:V');
INSERT INTO `vtiger_cvcolumnlist` VALUES (36, 1, 'vtiger_invoice:subject:subject:Invoice_Subject:V');
INSERT INTO `vtiger_cvcolumnlist` VALUES (36, 2, 'vtiger_invoice:accountid:account_id:Invoice_Account_Name:I');
INSERT INTO `vtiger_cvcolumnlist` VALUES (36, 3, 'vtiger_invoice:salesorderid:salesorder_id:Invoice_Sales_Order:I');
INSERT INTO `vtiger_cvcolumnlist` VALUES (36, 4, 'vtiger_invoice:invoicestatus:invoicestatus:Invoice_Status:V');
INSERT INTO `vtiger_cvcolumnlist` VALUES (36, 5, 'vtiger_invoiceshipads:ship_street:ship_street:Invoice_Shipping_Address:V');
INSERT INTO `vtiger_cvcolumnlist` VALUES (36, 6, 'vtiger_crmentity:smownerid:assigned_user_id:Invoice_Assigned_To:V');
INSERT INTO `vtiger_cvcolumnlist` VALUES (37, 0, 'vtiger_salesorder:subject:subject:SalesOrder_Subject:V');
INSERT INTO `vtiger_cvcolumnlist` VALUES (37, 1, 'vtiger_salesorder:accountid:account_id:SalesOrder_Account_Name:I');
INSERT INTO `vtiger_cvcolumnlist` VALUES (37, 2, 'vtiger_salesorder:sostatus:sostatus:SalesOrder_Status:V');
INSERT INTO `vtiger_cvcolumnlist` VALUES (37, 3, 'vtiger_crmentity:smownerid:assigned_user_id:SalesOrder_Assigned_To:V');
INSERT INTO `vtiger_cvcolumnlist` VALUES (37, 4, 'vtiger_soshipads:ship_street:ship_street:SalesOrder_Shipping_Address:V');
INSERT INTO `vtiger_cvcolumnlist` VALUES (37, 5, 'vtiger_salesorder:carrier:carrier:SalesOrder_Carrier:V');
INSERT INTO `vtiger_cvcolumnlist` VALUES (38, 0, 'vtiger_pbxmanager:callstatus:callstatus:PBXManager_Call_Status:V');
INSERT INTO `vtiger_cvcolumnlist` VALUES (38, 1, 'vtiger_pbxmanager:customernumber:customernumber:PBXManager_Customer_Number:V');
INSERT INTO `vtiger_cvcolumnlist` VALUES (38, 2, 'vtiger_pbxmanager:customer:customer:PBXManager_Customer:V');
INSERT INTO `vtiger_cvcolumnlist` VALUES (38, 3, 'vtiger_pbxmanager:user:user:PBXManager_User:V');
INSERT INTO `vtiger_cvcolumnlist` VALUES (38, 4, 'vtiger_pbxmanager:recordingurl:recordingurl:PBXManager_Recording_URL:V');
INSERT INTO `vtiger_cvcolumnlist` VALUES (38, 5, 'vtiger_pbxmanager:totalduration:totalduration:PBXManager_Total_Duration:I');
INSERT INTO `vtiger_cvcolumnlist` VALUES (38, 6, 'vtiger_pbxmanager:starttime:starttime:PBXManager_Start_Time:DT');
INSERT INTO `vtiger_cvcolumnlist` VALUES (39, 1, 'vtiger_servicecontracts:subject:subject:ServiceContracts_Subject:V');
INSERT INTO `vtiger_cvcolumnlist` VALUES (39, 2, 'vtiger_servicecontracts:sc_related_to:sc_related_to:ServiceContracts_Related_to:V');
INSERT INTO `vtiger_cvcolumnlist` VALUES (39, 3, 'vtiger_crmentity:smownerid:assigned_user_id:ServiceContracts_Assigned_To:V');
INSERT INTO `vtiger_cvcolumnlist` VALUES (39, 4, 'vtiger_servicecontracts:start_date:start_date:ServiceContracts_Start_Date:D');
INSERT INTO `vtiger_cvcolumnlist` VALUES (39, 5, 'vtiger_servicecontracts:due_date:due_date:ServiceContracts_Due_date:D');
INSERT INTO `vtiger_cvcolumnlist` VALUES (39, 7, 'vtiger_servicecontracts:progress:progress:ServiceContracts_Progress:N');
INSERT INTO `vtiger_cvcolumnlist` VALUES (39, 8, 'vtiger_servicecontracts:contract_status:contract_status:ServiceContracts_Status:V');
INSERT INTO `vtiger_cvcolumnlist` VALUES (40, 1, 'vtiger_service:servicename:servicename:Services_Service_Name:V');
INSERT INTO `vtiger_cvcolumnlist` VALUES (40, 2, 'vtiger_service:service_usageunit:service_usageunit:Services_Usage_Unit:V');
INSERT INTO `vtiger_cvcolumnlist` VALUES (40, 3, 'vtiger_service:unit_price:unit_price:Services_Price:N');
INSERT INTO `vtiger_cvcolumnlist` VALUES (40, 4, 'vtiger_service:qty_per_unit:qty_per_unit:Services_No_of_Units:N');
INSERT INTO `vtiger_cvcolumnlist` VALUES (40, 5, 'vtiger_service:servicecategory:servicecategory:Services_Service_Category:V');
INSERT INTO `vtiger_cvcolumnlist` VALUES (40, 6, 'vtiger_crmentity:smownerid:assigned_user_id:Services_Owner:I');
INSERT INTO `vtiger_cvcolumnlist` VALUES (41, 1, 'vtiger_assets:assetname:assetname:Assets_Asset_Name:V');
INSERT INTO `vtiger_cvcolumnlist` VALUES (41, 2, 'vtiger_assets:account:account:Assets_Customer_Name:V');
INSERT INTO `vtiger_cvcolumnlist` VALUES (41, 3, 'vtiger_assets:product:product:Assets_Product_Name:V');
INSERT INTO `vtiger_cvcolumnlist` VALUES (42, 0, 'vtiger_modcomments:commentcontent:commentcontent:ModComments_Comment:V');
INSERT INTO `vtiger_cvcolumnlist` VALUES (42, 1, 'vtiger_modcomments:related_to:related_to:ModComments_Related_To:V');
INSERT INTO `vtiger_cvcolumnlist` VALUES (42, 2, 'vtiger_crmentity:modifiedtime:modifiedtime:ModComments_Modified_Time:DT');
INSERT INTO `vtiger_cvcolumnlist` VALUES (42, 3, 'vtiger_crmentity:smownerid:assigned_user_id:ModComments_Assigned_To:V');
INSERT INTO `vtiger_cvcolumnlist` VALUES (46, 0, 'vtiger_smsnotifier:message:message:SMSNotifier_message:V');
INSERT INTO `vtiger_cvcolumnlist` VALUES (46, 2, 'vtiger_crmentity:smownerid:assigned_user_id:SMSNotifier_Assigned_To:V');
INSERT INTO `vtiger_cvcolumnlist` VALUES (46, 3, 'vtiger_crmentity:createdtime:createdtime:SMSNotifier_Created_Time:DT');
INSERT INTO `vtiger_cvcolumnlist` VALUES (46, 4, 'vtiger_crmentity:modifiedtime:modifiedtime:SMSNotifier_Modified_Time:DT');
INSERT INTO `vtiger_cvcolumnlist` VALUES (47, 0, 'vtiger_projectmilestone:projectmilestonename:projectmilestonename:ProjectMilestone_Project_Milestone_Name:V');
INSERT INTO `vtiger_cvcolumnlist` VALUES (47, 1, 'vtiger_projectmilestone:projectmilestonedate:projectmilestonedate:ProjectMilestone_Milestone_Date:D');
INSERT INTO `vtiger_cvcolumnlist` VALUES (47, 3, 'vtiger_crmentity:description:description:ProjectMilestone_description:V');
INSERT INTO `vtiger_cvcolumnlist` VALUES (47, 4, 'vtiger_crmentity:createdtime:createdtime:ProjectMilestone_Created_Time:DT');
INSERT INTO `vtiger_cvcolumnlist` VALUES (47, 5, 'vtiger_crmentity:modifiedtime:modifiedtime:ProjectMilestone_Modified_Time:DT');
INSERT INTO `vtiger_cvcolumnlist` VALUES (48, 2, 'vtiger_projecttask:projecttaskname:projecttaskname:ProjectTask_Project_Task_Name:V');
INSERT INTO `vtiger_cvcolumnlist` VALUES (48, 3, 'vtiger_projecttask:projectid:projectid:ProjectTask_Related_to:V');
INSERT INTO `vtiger_cvcolumnlist` VALUES (48, 4, 'vtiger_projecttask:projecttaskpriority:projecttaskpriority:ProjectTask_Priority:V');
INSERT INTO `vtiger_cvcolumnlist` VALUES (48, 5, 'vtiger_projecttask:projecttaskprogress:projecttaskprogress:ProjectTask_Progress:V');
INSERT INTO `vtiger_cvcolumnlist` VALUES (48, 6, 'vtiger_projecttask:projecttaskhours:projecttaskhours:ProjectTask_Worked_Hours:V');
INSERT INTO `vtiger_cvcolumnlist` VALUES (48, 7, 'vtiger_projecttask:startdate:startdate:ProjectTask_Start_Date:D');
INSERT INTO `vtiger_cvcolumnlist` VALUES (48, 8, 'vtiger_projecttask:enddate:enddate:ProjectTask_End_Date:D');
INSERT INTO `vtiger_cvcolumnlist` VALUES (48, 9, 'vtiger_crmentity:smownerid:assigned_user_id:ProjectTask_Assigned_To:V');
INSERT INTO `vtiger_cvcolumnlist` VALUES (49, 0, 'vtiger_project:projectname:projectname:Project_Project_Name:V');
INSERT INTO `vtiger_cvcolumnlist` VALUES (49, 1, 'vtiger_project:linktoaccountscontacts:linktoaccountscontacts:Project_Related_to:V');
INSERT INTO `vtiger_cvcolumnlist` VALUES (49, 2, 'vtiger_project:startdate:startdate:Project_Start_Date:D');
INSERT INTO `vtiger_cvcolumnlist` VALUES (49, 3, 'vtiger_project:targetenddate:targetenddate:Project_Target_End_Date:D');
INSERT INTO `vtiger_cvcolumnlist` VALUES (49, 4, 'vtiger_project:actualenddate:actualenddate:Project_Actual_End_Date:D');
INSERT INTO `vtiger_cvcolumnlist` VALUES (49, 5, 'vtiger_project:targetbudget:targetbudget:Project_Target_Budget:V');
INSERT INTO `vtiger_cvcolumnlist` VALUES (49, 6, 'vtiger_project:progress:progress:Project_Progress:V');
INSERT INTO `vtiger_cvcolumnlist` VALUES (49, 7, 'vtiger_project:projectstatus:projectstatus:Project_Status:V');
INSERT INTO `vtiger_cvcolumnlist` VALUES (49, 8, 'vtiger_crmentity:smownerid:assigned_user_id:Project_Assigned_To:V');
INSERT INTO `vtiger_cvcolumnlist` VALUES (49, 19, 'vtiger_project:contactid:contactid:Project_Contact_Name:V');

-- ----------------------------
-- Table structure for vtiger_cvstdfilter
-- ----------------------------
DROP TABLE IF EXISTS `vtiger_cvstdfilter`;
CREATE TABLE `vtiger_cvstdfilter`  (
  `cvid` int NOT NULL,
  `columnname` varchar(250) CHARACTER SET utf8mb3 COLLATE utf8mb3_general_ci NULL DEFAULT '',
  `stdfilter` varchar(250) CHARACTER SET utf8mb3 COLLATE utf8mb3_general_ci NULL DEFAULT '',
  `startdate` date NULL DEFAULT NULL,
  `enddate` date NULL DEFAULT NULL,
  INDEX `cvstdfilter_cvid_idx`(`cvid` ASC) USING BTREE,
  CONSTRAINT `fk_1_vtiger_cvstdfilter` FOREIGN KEY (`cvid`) REFERENCES `vtiger_customview` (`cvid`) ON DELETE CASCADE ON UPDATE RESTRICT
) ENGINE = InnoDB CHARACTER SET = utf8mb3 COLLATE = utf8mb3_general_ci ROW_FORMAT = Dynamic;

-- ----------------------------
-- Records of vtiger_cvstdfilter
-- ----------------------------
INSERT INTO `vtiger_cvstdfilter` VALUES (3, 'vtiger_crmentity:modifiedtime:modifiedtime:Leads_Modified_Time', 'thismonth', '2005-06-01', '2005-06-30');
INSERT INTO `vtiger_cvstdfilter` VALUES (6, 'vtiger_crmentity:createdtime:createdtime:Accounts_Created_Time', 'thisweek', '2005-06-19', '2005-06-25');
INSERT INTO `vtiger_cvstdfilter` VALUES (9, 'vtiger_contactsubdetails:birthday:birthday:Contacts_Birthdate', 'today', '2005-06-25', '2005-06-25');

-- ----------------------------
-- Table structure for vtiger_dashboard_tabs
-- ----------------------------
DROP TABLE IF EXISTS `vtiger_dashboard_tabs`;
CREATE TABLE `vtiger_dashboard_tabs`  (
  `id` int NOT NULL AUTO_INCREMENT,
  `tabname` varchar(50) CHARACTER SET utf8mb3 COLLATE utf8mb3_general_ci NULL DEFAULT NULL,
  `isdefault` int NULL DEFAULT 0,
  `sequence` int NULL DEFAULT 2,
  `appname` varchar(20) CHARACTER SET utf8mb3 COLLATE utf8mb3_general_ci NULL DEFAULT NULL,
  `modulename` varchar(50) CHARACTER SET utf8mb3 COLLATE utf8mb3_general_ci NULL DEFAULT NULL,
  `userid` int NULL DEFAULT NULL,
  PRIMARY KEY (`id`) USING BTREE,
  UNIQUE INDEX `tabname`(`tabname` ASC, `userid` ASC) USING BTREE,
  INDEX `vtiger_dashboard_tabs_ibfk_1`(`userid` ASC) USING BTREE,
  CONSTRAINT `vtiger_dashboard_tabs_ibfk_1` FOREIGN KEY (`userid`) REFERENCES `vtiger_users` (`id`) ON DELETE CASCADE ON UPDATE RESTRICT
) ENGINE = InnoDB AUTO_INCREMENT = 3 CHARACTER SET = utf8mb3 COLLATE = utf8mb3_general_ci ROW_FORMAT = Dynamic;

-- ----------------------------
-- Records of vtiger_dashboard_tabs
-- ----------------------------
INSERT INTO `vtiger_dashboard_tabs` VALUES (1, 'Default', 0, 2, NULL, NULL, 1);
INSERT INTO `vtiger_dashboard_tabs` VALUES (2, 'My Dashboard', 1, 1, '', '', 1);

-- ----------------------------
-- Table structure for vtiger_datashare_grp2grp
-- ----------------------------
DROP TABLE IF EXISTS `vtiger_datashare_grp2grp`;
CREATE TABLE `vtiger_datashare_grp2grp`  (
  `shareid` int NOT NULL,
  `share_groupid` int NULL DEFAULT NULL,
  `to_groupid` int NULL DEFAULT NULL,
  `permission` int NULL DEFAULT NULL,
  PRIMARY KEY (`shareid`) USING BTREE,
  INDEX `datashare_grp2grp_share_groupid_idx`(`share_groupid` ASC) USING BTREE,
  INDEX `datashare_grp2grp_to_groupid_idx`(`to_groupid` ASC) USING BTREE,
  CONSTRAINT `fk_3_vtiger_datashare_grp2grp` FOREIGN KEY (`to_groupid`) REFERENCES `vtiger_groups` (`groupid`) ON DELETE CASCADE ON UPDATE RESTRICT
) ENGINE = InnoDB CHARACTER SET = utf8mb3 COLLATE = utf8mb3_general_ci ROW_FORMAT = Dynamic;

-- ----------------------------
-- Records of vtiger_datashare_grp2grp
-- ----------------------------

-- ----------------------------
-- Table structure for vtiger_datashare_grp2role
-- ----------------------------
DROP TABLE IF EXISTS `vtiger_datashare_grp2role`;
CREATE TABLE `vtiger_datashare_grp2role`  (
  `shareid` int NOT NULL,
  `share_groupid` int NULL DEFAULT NULL,
  `to_roleid` varchar(255) CHARACTER SET utf8mb3 COLLATE utf8mb3_general_ci NULL DEFAULT NULL,
  `permission` int NULL DEFAULT NULL,
  PRIMARY KEY (`shareid`) USING BTREE,
  INDEX `idx_datashare_grp2role_share_groupid`(`share_groupid` ASC) USING BTREE,
  INDEX `idx_datashare_grp2role_to_roleid`(`to_roleid` ASC) USING BTREE,
  CONSTRAINT `fk_3_vtiger_datashare_grp2role` FOREIGN KEY (`to_roleid`) REFERENCES `vtiger_role` (`roleid`) ON DELETE CASCADE ON UPDATE RESTRICT
) ENGINE = InnoDB CHARACTER SET = utf8mb3 COLLATE = utf8mb3_general_ci ROW_FORMAT = Dynamic;

-- ----------------------------
-- Records of vtiger_datashare_grp2role
-- ----------------------------

-- ----------------------------
-- Table structure for vtiger_datashare_grp2rs
-- ----------------------------
DROP TABLE IF EXISTS `vtiger_datashare_grp2rs`;
CREATE TABLE `vtiger_datashare_grp2rs`  (
  `shareid` int NOT NULL,
  `share_groupid` int NULL DEFAULT NULL,
  `to_roleandsubid` varchar(255) CHARACTER SET utf8mb3 COLLATE utf8mb3_general_ci NULL DEFAULT NULL,
  `permission` int NULL DEFAULT NULL,
  PRIMARY KEY (`shareid`) USING BTREE,
  INDEX `datashare_grp2rs_share_groupid_idx`(`share_groupid` ASC) USING BTREE,
  INDEX `datashare_grp2rs_to_roleandsubid_idx`(`to_roleandsubid` ASC) USING BTREE,
  CONSTRAINT `fk_3_vtiger_datashare_grp2rs` FOREIGN KEY (`to_roleandsubid`) REFERENCES `vtiger_role` (`roleid`) ON DELETE CASCADE ON UPDATE RESTRICT
) ENGINE = InnoDB CHARACTER SET = utf8mb3 COLLATE = utf8mb3_general_ci ROW_FORMAT = Dynamic;

-- ----------------------------
-- Records of vtiger_datashare_grp2rs
-- ----------------------------

-- ----------------------------
-- Table structure for vtiger_datashare_module_rel
-- ----------------------------
DROP TABLE IF EXISTS `vtiger_datashare_module_rel`;
CREATE TABLE `vtiger_datashare_module_rel`  (
  `shareid` int NOT NULL,
  `tabid` int NOT NULL,
  `relationtype` varchar(200) CHARACTER SET utf8mb3 COLLATE utf8mb3_general_ci NULL DEFAULT NULL,
  PRIMARY KEY (`shareid`) USING BTREE,
  INDEX `idx_datashare_module_rel_tabid`(`tabid` ASC) USING BTREE,
  CONSTRAINT `fk_1_vtiger_datashare_module_rel` FOREIGN KEY (`tabid`) REFERENCES `vtiger_tab` (`tabid`) ON DELETE CASCADE ON UPDATE RESTRICT
) ENGINE = InnoDB CHARACTER SET = utf8mb3 COLLATE = utf8mb3_general_ci ROW_FORMAT = Dynamic;

-- ----------------------------
-- Records of vtiger_datashare_module_rel
-- ----------------------------

-- ----------------------------
-- Table structure for vtiger_datashare_relatedmodule_permission
-- ----------------------------
DROP TABLE IF EXISTS `vtiger_datashare_relatedmodule_permission`;
CREATE TABLE `vtiger_datashare_relatedmodule_permission`  (
  `shareid` int NOT NULL,
  `datashare_relatedmodule_id` int NOT NULL,
  `permission` int NULL DEFAULT NULL,
  PRIMARY KEY (`shareid`, `datashare_relatedmodule_id`) USING BTREE,
  INDEX `datashare_relatedmodule_permission_shareid_permissions_idx`(`shareid` ASC, `permission` ASC) USING BTREE
) ENGINE = InnoDB CHARACTER SET = utf8mb3 COLLATE = utf8mb3_general_ci ROW_FORMAT = Dynamic;

-- ----------------------------
-- Records of vtiger_datashare_relatedmodule_permission
-- ----------------------------

-- ----------------------------
-- Table structure for vtiger_datashare_relatedmodules
-- ----------------------------
DROP TABLE IF EXISTS `vtiger_datashare_relatedmodules`;
CREATE TABLE `vtiger_datashare_relatedmodules`  (
  `datashare_relatedmodule_id` int NOT NULL,
  `tabid` int NULL DEFAULT NULL,
  `relatedto_tabid` int NULL DEFAULT NULL,
  PRIMARY KEY (`datashare_relatedmodule_id`) USING BTREE,
  INDEX `datashare_relatedmodules_tabid_idx`(`tabid` ASC) USING BTREE,
  INDEX `datashare_relatedmodules_relatedto_tabid_idx`(`relatedto_tabid` ASC) USING BTREE,
  CONSTRAINT `fk_2_vtiger_datashare_relatedmodules` FOREIGN KEY (`tabid`) REFERENCES `vtiger_tab` (`tabid`) ON DELETE CASCADE ON UPDATE RESTRICT
) ENGINE = InnoDB CHARACTER SET = utf8mb3 COLLATE = utf8mb3_general_ci ROW_FORMAT = Dynamic;

-- ----------------------------
-- Records of vtiger_datashare_relatedmodules
-- ----------------------------
INSERT INTO `vtiger_datashare_relatedmodules` VALUES (1, 6, 2);
INSERT INTO `vtiger_datashare_relatedmodules` VALUES (2, 6, 13);
INSERT INTO `vtiger_datashare_relatedmodules` VALUES (3, 6, 20);
INSERT INTO `vtiger_datashare_relatedmodules` VALUES (4, 6, 22);
INSERT INTO `vtiger_datashare_relatedmodules` VALUES (5, 6, 23);
INSERT INTO `vtiger_datashare_relatedmodules` VALUES (6, 2, 20);
INSERT INTO `vtiger_datashare_relatedmodules` VALUES (7, 2, 22);
INSERT INTO `vtiger_datashare_relatedmodules` VALUES (8, 20, 22);
INSERT INTO `vtiger_datashare_relatedmodules` VALUES (9, 22, 23);

-- ----------------------------
-- Table structure for vtiger_datashare_relatedmodules_seq
-- ----------------------------
DROP TABLE IF EXISTS `vtiger_datashare_relatedmodules_seq`;
CREATE TABLE `vtiger_datashare_relatedmodules_seq`  (
  `id` int NOT NULL
) ENGINE = InnoDB CHARACTER SET = utf8mb4 COLLATE = utf8mb4_0900_ai_ci ROW_FORMAT = Dynamic;

-- ----------------------------
-- Records of vtiger_datashare_relatedmodules_seq
-- ----------------------------
INSERT INTO `vtiger_datashare_relatedmodules_seq` VALUES (9);

-- ----------------------------
-- Table structure for vtiger_datashare_role2group
-- ----------------------------
DROP TABLE IF EXISTS `vtiger_datashare_role2group`;
CREATE TABLE `vtiger_datashare_role2group`  (
  `shareid` int NOT NULL,
  `share_roleid` varchar(255) CHARACTER SET utf8mb3 COLLATE utf8mb3_general_ci NULL DEFAULT NULL,
  `to_groupid` int NULL DEFAULT NULL,
  `permission` int NULL DEFAULT NULL,
  PRIMARY KEY (`shareid`) USING BTREE,
  INDEX `idx_datashare_role2group_share_roleid`(`share_roleid` ASC) USING BTREE,
  INDEX `idx_datashare_role2group_to_groupid`(`to_groupid` ASC) USING BTREE,
  CONSTRAINT `fk_3_vtiger_datashare_role2group` FOREIGN KEY (`share_roleid`) REFERENCES `vtiger_role` (`roleid`) ON DELETE CASCADE ON UPDATE RESTRICT
) ENGINE = InnoDB CHARACTER SET = utf8mb3 COLLATE = utf8mb3_general_ci ROW_FORMAT = Dynamic;

-- ----------------------------
-- Records of vtiger_datashare_role2group
-- ----------------------------

-- ----------------------------
-- Table structure for vtiger_datashare_role2role
-- ----------------------------
DROP TABLE IF EXISTS `vtiger_datashare_role2role`;
CREATE TABLE `vtiger_datashare_role2role`  (
  `shareid` int NOT NULL,
  `share_roleid` varchar(255) CHARACTER SET utf8mb3 COLLATE utf8mb3_general_ci NULL DEFAULT NULL,
  `to_roleid` varchar(255) CHARACTER SET utf8mb3 COLLATE utf8mb3_general_ci NULL DEFAULT NULL,
  `permission` int NULL DEFAULT NULL,
  PRIMARY KEY (`shareid`) USING BTREE,
  INDEX `datashare_role2role_share_roleid_idx`(`share_roleid` ASC) USING BTREE,
  INDEX `datashare_role2role_to_roleid_idx`(`to_roleid` ASC) USING BTREE,
  CONSTRAINT `fk_3_vtiger_datashare_role2role` FOREIGN KEY (`to_roleid`) REFERENCES `vtiger_role` (`roleid`) ON DELETE CASCADE ON UPDATE RESTRICT
) ENGINE = InnoDB CHARACTER SET = utf8mb3 COLLATE = utf8mb3_general_ci ROW_FORMAT = Dynamic;

-- ----------------------------
-- Records of vtiger_datashare_role2role
-- ----------------------------

-- ----------------------------
-- Table structure for vtiger_datashare_role2rs
-- ----------------------------
DROP TABLE IF EXISTS `vtiger_datashare_role2rs`;
CREATE TABLE `vtiger_datashare_role2rs`  (
  `shareid` int NOT NULL,
  `share_roleid` varchar(255) CHARACTER SET utf8mb3 COLLATE utf8mb3_general_ci NULL DEFAULT NULL,
  `to_roleandsubid` varchar(255) CHARACTER SET utf8mb3 COLLATE utf8mb3_general_ci NULL DEFAULT NULL,
  `permission` int NULL DEFAULT NULL,
  PRIMARY KEY (`shareid`) USING BTREE,
  INDEX `datashare_role2s_share_roleid_idx`(`share_roleid` ASC) USING BTREE,
  INDEX `datashare_role2s_to_roleandsubid_idx`(`to_roleandsubid` ASC) USING BTREE,
  CONSTRAINT `fk_3_vtiger_datashare_role2rs` FOREIGN KEY (`to_roleandsubid`) REFERENCES `vtiger_role` (`roleid`) ON DELETE CASCADE ON UPDATE RESTRICT
) ENGINE = InnoDB CHARACTER SET = utf8mb3 COLLATE = utf8mb3_general_ci ROW_FORMAT = Dynamic;

-- ----------------------------
-- Records of vtiger_datashare_role2rs
-- ----------------------------

-- ----------------------------
-- Table structure for vtiger_datashare_rs2grp
-- ----------------------------
DROP TABLE IF EXISTS `vtiger_datashare_rs2grp`;
CREATE TABLE `vtiger_datashare_rs2grp`  (
  `shareid` int NOT NULL,
  `share_roleandsubid` varchar(255) CHARACTER SET utf8mb3 COLLATE utf8mb3_general_ci NULL DEFAULT NULL,
  `to_groupid` int NULL DEFAULT NULL,
  `permission` int NULL DEFAULT NULL,
  PRIMARY KEY (`shareid`) USING BTREE,
  INDEX `datashare_rs2grp_share_roleandsubid_idx`(`share_roleandsubid` ASC) USING BTREE,
  INDEX `datashare_rs2grp_to_groupid_idx`(`to_groupid` ASC) USING BTREE,
  CONSTRAINT `fk_3_vtiger_datashare_rs2grp` FOREIGN KEY (`share_roleandsubid`) REFERENCES `vtiger_role` (`roleid`) ON DELETE CASCADE ON UPDATE RESTRICT
) ENGINE = InnoDB CHARACTER SET = utf8mb3 COLLATE = utf8mb3_general_ci ROW_FORMAT = Dynamic;

-- ----------------------------
-- Records of vtiger_datashare_rs2grp
-- ----------------------------

-- ----------------------------
-- Table structure for vtiger_datashare_rs2role
-- ----------------------------
DROP TABLE IF EXISTS `vtiger_datashare_rs2role`;
CREATE TABLE `vtiger_datashare_rs2role`  (
  `shareid` int NOT NULL,
  `share_roleandsubid` varchar(255) CHARACTER SET utf8mb3 COLLATE utf8mb3_general_ci NULL DEFAULT NULL,
  `to_roleid` varchar(255) CHARACTER SET utf8mb3 COLLATE utf8mb3_general_ci NULL DEFAULT NULL,
  `permission` int NULL DEFAULT NULL,
  PRIMARY KEY (`shareid`) USING BTREE,
  INDEX `datashare_rs2role_share_roleandsubid_idx`(`share_roleandsubid` ASC) USING BTREE,
  INDEX `datashare_rs2role_to_roleid_idx`(`to_roleid` ASC) USING BTREE,
  CONSTRAINT `fk_3_vtiger_datashare_rs2role` FOREIGN KEY (`to_roleid`) REFERENCES `vtiger_role` (`roleid`) ON DELETE CASCADE ON UPDATE RESTRICT
) ENGINE = InnoDB CHARACTER SET = utf8mb3 COLLATE = utf8mb3_general_ci ROW_FORMAT = Dynamic;

-- ----------------------------
-- Records of vtiger_datashare_rs2role
-- ----------------------------

-- ----------------------------
-- Table structure for vtiger_datashare_rs2rs
-- ----------------------------
DROP TABLE IF EXISTS `vtiger_datashare_rs2rs`;
CREATE TABLE `vtiger_datashare_rs2rs`  (
  `shareid` int NOT NULL,
  `share_roleandsubid` varchar(255) CHARACTER SET utf8mb3 COLLATE utf8mb3_general_ci NULL DEFAULT NULL,
  `to_roleandsubid` varchar(255) CHARACTER SET utf8mb3 COLLATE utf8mb3_general_ci NULL DEFAULT NULL,
  `permission` int NULL DEFAULT NULL,
  PRIMARY KEY (`shareid`) USING BTREE,
  INDEX `datashare_rs2rs_share_roleandsubid_idx`(`share_roleandsubid` ASC) USING BTREE,
  INDEX `idx_datashare_rs2rs_to_roleandsubid_idx`(`to_roleandsubid` ASC) USING BTREE,
  CONSTRAINT `fk_3_vtiger_datashare_rs2rs` FOREIGN KEY (`to_roleandsubid`) REFERENCES `vtiger_role` (`roleid`) ON DELETE CASCADE ON UPDATE RESTRICT
) ENGINE = InnoDB CHARACTER SET = utf8mb3 COLLATE = utf8mb3_general_ci ROW_FORMAT = Dynamic;

-- ----------------------------
-- Records of vtiger_datashare_rs2rs
-- ----------------------------

-- ----------------------------
-- Table structure for vtiger_date_format
-- ----------------------------
DROP TABLE IF EXISTS `vtiger_date_format`;
CREATE TABLE `vtiger_date_format`  (
  `date_formatid` int NOT NULL AUTO_INCREMENT,
  `date_format` varchar(200) CHARACTER SET utf8mb3 COLLATE utf8mb3_general_ci NOT NULL,
  `sortorderid` int NOT NULL DEFAULT 0,
  `presence` int NOT NULL DEFAULT 1,
  PRIMARY KEY (`date_formatid`) USING BTREE
) ENGINE = InnoDB AUTO_INCREMENT = 6 CHARACTER SET = utf8mb3 COLLATE = utf8mb3_general_ci ROW_FORMAT = Dynamic;

-- ----------------------------
-- Records of vtiger_date_format
-- ----------------------------
INSERT INTO `vtiger_date_format` VALUES (1, 'dd-mm-yyyy', 0, 1);
INSERT INTO `vtiger_date_format` VALUES (2, 'mm-dd-yyyy', 1, 1);
INSERT INTO `vtiger_date_format` VALUES (3, 'yyyy-mm-dd', 2, 1);
INSERT INTO `vtiger_date_format` VALUES (4, 'dd.mm.yyyy', 3, 1);
INSERT INTO `vtiger_date_format` VALUES (5, 'dd/mm/yyyy', 4, 1);

-- ----------------------------
-- Table structure for vtiger_date_format_seq
-- ----------------------------
DROP TABLE IF EXISTS `vtiger_date_format_seq`;
CREATE TABLE `vtiger_date_format_seq`  (
  `id` int NOT NULL
) ENGINE = InnoDB CHARACTER SET = utf8mb4 COLLATE = utf8mb4_0900_ai_ci ROW_FORMAT = Dynamic;

-- ----------------------------
-- Records of vtiger_date_format_seq
-- ----------------------------
INSERT INTO `vtiger_date_format_seq` VALUES (3);

-- ----------------------------
-- Table structure for vtiger_dayoftheweek
-- ----------------------------
DROP TABLE IF EXISTS `vtiger_dayoftheweek`;
CREATE TABLE `vtiger_dayoftheweek`  (
  `dayoftheweekid` int NOT NULL AUTO_INCREMENT,
  `dayoftheweek` varchar(200) CHARACTER SET utf8mb3 COLLATE utf8mb3_general_ci NOT NULL,
  `sortorderid` int NULL DEFAULT NULL,
  `presence` int NOT NULL DEFAULT 1,
  PRIMARY KEY (`dayoftheweekid`) USING BTREE
) ENGINE = InnoDB AUTO_INCREMENT = 8 CHARACTER SET = utf8mb3 COLLATE = utf8mb3_general_ci ROW_FORMAT = Dynamic;

-- ----------------------------
-- Records of vtiger_dayoftheweek
-- ----------------------------
INSERT INTO `vtiger_dayoftheweek` VALUES (1, 'Sunday', 0, 1);
INSERT INTO `vtiger_dayoftheweek` VALUES (2, 'Monday', 1, 1);
INSERT INTO `vtiger_dayoftheweek` VALUES (3, 'Tuesday', 2, 1);
INSERT INTO `vtiger_dayoftheweek` VALUES (4, 'Wednesday', 3, 1);
INSERT INTO `vtiger_dayoftheweek` VALUES (5, 'Thursday', 4, 1);
INSERT INTO `vtiger_dayoftheweek` VALUES (6, 'Friday', 5, 1);
INSERT INTO `vtiger_dayoftheweek` VALUES (7, 'Saturday', 6, 1);

-- ----------------------------
-- Table structure for vtiger_dayoftheweek_seq
-- ----------------------------
DROP TABLE IF EXISTS `vtiger_dayoftheweek_seq`;
CREATE TABLE `vtiger_dayoftheweek_seq`  (
  `id` int NOT NULL
) ENGINE = InnoDB CHARACTER SET = utf8mb4 COLLATE = utf8mb4_0900_ai_ci ROW_FORMAT = Dynamic;

-- ----------------------------
-- Records of vtiger_dayoftheweek_seq
-- ----------------------------
INSERT INTO `vtiger_dayoftheweek_seq` VALUES (7);

-- ----------------------------
-- Table structure for vtiger_def_org_field
-- ----------------------------
DROP TABLE IF EXISTS `vtiger_def_org_field`;
CREATE TABLE `vtiger_def_org_field`  (
  `tabid` int NULL DEFAULT NULL,
  `fieldid` int NOT NULL,
  `visible` int NULL DEFAULT NULL,
  `readonly` int NULL DEFAULT NULL,
  PRIMARY KEY (`fieldid`) USING BTREE,
  INDEX `def_org_field_tabid_fieldid_idx`(`tabid` ASC, `fieldid` ASC) USING BTREE,
  INDEX `def_org_field_tabid_idx`(`tabid` ASC) USING BTREE,
  INDEX `def_org_field_visible_fieldid_idx`(`visible` ASC, `fieldid` ASC) USING BTREE
) ENGINE = InnoDB CHARACTER SET = utf8mb3 COLLATE = utf8mb3_general_ci ROW_FORMAT = Dynamic;

-- ----------------------------
-- Records of vtiger_def_org_field
-- ----------------------------
INSERT INTO `vtiger_def_org_field` VALUES (6, 1, 0, 0);
INSERT INTO `vtiger_def_org_field` VALUES (6, 2, 0, 0);
INSERT INTO `vtiger_def_org_field` VALUES (6, 3, 0, 0);
INSERT INTO `vtiger_def_org_field` VALUES (6, 4, 0, 0);
INSERT INTO `vtiger_def_org_field` VALUES (6, 5, 0, 0);
INSERT INTO `vtiger_def_org_field` VALUES (6, 6, 0, 0);
INSERT INTO `vtiger_def_org_field` VALUES (6, 7, 0, 0);
INSERT INTO `vtiger_def_org_field` VALUES (6, 8, 0, 0);
INSERT INTO `vtiger_def_org_field` VALUES (6, 9, 0, 0);
INSERT INTO `vtiger_def_org_field` VALUES (6, 10, 0, 0);
INSERT INTO `vtiger_def_org_field` VALUES (6, 11, 0, 0);
INSERT INTO `vtiger_def_org_field` VALUES (6, 12, 0, 0);
INSERT INTO `vtiger_def_org_field` VALUES (6, 13, 0, 0);
INSERT INTO `vtiger_def_org_field` VALUES (6, 14, 0, 0);
INSERT INTO `vtiger_def_org_field` VALUES (6, 15, 0, 0);
INSERT INTO `vtiger_def_org_field` VALUES (6, 16, 0, 0);
INSERT INTO `vtiger_def_org_field` VALUES (6, 17, 0, 0);
INSERT INTO `vtiger_def_org_field` VALUES (6, 18, 0, 0);
INSERT INTO `vtiger_def_org_field` VALUES (6, 19, 0, 0);
INSERT INTO `vtiger_def_org_field` VALUES (6, 20, 0, 0);
INSERT INTO `vtiger_def_org_field` VALUES (6, 21, 0, 0);
INSERT INTO `vtiger_def_org_field` VALUES (6, 22, 0, 0);
INSERT INTO `vtiger_def_org_field` VALUES (6, 23, 0, 0);
INSERT INTO `vtiger_def_org_field` VALUES (6, 24, 0, 0);
INSERT INTO `vtiger_def_org_field` VALUES (6, 25, 0, 0);
INSERT INTO `vtiger_def_org_field` VALUES (6, 26, 0, 0);
INSERT INTO `vtiger_def_org_field` VALUES (6, 27, 0, 0);
INSERT INTO `vtiger_def_org_field` VALUES (6, 28, 0, 0);
INSERT INTO `vtiger_def_org_field` VALUES (6, 29, 0, 0);
INSERT INTO `vtiger_def_org_field` VALUES (6, 30, 0, 0);
INSERT INTO `vtiger_def_org_field` VALUES (6, 31, 0, 0);
INSERT INTO `vtiger_def_org_field` VALUES (6, 32, 0, 0);
INSERT INTO `vtiger_def_org_field` VALUES (6, 33, 0, 0);
INSERT INTO `vtiger_def_org_field` VALUES (6, 34, 0, 0);
INSERT INTO `vtiger_def_org_field` VALUES (6, 35, 0, 0);
INSERT INTO `vtiger_def_org_field` VALUES (6, 36, 0, 0);
INSERT INTO `vtiger_def_org_field` VALUES (7, 37, 0, 0);
INSERT INTO `vtiger_def_org_field` VALUES (7, 38, 0, 0);
INSERT INTO `vtiger_def_org_field` VALUES (7, 39, 0, 0);
INSERT INTO `vtiger_def_org_field` VALUES (7, 40, 0, 0);
INSERT INTO `vtiger_def_org_field` VALUES (7, 41, 0, 0);
INSERT INTO `vtiger_def_org_field` VALUES (7, 42, 0, 0);
INSERT INTO `vtiger_def_org_field` VALUES (7, 43, 0, 0);
INSERT INTO `vtiger_def_org_field` VALUES (7, 44, 0, 0);
INSERT INTO `vtiger_def_org_field` VALUES (7, 45, 0, 0);
INSERT INTO `vtiger_def_org_field` VALUES (7, 46, 0, 0);
INSERT INTO `vtiger_def_org_field` VALUES (7, 47, 0, 0);
INSERT INTO `vtiger_def_org_field` VALUES (7, 48, 0, 0);
INSERT INTO `vtiger_def_org_field` VALUES (7, 49, 0, 0);
INSERT INTO `vtiger_def_org_field` VALUES (7, 50, 0, 0);
INSERT INTO `vtiger_def_org_field` VALUES (7, 51, 0, 0);
INSERT INTO `vtiger_def_org_field` VALUES (7, 52, 0, 0);
INSERT INTO `vtiger_def_org_field` VALUES (7, 53, 0, 0);
INSERT INTO `vtiger_def_org_field` VALUES (7, 54, 0, 0);
INSERT INTO `vtiger_def_org_field` VALUES (7, 55, 0, 0);
INSERT INTO `vtiger_def_org_field` VALUES (7, 56, 0, 0);
INSERT INTO `vtiger_def_org_field` VALUES (7, 57, 0, 0);
INSERT INTO `vtiger_def_org_field` VALUES (7, 58, 0, 0);
INSERT INTO `vtiger_def_org_field` VALUES (7, 59, 0, 0);
INSERT INTO `vtiger_def_org_field` VALUES (7, 60, 0, 0);
INSERT INTO `vtiger_def_org_field` VALUES (7, 61, 0, 0);
INSERT INTO `vtiger_def_org_field` VALUES (7, 62, 0, 0);
INSERT INTO `vtiger_def_org_field` VALUES (7, 63, 0, 0);
INSERT INTO `vtiger_def_org_field` VALUES (7, 64, 0, 0);
INSERT INTO `vtiger_def_org_field` VALUES (7, 65, 0, 0);
INSERT INTO `vtiger_def_org_field` VALUES (4, 66, 0, 0);
INSERT INTO `vtiger_def_org_field` VALUES (4, 67, 0, 0);
INSERT INTO `vtiger_def_org_field` VALUES (4, 68, 0, 0);
INSERT INTO `vtiger_def_org_field` VALUES (4, 69, 0, 0);
INSERT INTO `vtiger_def_org_field` VALUES (4, 70, 0, 0);
INSERT INTO `vtiger_def_org_field` VALUES (4, 71, 0, 0);
INSERT INTO `vtiger_def_org_field` VALUES (4, 72, 0, 0);
INSERT INTO `vtiger_def_org_field` VALUES (4, 73, 0, 0);
INSERT INTO `vtiger_def_org_field` VALUES (4, 74, 0, 0);
INSERT INTO `vtiger_def_org_field` VALUES (4, 75, 0, 0);
INSERT INTO `vtiger_def_org_field` VALUES (4, 76, 0, 0);
INSERT INTO `vtiger_def_org_field` VALUES (4, 77, 0, 0);
INSERT INTO `vtiger_def_org_field` VALUES (4, 78, 0, 0);
INSERT INTO `vtiger_def_org_field` VALUES (4, 79, 0, 0);
INSERT INTO `vtiger_def_org_field` VALUES (4, 80, 0, 0);
INSERT INTO `vtiger_def_org_field` VALUES (4, 81, 0, 0);
INSERT INTO `vtiger_def_org_field` VALUES (4, 82, 0, 0);
INSERT INTO `vtiger_def_org_field` VALUES (4, 83, 0, 0);
INSERT INTO `vtiger_def_org_field` VALUES (4, 84, 0, 0);
INSERT INTO `vtiger_def_org_field` VALUES (4, 85, 0, 0);
INSERT INTO `vtiger_def_org_field` VALUES (4, 86, 0, 0);
INSERT INTO `vtiger_def_org_field` VALUES (4, 87, 0, 0);
INSERT INTO `vtiger_def_org_field` VALUES (4, 88, 0, 0);
INSERT INTO `vtiger_def_org_field` VALUES (4, 89, 0, 0);
INSERT INTO `vtiger_def_org_field` VALUES (4, 90, 0, 0);
INSERT INTO `vtiger_def_org_field` VALUES (4, 91, 0, 0);
INSERT INTO `vtiger_def_org_field` VALUES (4, 92, 0, 0);
INSERT INTO `vtiger_def_org_field` VALUES (4, 93, 0, 0);
INSERT INTO `vtiger_def_org_field` VALUES (4, 94, 0, 0);
INSERT INTO `vtiger_def_org_field` VALUES (4, 95, 0, 0);
INSERT INTO `vtiger_def_org_field` VALUES (4, 96, 0, 0);
INSERT INTO `vtiger_def_org_field` VALUES (4, 97, 0, 0);
INSERT INTO `vtiger_def_org_field` VALUES (4, 98, 0, 0);
INSERT INTO `vtiger_def_org_field` VALUES (4, 99, 0, 0);
INSERT INTO `vtiger_def_org_field` VALUES (4, 100, 0, 0);
INSERT INTO `vtiger_def_org_field` VALUES (4, 101, 0, 0);
INSERT INTO `vtiger_def_org_field` VALUES (4, 102, 0, 0);
INSERT INTO `vtiger_def_org_field` VALUES (4, 103, 0, 0);
INSERT INTO `vtiger_def_org_field` VALUES (4, 104, 0, 0);
INSERT INTO `vtiger_def_org_field` VALUES (4, 105, 0, 0);
INSERT INTO `vtiger_def_org_field` VALUES (4, 106, 0, 0);
INSERT INTO `vtiger_def_org_field` VALUES (4, 107, 0, 0);
INSERT INTO `vtiger_def_org_field` VALUES (4, 108, 0, 0);
INSERT INTO `vtiger_def_org_field` VALUES (4, 109, 0, 0);
INSERT INTO `vtiger_def_org_field` VALUES (2, 110, 0, 0);
INSERT INTO `vtiger_def_org_field` VALUES (2, 111, 0, 0);
INSERT INTO `vtiger_def_org_field` VALUES (2, 112, 0, 0);
INSERT INTO `vtiger_def_org_field` VALUES (2, 113, 0, 0);
INSERT INTO `vtiger_def_org_field` VALUES (2, 114, 0, 0);
INSERT INTO `vtiger_def_org_field` VALUES (2, 115, 0, 0);
INSERT INTO `vtiger_def_org_field` VALUES (2, 116, 0, 0);
INSERT INTO `vtiger_def_org_field` VALUES (2, 117, 0, 0);
INSERT INTO `vtiger_def_org_field` VALUES (2, 118, 0, 0);
INSERT INTO `vtiger_def_org_field` VALUES (2, 119, 0, 0);
INSERT INTO `vtiger_def_org_field` VALUES (2, 120, 0, 0);
INSERT INTO `vtiger_def_org_field` VALUES (2, 121, 0, 0);
INSERT INTO `vtiger_def_org_field` VALUES (2, 122, 0, 0);
INSERT INTO `vtiger_def_org_field` VALUES (2, 123, 0, 0);
INSERT INTO `vtiger_def_org_field` VALUES (2, 124, 0, 0);
INSERT INTO `vtiger_def_org_field` VALUES (2, 125, 0, 0);
INSERT INTO `vtiger_def_org_field` VALUES (26, 126, 0, 0);
INSERT INTO `vtiger_def_org_field` VALUES (26, 127, 0, 0);
INSERT INTO `vtiger_def_org_field` VALUES (26, 128, 0, 0);
INSERT INTO `vtiger_def_org_field` VALUES (26, 129, 0, 0);
INSERT INTO `vtiger_def_org_field` VALUES (26, 130, 0, 0);
INSERT INTO `vtiger_def_org_field` VALUES (26, 131, 0, 0);
INSERT INTO `vtiger_def_org_field` VALUES (26, 132, 0, 0);
INSERT INTO `vtiger_def_org_field` VALUES (26, 133, 0, 0);
INSERT INTO `vtiger_def_org_field` VALUES (26, 134, 0, 0);
INSERT INTO `vtiger_def_org_field` VALUES (26, 135, 0, 0);
INSERT INTO `vtiger_def_org_field` VALUES (26, 136, 0, 0);
INSERT INTO `vtiger_def_org_field` VALUES (26, 137, 0, 0);
INSERT INTO `vtiger_def_org_field` VALUES (26, 138, 0, 0);
INSERT INTO `vtiger_def_org_field` VALUES (26, 139, 0, 0);
INSERT INTO `vtiger_def_org_field` VALUES (26, 140, 0, 0);
INSERT INTO `vtiger_def_org_field` VALUES (26, 141, 0, 0);
INSERT INTO `vtiger_def_org_field` VALUES (26, 142, 0, 0);
INSERT INTO `vtiger_def_org_field` VALUES (26, 143, 0, 0);
INSERT INTO `vtiger_def_org_field` VALUES (26, 144, 0, 0);
INSERT INTO `vtiger_def_org_field` VALUES (26, 145, 0, 0);
INSERT INTO `vtiger_def_org_field` VALUES (26, 146, 0, 0);
INSERT INTO `vtiger_def_org_field` VALUES (26, 147, 0, 0);
INSERT INTO `vtiger_def_org_field` VALUES (26, 148, 0, 0);
INSERT INTO `vtiger_def_org_field` VALUES (26, 149, 0, 0);
INSERT INTO `vtiger_def_org_field` VALUES (26, 150, 0, 0);
INSERT INTO `vtiger_def_org_field` VALUES (4, 151, 0, 0);
INSERT INTO `vtiger_def_org_field` VALUES (6, 152, 0, 0);
INSERT INTO `vtiger_def_org_field` VALUES (7, 153, 0, 0);
INSERT INTO `vtiger_def_org_field` VALUES (26, 154, 0, 0);
INSERT INTO `vtiger_def_org_field` VALUES (13, 155, 0, 0);
INSERT INTO `vtiger_def_org_field` VALUES (13, 156, 0, 0);
INSERT INTO `vtiger_def_org_field` VALUES (13, 157, 0, 0);
INSERT INTO `vtiger_def_org_field` VALUES (13, 158, 0, 0);
INSERT INTO `vtiger_def_org_field` VALUES (13, 159, 0, 0);
INSERT INTO `vtiger_def_org_field` VALUES (13, 160, 0, 0);
INSERT INTO `vtiger_def_org_field` VALUES (13, 161, 0, 0);
INSERT INTO `vtiger_def_org_field` VALUES (13, 162, 0, 0);
INSERT INTO `vtiger_def_org_field` VALUES (13, 163, 0, 0);
INSERT INTO `vtiger_def_org_field` VALUES (13, 164, 0, 0);
INSERT INTO `vtiger_def_org_field` VALUES (13, 165, 0, 0);
INSERT INTO `vtiger_def_org_field` VALUES (13, 166, 0, 0);
INSERT INTO `vtiger_def_org_field` VALUES (13, 167, 0, 0);
INSERT INTO `vtiger_def_org_field` VALUES (13, 168, 0, 0);
INSERT INTO `vtiger_def_org_field` VALUES (13, 169, 0, 0);
INSERT INTO `vtiger_def_org_field` VALUES (13, 170, 0, 0);
INSERT INTO `vtiger_def_org_field` VALUES (13, 171, 0, 0);
INSERT INTO `vtiger_def_org_field` VALUES (13, 172, 0, 0);
INSERT INTO `vtiger_def_org_field` VALUES (13, 173, 0, 0);
INSERT INTO `vtiger_def_org_field` VALUES (14, 174, 0, 0);
INSERT INTO `vtiger_def_org_field` VALUES (14, 175, 0, 0);
INSERT INTO `vtiger_def_org_field` VALUES (14, 176, 0, 0);
INSERT INTO `vtiger_def_org_field` VALUES (14, 177, 0, 0);
INSERT INTO `vtiger_def_org_field` VALUES (14, 178, 0, 0);
INSERT INTO `vtiger_def_org_field` VALUES (14, 179, 0, 0);
INSERT INTO `vtiger_def_org_field` VALUES (14, 180, 0, 0);
INSERT INTO `vtiger_def_org_field` VALUES (14, 181, 0, 0);
INSERT INTO `vtiger_def_org_field` VALUES (14, 182, 0, 0);
INSERT INTO `vtiger_def_org_field` VALUES (14, 183, 0, 0);
INSERT INTO `vtiger_def_org_field` VALUES (14, 184, 0, 0);
INSERT INTO `vtiger_def_org_field` VALUES (14, 185, 0, 0);
INSERT INTO `vtiger_def_org_field` VALUES (14, 186, 0, 0);
INSERT INTO `vtiger_def_org_field` VALUES (14, 187, 0, 0);
INSERT INTO `vtiger_def_org_field` VALUES (14, 188, 0, 0);
INSERT INTO `vtiger_def_org_field` VALUES (14, 189, 0, 0);
INSERT INTO `vtiger_def_org_field` VALUES (14, 190, 0, 0);
INSERT INTO `vtiger_def_org_field` VALUES (14, 191, 0, 0);
INSERT INTO `vtiger_def_org_field` VALUES (14, 192, 0, 0);
INSERT INTO `vtiger_def_org_field` VALUES (14, 193, 0, 0);
INSERT INTO `vtiger_def_org_field` VALUES (14, 194, 0, 0);
INSERT INTO `vtiger_def_org_field` VALUES (14, 195, 0, 0);
INSERT INTO `vtiger_def_org_field` VALUES (14, 196, 0, 0);
INSERT INTO `vtiger_def_org_field` VALUES (14, 197, 0, 0);
INSERT INTO `vtiger_def_org_field` VALUES (14, 198, 0, 0);
INSERT INTO `vtiger_def_org_field` VALUES (14, 199, 0, 0);
INSERT INTO `vtiger_def_org_field` VALUES (14, 200, 0, 0);
INSERT INTO `vtiger_def_org_field` VALUES (14, 201, 0, 0);
INSERT INTO `vtiger_def_org_field` VALUES (14, 202, 0, 0);
INSERT INTO `vtiger_def_org_field` VALUES (14, 203, 0, 0);
INSERT INTO `vtiger_def_org_field` VALUES (14, 204, 0, 0);
INSERT INTO `vtiger_def_org_field` VALUES (8, 205, 0, 0);
INSERT INTO `vtiger_def_org_field` VALUES (8, 206, 0, 0);
INSERT INTO `vtiger_def_org_field` VALUES (8, 207, 0, 0);
INSERT INTO `vtiger_def_org_field` VALUES (8, 208, 0, 0);
INSERT INTO `vtiger_def_org_field` VALUES (8, 209, 0, 0);
INSERT INTO `vtiger_def_org_field` VALUES (8, 210, 0, 0);
INSERT INTO `vtiger_def_org_field` VALUES (8, 211, 0, 0);
INSERT INTO `vtiger_def_org_field` VALUES (8, 212, 0, 0);
INSERT INTO `vtiger_def_org_field` VALUES (8, 213, 0, 0);
INSERT INTO `vtiger_def_org_field` VALUES (8, 214, 0, 0);
INSERT INTO `vtiger_def_org_field` VALUES (8, 215, 0, 0);
INSERT INTO `vtiger_def_org_field` VALUES (8, 216, 0, 0);
INSERT INTO `vtiger_def_org_field` VALUES (8, 217, 0, 0);
INSERT INTO `vtiger_def_org_field` VALUES (8, 218, 0, 0);
INSERT INTO `vtiger_def_org_field` VALUES (8, 219, 0, 0);
INSERT INTO `vtiger_def_org_field` VALUES (10, 220, 0, 0);
INSERT INTO `vtiger_def_org_field` VALUES (10, 221, 0, 0);
INSERT INTO `vtiger_def_org_field` VALUES (10, 222, 0, 0);
INSERT INTO `vtiger_def_org_field` VALUES (10, 223, 0, 0);
INSERT INTO `vtiger_def_org_field` VALUES (10, 224, 0, 0);
INSERT INTO `vtiger_def_org_field` VALUES (10, 225, 0, 0);
INSERT INTO `vtiger_def_org_field` VALUES (10, 226, 0, 0);
INSERT INTO `vtiger_def_org_field` VALUES (10, 227, 0, 0);
INSERT INTO `vtiger_def_org_field` VALUES (10, 228, 0, 0);
INSERT INTO `vtiger_def_org_field` VALUES (10, 229, 0, 0);
INSERT INTO `vtiger_def_org_field` VALUES (10, 230, 0, 0);
INSERT INTO `vtiger_def_org_field` VALUES (10, 231, 0, 0);
INSERT INTO `vtiger_def_org_field` VALUES (9, 232, 0, 0);
INSERT INTO `vtiger_def_org_field` VALUES (9, 233, 0, 0);
INSERT INTO `vtiger_def_org_field` VALUES (9, 234, 0, 0);
INSERT INTO `vtiger_def_org_field` VALUES (9, 235, 0, 0);
INSERT INTO `vtiger_def_org_field` VALUES (9, 236, 0, 0);
INSERT INTO `vtiger_def_org_field` VALUES (9, 237, 0, 0);
INSERT INTO `vtiger_def_org_field` VALUES (9, 238, 0, 0);
INSERT INTO `vtiger_def_org_field` VALUES (9, 239, 0, 0);
INSERT INTO `vtiger_def_org_field` VALUES (9, 240, 0, 0);
INSERT INTO `vtiger_def_org_field` VALUES (9, 241, 0, 0);
INSERT INTO `vtiger_def_org_field` VALUES (9, 242, 0, 0);
INSERT INTO `vtiger_def_org_field` VALUES (9, 243, 0, 0);
INSERT INTO `vtiger_def_org_field` VALUES (9, 244, 0, 0);
INSERT INTO `vtiger_def_org_field` VALUES (9, 245, 0, 0);
INSERT INTO `vtiger_def_org_field` VALUES (9, 246, 0, 0);
INSERT INTO `vtiger_def_org_field` VALUES (9, 247, 0, 0);
INSERT INTO `vtiger_def_org_field` VALUES (9, 248, 0, 0);
INSERT INTO `vtiger_def_org_field` VALUES (9, 249, 0, 0);
INSERT INTO `vtiger_def_org_field` VALUES (9, 250, 0, 0);
INSERT INTO `vtiger_def_org_field` VALUES (9, 251, 0, 0);
INSERT INTO `vtiger_def_org_field` VALUES (9, 252, 0, 0);
INSERT INTO `vtiger_def_org_field` VALUES (9, 253, 0, 0);
INSERT INTO `vtiger_def_org_field` VALUES (9, 254, 0, 0);
INSERT INTO `vtiger_def_org_field` VALUES (9, 255, 0, 0);
INSERT INTO `vtiger_def_org_field` VALUES (16, 256, 0, 0);
INSERT INTO `vtiger_def_org_field` VALUES (16, 257, 0, 0);
INSERT INTO `vtiger_def_org_field` VALUES (16, 258, 0, 0);
INSERT INTO `vtiger_def_org_field` VALUES (16, 259, 0, 0);
INSERT INTO `vtiger_def_org_field` VALUES (16, 260, 0, 0);
INSERT INTO `vtiger_def_org_field` VALUES (16, 261, 0, 0);
INSERT INTO `vtiger_def_org_field` VALUES (16, 262, 0, 0);
INSERT INTO `vtiger_def_org_field` VALUES (16, 263, 0, 0);
INSERT INTO `vtiger_def_org_field` VALUES (16, 264, 0, 0);
INSERT INTO `vtiger_def_org_field` VALUES (16, 265, 0, 0);
INSERT INTO `vtiger_def_org_field` VALUES (16, 266, 0, 0);
INSERT INTO `vtiger_def_org_field` VALUES (16, 267, 0, 0);
INSERT INTO `vtiger_def_org_field` VALUES (16, 268, 0, 0);
INSERT INTO `vtiger_def_org_field` VALUES (16, 269, 0, 0);
INSERT INTO `vtiger_def_org_field` VALUES (16, 270, 0, 0);
INSERT INTO `vtiger_def_org_field` VALUES (16, 271, 0, 0);
INSERT INTO `vtiger_def_org_field` VALUES (16, 272, 0, 0);
INSERT INTO `vtiger_def_org_field` VALUES (16, 273, 0, 0);
INSERT INTO `vtiger_def_org_field` VALUES (16, 274, 0, 0);
INSERT INTO `vtiger_def_org_field` VALUES (16, 275, 0, 0);
INSERT INTO `vtiger_def_org_field` VALUES (16, 276, 0, 0);
INSERT INTO `vtiger_def_org_field` VALUES (16, 277, 0, 0);
INSERT INTO `vtiger_def_org_field` VALUES (16, 278, 0, 0);
INSERT INTO `vtiger_def_org_field` VALUES (15, 279, 0, 0);
INSERT INTO `vtiger_def_org_field` VALUES (15, 280, 0, 0);
INSERT INTO `vtiger_def_org_field` VALUES (15, 281, 0, 0);
INSERT INTO `vtiger_def_org_field` VALUES (15, 282, 0, 0);
INSERT INTO `vtiger_def_org_field` VALUES (15, 283, 0, 0);
INSERT INTO `vtiger_def_org_field` VALUES (15, 284, 0, 0);
INSERT INTO `vtiger_def_org_field` VALUES (15, 285, 0, 0);
INSERT INTO `vtiger_def_org_field` VALUES (15, 286, 0, 0);
INSERT INTO `vtiger_def_org_field` VALUES (15, 287, 0, 0);
INSERT INTO `vtiger_def_org_field` VALUES (15, 288, 0, 0);
INSERT INTO `vtiger_def_org_field` VALUES (18, 289, 0, 0);
INSERT INTO `vtiger_def_org_field` VALUES (18, 290, 0, 0);
INSERT INTO `vtiger_def_org_field` VALUES (18, 291, 0, 0);
INSERT INTO `vtiger_def_org_field` VALUES (18, 292, 0, 0);
INSERT INTO `vtiger_def_org_field` VALUES (18, 293, 0, 0);
INSERT INTO `vtiger_def_org_field` VALUES (18, 294, 0, 0);
INSERT INTO `vtiger_def_org_field` VALUES (18, 295, 0, 0);
INSERT INTO `vtiger_def_org_field` VALUES (18, 296, 0, 0);
INSERT INTO `vtiger_def_org_field` VALUES (18, 297, 0, 0);
INSERT INTO `vtiger_def_org_field` VALUES (18, 298, 0, 0);
INSERT INTO `vtiger_def_org_field` VALUES (18, 299, 0, 0);
INSERT INTO `vtiger_def_org_field` VALUES (18, 300, 0, 0);
INSERT INTO `vtiger_def_org_field` VALUES (18, 301, 0, 0);
INSERT INTO `vtiger_def_org_field` VALUES (18, 302, 0, 0);
INSERT INTO `vtiger_def_org_field` VALUES (18, 303, 0, 0);
INSERT INTO `vtiger_def_org_field` VALUES (18, 304, 0, 0);
INSERT INTO `vtiger_def_org_field` VALUES (18, 305, 0, 0);
INSERT INTO `vtiger_def_org_field` VALUES (19, 306, 0, 0);
INSERT INTO `vtiger_def_org_field` VALUES (19, 307, 0, 0);
INSERT INTO `vtiger_def_org_field` VALUES (19, 308, 0, 0);
INSERT INTO `vtiger_def_org_field` VALUES (19, 309, 0, 0);
INSERT INTO `vtiger_def_org_field` VALUES (19, 310, 0, 0);
INSERT INTO `vtiger_def_org_field` VALUES (19, 311, 0, 0);
INSERT INTO `vtiger_def_org_field` VALUES (19, 312, 0, 0);
INSERT INTO `vtiger_def_org_field` VALUES (19, 313, 0, 0);
INSERT INTO `vtiger_def_org_field` VALUES (20, 314, 0, 0);
INSERT INTO `vtiger_def_org_field` VALUES (20, 315, 0, 0);
INSERT INTO `vtiger_def_org_field` VALUES (20, 316, 0, 0);
INSERT INTO `vtiger_def_org_field` VALUES (20, 317, 0, 0);
INSERT INTO `vtiger_def_org_field` VALUES (20, 318, 0, 0);
INSERT INTO `vtiger_def_org_field` VALUES (20, 319, 0, 0);
INSERT INTO `vtiger_def_org_field` VALUES (20, 320, 0, 0);
INSERT INTO `vtiger_def_org_field` VALUES (20, 321, 0, 0);
INSERT INTO `vtiger_def_org_field` VALUES (20, 322, 0, 0);
INSERT INTO `vtiger_def_org_field` VALUES (20, 323, 0, 0);
INSERT INTO `vtiger_def_org_field` VALUES (20, 324, 0, 0);
INSERT INTO `vtiger_def_org_field` VALUES (20, 325, 0, 0);
INSERT INTO `vtiger_def_org_field` VALUES (20, 326, 0, 0);
INSERT INTO `vtiger_def_org_field` VALUES (20, 327, 0, 0);
INSERT INTO `vtiger_def_org_field` VALUES (20, 328, 0, 0);
INSERT INTO `vtiger_def_org_field` VALUES (20, 329, 0, 0);
INSERT INTO `vtiger_def_org_field` VALUES (20, 330, 0, 0);
INSERT INTO `vtiger_def_org_field` VALUES (20, 331, 0, 0);
INSERT INTO `vtiger_def_org_field` VALUES (20, 332, 0, 0);
INSERT INTO `vtiger_def_org_field` VALUES (20, 333, 0, 0);
INSERT INTO `vtiger_def_org_field` VALUES (20, 334, 0, 0);
INSERT INTO `vtiger_def_org_field` VALUES (20, 335, 0, 0);
INSERT INTO `vtiger_def_org_field` VALUES (20, 336, 0, 0);
INSERT INTO `vtiger_def_org_field` VALUES (20, 337, 0, 0);
INSERT INTO `vtiger_def_org_field` VALUES (20, 338, 0, 0);
INSERT INTO `vtiger_def_org_field` VALUES (20, 339, 0, 0);
INSERT INTO `vtiger_def_org_field` VALUES (20, 340, 0, 0);
INSERT INTO `vtiger_def_org_field` VALUES (20, 341, 0, 0);
INSERT INTO `vtiger_def_org_field` VALUES (20, 342, 0, 0);
INSERT INTO `vtiger_def_org_field` VALUES (20, 343, 0, 0);
INSERT INTO `vtiger_def_org_field` VALUES (20, 344, 0, 0);
INSERT INTO `vtiger_def_org_field` VALUES (20, 345, 0, 0);
INSERT INTO `vtiger_def_org_field` VALUES (20, 346, 0, 0);
INSERT INTO `vtiger_def_org_field` VALUES (20, 347, 0, 0);
INSERT INTO `vtiger_def_org_field` VALUES (20, 348, 0, 0);
INSERT INTO `vtiger_def_org_field` VALUES (20, 349, 0, 0);
INSERT INTO `vtiger_def_org_field` VALUES (20, 350, 0, 0);
INSERT INTO `vtiger_def_org_field` VALUES (21, 351, 0, 0);
INSERT INTO `vtiger_def_org_field` VALUES (21, 352, 0, 0);
INSERT INTO `vtiger_def_org_field` VALUES (21, 353, 0, 0);
INSERT INTO `vtiger_def_org_field` VALUES (21, 354, 0, 0);
INSERT INTO `vtiger_def_org_field` VALUES (21, 355, 0, 0);
INSERT INTO `vtiger_def_org_field` VALUES (21, 356, 0, 0);
INSERT INTO `vtiger_def_org_field` VALUES (21, 357, 0, 0);
INSERT INTO `vtiger_def_org_field` VALUES (21, 358, 0, 0);
INSERT INTO `vtiger_def_org_field` VALUES (21, 359, 0, 0);
INSERT INTO `vtiger_def_org_field` VALUES (21, 360, 0, 0);
INSERT INTO `vtiger_def_org_field` VALUES (21, 361, 0, 0);
INSERT INTO `vtiger_def_org_field` VALUES (21, 362, 0, 0);
INSERT INTO `vtiger_def_org_field` VALUES (21, 363, 0, 0);
INSERT INTO `vtiger_def_org_field` VALUES (21, 364, 0, 0);
INSERT INTO `vtiger_def_org_field` VALUES (21, 365, 0, 0);
INSERT INTO `vtiger_def_org_field` VALUES (21, 366, 0, 0);
INSERT INTO `vtiger_def_org_field` VALUES (21, 367, 0, 0);
INSERT INTO `vtiger_def_org_field` VALUES (21, 368, 0, 0);
INSERT INTO `vtiger_def_org_field` VALUES (21, 369, 0, 0);
INSERT INTO `vtiger_def_org_field` VALUES (21, 370, 0, 0);
INSERT INTO `vtiger_def_org_field` VALUES (21, 371, 0, 0);
INSERT INTO `vtiger_def_org_field` VALUES (21, 372, 0, 0);
INSERT INTO `vtiger_def_org_field` VALUES (21, 373, 0, 0);
INSERT INTO `vtiger_def_org_field` VALUES (21, 374, 0, 0);
INSERT INTO `vtiger_def_org_field` VALUES (21, 375, 0, 0);
INSERT INTO `vtiger_def_org_field` VALUES (21, 376, 0, 0);
INSERT INTO `vtiger_def_org_field` VALUES (21, 377, 0, 0);
INSERT INTO `vtiger_def_org_field` VALUES (21, 378, 0, 0);
INSERT INTO `vtiger_def_org_field` VALUES (21, 379, 0, 0);
INSERT INTO `vtiger_def_org_field` VALUES (21, 380, 0, 0);
INSERT INTO `vtiger_def_org_field` VALUES (21, 381, 0, 0);
INSERT INTO `vtiger_def_org_field` VALUES (21, 382, 0, 0);
INSERT INTO `vtiger_def_org_field` VALUES (21, 383, 0, 0);
INSERT INTO `vtiger_def_org_field` VALUES (21, 384, 0, 0);
INSERT INTO `vtiger_def_org_field` VALUES (21, 385, 0, 0);
INSERT INTO `vtiger_def_org_field` VALUES (21, 386, 0, 0);
INSERT INTO `vtiger_def_org_field` VALUES (21, 387, 0, 0);
INSERT INTO `vtiger_def_org_field` VALUES (21, 388, 0, 0);
INSERT INTO `vtiger_def_org_field` VALUES (22, 389, 0, 0);
INSERT INTO `vtiger_def_org_field` VALUES (22, 390, 0, 0);
INSERT INTO `vtiger_def_org_field` VALUES (22, 391, 0, 0);
INSERT INTO `vtiger_def_org_field` VALUES (22, 392, 0, 0);
INSERT INTO `vtiger_def_org_field` VALUES (22, 393, 0, 0);
INSERT INTO `vtiger_def_org_field` VALUES (22, 394, 0, 0);
INSERT INTO `vtiger_def_org_field` VALUES (22, 395, 0, 0);
INSERT INTO `vtiger_def_org_field` VALUES (22, 396, 0, 0);
INSERT INTO `vtiger_def_org_field` VALUES (22, 397, 0, 0);
INSERT INTO `vtiger_def_org_field` VALUES (22, 398, 0, 0);
INSERT INTO `vtiger_def_org_field` VALUES (22, 399, 0, 0);
INSERT INTO `vtiger_def_org_field` VALUES (22, 400, 0, 0);
INSERT INTO `vtiger_def_org_field` VALUES (22, 401, 0, 0);
INSERT INTO `vtiger_def_org_field` VALUES (22, 402, 0, 0);
INSERT INTO `vtiger_def_org_field` VALUES (22, 403, 0, 0);
INSERT INTO `vtiger_def_org_field` VALUES (22, 404, 0, 0);
INSERT INTO `vtiger_def_org_field` VALUES (22, 405, 0, 0);
INSERT INTO `vtiger_def_org_field` VALUES (22, 406, 0, 0);
INSERT INTO `vtiger_def_org_field` VALUES (22, 407, 0, 0);
INSERT INTO `vtiger_def_org_field` VALUES (22, 408, 0, 0);
INSERT INTO `vtiger_def_org_field` VALUES (22, 409, 0, 0);
INSERT INTO `vtiger_def_org_field` VALUES (22, 410, 0, 0);
INSERT INTO `vtiger_def_org_field` VALUES (22, 411, 0, 0);
INSERT INTO `vtiger_def_org_field` VALUES (22, 412, 0, 0);
INSERT INTO `vtiger_def_org_field` VALUES (22, 413, 0, 0);
INSERT INTO `vtiger_def_org_field` VALUES (22, 414, 0, 0);
INSERT INTO `vtiger_def_org_field` VALUES (22, 415, 0, 0);
INSERT INTO `vtiger_def_org_field` VALUES (22, 416, 0, 0);
INSERT INTO `vtiger_def_org_field` VALUES (22, 417, 0, 0);
INSERT INTO `vtiger_def_org_field` VALUES (22, 418, 0, 0);
INSERT INTO `vtiger_def_org_field` VALUES (22, 419, 0, 0);
INSERT INTO `vtiger_def_org_field` VALUES (22, 420, 0, 0);
INSERT INTO `vtiger_def_org_field` VALUES (22, 421, 0, 0);
INSERT INTO `vtiger_def_org_field` VALUES (22, 422, 0, 0);
INSERT INTO `vtiger_def_org_field` VALUES (22, 423, 0, 0);
INSERT INTO `vtiger_def_org_field` VALUES (22, 424, 0, 0);
INSERT INTO `vtiger_def_org_field` VALUES (22, 425, 0, 0);
INSERT INTO `vtiger_def_org_field` VALUES (22, 426, 0, 0);
INSERT INTO `vtiger_def_org_field` VALUES (22, 427, 0, 0);
INSERT INTO `vtiger_def_org_field` VALUES (22, 428, 0, 0);
INSERT INTO `vtiger_def_org_field` VALUES (22, 429, 0, 0);
INSERT INTO `vtiger_def_org_field` VALUES (22, 430, 0, 0);
INSERT INTO `vtiger_def_org_field` VALUES (22, 431, 0, 0);
INSERT INTO `vtiger_def_org_field` VALUES (22, 432, 0, 0);
INSERT INTO `vtiger_def_org_field` VALUES (22, 433, 0, 0);
INSERT INTO `vtiger_def_org_field` VALUES (22, 434, 0, 0);
INSERT INTO `vtiger_def_org_field` VALUES (22, 435, 0, 0);
INSERT INTO `vtiger_def_org_field` VALUES (23, 436, 0, 0);
INSERT INTO `vtiger_def_org_field` VALUES (23, 437, 0, 0);
INSERT INTO `vtiger_def_org_field` VALUES (23, 438, 0, 0);
INSERT INTO `vtiger_def_org_field` VALUES (23, 439, 0, 0);
INSERT INTO `vtiger_def_org_field` VALUES (23, 440, 0, 0);
INSERT INTO `vtiger_def_org_field` VALUES (23, 441, 0, 0);
INSERT INTO `vtiger_def_org_field` VALUES (23, 442, 0, 0);
INSERT INTO `vtiger_def_org_field` VALUES (23, 443, 0, 0);
INSERT INTO `vtiger_def_org_field` VALUES (23, 444, 0, 0);
INSERT INTO `vtiger_def_org_field` VALUES (23, 445, 0, 0);
INSERT INTO `vtiger_def_org_field` VALUES (23, 446, 0, 0);
INSERT INTO `vtiger_def_org_field` VALUES (23, 447, 0, 0);
INSERT INTO `vtiger_def_org_field` VALUES (23, 448, 0, 0);
INSERT INTO `vtiger_def_org_field` VALUES (23, 449, 0, 0);
INSERT INTO `vtiger_def_org_field` VALUES (23, 450, 0, 0);
INSERT INTO `vtiger_def_org_field` VALUES (23, 451, 0, 0);
INSERT INTO `vtiger_def_org_field` VALUES (23, 452, 0, 0);
INSERT INTO `vtiger_def_org_field` VALUES (23, 453, 0, 0);
INSERT INTO `vtiger_def_org_field` VALUES (23, 454, 0, 0);
INSERT INTO `vtiger_def_org_field` VALUES (23, 455, 0, 0);
INSERT INTO `vtiger_def_org_field` VALUES (23, 456, 0, 0);
INSERT INTO `vtiger_def_org_field` VALUES (23, 457, 0, 0);
INSERT INTO `vtiger_def_org_field` VALUES (23, 458, 0, 0);
INSERT INTO `vtiger_def_org_field` VALUES (23, 459, 0, 0);
INSERT INTO `vtiger_def_org_field` VALUES (23, 460, 0, 0);
INSERT INTO `vtiger_def_org_field` VALUES (23, 461, 0, 0);
INSERT INTO `vtiger_def_org_field` VALUES (23, 462, 0, 0);
INSERT INTO `vtiger_def_org_field` VALUES (23, 463, 0, 0);
INSERT INTO `vtiger_def_org_field` VALUES (23, 464, 0, 0);
INSERT INTO `vtiger_def_org_field` VALUES (23, 465, 0, 0);
INSERT INTO `vtiger_def_org_field` VALUES (23, 466, 0, 0);
INSERT INTO `vtiger_def_org_field` VALUES (23, 467, 0, 0);
INSERT INTO `vtiger_def_org_field` VALUES (23, 468, 0, 0);
INSERT INTO `vtiger_def_org_field` VALUES (23, 469, 0, 0);
INSERT INTO `vtiger_def_org_field` VALUES (23, 470, 0, 0);
INSERT INTO `vtiger_def_org_field` VALUES (23, 471, 0, 0);
INSERT INTO `vtiger_def_org_field` VALUES (23, 472, 0, 0);
INSERT INTO `vtiger_def_org_field` VALUES (23, 473, 0, 0);
INSERT INTO `vtiger_def_org_field` VALUES (23, 474, 0, 0);
INSERT INTO `vtiger_def_org_field` VALUES (10, 520, 0, 0);
INSERT INTO `vtiger_def_org_field` VALUES (10, 521, 0, 0);
INSERT INTO `vtiger_def_org_field` VALUES (10, 522, 0, 0);
INSERT INTO `vtiger_def_org_field` VALUES (10, 523, 0, 0);
INSERT INTO `vtiger_def_org_field` VALUES (10, 524, 0, 0);
INSERT INTO `vtiger_def_org_field` VALUES (10, 525, 0, 0);
INSERT INTO `vtiger_def_org_field` VALUES (34, 526, 0, 0);
INSERT INTO `vtiger_def_org_field` VALUES (34, 527, 0, 0);
INSERT INTO `vtiger_def_org_field` VALUES (34, 528, 0, 0);
INSERT INTO `vtiger_def_org_field` VALUES (34, 529, 0, 0);
INSERT INTO `vtiger_def_org_field` VALUES (34, 530, 0, 0);
INSERT INTO `vtiger_def_org_field` VALUES (34, 531, 0, 0);
INSERT INTO `vtiger_def_org_field` VALUES (34, 532, 0, 0);
INSERT INTO `vtiger_def_org_field` VALUES (34, 533, 0, 0);
INSERT INTO `vtiger_def_org_field` VALUES (34, 534, 0, 0);
INSERT INTO `vtiger_def_org_field` VALUES (34, 535, 0, 0);
INSERT INTO `vtiger_def_org_field` VALUES (34, 536, 0, 0);
INSERT INTO `vtiger_def_org_field` VALUES (34, 537, 0, 0);
INSERT INTO `vtiger_def_org_field` VALUES (34, 538, 0, 0);
INSERT INTO `vtiger_def_org_field` VALUES (34, 539, 0, 0);
INSERT INTO `vtiger_def_org_field` VALUES (34, 540, 0, 0);
INSERT INTO `vtiger_def_org_field` VALUES (34, 541, 0, 0);
INSERT INTO `vtiger_def_org_field` VALUES (34, 542, 0, 0);
INSERT INTO `vtiger_def_org_field` VALUES (29, 543, 0, 0);
INSERT INTO `vtiger_def_org_field` VALUES (35, 544, 0, 0);
INSERT INTO `vtiger_def_org_field` VALUES (35, 545, 0, 0);
INSERT INTO `vtiger_def_org_field` VALUES (35, 546, 0, 0);
INSERT INTO `vtiger_def_org_field` VALUES (35, 547, 0, 0);
INSERT INTO `vtiger_def_org_field` VALUES (35, 548, 0, 0);
INSERT INTO `vtiger_def_org_field` VALUES (35, 549, 0, 0);
INSERT INTO `vtiger_def_org_field` VALUES (35, 550, 0, 0);
INSERT INTO `vtiger_def_org_field` VALUES (35, 551, 0, 0);
INSERT INTO `vtiger_def_org_field` VALUES (35, 552, 0, 0);
INSERT INTO `vtiger_def_org_field` VALUES (35, 553, 0, 0);
INSERT INTO `vtiger_def_org_field` VALUES (35, 554, 0, 0);
INSERT INTO `vtiger_def_org_field` VALUES (35, 555, 0, 0);
INSERT INTO `vtiger_def_org_field` VALUES (35, 556, 0, 0);
INSERT INTO `vtiger_def_org_field` VALUES (35, 557, 0, 0);
INSERT INTO `vtiger_def_org_field` VALUES (35, 558, 0, 0);
INSERT INTO `vtiger_def_org_field` VALUES (35, 559, 0, 0);
INSERT INTO `vtiger_def_org_field` VALUES (35, 560, 0, 0);
INSERT INTO `vtiger_def_org_field` VALUES (35, 561, 0, 0);
INSERT INTO `vtiger_def_org_field` VALUES (35, 562, 0, 0);
INSERT INTO `vtiger_def_org_field` VALUES (35, 563, 0, 0);
INSERT INTO `vtiger_def_org_field` VALUES (35, 564, 0, 0);
INSERT INTO `vtiger_def_org_field` VALUES (35, 565, 0, 0);
INSERT INTO `vtiger_def_org_field` VALUES (36, 566, 0, 0);
INSERT INTO `vtiger_def_org_field` VALUES (36, 567, 0, 0);
INSERT INTO `vtiger_def_org_field` VALUES (36, 568, 0, 0);
INSERT INTO `vtiger_def_org_field` VALUES (36, 569, 0, 0);
INSERT INTO `vtiger_def_org_field` VALUES (36, 570, 0, 0);
INSERT INTO `vtiger_def_org_field` VALUES (36, 571, 0, 0);
INSERT INTO `vtiger_def_org_field` VALUES (36, 572, 0, 0);
INSERT INTO `vtiger_def_org_field` VALUES (36, 573, 0, 0);
INSERT INTO `vtiger_def_org_field` VALUES (36, 574, 0, 0);
INSERT INTO `vtiger_def_org_field` VALUES (36, 575, 0, 0);
INSERT INTO `vtiger_def_org_field` VALUES (36, 576, 0, 0);
INSERT INTO `vtiger_def_org_field` VALUES (36, 577, 0, 0);
INSERT INTO `vtiger_def_org_field` VALUES (36, 578, 0, 0);
INSERT INTO `vtiger_def_org_field` VALUES (36, 579, 0, 0);
INSERT INTO `vtiger_def_org_field` VALUES (36, 580, 0, 0);
INSERT INTO `vtiger_def_org_field` VALUES (36, 581, 0, 0);
INSERT INTO `vtiger_def_org_field` VALUES (36, 582, 0, 0);
INSERT INTO `vtiger_def_org_field` VALUES (36, 583, 0, 0);
INSERT INTO `vtiger_def_org_field` VALUES (36, 584, 0, 0);
INSERT INTO `vtiger_def_org_field` VALUES (36, 585, 0, 0);
INSERT INTO `vtiger_def_org_field` VALUES (36, 586, 0, 0);
INSERT INTO `vtiger_def_org_field` VALUES (36, 587, 0, 0);
INSERT INTO `vtiger_def_org_field` VALUES (38, 588, 0, 0);
INSERT INTO `vtiger_def_org_field` VALUES (38, 589, 0, 0);
INSERT INTO `vtiger_def_org_field` VALUES (38, 590, 0, 0);
INSERT INTO `vtiger_def_org_field` VALUES (38, 591, 0, 0);
INSERT INTO `vtiger_def_org_field` VALUES (38, 592, 0, 0);
INSERT INTO `vtiger_def_org_field` VALUES (38, 593, 0, 0);
INSERT INTO `vtiger_def_org_field` VALUES (38, 594, 0, 0);
INSERT INTO `vtiger_def_org_field` VALUES (38, 595, 0, 0);
INSERT INTO `vtiger_def_org_field` VALUES (38, 596, 0, 0);
INSERT INTO `vtiger_def_org_field` VALUES (38, 597, 0, 0);
INSERT INTO `vtiger_def_org_field` VALUES (38, 598, 0, 0);
INSERT INTO `vtiger_def_org_field` VALUES (38, 599, 0, 0);
INSERT INTO `vtiger_def_org_field` VALUES (38, 600, 0, 0);
INSERT INTO `vtiger_def_org_field` VALUES (38, 601, 0, 0);
INSERT INTO `vtiger_def_org_field` VALUES (38, 602, 0, 0);
INSERT INTO `vtiger_def_org_field` VALUES (38, 603, 0, 0);
INSERT INTO `vtiger_def_org_field` VALUES (38, 604, 0, 0);
INSERT INTO `vtiger_def_org_field` VALUES (38, 605, 0, 0);
INSERT INTO `vtiger_def_org_field` VALUES (38, 606, 0, 0);
INSERT INTO `vtiger_def_org_field` VALUES (38, 607, 0, 0);
INSERT INTO `vtiger_def_org_field` VALUES (38, 608, 0, 0);
INSERT INTO `vtiger_def_org_field` VALUES (42, 609, 0, 0);
INSERT INTO `vtiger_def_org_field` VALUES (42, 610, 0, 0);
INSERT INTO `vtiger_def_org_field` VALUES (42, 611, 0, 0);
INSERT INTO `vtiger_def_org_field` VALUES (42, 612, 0, 0);
INSERT INTO `vtiger_def_org_field` VALUES (42, 613, 0, 0);
INSERT INTO `vtiger_def_org_field` VALUES (42, 614, 0, 0);
INSERT INTO `vtiger_def_org_field` VALUES (42, 615, 0, 0);
INSERT INTO `vtiger_def_org_field` VALUES (42, 616, 0, 0);
INSERT INTO `vtiger_def_org_field` VALUES (43, 617, 0, 0);
INSERT INTO `vtiger_def_org_field` VALUES (43, 618, 0, 0);
INSERT INTO `vtiger_def_org_field` VALUES (43, 619, 0, 0);
INSERT INTO `vtiger_def_org_field` VALUES (43, 620, 0, 0);
INSERT INTO `vtiger_def_org_field` VALUES (43, 621, 0, 0);
INSERT INTO `vtiger_def_org_field` VALUES (43, 622, 0, 0);
INSERT INTO `vtiger_def_org_field` VALUES (43, 623, 0, 0);
INSERT INTO `vtiger_def_org_field` VALUES (43, 624, 0, 0);
INSERT INTO `vtiger_def_org_field` VALUES (43, 625, 0, 0);
INSERT INTO `vtiger_def_org_field` VALUES (43, 626, 0, 0);
INSERT INTO `vtiger_def_org_field` VALUES (43, 627, 0, 0);
INSERT INTO `vtiger_def_org_field` VALUES (43, 628, 0, 0);
INSERT INTO `vtiger_def_org_field` VALUES (43, 629, 0, 0);
INSERT INTO `vtiger_def_org_field` VALUES (44, 630, 0, 0);
INSERT INTO `vtiger_def_org_field` VALUES (44, 631, 0, 0);
INSERT INTO `vtiger_def_org_field` VALUES (44, 632, 0, 0);
INSERT INTO `vtiger_def_org_field` VALUES (44, 633, 0, 0);
INSERT INTO `vtiger_def_org_field` VALUES (44, 634, 0, 0);
INSERT INTO `vtiger_def_org_field` VALUES (44, 635, 0, 0);
INSERT INTO `vtiger_def_org_field` VALUES (44, 636, 0, 0);
INSERT INTO `vtiger_def_org_field` VALUES (44, 637, 0, 0);
INSERT INTO `vtiger_def_org_field` VALUES (44, 638, 0, 0);
INSERT INTO `vtiger_def_org_field` VALUES (44, 639, 0, 0);
INSERT INTO `vtiger_def_org_field` VALUES (44, 640, 0, 0);
INSERT INTO `vtiger_def_org_field` VALUES (44, 641, 0, 0);
INSERT INTO `vtiger_def_org_field` VALUES (44, 642, 0, 0);
INSERT INTO `vtiger_def_org_field` VALUES (44, 643, 0, 0);
INSERT INTO `vtiger_def_org_field` VALUES (44, 644, 0, 0);
INSERT INTO `vtiger_def_org_field` VALUES (44, 645, 0, 0);
INSERT INTO `vtiger_def_org_field` VALUES (44, 646, 0, 0);
INSERT INTO `vtiger_def_org_field` VALUES (44, 647, 0, 0);
INSERT INTO `vtiger_def_org_field` VALUES (45, 648, 0, 0);
INSERT INTO `vtiger_def_org_field` VALUES (45, 649, 0, 0);
INSERT INTO `vtiger_def_org_field` VALUES (45, 650, 0, 0);
INSERT INTO `vtiger_def_org_field` VALUES (45, 651, 0, 0);
INSERT INTO `vtiger_def_org_field` VALUES (45, 652, 0, 0);
INSERT INTO `vtiger_def_org_field` VALUES (45, 653, 0, 0);
INSERT INTO `vtiger_def_org_field` VALUES (45, 654, 0, 0);
INSERT INTO `vtiger_def_org_field` VALUES (45, 655, 0, 0);
INSERT INTO `vtiger_def_org_field` VALUES (45, 656, 0, 0);
INSERT INTO `vtiger_def_org_field` VALUES (45, 657, 0, 0);
INSERT INTO `vtiger_def_org_field` VALUES (45, 658, 0, 0);
INSERT INTO `vtiger_def_org_field` VALUES (45, 659, 0, 0);
INSERT INTO `vtiger_def_org_field` VALUES (45, 660, 0, 0);
INSERT INTO `vtiger_def_org_field` VALUES (45, 661, 0, 0);
INSERT INTO `vtiger_def_org_field` VALUES (45, 662, 0, 0);
INSERT INTO `vtiger_def_org_field` VALUES (45, 663, 0, 0);
INSERT INTO `vtiger_def_org_field` VALUES (45, 664, 0, 0);
INSERT INTO `vtiger_def_org_field` VALUES (45, 665, 0, 0);
INSERT INTO `vtiger_def_org_field` VALUES (45, 666, 0, 0);
INSERT INTO `vtiger_def_org_field` VALUES (45, 667, 0, 0);
INSERT INTO `vtiger_def_org_field` VALUES (47, 668, 0, 0);
INSERT INTO `vtiger_def_org_field` VALUES (47, 669, 0, 0);
INSERT INTO `vtiger_def_org_field` VALUES (47, 670, 0, 0);
INSERT INTO `vtiger_def_org_field` VALUES (47, 671, 0, 0);
INSERT INTO `vtiger_def_org_field` VALUES (47, 672, 0, 0);
INSERT INTO `vtiger_def_org_field` VALUES (47, 673, 0, 0);
INSERT INTO `vtiger_def_org_field` VALUES (2, 674, 0, 0);
INSERT INTO `vtiger_def_org_field` VALUES (29, 675, 0, 0);
INSERT INTO `vtiger_def_org_field` VALUES (23, 676, 0, 0);
INSERT INTO `vtiger_def_org_field` VALUES (23, 677, 0, 0);
INSERT INTO `vtiger_def_org_field` VALUES (23, 678, 0, 0);
INSERT INTO `vtiger_def_org_field` VALUES (23, 679, 0, 0);
INSERT INTO `vtiger_def_org_field` VALUES (23, 680, 0, 0);
INSERT INTO `vtiger_def_org_field` VALUES (23, 681, 0, 0);
INSERT INTO `vtiger_def_org_field` VALUES (23, 682, 0, 0);
INSERT INTO `vtiger_def_org_field` VALUES (23, 683, 0, 0);
INSERT INTO `vtiger_def_org_field` VALUES (23, 684, 0, 0);
INSERT INTO `vtiger_def_org_field` VALUES (22, 685, 0, 0);
INSERT INTO `vtiger_def_org_field` VALUES (22, 686, 0, 0);
INSERT INTO `vtiger_def_org_field` VALUES (22, 687, 0, 0);
INSERT INTO `vtiger_def_org_field` VALUES (22, 688, 0, 0);
INSERT INTO `vtiger_def_org_field` VALUES (22, 689, 0, 0);
INSERT INTO `vtiger_def_org_field` VALUES (22, 690, 0, 0);
INSERT INTO `vtiger_def_org_field` VALUES (22, 691, 0, 0);
INSERT INTO `vtiger_def_org_field` VALUES (22, 692, 0, 0);
INSERT INTO `vtiger_def_org_field` VALUES (22, 693, 0, 0);
INSERT INTO `vtiger_def_org_field` VALUES (21, 694, 0, 0);
INSERT INTO `vtiger_def_org_field` VALUES (21, 695, 0, 0);
INSERT INTO `vtiger_def_org_field` VALUES (21, 696, 0, 0);
INSERT INTO `vtiger_def_org_field` VALUES (21, 697, 0, 0);
INSERT INTO `vtiger_def_org_field` VALUES (21, 698, 0, 0);
INSERT INTO `vtiger_def_org_field` VALUES (21, 699, 0, 0);
INSERT INTO `vtiger_def_org_field` VALUES (21, 700, 0, 0);
INSERT INTO `vtiger_def_org_field` VALUES (21, 701, 0, 0);
INSERT INTO `vtiger_def_org_field` VALUES (21, 702, 0, 0);
INSERT INTO `vtiger_def_org_field` VALUES (20, 703, 0, 0);
INSERT INTO `vtiger_def_org_field` VALUES (20, 704, 0, 0);
INSERT INTO `vtiger_def_org_field` VALUES (20, 705, 0, 0);
INSERT INTO `vtiger_def_org_field` VALUES (20, 706, 0, 0);
INSERT INTO `vtiger_def_org_field` VALUES (20, 707, 0, 0);
INSERT INTO `vtiger_def_org_field` VALUES (20, 708, 0, 0);
INSERT INTO `vtiger_def_org_field` VALUES (20, 709, 0, 0);
INSERT INTO `vtiger_def_org_field` VALUES (20, 710, 0, 0);
INSERT INTO `vtiger_def_org_field` VALUES (20, 711, 0, 0);
INSERT INTO `vtiger_def_org_field` VALUES (29, 712, 0, 0);
INSERT INTO `vtiger_def_org_field` VALUES (44, 713, 0, 0);
INSERT INTO `vtiger_def_org_field` VALUES (42, 714, 0, 0);
INSERT INTO `vtiger_def_org_field` VALUES (29, 715, 0, 0);
INSERT INTO `vtiger_def_org_field` VALUES (29, 716, 0, 0);
INSERT INTO `vtiger_def_org_field` VALUES (29, 717, 0, 0);
INSERT INTO `vtiger_def_org_field` VALUES (23, 718, 0, 0);
INSERT INTO `vtiger_def_org_field` VALUES (22, 719, 0, 0);
INSERT INTO `vtiger_def_org_field` VALUES (21, 720, 0, 0);
INSERT INTO `vtiger_def_org_field` VALUES (20, 721, 0, 0);
INSERT INTO `vtiger_def_org_field` VALUES (29, 722, 0, 0);
INSERT INTO `vtiger_def_org_field` VALUES (6, 723, 0, 0);
INSERT INTO `vtiger_def_org_field` VALUES (4, 724, 0, 0);
INSERT INTO `vtiger_def_org_field` VALUES (2, 725, 0, 0);
INSERT INTO `vtiger_def_org_field` VALUES (29, 726, 0, 0);
INSERT INTO `vtiger_def_org_field` VALUES (23, 727, 0, 0);
INSERT INTO `vtiger_def_org_field` VALUES (23, 728, 0, 0);
INSERT INTO `vtiger_def_org_field` VALUES (21, 729, 0, 0);
INSERT INTO `vtiger_def_org_field` VALUES (21, 730, 0, 0);
INSERT INTO `vtiger_def_org_field` VALUES (18, 731, 0, 0);
INSERT INTO `vtiger_def_org_field` VALUES (7, 732, 0, 0);
INSERT INTO `vtiger_def_org_field` VALUES (42, 733, 0, 0);
INSERT INTO `vtiger_def_org_field` VALUES (42, 734, 0, 0);
INSERT INTO `vtiger_def_org_field` VALUES (23, 735, 0, 0);
INSERT INTO `vtiger_def_org_field` VALUES (20, 736, 0, 0);
INSERT INTO `vtiger_def_org_field` VALUES (21, 737, 0, 0);
INSERT INTO `vtiger_def_org_field` VALUES (22, 738, 0, 0);
INSERT INTO `vtiger_def_org_field` VALUES (29, 739, 0, 0);
INSERT INTO `vtiger_def_org_field` VALUES (2, 740, 0, 0);
INSERT INTO `vtiger_def_org_field` VALUES (13, 741, 0, 0);
INSERT INTO `vtiger_def_org_field` VALUES (29, 742, 0, 0);
INSERT INTO `vtiger_def_org_field` VALUES (29, 743, 0, 0);
INSERT INTO `vtiger_def_org_field` VALUES (29, 744, 0, 0);
INSERT INTO `vtiger_def_org_field` VALUES (29, 745, 0, 0);
INSERT INTO `vtiger_def_org_field` VALUES (14, 772, 0, 0);
INSERT INTO `vtiger_def_org_field` VALUES (36, 773, 0, 0);
INSERT INTO `vtiger_def_org_field` VALUES (23, 774, 0, 0);
INSERT INTO `vtiger_def_org_field` VALUES (29, 775, 0, 0);
INSERT INTO `vtiger_def_org_field` VALUES (23, 776, 0, 0);
INSERT INTO `vtiger_def_org_field` VALUES (23, 777, 0, 0);
INSERT INTO `vtiger_def_org_field` VALUES (23, 778, 0, 0);
INSERT INTO `vtiger_def_org_field` VALUES (20, 779, 0, 0);
INSERT INTO `vtiger_def_org_field` VALUES (20, 780, 0, 0);
INSERT INTO `vtiger_def_org_field` VALUES (20, 781, 0, 0);
INSERT INTO `vtiger_def_org_field` VALUES (21, 782, 0, 0);
INSERT INTO `vtiger_def_org_field` VALUES (22, 783, 0, 0);
INSERT INTO `vtiger_def_org_field` VALUES (22, 784, 0, 0);
INSERT INTO `vtiger_def_org_field` VALUES (22, 785, 0, 0);
INSERT INTO `vtiger_def_org_field` VALUES (42, 786, 0, 0);
INSERT INTO `vtiger_def_org_field` VALUES (42, 787, 0, 0);
INSERT INTO `vtiger_def_org_field` VALUES (42, 788, 0, 0);
INSERT INTO `vtiger_def_org_field` VALUES (2, 789, 0, 0);
INSERT INTO `vtiger_def_org_field` VALUES (4, 790, 0, 0);
INSERT INTO `vtiger_def_org_field` VALUES (6, 791, 0, 0);
INSERT INTO `vtiger_def_org_field` VALUES (7, 792, 0, 0);
INSERT INTO `vtiger_def_org_field` VALUES (8, 793, 0, 0);
INSERT INTO `vtiger_def_org_field` VALUES (9, 794, 0, 0);
INSERT INTO `vtiger_def_org_field` VALUES (10, 795, 0, 0);
INSERT INTO `vtiger_def_org_field` VALUES (13, 796, 0, 0);
INSERT INTO `vtiger_def_org_field` VALUES (14, 797, 0, 0);
INSERT INTO `vtiger_def_org_field` VALUES (15, 798, 0, 0);
INSERT INTO `vtiger_def_org_field` VALUES (16, 799, 0, 0);
INSERT INTO `vtiger_def_org_field` VALUES (18, 800, 0, 0);
INSERT INTO `vtiger_def_org_field` VALUES (19, 801, 0, 0);
INSERT INTO `vtiger_def_org_field` VALUES (20, 802, 0, 0);
INSERT INTO `vtiger_def_org_field` VALUES (21, 803, 0, 0);
INSERT INTO `vtiger_def_org_field` VALUES (22, 804, 0, 0);
INSERT INTO `vtiger_def_org_field` VALUES (23, 805, 0, 0);
INSERT INTO `vtiger_def_org_field` VALUES (26, 806, 0, 0);
INSERT INTO `vtiger_def_org_field` VALUES (10, 807, 0, 0);
INSERT INTO `vtiger_def_org_field` VALUES (2, 808, 0, 0);
INSERT INTO `vtiger_def_org_field` VALUES (4, 809, 0, 0);
INSERT INTO `vtiger_def_org_field` VALUES (6, 810, 0, 0);
INSERT INTO `vtiger_def_org_field` VALUES (7, 811, 0, 0);
INSERT INTO `vtiger_def_org_field` VALUES (8, 812, 0, 0);
INSERT INTO `vtiger_def_org_field` VALUES (9, 813, 0, 0);
INSERT INTO `vtiger_def_org_field` VALUES (10, 814, 0, 0);
INSERT INTO `vtiger_def_org_field` VALUES (13, 815, 0, 0);
INSERT INTO `vtiger_def_org_field` VALUES (14, 816, 0, 0);
INSERT INTO `vtiger_def_org_field` VALUES (15, 817, 0, 0);
INSERT INTO `vtiger_def_org_field` VALUES (16, 818, 0, 0);
INSERT INTO `vtiger_def_org_field` VALUES (18, 819, 0, 0);
INSERT INTO `vtiger_def_org_field` VALUES (19, 820, 0, 0);
INSERT INTO `vtiger_def_org_field` VALUES (20, 821, 0, 0);
INSERT INTO `vtiger_def_org_field` VALUES (21, 822, 0, 0);
INSERT INTO `vtiger_def_org_field` VALUES (22, 823, 0, 0);
INSERT INTO `vtiger_def_org_field` VALUES (23, 824, 0, 0);
INSERT INTO `vtiger_def_org_field` VALUES (26, 825, 0, 0);
INSERT INTO `vtiger_def_org_field` VALUES (2, 826, 0, 0);
INSERT INTO `vtiger_def_org_field` VALUES (4, 827, 0, 0);
INSERT INTO `vtiger_def_org_field` VALUES (6, 828, 0, 0);
INSERT INTO `vtiger_def_org_field` VALUES (7, 829, 0, 0);
INSERT INTO `vtiger_def_org_field` VALUES (8, 830, 0, 0);
INSERT INTO `vtiger_def_org_field` VALUES (9, 831, 0, 0);
INSERT INTO `vtiger_def_org_field` VALUES (10, 832, 0, 0);
INSERT INTO `vtiger_def_org_field` VALUES (13, 833, 0, 0);
INSERT INTO `vtiger_def_org_field` VALUES (14, 834, 0, 0);
INSERT INTO `vtiger_def_org_field` VALUES (15, 835, 0, 0);
INSERT INTO `vtiger_def_org_field` VALUES (16, 836, 0, 0);
INSERT INTO `vtiger_def_org_field` VALUES (18, 837, 0, 0);
INSERT INTO `vtiger_def_org_field` VALUES (19, 838, 0, 0);
INSERT INTO `vtiger_def_org_field` VALUES (20, 839, 0, 0);
INSERT INTO `vtiger_def_org_field` VALUES (21, 840, 0, 0);
INSERT INTO `vtiger_def_org_field` VALUES (22, 841, 0, 0);
INSERT INTO `vtiger_def_org_field` VALUES (23, 842, 0, 0);
INSERT INTO `vtiger_def_org_field` VALUES (26, 843, 0, 0);
INSERT INTO `vtiger_def_org_field` VALUES (20, 844, 0, 0);
INSERT INTO `vtiger_def_org_field` VALUES (21, 845, 0, 0);
INSERT INTO `vtiger_def_org_field` VALUES (22, 846, 0, 0);
INSERT INTO `vtiger_def_org_field` VALUES (23, 847, 0, 0);
INSERT INTO `vtiger_def_org_field` VALUES (45, 848, 0, 0);
INSERT INTO `vtiger_def_org_field` VALUES (45, 849, 0, 0);
INSERT INTO `vtiger_def_org_field` VALUES (29, 850, 0, 0);
INSERT INTO `vtiger_def_org_field` VALUES (22, 851, 0, 0);
INSERT INTO `vtiger_def_org_field` VALUES (29, 852, 0, 0);

-- ----------------------------
-- Table structure for vtiger_def_org_share
-- ----------------------------
DROP TABLE IF EXISTS `vtiger_def_org_share`;
CREATE TABLE `vtiger_def_org_share`  (
  `ruleid` int NOT NULL AUTO_INCREMENT,
  `tabid` int NOT NULL,
  `permission` int NULL DEFAULT NULL,
  `editstatus` int NULL DEFAULT NULL,
  PRIMARY KEY (`ruleid`) USING BTREE,
  INDEX `fk_1_vtiger_def_org_share`(`permission` ASC) USING BTREE,
  CONSTRAINT `fk_1_vtiger_def_org_share` FOREIGN KEY (`permission`) REFERENCES `vtiger_org_share_action_mapping` (`share_action_id`) ON DELETE CASCADE ON UPDATE RESTRICT
) ENGINE = InnoDB AUTO_INCREMENT = 26 CHARACTER SET = utf8mb3 COLLATE = utf8mb3_general_ci ROW_FORMAT = Dynamic;

-- ----------------------------
-- Records of vtiger_def_org_share
-- ----------------------------
INSERT INTO `vtiger_def_org_share` VALUES (1, 2, 2, 0);
INSERT INTO `vtiger_def_org_share` VALUES (2, 4, 2, 0);
INSERT INTO `vtiger_def_org_share` VALUES (3, 6, 2, 0);
INSERT INTO `vtiger_def_org_share` VALUES (4, 7, 2, 0);
INSERT INTO `vtiger_def_org_share` VALUES (5, 9, 3, 1);
INSERT INTO `vtiger_def_org_share` VALUES (6, 13, 2, 0);
INSERT INTO `vtiger_def_org_share` VALUES (7, 16, 3, 2);
INSERT INTO `vtiger_def_org_share` VALUES (8, 20, 2, 0);
INSERT INTO `vtiger_def_org_share` VALUES (9, 21, 2, 0);
INSERT INTO `vtiger_def_org_share` VALUES (10, 22, 2, 0);
INSERT INTO `vtiger_def_org_share` VALUES (11, 23, 2, 0);
INSERT INTO `vtiger_def_org_share` VALUES (12, 26, 2, 0);
INSERT INTO `vtiger_def_org_share` VALUES (13, 8, 2, 0);
INSERT INTO `vtiger_def_org_share` VALUES (14, 14, 2, 0);
INSERT INTO `vtiger_def_org_share` VALUES (15, 34, 3, 0);
INSERT INTO `vtiger_def_org_share` VALUES (16, 35, 2, 0);
INSERT INTO `vtiger_def_org_share` VALUES (17, 36, 2, 0);
INSERT INTO `vtiger_def_org_share` VALUES (18, 38, 2, 0);
INSERT INTO `vtiger_def_org_share` VALUES (19, 42, 2, 0);
INSERT INTO `vtiger_def_org_share` VALUES (20, 43, 2, 0);
INSERT INTO `vtiger_def_org_share` VALUES (21, 44, 2, 0);
INSERT INTO `vtiger_def_org_share` VALUES (22, 45, 2, 0);
INSERT INTO `vtiger_def_org_share` VALUES (23, 47, 2, 0);
INSERT INTO `vtiger_def_org_share` VALUES (24, 18, 2, 0);
INSERT INTO `vtiger_def_org_share` VALUES (25, 10, 2, 0);

-- ----------------------------
-- Table structure for vtiger_def_org_share_seq
-- ----------------------------
DROP TABLE IF EXISTS `vtiger_def_org_share_seq`;
CREATE TABLE `vtiger_def_org_share_seq`  (
  `id` int NOT NULL
) ENGINE = InnoDB CHARACTER SET = utf8mb4 COLLATE = utf8mb4_0900_ai_ci ROW_FORMAT = Dynamic;

-- ----------------------------
-- Records of vtiger_def_org_share_seq
-- ----------------------------
INSERT INTO `vtiger_def_org_share_seq` VALUES (25);

-- ----------------------------
-- Table structure for vtiger_default_record_view
-- ----------------------------
DROP TABLE IF EXISTS `vtiger_default_record_view`;
CREATE TABLE `vtiger_default_record_view`  (
  `default_record_viewid` int NOT NULL AUTO_INCREMENT,
  `default_record_view` varchar(200) CHARACTER SET utf8mb3 COLLATE utf8mb3_general_ci NOT NULL,
  `sortorderid` int NULL DEFAULT NULL,
  `presence` int NOT NULL DEFAULT 1,
  PRIMARY KEY (`default_record_viewid`) USING BTREE
) ENGINE = InnoDB AUTO_INCREMENT = 3 CHARACTER SET = utf8mb3 COLLATE = utf8mb3_general_ci ROW_FORMAT = Dynamic;

-- ----------------------------
-- Records of vtiger_default_record_view
-- ----------------------------
INSERT INTO `vtiger_default_record_view` VALUES (1, 'Summary', 0, 1);
INSERT INTO `vtiger_default_record_view` VALUES (2, 'Detail', 1, 1);

-- ----------------------------
-- Table structure for vtiger_default_record_view_seq
-- ----------------------------
DROP TABLE IF EXISTS `vtiger_default_record_view_seq`;
CREATE TABLE `vtiger_default_record_view_seq`  (
  `id` int NOT NULL
) ENGINE = InnoDB CHARACTER SET = utf8mb4 COLLATE = utf8mb4_0900_ai_ci ROW_FORMAT = Dynamic;

-- ----------------------------
-- Records of vtiger_default_record_view_seq
-- ----------------------------
INSERT INTO `vtiger_default_record_view_seq` VALUES (2);

-- ----------------------------
-- Table structure for vtiger_defaultactivitytype
-- ----------------------------
DROP TABLE IF EXISTS `vtiger_defaultactivitytype`;
CREATE TABLE `vtiger_defaultactivitytype`  (
  `defaultactivitytypeid` int NOT NULL AUTO_INCREMENT,
  `defaultactivitytype` varchar(200) CHARACTER SET utf8mb3 COLLATE utf8mb3_general_ci NOT NULL,
  `presence` int NOT NULL DEFAULT 1,
  `picklist_valueid` int NOT NULL DEFAULT 0,
  `sortorderid` int NULL DEFAULT 0,
  PRIMARY KEY (`defaultactivitytypeid`) USING BTREE
) ENGINE = InnoDB AUTO_INCREMENT = 3 CHARACTER SET = utf8mb3 COLLATE = utf8mb3_general_ci ROW_FORMAT = Dynamic;

-- ----------------------------
-- Records of vtiger_defaultactivitytype
-- ----------------------------
INSERT INTO `vtiger_defaultactivitytype` VALUES (1, 'Call', 1, 299, 1);
INSERT INTO `vtiger_defaultactivitytype` VALUES (2, 'Meeting', 1, 300, 2);

-- ----------------------------
-- Table structure for vtiger_defaultactivitytype_seq
-- ----------------------------
DROP TABLE IF EXISTS `vtiger_defaultactivitytype_seq`;
CREATE TABLE `vtiger_defaultactivitytype_seq`  (
  `id` int NOT NULL
) ENGINE = InnoDB CHARACTER SET = utf8mb4 COLLATE = utf8mb4_0900_ai_ci ROW_FORMAT = Dynamic;

-- ----------------------------
-- Records of vtiger_defaultactivitytype_seq
-- ----------------------------
INSERT INTO `vtiger_defaultactivitytype_seq` VALUES (2);

-- ----------------------------
-- Table structure for vtiger_defaultcalendarview
-- ----------------------------
DROP TABLE IF EXISTS `vtiger_defaultcalendarview`;
CREATE TABLE `vtiger_defaultcalendarview`  (
  `defaultcalendarviewid` int NOT NULL AUTO_INCREMENT,
  `defaultcalendarview` varchar(200) CHARACTER SET utf8mb3 COLLATE utf8mb3_general_ci NOT NULL,
  `sortorderid` int NULL DEFAULT NULL,
  `presence` int NOT NULL DEFAULT 1,
  PRIMARY KEY (`defaultcalendarviewid`) USING BTREE
) ENGINE = InnoDB AUTO_INCREMENT = 4 CHARACTER SET = utf8mb3 COLLATE = utf8mb3_general_ci ROW_FORMAT = Dynamic;

-- ----------------------------
-- Records of vtiger_defaultcalendarview
-- ----------------------------
INSERT INTO `vtiger_defaultcalendarview` VALUES (1, 'ListView', 0, 1);
INSERT INTO `vtiger_defaultcalendarview` VALUES (2, 'MyCalendar', 1, 1);
INSERT INTO `vtiger_defaultcalendarview` VALUES (3, 'SharedCalendar', 2, 1);

-- ----------------------------
-- Table structure for vtiger_defaultcalendarview_seq
-- ----------------------------
DROP TABLE IF EXISTS `vtiger_defaultcalendarview_seq`;
CREATE TABLE `vtiger_defaultcalendarview_seq`  (
  `id` int NOT NULL
) ENGINE = InnoDB CHARACTER SET = utf8mb4 COLLATE = utf8mb4_0900_ai_ci ROW_FORMAT = Dynamic;

-- ----------------------------
-- Records of vtiger_defaultcalendarview_seq
-- ----------------------------
INSERT INTO `vtiger_defaultcalendarview_seq` VALUES (3);

-- ----------------------------
-- Table structure for vtiger_defaultcv
-- ----------------------------
DROP TABLE IF EXISTS `vtiger_defaultcv`;
CREATE TABLE `vtiger_defaultcv`  (
  `tabid` int NOT NULL,
  `defaultviewname` varchar(50) CHARACTER SET utf8mb3 COLLATE utf8mb3_general_ci NOT NULL,
  `query` text CHARACTER SET utf8mb3 COLLATE utf8mb3_general_ci NULL,
  PRIMARY KEY (`tabid`) USING BTREE,
  CONSTRAINT `fk_1_vtiger_defaultcv` FOREIGN KEY (`tabid`) REFERENCES `vtiger_tab` (`tabid`) ON DELETE CASCADE ON UPDATE RESTRICT
) ENGINE = InnoDB CHARACTER SET = utf8mb3 COLLATE = utf8mb3_general_ci ROW_FORMAT = Dynamic;

-- ----------------------------
-- Records of vtiger_defaultcv
-- ----------------------------

-- ----------------------------
-- Table structure for vtiger_defaulteventstatus
-- ----------------------------
DROP TABLE IF EXISTS `vtiger_defaulteventstatus`;
CREATE TABLE `vtiger_defaulteventstatus`  (
  `defaulteventstatusid` int NOT NULL AUTO_INCREMENT,
  `defaulteventstatus` varchar(200) CHARACTER SET utf8mb3 COLLATE utf8mb3_general_ci NOT NULL,
  `presence` int NOT NULL DEFAULT 1,
  `picklist_valueid` int NOT NULL DEFAULT 0,
  `sortorderid` int NULL DEFAULT 0,
  PRIMARY KEY (`defaulteventstatusid`) USING BTREE
) ENGINE = InnoDB AUTO_INCREMENT = 4 CHARACTER SET = utf8mb3 COLLATE = utf8mb3_general_ci ROW_FORMAT = Dynamic;

-- ----------------------------
-- Records of vtiger_defaulteventstatus
-- ----------------------------
INSERT INTO `vtiger_defaulteventstatus` VALUES (1, 'Planned', 1, 296, 1);
INSERT INTO `vtiger_defaulteventstatus` VALUES (2, 'Held', 1, 297, 2);
INSERT INTO `vtiger_defaulteventstatus` VALUES (3, 'Not Held', 1, 298, 3);

-- ----------------------------
-- Table structure for vtiger_defaulteventstatus_seq
-- ----------------------------
DROP TABLE IF EXISTS `vtiger_defaulteventstatus_seq`;
CREATE TABLE `vtiger_defaulteventstatus_seq`  (
  `id` int NOT NULL
) ENGINE = InnoDB CHARACTER SET = utf8mb4 COLLATE = utf8mb4_0900_ai_ci ROW_FORMAT = Dynamic;

-- ----------------------------
-- Records of vtiger_defaulteventstatus_seq
-- ----------------------------
INSERT INTO `vtiger_defaulteventstatus_seq` VALUES (3);

-- ----------------------------
-- Table structure for vtiger_defaultlandingpage
-- ----------------------------
DROP TABLE IF EXISTS `vtiger_defaultlandingpage`;
CREATE TABLE `vtiger_defaultlandingpage`  (
  `defaultlandingpageid` int NOT NULL AUTO_INCREMENT,
  `defaultlandingpage` varchar(200) CHARACTER SET utf8mb3 COLLATE utf8mb3_general_ci NOT NULL,
  `presence` int NOT NULL DEFAULT 1,
  `picklist_valueid` int NOT NULL DEFAULT 0,
  `sortorderid` int NULL DEFAULT 0,
  `color` varchar(10) CHARACTER SET utf8mb3 COLLATE utf8mb3_general_ci NULL DEFAULT NULL,
  PRIMARY KEY (`defaultlandingpageid`) USING BTREE
) ENGINE = InnoDB AUTO_INCREMENT = 3 CHARACTER SET = utf8mb3 COLLATE = utf8mb3_general_ci ROW_FORMAT = Dynamic;

-- ----------------------------
-- Records of vtiger_defaultlandingpage
-- ----------------------------
INSERT INTO `vtiger_defaultlandingpage` VALUES (1, 'true', 1, 303, 1, NULL);
INSERT INTO `vtiger_defaultlandingpage` VALUES (2, 'false', 1, 304, 2, NULL);

-- ----------------------------
-- Table structure for vtiger_defaultlandingpage_seq
-- ----------------------------
DROP TABLE IF EXISTS `vtiger_defaultlandingpage_seq`;
CREATE TABLE `vtiger_defaultlandingpage_seq`  (
  `id` int NOT NULL
) ENGINE = InnoDB CHARACTER SET = utf8mb4 COLLATE = utf8mb4_0900_ai_ci ROW_FORMAT = Dynamic;

-- ----------------------------
-- Records of vtiger_defaultlandingpage_seq
-- ----------------------------
INSERT INTO `vtiger_defaultlandingpage_seq` VALUES (2);

-- ----------------------------
-- Table structure for vtiger_duration_minutes
-- ----------------------------
DROP TABLE IF EXISTS `vtiger_duration_minutes`;
CREATE TABLE `vtiger_duration_minutes`  (
  `minutesid` int NOT NULL AUTO_INCREMENT,
  `duration_minutes` varchar(200) CHARACTER SET utf8mb3 COLLATE utf8mb3_general_ci NOT NULL,
  `sortorderid` int NOT NULL DEFAULT 0,
  `presence` int NOT NULL DEFAULT 1,
  `color` varchar(10) CHARACTER SET utf8mb3 COLLATE utf8mb3_general_ci NULL DEFAULT NULL,
  PRIMARY KEY (`minutesid`) USING BTREE
) ENGINE = InnoDB AUTO_INCREMENT = 5 CHARACTER SET = utf8mb3 COLLATE = utf8mb3_general_ci ROW_FORMAT = Dynamic;

-- ----------------------------
-- Records of vtiger_duration_minutes
-- ----------------------------
INSERT INTO `vtiger_duration_minutes` VALUES (1, '00', 0, 1, NULL);
INSERT INTO `vtiger_duration_minutes` VALUES (2, '15', 1, 1, NULL);
INSERT INTO `vtiger_duration_minutes` VALUES (3, '30', 2, 1, NULL);
INSERT INTO `vtiger_duration_minutes` VALUES (4, '45', 3, 1, NULL);

-- ----------------------------
-- Table structure for vtiger_duration_minutes_seq
-- ----------------------------
DROP TABLE IF EXISTS `vtiger_duration_minutes_seq`;
CREATE TABLE `vtiger_duration_minutes_seq`  (
  `id` int NOT NULL
) ENGINE = InnoDB CHARACTER SET = utf8mb4 COLLATE = utf8mb4_0900_ai_ci ROW_FORMAT = Dynamic;

-- ----------------------------
-- Records of vtiger_duration_minutes_seq
-- ----------------------------
INSERT INTO `vtiger_duration_minutes_seq` VALUES (4);

-- ----------------------------
-- Table structure for vtiger_durationhrs
-- ----------------------------
DROP TABLE IF EXISTS `vtiger_durationhrs`;
CREATE TABLE `vtiger_durationhrs`  (
  `hrsid` int NOT NULL AUTO_INCREMENT,
  `hrs` varchar(50) CHARACTER SET utf8mb3 COLLATE utf8mb3_general_ci NULL DEFAULT NULL,
  `sortorderid` int NOT NULL DEFAULT 0,
  `presence` int NOT NULL DEFAULT 1,
  PRIMARY KEY (`hrsid`) USING BTREE
) ENGINE = InnoDB CHARACTER SET = utf8mb3 COLLATE = utf8mb3_general_ci ROW_FORMAT = Dynamic;

-- ----------------------------
-- Records of vtiger_durationhrs
-- ----------------------------

-- ----------------------------
-- Table structure for vtiger_durationmins
-- ----------------------------
DROP TABLE IF EXISTS `vtiger_durationmins`;
CREATE TABLE `vtiger_durationmins`  (
  `minsid` int NOT NULL AUTO_INCREMENT,
  `mins` varchar(50) CHARACTER SET utf8mb3 COLLATE utf8mb3_general_ci NULL DEFAULT NULL,
  `sortorderid` int NOT NULL DEFAULT 0,
  `presence` int NOT NULL DEFAULT 1,
  PRIMARY KEY (`minsid`) USING BTREE
) ENGINE = InnoDB CHARACTER SET = utf8mb3 COLLATE = utf8mb3_general_ci ROW_FORMAT = Dynamic;

-- ----------------------------
-- Records of vtiger_durationmins
-- ----------------------------

-- ----------------------------
-- Table structure for vtiger_email_access
-- ----------------------------
DROP TABLE IF EXISTS `vtiger_email_access`;
CREATE TABLE `vtiger_email_access`  (
  `crmid` int NULL DEFAULT NULL,
  `mailid` int NULL DEFAULT NULL,
  `accessdate` date NULL DEFAULT NULL,
  `accesstime` datetime NULL DEFAULT NULL
) ENGINE = InnoDB CHARACTER SET = utf8mb3 COLLATE = utf8mb3_general_ci ROW_FORMAT = Dynamic;

-- ----------------------------
-- Records of vtiger_email_access
-- ----------------------------

-- ----------------------------
-- Table structure for vtiger_email_track
-- ----------------------------
DROP TABLE IF EXISTS `vtiger_email_track`;
CREATE TABLE `vtiger_email_track`  (
  `crmid` int NULL DEFAULT NULL,
  `mailid` int NULL DEFAULT NULL,
  `access_count` int NULL DEFAULT NULL,
  `click_count` int NOT NULL DEFAULT 0,
  UNIQUE INDEX `link_tabidtype_idx`(`crmid` ASC, `mailid` ASC) USING BTREE
) ENGINE = InnoDB CHARACTER SET = utf8mb3 COLLATE = utf8mb3_general_ci ROW_FORMAT = Dynamic;

-- ----------------------------
-- Records of vtiger_email_track
-- ----------------------------

-- ----------------------------
-- Table structure for vtiger_emaildetails
-- ----------------------------
DROP TABLE IF EXISTS `vtiger_emaildetails`;
CREATE TABLE `vtiger_emaildetails`  (
  `emailid` int NOT NULL,
  `from_email` varchar(50) CHARACTER SET utf8mb3 COLLATE utf8mb3_general_ci NOT NULL DEFAULT '',
  `to_email` text CHARACTER SET utf8mb3 COLLATE utf8mb3_general_ci NOT NULL,
  `cc_email` text CHARACTER SET utf8mb3 COLLATE utf8mb3_general_ci NOT NULL,
  `bcc_email` text CHARACTER SET utf8mb3 COLLATE utf8mb3_general_ci NOT NULL,
  `assigned_user_email` varchar(50) CHARACTER SET utf8mb3 COLLATE utf8mb3_general_ci NOT NULL DEFAULT '',
  `idlists` text CHARACTER SET utf8mb3 COLLATE utf8mb3_general_ci NOT NULL,
  `email_flag` varchar(50) CHARACTER SET utf8mb3 COLLATE utf8mb3_general_ci NOT NULL DEFAULT '',
  PRIMARY KEY (`emailid`) USING BTREE
) ENGINE = InnoDB CHARACTER SET = utf8mb3 COLLATE = utf8mb3_general_ci ROW_FORMAT = Dynamic;

-- ----------------------------
-- Records of vtiger_emaildetails
-- ----------------------------

-- ----------------------------
-- Table structure for vtiger_emails_recipientprefs
-- ----------------------------
DROP TABLE IF EXISTS `vtiger_emails_recipientprefs`;
CREATE TABLE `vtiger_emails_recipientprefs`  (
  `id` int NOT NULL AUTO_INCREMENT,
  `tabid` int NOT NULL,
  `prefs` varchar(255) CHARACTER SET utf8mb3 COLLATE utf8mb3_general_ci NULL DEFAULT NULL,
  `userid` int NULL DEFAULT NULL,
  PRIMARY KEY (`id`) USING BTREE
) ENGINE = InnoDB CHARACTER SET = utf8mb3 COLLATE = utf8mb3_general_ci ROW_FORMAT = Dynamic;

-- ----------------------------
-- Records of vtiger_emails_recipientprefs
-- ----------------------------

-- ----------------------------
-- Table structure for vtiger_emailslookup
-- ----------------------------
DROP TABLE IF EXISTS `vtiger_emailslookup`;
CREATE TABLE `vtiger_emailslookup`  (
  `crmid` int NULL DEFAULT NULL,
  `setype` varchar(100) CHARACTER SET utf8mb4 COLLATE utf8mb4_0900_ai_ci NULL DEFAULT NULL,
  `value` varchar(100) CHARACTER SET utf8mb4 COLLATE utf8mb4_0900_ai_ci NULL DEFAULT NULL,
  `fieldid` int NULL DEFAULT NULL,
  UNIQUE INDEX `emailslookup_crmid_setype_fieldname_uk`(`crmid` ASC, `setype` ASC, `fieldid` ASC) USING BTREE,
  INDEX `emailslookup_fieldid_setype_idx`(`fieldid` ASC, `setype` ASC) USING BTREE,
  CONSTRAINT `emailslookup_crmid_fk` FOREIGN KEY (`crmid`) REFERENCES `vtiger_crmentity` (`crmid`) ON DELETE CASCADE ON UPDATE RESTRICT
) ENGINE = InnoDB CHARACTER SET = utf8mb4 COLLATE = utf8mb4_0900_ai_ci ROW_FORMAT = Dynamic;

-- ----------------------------
-- Records of vtiger_emailslookup
-- ----------------------------

-- ----------------------------
-- Table structure for vtiger_emailtemplates
-- ----------------------------
DROP TABLE IF EXISTS `vtiger_emailtemplates`;
CREATE TABLE `vtiger_emailtemplates`  (
  `foldername` varchar(100) CHARACTER SET utf8mb3 COLLATE utf8mb3_general_ci NULL DEFAULT NULL,
  `templatename` varchar(100) CHARACTER SET utf8mb3 COLLATE utf8mb3_general_ci NULL DEFAULT NULL,
  `templatepath` varchar(100) CHARACTER SET utf8mb3 COLLATE utf8mb3_general_ci NULL DEFAULT NULL,
  `subject` varchar(255) CHARACTER SET utf8mb3 COLLATE utf8mb3_general_ci NULL DEFAULT NULL,
  `description` text CHARACTER SET utf8mb3 COLLATE utf8mb3_general_ci NULL,
  `body` text CHARACTER SET utf8mb3 COLLATE utf8mb3_general_ci NULL,
  `deleted` int NOT NULL DEFAULT 0,
  `templateid` int NOT NULL AUTO_INCREMENT,
  `systemtemplate` int NOT NULL DEFAULT 0,
  `module` varchar(100) CHARACTER SET utf8mb3 COLLATE utf8mb3_general_ci NULL DEFAULT NULL,
  PRIMARY KEY (`templateid`) USING BTREE,
  INDEX `emailtemplates_foldernamd_templatename_subject_idx`(`foldername` ASC, `templatename` ASC, `subject` ASC) USING BTREE
) ENGINE = InnoDB AUTO_INCREMENT = 17 CHARACTER SET = utf8mb3 COLLATE = utf8mb3_general_ci ROW_FORMAT = Dynamic;

-- ----------------------------
-- Records of vtiger_emailtemplates
-- ----------------------------
INSERT INTO `vtiger_emailtemplates` VALUES ('Public', 'Announcement for Release', '', 'Announcement for Release', 'Announcement of a release', 'Hello!   <br />\n	<br />\n	On behalf of the vtiger team,  I am pleased to announce the release of vtiger crm4.2 . This is a feature packed release including the mass email template handling, custom view feature, vtiger_reports feature and a host of other utilities. vtiger runs on all platforms.    <br />\n        <br />\n	Notable Features of vtiger are :   <br />\n	<br />\n	-Email Client Integration    <br />\n	-Trouble Ticket Integration   <br />\n	-Invoice Management Integration   <br />\n	-Reports Integration   <br />\n	-Portal Integration   <br />\n	-Enhanced Word Plugin Support   <br />\n	-Custom View Integration   <br />\n	<br />\n	Known Issues:   <br />\n	-ABCD   <br />\n	-EFGH   <br />\n	-IJKL   <br />\n	-MNOP   <br />\n	-QRST', 0, 1, 0, 'Contacts');
INSERT INTO `vtiger_emailtemplates` VALUES ('Public', 'Pending Invoices', '', 'Invoices Pending', 'Payment Due', 'name <br />\nstreet, <br />\ncity, <br />\nstate, <br />\n zip) <br />\n  <br />\n Dear <br />\n <br />\n Please check the following invoices that are yet to be paid by you: <br />\n <br />\n No. Date      Amount <br />\n 1   1/1/01    $4000 <br />\n 2   2/2//01   $5000 <br />\n 3   3/3/01    $10000 <br />\n 4   7/4/01    $23560 <br />\n <br />\n Kindly let us know if there are any issues that you feel are pending to be discussed. <br />\n We will be more than happy to give you a call. <br />\n We would like to continue our business with you.', 0, 2, 0, 'Contacts');
INSERT INTO `vtiger_emailtemplates` VALUES ('Public', 'Acceptance Proposal', '', 'Acceptance Proposal', 'Acceptance of Proposal', ' Dear <br />\n <br />\nYour proposal on the project XYZW has been reviewed by us <br />\nand is acceptable in its entirety. <br />\n <br />\nWe are eagerly looking forward to this project <br />\nand are pleased about having the opportunity to work <br />\ntogether. We look forward to a long standing relationship <br />\nwith your esteemed firm. <br />\n<br />\nI would like to take this opportunity to invite you <br />\nto a game of golf on Wednesday morning 9am at the <br />\nCuff Links Ground. We will be waiting for you in the <br />\nExecutive Lounge. <br />\n<br />\nLooking forward to seeing you there.', 0, 3, 0, 'Contacts');
INSERT INTO `vtiger_emailtemplates` VALUES ('Public', 'Goods received acknowledgement', '', 'Goods received acknowledgement', 'Acknowledged Receipt of Goods', ' The undersigned hereby acknowledges receipt and delivery of the goods. <br />\nThe undersigned will release the payment subject to the goods being discovered not satisfactory. <br />\n<br />\nSigned under seal this <date>', 0, 4, 0, 'Contacts');
INSERT INTO `vtiger_emailtemplates` VALUES ('Public', 'Accept Order', '', 'Accept Order', 'Acknowledgement/Acceptance of Order', ' Dear <br />\n         We are in receipt of your order as contained in the <br />\n   purchase order form.We consider this to be final and binding on both sides. <br />\nIf there be any exceptions noted, we shall consider them <br />\nonly if the objection is received within ten days of receipt of <br />\nthis notice. <br />\n <br />\nThank you for your patronage.', 0, 5, 0, 'Contacts');
INSERT INTO `vtiger_emailtemplates` VALUES ('Public', 'Address Change', '', 'Change of Address', 'Address Change', 'Dear <br />\n <br />\nWe are relocating our office to <br />\n11111,XYZDEF Cross, <br />\nUVWWX Circle <br />\nThe telephone number for this new location is (101) 1212-1328. <br />\n<br />\nOur Manufacturing Division will continue operations <br />\nat 3250 Lovedale Square Avenue, in Frankfurt. <br />\n<br />\nWe hope to keep in touch with you all. <br />\nPlease update your addressbooks.', 0, 6, 0, 'Contacts');
INSERT INTO `vtiger_emailtemplates` VALUES ('Public', 'Follow Up', '', 'Follow Up', 'Follow Up of meeting', 'Dear <br />\n<br />\nThank you for extending us the opportunity to meet with <br />\nyou and members of your staff. <br />\n<br />\nI know that John Doe serviced your account <br />\nfor many years and made many friends at your firm. He has personally <br />\ndiscussed with me the deep relationship that he had with your firm. <br />\nWhile his presence will be missed, I can promise that we will <br />\ncontinue to provide the fine service that was accorded by <br />\nJohn to your firm. <br />\n<br />\nI was genuinely touched to receive such fine hospitality. <br />\n<br />\nThank you once again.', 0, 7, 0, 'Contacts');
INSERT INTO `vtiger_emailtemplates` VALUES ('Public', 'Target Crossed!', '', 'Target Crossed!', 'Fantastic Sales Spree!', 'Congratulations! <br />\n<br />\nThe numbers are in and I am proud to inform you that our <br />\ntotal sales for the previous quarter <br />\namounts to $100,000,00.00!. This is the first time <br />\nwe have exceeded the target by almost 30%. <br />\nWe have also beat the previous quarter record by a <br />\nwhopping 75%! <br />\n<br />\nLet us meet at Smoking Joe for a drink in the evening! <br />\n\nC you all there guys!', 0, 8, 0, 'Contacts');
INSERT INTO `vtiger_emailtemplates` VALUES ('Public', 'Thanks Note', '', 'Thanks Note', 'Note of thanks', 'Dear <br />\n<br />\nThank you for your confidence in our ability to serve you. <br />\nWe are glad to be given the chance to serve you.I look <br />\nforward to establishing a long term partnership with you. <br />\nConsider me as a friend. <br />\nShould any need arise,please do give us a call.', 0, 9, 0, 'Contacts');
INSERT INTO `vtiger_emailtemplates` VALUES ('Public', 'Customer Login Details', '', 'Customer Portal Login Details', 'Send Portal login details to customer', '<!DOCTYPE HTML PUBLIC \"-//W3C//DTD HTML 4.01//EN\" \"http://www.w3.org/TR/html4/strict.dtd\">\n        <html>\n        <head>\n          <title></title>\n        </head>\n        <body class=\"scayt-enabled\">\n          <!-- <center> -->\n            <table border=\"0\" cellpadding=\"0\" cellspacing=\"0\" class=\"borderGrey\" width=\"600px\" style=\"margin-left:0px;\">\n              <tbody>\n                <tr>\n                  <td colspan=\"6\"><!-- Begin Pre header --><!-- // End Pre header \\ --></td>\n                </tr>\n                <tr style=\"height:50px;\">\n                  <td colspan=\"6\" style=\"\n                  font-family: Helvetica,Verdana,sans-serif\">\n                  <div style=\"margin-bottom:10px;color: rgb(34, 34, 34); font-family: arial, sans-serif; font-size: 14px; background-color: rgb(255, 255, 255);\"><br />\n                    Dear $contacts-firstname$ $contacts-lastname$,</div>\n\n                    <div style=\"margin-top:20px;margin-bottom:20px; color: rgb(34, 34, 34); font-family: arial, sans-serif; font-size: 14px; background-color: rgb(255, 255, 255);\">As our customer, you can be assured of getting excellent support from our team. I would like to take this opportunity to introduce the portal we have setup for valuable customers like you. You can submit questions/issues via the portal, see past issues and responses. In addition, Portal provides you access to our knowledge base and documents we shared with you in the past.\n                    </div>\n\n                    <div style=\"margin-top:10px;color: rgb(34, 34, 34); font-family: arial, sans-serif; font-size: 14px; background-color: rgb(255, 255, 255);\">$URL$ to login to the portal, with the credentials below.</div>\n\n                    <div style=\"margin-top:20px;color: rgb(34, 34, 34); font-family: arial, sans-serif; font-size: 14px; background-color: rgb(255, 255, 255);\">Your Username: $login_name$</div>\n\n                    <div style=\"margin-bottom:20px;color: rgb(34, 34, 34); font-family: arial, sans-serif; font-size: 14px; background-color: rgb(255, 255, 255);\">Your Password: $password$</div>\n                    <div class=\"gmail_extra\" style=\"margin-top:10px;color: rgb(34, 34, 34); font-family: arial, sans-serif; font-size: 14px; background-color: rgb(255, 255, 255);\">Thank you,<br />\n                      $contacts-smownerid$</div>\n\n                    </td>\n                  </tr>\n                  <tr>\n                    <td colspan=\"6\" style=\"font-family: Helvetica,Verdana,sans-serif;font-size: 11px;color: #666666;\">\n                      <table border=\"0\" cellpadding=\"4\" cellspacing=\"0\" width=\"100%\">\n                        <tbody>\n                          <!--copy right data-->\n                          <tr>\n                            <td valign=\"top\" style=\"\n                            padding-left: 0px;\n                            padding-right: 0px;\n                            width:350px\">\n                                <div style=\"margin-top:20px;\"><em>Powered By <a href=\"www.vtiger.com\">Vtiger</a><div>\n                            </td>\n                          </tr>\n                          <!--subscribers links-->\n                        </tbody>\n                      </table>\n                    </td>\n                  </tr>\n                </tbody>\n              </table>\n            <!-- </center> -->\n          </body>\n          </html>', 0, 10, 0, 'Contacts');
INSERT INTO `vtiger_emailtemplates` VALUES ('Public', 'Support end notification before a week', '', 'VtigerCRM Support Notification', 'Send Notification mail to customer before a week of support end date', '<table width=\"700\" cellspacing=\"0\" cellpadding=\"0\" border=\"0\" align=\"center\" style=\"font-family: Arial,Helvetica,sans-serif; font-size: 12px; font-weight: normal; text-decoration: none; background-color: rgb(122, 122, 254);\">\n        <tr>\n            <td> </td>\n            <td> </td>\n            <td> </td>\n        </tr>\n        <tr>\n            <td> </td>\n            <td> </td>\n            <td> </td>\n        </tr>\n        <tr>\n            <td> </td>\n            <td> </td>\n            <td> </td>\n        </tr>\n        <tr>\n            <td width=\"50\"> </td>\n            <td>\n            <table width=\"100%\" cellspacing=\"0\" cellpadding=\"0\" border=\"0\">\n                    <tr>\n                        <td>\n                        <table width=\"100%\" cellspacing=\"0\" cellpadding=\"0\" border=\"0\" style=\"background-color: rgb(27, 77, 140); font-family: Arial,Helvetica,sans-serif; font-size: 14px; color: rgb(255, 255, 255); font-weight: normal; line-height: 25px;\">\n                                <tr>\n                                    <td align=\"center\" rowspan=\"4\">$logo$</td>\n                                    <td align=\"center\"> </td>\n                                </tr>\n                                <tr>\n                                    <td align=\"left\" style=\"background-color: rgb(27, 77, 140); font-family: Arial,Helvetica,sans-serif; font-size: 24px; color: rgb(255, 255, 255); font-weight: bolder; line-height: 35px;\">vtiger CRM </td>\n                                </tr>\n                                <tr>\n                                    <td align=\"right\" style=\"padding-right: 100px;\">The honest Open Source CRM </td>\n                                </tr>\n                                <tr>\n                                    <td> </td>\n                                </tr>\n                        </table>\n                        </td>\n                    </tr>\n                    <tr>\n                        <td>\n                        <table width=\"100%\" cellspacing=\"0\" cellpadding=\"0\" border=\"0\" style=\"font-family: Arial,Helvetica,sans-serif; font-size: 12px; font-weight: normal; color: rgb(0, 0, 0); background-color: rgb(255, 255, 255);\">\n                                <tr>\n                                    <td valign=\"top\">\n                                    <table width=\"100%\" cellspacing=\"0\" cellpadding=\"5\" border=\"0\">\n                                            <tr>\n                                                <td align=\"right\" style=\"font-family: Arial,Helvetica,sans-serif; font-size: 12px; font-weight: bolder; text-decoration: none; color: rgb(66, 66, 253);\"> </td>\n                                            </tr>\n                                            <tr>\n                                                <td> </td>\n                                            </tr>\n                                            <tr>\n                                                <td style=\"font-family: Arial,Helvetica,sans-serif; font-size: 14px; color: rgb(22, 72, 134); font-weight: bolder; line-height: 15px;\">Dear $contacts-lastname$, </td>\n                                            </tr>\n                                            <tr>\n                                                <td style=\"font-family: Arial,Helvetica,sans-serif; font-size: 12px; color: rgb(0, 0, 0); font-weight: normal; text-align: justify; line-height: 20px;\">This is just a notification mail regarding your support end.<br /><span style=\"font-weight: bold;\">Priority:</span> Urgent<br />Your Support is going to expire on next week<br />Please contact support@vtiger.com.<br /><br /><br /></td>\n                                            </tr>\n                                            <tr>\n                                                <td align=\"center\"><br /></td>\n                                            </tr>\n                                            <tr>\n                                                <td align=\"right\"><strong style=\"padding: 2px; font-family: Arial,Helvetica,sans-serif; font-size: 12px; color: rgb(0, 0, 0); font-weight: bold;\"><br /><br />Sincerly</strong></td>\n                                            </tr>\n                                            <tr>\n                                                <td align=\"right\" style=\"font-family: Arial,Helvetica,sans-serif; font-size: 12px; color: rgb(0, 0, 0); font-weight: normal; line-height: 20px;\">Support Team </td>\n                                            </tr>\n                                            <tr>\n                                                <td align=\"right\"><a style=\"font-family: Arial,Helvetica,sans-serif; font-size: 12px; font-weight: bolder; text-decoration: none; color: rgb(66, 66, 253);\" href=\"http://www.vtiger.com\">www.vtiger.com</a></td>\n                                            </tr>\n                                            <tr>\n                                                <td> </td>\n                                            </tr>\n                                    </table>\n                                    </td>\n                                    <td width=\"1%\" valign=\"top\"> </td>\n                                </tr>\n                        </table>\n                        </td>\n                    </tr>\n                    <tr>\n                        <td>\n                        <table width=\"100%\" cellspacing=\"0\" cellpadding=\"5\" border=\"0\" style=\"font-family: Arial,Helvetica,sans-serif; font-size: 12px; color: rgb(255, 255, 255); font-weight: normal; line-height: 15px; background-color: rgb(51, 51, 51);\">\n                                <tr>\n                                    <td align=\"center\">Shree Narayana Complex, No 11 Sarathy Nagar, Vijaya Nagar , Velachery, Chennai - 600 042 India </td>\n                                </tr>\n                                <tr>\n                                    <td align=\"center\">Telephone No: +91 - 44 - 4202 - 1990     Toll Free No: +1 877 788 4437</td>\n                                </tr>\n                                <tr>\n                                    <td align=\"center\">Email Id: <a style=\"font-family: Arial,Helvetica,sans-serif; font-size: 12px; font-weight: bolder; text-decoration: none; color: rgb(255, 255, 255);\" href=\"mailto:info@vtiger.com\">info@vtiger.com</a></td>\n                                </tr>\n                        </table>\n                        </td>\n                    </tr>\n            </table>\n            </td>\n            <td width=\"50\"> </td>\n        </tr>\n        <tr>\n            <td> </td>\n            <td> </td>\n            <td> </td>\n        </tr>\n        <tr>\n            <td> </td>\n            <td> </td>\n            <td> </td>\n        </tr>\n        <tr>\n            <td> </td>\n            <td> </td>\n            <td> </td>\n        </tr>\n</table>', 0, 11, 0, 'Contacts');
INSERT INTO `vtiger_emailtemplates` VALUES ('Public', 'Support end notification before a month', '', 'VtigerCRM Support Notification', 'Send Notification mail to customer before a month of support end date', '<table width=\"700\" cellspacing=\"0\" cellpadding=\"0\" border=\"0\" align=\"center\" style=\"font-family: Arial,Helvetica,sans-serif; font-size: 12px; font-weight: normal; text-decoration: none; background-color: rgb(122, 122, 254);\">\n        <tr>\n            <td> </td>\n            <td> </td>\n            <td> </td>\n        </tr>\n        <tr>\n            <td> </td>\n            <td> </td>\n            <td> </td>\n        </tr>\n        <tr>\n            <td> </td>\n            <td> </td>\n            <td> </td>\n        </tr>\n        <tr>\n            <td width=\"50\"> </td>\n            <td>\n            <table width=\"100%\" cellspacing=\"0\" cellpadding=\"0\" border=\"0\">\n                    <tr>\n                        <td>\n                        <table width=\"100%\" cellspacing=\"0\" cellpadding=\"0\" border=\"0\" style=\"background-color: rgb(27, 77, 140); font-family: Arial,Helvetica,sans-serif; font-size: 14px; color: rgb(255, 255, 255); font-weight: normal; line-height: 25px;\">\n                                <tr>\n                                    <td align=\"center\" rowspan=\"4\">$logo$</td>\n                                    <td align=\"center\"> </td>\n                                </tr>\n                                <tr>\n                                    <td align=\"left\" style=\"background-color: rgb(27, 77, 140); font-family: Arial,Helvetica,sans-serif; font-size: 24px; color: rgb(255, 255, 255); font-weight: bolder; line-height: 35px;\">vtiger CRM </td>\n                                </tr>\n                                <tr>\n                                    <td align=\"right\" style=\"padding-right: 100px;\">The honest Open Source CRM </td>\n                                </tr>\n                                <tr>\n                                    <td> </td>\n                                </tr>\n                        </table>\n                        </td>\n                    </tr>\n                    <tr>\n                        <td>\n                        <table width=\"100%\" cellspacing=\"0\" cellpadding=\"0\" border=\"0\" style=\"font-family: Arial,Helvetica,sans-serif; font-size: 12px; font-weight: normal; color: rgb(0, 0, 0); background-color: rgb(255, 255, 255);\">\n                                <tr>\n                                    <td valign=\"top\">\n                                    <table width=\"100%\" cellspacing=\"0\" cellpadding=\"5\" border=\"0\">\n                                            <tr>\n                                                <td align=\"right\" style=\"font-family: Arial,Helvetica,sans-serif; font-size: 12px; font-weight: bolder; text-decoration: none; color: rgb(66, 66, 253);\"> </td>\n                                            </tr>\n                                            <tr>\n                                                <td> </td>\n                                            </tr>\n                                            <tr>\n                                                <td style=\"font-family: Arial,Helvetica,sans-serif; font-size: 14px; color: rgb(22, 72, 134); font-weight: bolder; line-height: 15px;\">Dear $contacts-lastname$, </td>\n                                            </tr>\n                                            <tr>\n                                                <td style=\"font-family: Arial,Helvetica,sans-serif; font-size: 12px; color: rgb(0, 0, 0); font-weight: normal; text-align: justify; line-height: 20px;\">This is just a notification mail regarding your support end.<br /><span style=\"font-weight: bold;\">Priority:</span> Normal<br />Your Support is going to expire on next month.<br />Please contact support@vtiger.com<br /><br /><br /></td>\n                                            </tr>\n                                            <tr>\n                                                <td align=\"center\"><br /></td>\n                                            </tr>\n                                            <tr>\n                                                <td align=\"right\"><strong style=\"padding: 2px; font-family: Arial,Helvetica,sans-serif; font-size: 12px; color: rgb(0, 0, 0); font-weight: bold;\"><br /><br />Sincerly</strong></td>\n                                            </tr>\n                                            <tr>\n                                                <td align=\"right\" style=\"font-family: Arial,Helvetica,sans-serif; font-size: 12px; color: rgb(0, 0, 0); font-weight: normal; line-height: 20px;\">Support Team </td>\n                                            </tr>\n                                            <tr>\n                                                <td align=\"right\"><a href=\"http://www.vtiger.com\" style=\"font-family: Arial,Helvetica,sans-serif; font-size: 12px; font-weight: bolder; text-decoration: none; color: rgb(66, 66, 253);\">www.vtiger.com</a></td>\n                                            </tr>\n                                            <tr>\n                                                <td> </td>\n                                            </tr>\n                                    </table>\n                                    </td>\n                                    <td width=\"1%\" valign=\"top\"> </td>\n                                </tr>\n                        </table>\n                        </td>\n                    </tr>\n                    <tr>\n                        <td>\n                        <table width=\"100%\" cellspacing=\"0\" cellpadding=\"5\" border=\"0\" style=\"font-family: Arial,Helvetica,sans-serif; font-size: 12px; color: rgb(255, 255, 255); font-weight: normal; line-height: 15px; background-color: rgb(51, 51, 51);\">\n                                <tr>\n                                    <td align=\"center\">Shree Narayana Complex, No 11 Sarathy Nagar, Vijaya Nagar , Velachery, Chennai - 600 042 India </td>\n                                </tr>\n                                <tr>\n                                    <td align=\"center\">Telephone No: +91 - 44 - 4202 - 1990     Toll Free No: +1 877 788 4437</td>\n                                </tr>\n                                <tr>\n                                    <td align=\"center\">Email Id: <a href=\"mailto:info@vtiger.com\" style=\"font-family: Arial,Helvetica,sans-serif; font-size: 12px; font-weight: bolder; text-decoration: none; color: rgb(255, 255, 255);\">info@vtiger.com</a></td>\n                                </tr>\n                        </table>\n                        </td>\n                    </tr>\n            </table>\n            </td>\n            <td width=\"50\"> </td>\n        </tr>\n        <tr>\n            <td> </td>\n            <td> </td>\n            <td> </td>\n        </tr>\n        <tr>\n            <td> </td>\n            <td> </td>\n            <td> </td>\n        </tr>\n        <tr>\n            <td> </td>\n            <td> </td>\n            <td> </td>\n        </tr>\n</table>', 0, 12, 0, 'Contacts');
INSERT INTO `vtiger_emailtemplates` VALUES ('Public', 'Activity Reminder', NULL, 'Reminder', 'Reminder', '<p>This is a reminder notification for the Activity<br/>The details are :<br/> \n							&nbsp; Subject : $events-subject$<br/> \n							&nbsp; Start Date & Time : $events-date_start$<br/>\n							&nbsp; End Date & Time : $events-due_date$<br/> \n							&nbsp; Status : $events-eventstatus$<br/> \n							&nbsp; Location : $events-location$<br/> \n							&nbsp; Description : $events-description$<br/><br/> \n							<p/>', 0, 14, 1, 'Events');
INSERT INTO `vtiger_emailtemplates` VALUES ('Public', 'ToDo Reminder', NULL, 'Activity Reminder', 'Reminder', '<p>This is a reminder notification for the Activity<br/>The details are :<br/>\n								&nbsp; Subject : $calendar-subject$<br/>\n								&nbsp; Start Date & Time : $calendar-date_start$<br/>\n								&nbsp; Due Date : $calendar-due_date$<br/>\n								&nbsp; Status : $calendar-status$<br/>\n								&nbsp; Location : $calendar-location$<br/>\n								&nbsp; Description : $calendar-description$<br/><br/>\n								<p/>', 0, 15, 1, 'Events');
INSERT INTO `vtiger_emailtemplates` VALUES ('Public', 'Invite Users', NULL, 'Invitation', 'Invite Users', '<p>$invitee_name$,<br/><br/>You have been invited for an activity<br/><br/>The details are :<br/>\n								&nbsp; Subject : $events-subject$<br/>\n								&nbsp; Start Date & Time : $events-date_start$<br/> \n								&nbsp; End Date & Time : $events-due_date$<br/>\n								&nbsp; Status : $events-eventstatus$<br/>\n								&nbsp; Priority : $events-priority$<br/>\n								&nbsp; Related To : $events-crmid$<br/>\n								&nbsp; Contact List : $events-contactid$<br/>\n								&nbsp; Location : $events-location$<br/>\n								&nbsp; Description : $events-description$<br/><br/>\n								Thanks & Regards,<br/>\n								$current_user_name$\n								<p/>', 0, 16, 1, 'Events');

-- ----------------------------
-- Table structure for vtiger_emailtemplates_seq
-- ----------------------------
DROP TABLE IF EXISTS `vtiger_emailtemplates_seq`;
CREATE TABLE `vtiger_emailtemplates_seq`  (
  `id` int NOT NULL
) ENGINE = InnoDB CHARACTER SET = utf8mb4 COLLATE = utf8mb4_0900_ai_ci ROW_FORMAT = Dynamic;

-- ----------------------------
-- Records of vtiger_emailtemplates_seq
-- ----------------------------
INSERT INTO `vtiger_emailtemplates_seq` VALUES (16);

-- ----------------------------
-- Table structure for vtiger_entityname
-- ----------------------------
DROP TABLE IF EXISTS `vtiger_entityname`;
CREATE TABLE `vtiger_entityname`  (
  `tabid` int NOT NULL DEFAULT 0,
  `modulename` varchar(100) CHARACTER SET utf8mb3 COLLATE utf8mb3_general_ci NULL DEFAULT NULL,
  `tablename` varchar(100) CHARACTER SET utf8mb3 COLLATE utf8mb3_general_ci NOT NULL,
  `fieldname` varchar(150) CHARACTER SET utf8mb3 COLLATE utf8mb3_general_ci NOT NULL,
  `entityidfield` varchar(150) CHARACTER SET utf8mb3 COLLATE utf8mb3_general_ci NOT NULL,
  `entityidcolumn` varchar(150) CHARACTER SET utf8mb3 COLLATE utf8mb3_general_ci NOT NULL,
  PRIMARY KEY (`tabid`) USING BTREE,
  INDEX `entityname_tabid_idx`(`tabid` ASC) USING BTREE,
  CONSTRAINT `fk_1_vtiger_entityname` FOREIGN KEY (`tabid`) REFERENCES `vtiger_tab` (`tabid`) ON DELETE CASCADE ON UPDATE RESTRICT
) ENGINE = InnoDB CHARACTER SET = utf8mb3 COLLATE = utf8mb3_general_ci ROW_FORMAT = Dynamic;

-- ----------------------------
-- Records of vtiger_entityname
-- ----------------------------
INSERT INTO `vtiger_entityname` VALUES (2, 'Potentials', 'vtiger_potential', 'potentialname', 'potentialid', 'potential_id');
INSERT INTO `vtiger_entityname` VALUES (4, 'Contacts', 'vtiger_contactdetails', 'firstname,lastname', 'contactid', 'contact_id');
INSERT INTO `vtiger_entityname` VALUES (6, 'Accounts', 'vtiger_account', 'accountname', 'accountid', 'account_id');
INSERT INTO `vtiger_entityname` VALUES (7, 'Leads', 'vtiger_leaddetails', 'firstname,lastname', 'leadid', 'leadid');
INSERT INTO `vtiger_entityname` VALUES (8, 'Documents', 'vtiger_notes', 'title', 'notesid', 'notesid');
INSERT INTO `vtiger_entityname` VALUES (9, 'Calendar', 'vtiger_activity', 'subject', 'activityid', 'activityid');
INSERT INTO `vtiger_entityname` VALUES (10, 'Emails', 'vtiger_activity', 'subject', 'activityid', 'activityid');
INSERT INTO `vtiger_entityname` VALUES (13, 'HelpDesk', 'vtiger_troubletickets', 'title', 'ticketid', 'ticketid');
INSERT INTO `vtiger_entityname` VALUES (14, 'Products', 'vtiger_products', 'productname', 'productid', 'product_id');
INSERT INTO `vtiger_entityname` VALUES (15, 'Faq', 'vtiger_faq', 'question', 'id', 'id');
INSERT INTO `vtiger_entityname` VALUES (18, 'Vendors', 'vtiger_vendor', 'vendorname', 'vendorid', 'vendor_id');
INSERT INTO `vtiger_entityname` VALUES (19, 'PriceBooks', 'vtiger_pricebook', 'bookname', 'pricebookid', 'pricebookid');
INSERT INTO `vtiger_entityname` VALUES (20, 'Quotes', 'vtiger_quotes', 'subject', 'quoteid', 'quote_id');
INSERT INTO `vtiger_entityname` VALUES (21, 'PurchaseOrder', 'vtiger_purchaseorder', 'subject', 'purchaseorderid', 'purchaseorderid');
INSERT INTO `vtiger_entityname` VALUES (22, 'SalesOrder', 'vtiger_salesorder', 'subject', 'salesorderid', 'salesorder_id');
INSERT INTO `vtiger_entityname` VALUES (23, 'Invoice', 'vtiger_invoice', 'subject', 'invoiceid', 'invoiceid');
INSERT INTO `vtiger_entityname` VALUES (26, 'Campaigns', 'vtiger_campaign', 'campaignname', 'campaignid', 'campaignid');
INSERT INTO `vtiger_entityname` VALUES (29, 'Users', 'vtiger_users', 'first_name,last_name', 'id', 'id');
INSERT INTO `vtiger_entityname` VALUES (34, 'PBXManager', 'vtiger_pbxmanager', 'customernumber', 'pbxmanagerid', 'pbxmanagerid');
INSERT INTO `vtiger_entityname` VALUES (35, 'ServiceContracts', 'vtiger_servicecontracts', 'subject', 'servicecontractsid', 'servicecontractsid');
INSERT INTO `vtiger_entityname` VALUES (36, 'Services', 'vtiger_service', 'servicename', 'serviceid', 'serviceid');
INSERT INTO `vtiger_entityname` VALUES (38, 'Assets', 'vtiger_assets', 'assetname', 'assetsid', 'assetsid');
INSERT INTO `vtiger_entityname` VALUES (42, 'ModComments', 'vtiger_modcomments', 'commentcontent', 'modcommentsid', 'modcommentsid');
INSERT INTO `vtiger_entityname` VALUES (43, 'ProjectMilestone', 'vtiger_projectmilestone', 'projectmilestonename', 'projectmilestoneid', 'projectmilestoneid');
INSERT INTO `vtiger_entityname` VALUES (44, 'ProjectTask', 'vtiger_projecttask', 'projecttaskname', 'projecttaskid', 'projecttaskid');
INSERT INTO `vtiger_entityname` VALUES (45, 'Project', 'vtiger_project', 'projectname', 'projectid', 'projectid');
INSERT INTO `vtiger_entityname` VALUES (47, 'SMSNotifier', 'vtiger_smsnotifier', 'message', 'smsnotifierid', 'smsnotifierid');

-- ----------------------------
-- Table structure for vtiger_eventhandler_module
-- ----------------------------
DROP TABLE IF EXISTS `vtiger_eventhandler_module`;
CREATE TABLE `vtiger_eventhandler_module`  (
  `eventhandler_module_id` int NOT NULL AUTO_INCREMENT,
  `module_name` varchar(100) CHARACTER SET utf8mb3 COLLATE utf8mb3_general_ci NULL DEFAULT NULL,
  `handler_class` varchar(100) CHARACTER SET utf8mb3 COLLATE utf8mb3_general_ci NULL DEFAULT NULL,
  PRIMARY KEY (`eventhandler_module_id`) USING BTREE
) ENGINE = InnoDB AUTO_INCREMENT = 5 CHARACTER SET = utf8mb3 COLLATE = utf8mb3_general_ci ROW_FORMAT = Dynamic;

-- ----------------------------
-- Records of vtiger_eventhandler_module
-- ----------------------------
INSERT INTO `vtiger_eventhandler_module` VALUES (1, 'ModTracker', 'ModTrackerHandler');
INSERT INTO `vtiger_eventhandler_module` VALUES (2, 'ServiceContracts', 'ServiceContractsHandler');
INSERT INTO `vtiger_eventhandler_module` VALUES (3, 'Invoice', 'InvoiceHandler');
INSERT INTO `vtiger_eventhandler_module` VALUES (4, 'PurchaseOrder', 'PurchaseOrderHandler');

-- ----------------------------
-- Table structure for vtiger_eventhandler_module_seq
-- ----------------------------
DROP TABLE IF EXISTS `vtiger_eventhandler_module_seq`;
CREATE TABLE `vtiger_eventhandler_module_seq`  (
  `id` int NOT NULL
) ENGINE = InnoDB CHARACTER SET = utf8mb4 COLLATE = utf8mb4_0900_ai_ci ROW_FORMAT = Dynamic;

-- ----------------------------
-- Records of vtiger_eventhandler_module_seq
-- ----------------------------
INSERT INTO `vtiger_eventhandler_module_seq` VALUES (4);

-- ----------------------------
-- Table structure for vtiger_eventhandlers
-- ----------------------------
DROP TABLE IF EXISTS `vtiger_eventhandlers`;
CREATE TABLE `vtiger_eventhandlers`  (
  `eventhandler_id` int NOT NULL AUTO_INCREMENT,
  `event_name` varchar(100) CHARACTER SET utf8mb3 COLLATE utf8mb3_general_ci NOT NULL,
  `handler_path` varchar(400) CHARACTER SET utf8mb3 COLLATE utf8mb3_general_ci NOT NULL,
  `handler_class` varchar(100) CHARACTER SET utf8mb3 COLLATE utf8mb3_general_ci NOT NULL,
  `cond` text CHARACTER SET utf8mb3 COLLATE utf8mb3_general_ci NOT NULL,
  `is_active` int NOT NULL,
  `dependent_on` varchar(255) CHARACTER SET utf8mb3 COLLATE utf8mb3_general_ci NULL DEFAULT '[]',
  PRIMARY KEY (`eventhandler_id`, `event_name`, `handler_class`) USING BTREE,
  UNIQUE INDEX `eventhandler_idx`(`eventhandler_id` ASC) USING BTREE
) ENGINE = InnoDB AUTO_INCREMENT = 35 CHARACTER SET = utf8mb3 COLLATE = utf8mb3_general_ci ROW_FORMAT = Dynamic;

-- ----------------------------
-- Records of vtiger_eventhandlers
-- ----------------------------
INSERT INTO `vtiger_eventhandlers` VALUES (1, 'vtiger.entity.aftersave', 'modules/SalesOrder/RecurringInvoiceHandler.php', 'RecurringInvoiceHandler', '', 1, '[]');
INSERT INTO `vtiger_eventhandlers` VALUES (2, 'vtiger.entity.beforesave', 'data/VTEntityDelta.php', 'VTEntityDelta', '', 1, '[]');
INSERT INTO `vtiger_eventhandlers` VALUES (3, 'vtiger.entity.aftersave', 'data/VTEntityDelta.php', 'VTEntityDelta', '', 1, '[]');
INSERT INTO `vtiger_eventhandlers` VALUES (4, 'vtiger.entity.aftersave', 'modules/com_vtiger_workflow/VTEventHandler.inc', 'VTWorkflowEventHandler', '', 1, '[\"VTEntityDelta\"]');
INSERT INTO `vtiger_eventhandlers` VALUES (5, 'vtiger.entity.afterrestore', 'modules/com_vtiger_workflow/VTEventHandler.inc', 'VTWorkflowEventHandler', '', 1, '[]');
INSERT INTO `vtiger_eventhandlers` VALUES (6, 'vtiger.entity.aftersave.final', 'modules/HelpDesk/HelpDeskHandler.php', 'HelpDeskHandler', '', 1, '[]');
INSERT INTO `vtiger_eventhandlers` VALUES (7, 'vtiger.entity.aftersave.final', 'modules/ModTracker/ModTrackerHandler.php', 'ModTrackerHandler', '', 1, '[]');
INSERT INTO `vtiger_eventhandlers` VALUES (8, 'vtiger.entity.beforedelete', 'modules/ModTracker/ModTrackerHandler.php', 'ModTrackerHandler', '', 1, '[]');
INSERT INTO `vtiger_eventhandlers` VALUES (9, 'vtiger.entity.afterrestore', 'modules/ModTracker/ModTrackerHandler.php', 'ModTrackerHandler', '', 1, '[]');
INSERT INTO `vtiger_eventhandlers` VALUES (10, 'vtiger.entity.aftersave', 'modules/PBXManager/PBXManagerHandler.php', 'PBXManagerHandler', '', 1, '[\"VTEntityDelta\"]');
INSERT INTO `vtiger_eventhandlers` VALUES (11, 'vtiger.entity.afterdelete', 'modules/PBXManager/PBXManagerHandler.php', 'PBXManagerHandler', '', 1, '[]');
INSERT INTO `vtiger_eventhandlers` VALUES (12, 'vtiger.entity.afterrestore', 'modules/PBXManager/PBXManagerHandler.php', 'PBXManagerHandler', '', 1, '[]');
INSERT INTO `vtiger_eventhandlers` VALUES (13, 'vtiger.batchevent.save', 'modules/PBXManager/PBXManagerHandler.php', 'PBXManagerBatchHandler', '', 1, '[]');
INSERT INTO `vtiger_eventhandlers` VALUES (14, 'vtiger.batchevent.delete', 'modules/PBXManager/PBXManagerHandler.php', 'PBXManagerBatchHandler', '', 1, '[]');
INSERT INTO `vtiger_eventhandlers` VALUES (15, 'vtiger.lead.convertlead', 'modules/PBXManager/PBXManagerHandler.php', 'PBXManagerHandler', '', 1, '[]');
INSERT INTO `vtiger_eventhandlers` VALUES (16, 'vtiger.entity.beforesave', 'modules/ServiceContracts/ServiceContractsHandler.php', 'ServiceContractsHandler', '', 1, '[]');
INSERT INTO `vtiger_eventhandlers` VALUES (17, 'vtiger.entity.aftersave', 'modules/ServiceContracts/ServiceContractsHandler.php', 'ServiceContractsHandler', '', 1, '[]');
INSERT INTO `vtiger_eventhandlers` VALUES (18, 'vtiger.entity.aftersave', 'modules/WSAPP/WorkFlowHandlers/WSAPPAssignToTracker.php', 'WSAPPAssignToTracker', '', 1, '[\"VTEntityDelta\"]');
INSERT INTO `vtiger_eventhandlers` VALUES (19, 'vtiger.entity.aftersave', 'modules/Invoice/InvoiceHandler.php', 'InvoiceHandler', '', 1, '[]');
INSERT INTO `vtiger_eventhandlers` VALUES (20, 'vtiger.entity.aftersave', 'modules/PurchaseOrder/PurchaseOrderHandler.php', 'PurchaseOrderHandler', '', 1, '[]');
INSERT INTO `vtiger_eventhandlers` VALUES (21, 'vtiger.entity.aftersave', 'modules/ModComments/ModCommentsHandler.php', 'ModCommentsHandler', '', 1, '[]');
INSERT INTO `vtiger_eventhandlers` VALUES (22, 'vtiger.picklist.afterrename', 'modules/Settings/Picklist/handlers/PickListHandler.php', 'PickListHandler', '', 1, '[]');
INSERT INTO `vtiger_eventhandlers` VALUES (23, 'vtiger.picklist.afterdelete', 'modules/Settings/Picklist/handlers/PickListHandler.php', 'PickListHandler', '', 1, '[]');
INSERT INTO `vtiger_eventhandlers` VALUES (24, 'vtiger.entity.aftersave', 'modules/Vtiger/handlers/EmailLookupHandler.php', 'EmailLookupHandler', '', 1, '[\"VTEntityDelta\"]');
INSERT INTO `vtiger_eventhandlers` VALUES (25, 'vtiger.entity.afterdelete', 'modules/Vtiger/handlers/EmailLookupHandler.php', 'EmailLookupHandler', '', 1, '[]');
INSERT INTO `vtiger_eventhandlers` VALUES (26, 'vtiger.entity.afterrestore', 'modules/Vtiger/handlers/EmailLookupHandler.php', 'EmailLookupHandler', '', 1, '[]');
INSERT INTO `vtiger_eventhandlers` VALUES (27, 'vtiger.batchevent.save', 'modules/Vtiger/handlers/EmailLookupHandler.php', 'EmailLookupBatchHandler', '', 1, '[]');
INSERT INTO `vtiger_eventhandlers` VALUES (28, 'vtiger.lead.convertlead', 'modules/Leads/handlers/LeadHandler.php', 'LeadHandler', '', 1, '[]');
INSERT INTO `vtiger_eventhandlers` VALUES (29, 'vtiger.entity.beforesave', 'modules/Vtiger/handlers/CheckDuplicateHandler.php', 'CheckDuplicateHandler', '', 1, '[]');
INSERT INTO `vtiger_eventhandlers` VALUES (30, 'vtiger.entity.beforerestore', 'modules/Vtiger/handlers/CheckDuplicateHandler.php', 'CheckDuplicateHandler', '', 1, '[]');
INSERT INTO `vtiger_eventhandlers` VALUES (31, 'vtiger.entity.aftersave', 'modules/Vtiger/handlers/FollowRecordHandler.php', 'FollowRecordHandler', '', 1, '[]');
INSERT INTO `vtiger_eventhandlers` VALUES (32, 'vtiger.field.afterdelete', 'modules/Vtiger/handlers/FieldEventHandler.php', 'FieldEventHandler', '', 1, '[]');
INSERT INTO `vtiger_eventhandlers` VALUES (33, 'vtiger.entity.beforerelate', 'modules/Vtiger/handlers/RelateEntitesHandler.php', 'RelateEntitesHandler', '', 1, '[]');
INSERT INTO `vtiger_eventhandlers` VALUES (34, 'vtiger.entity.afterrelate', 'modules/Vtiger/handlers/RelateEntitesHandler.php', 'RelateEntitesHandler', '', 1, '[]');

-- ----------------------------
-- Table structure for vtiger_eventhandlers_seq
-- ----------------------------
DROP TABLE IF EXISTS `vtiger_eventhandlers_seq`;
CREATE TABLE `vtiger_eventhandlers_seq`  (
  `id` int NOT NULL
) ENGINE = InnoDB CHARACTER SET = utf8mb4 COLLATE = utf8mb4_0900_ai_ci ROW_FORMAT = Dynamic;

-- ----------------------------
-- Records of vtiger_eventhandlers_seq
-- ----------------------------
INSERT INTO `vtiger_eventhandlers_seq` VALUES (34);

-- ----------------------------
-- Table structure for vtiger_eventstatus
-- ----------------------------
DROP TABLE IF EXISTS `vtiger_eventstatus`;
CREATE TABLE `vtiger_eventstatus`  (
  `eventstatusid` int NOT NULL AUTO_INCREMENT,
  `eventstatus` varchar(200) CHARACTER SET utf8mb3 COLLATE utf8mb3_general_ci NOT NULL,
  `presence` int NOT NULL DEFAULT 1,
  `picklist_valueid` int NOT NULL DEFAULT 0,
  `sortorderid` int NULL DEFAULT NULL,
  `color` varchar(10) CHARACTER SET utf8mb3 COLLATE utf8mb3_general_ci NULL DEFAULT NULL,
  PRIMARY KEY (`eventstatusid`) USING BTREE
) ENGINE = InnoDB AUTO_INCREMENT = 4 CHARACTER SET = utf8mb3 COLLATE = utf8mb3_general_ci ROW_FORMAT = Dynamic;

-- ----------------------------
-- Records of vtiger_eventstatus
-- ----------------------------
INSERT INTO `vtiger_eventstatus` VALUES (1, 'Planned', 0, 38, 0, NULL);
INSERT INTO `vtiger_eventstatus` VALUES (2, 'Held', 0, 39, 1, NULL);
INSERT INTO `vtiger_eventstatus` VALUES (3, 'Not Held', 0, 40, 2, NULL);

-- ----------------------------
-- Table structure for vtiger_eventstatus_seq
-- ----------------------------
DROP TABLE IF EXISTS `vtiger_eventstatus_seq`;
CREATE TABLE `vtiger_eventstatus_seq`  (
  `id` int NOT NULL
) ENGINE = InnoDB CHARACTER SET = utf8mb4 COLLATE = utf8mb4_0900_ai_ci ROW_FORMAT = Dynamic;

-- ----------------------------
-- Records of vtiger_eventstatus_seq
-- ----------------------------
INSERT INTO `vtiger_eventstatus_seq` VALUES (3);

-- ----------------------------
-- Table structure for vtiger_expectedresponse
-- ----------------------------
DROP TABLE IF EXISTS `vtiger_expectedresponse`;
CREATE TABLE `vtiger_expectedresponse`  (
  `expectedresponseid` int NOT NULL AUTO_INCREMENT,
  `expectedresponse` varchar(200) CHARACTER SET utf8mb3 COLLATE utf8mb3_general_ci NOT NULL,
  `presence` int NOT NULL DEFAULT 1,
  `picklist_valueid` int NOT NULL DEFAULT 0,
  `sortorderid` int NULL DEFAULT NULL,
  `color` varchar(10) CHARACTER SET utf8mb3 COLLATE utf8mb3_general_ci NULL DEFAULT NULL,
  PRIMARY KEY (`expectedresponseid`) USING BTREE,
  UNIQUE INDEX `CampaignExpRes_UK01`(`expectedresponse` ASC) USING BTREE
) ENGINE = InnoDB AUTO_INCREMENT = 6 CHARACTER SET = utf8mb3 COLLATE = utf8mb3_general_ci ROW_FORMAT = Dynamic;

-- ----------------------------
-- Records of vtiger_expectedresponse
-- ----------------------------
INSERT INTO `vtiger_expectedresponse` VALUES (2, 'Excellent', 1, 42, 1, NULL);
INSERT INTO `vtiger_expectedresponse` VALUES (3, 'Good', 1, 43, 2, NULL);
INSERT INTO `vtiger_expectedresponse` VALUES (4, 'Average', 1, 44, 3, NULL);
INSERT INTO `vtiger_expectedresponse` VALUES (5, 'Poor', 1, 45, 4, NULL);

-- ----------------------------
-- Table structure for vtiger_expectedresponse_seq
-- ----------------------------
DROP TABLE IF EXISTS `vtiger_expectedresponse_seq`;
CREATE TABLE `vtiger_expectedresponse_seq`  (
  `id` int NOT NULL
) ENGINE = InnoDB CHARACTER SET = utf8mb4 COLLATE = utf8mb4_0900_ai_ci ROW_FORMAT = Dynamic;

-- ----------------------------
-- Records of vtiger_expectedresponse_seq
-- ----------------------------
INSERT INTO `vtiger_expectedresponse_seq` VALUES (5);

-- ----------------------------
-- Table structure for vtiger_extnstore_users
-- ----------------------------
DROP TABLE IF EXISTS `vtiger_extnstore_users`;
CREATE TABLE `vtiger_extnstore_users`  (
  `id` int NOT NULL AUTO_INCREMENT,
  `username` varchar(50) CHARACTER SET utf8mb3 COLLATE utf8mb3_general_ci NULL DEFAULT NULL,
  `password` varchar(75) CHARACTER SET utf8mb3 COLLATE utf8mb3_general_ci NULL DEFAULT NULL,
  `instanceurl` varchar(255) CHARACTER SET utf8mb3 COLLATE utf8mb3_general_ci NULL DEFAULT NULL,
  `createdon` datetime NULL DEFAULT NULL,
  `deleted` int NOT NULL DEFAULT 0,
  PRIMARY KEY (`id`) USING BTREE
) ENGINE = InnoDB CHARACTER SET = utf8mb3 COLLATE = utf8mb3_general_ci ROW_FORMAT = Dynamic;

-- ----------------------------
-- Records of vtiger_extnstore_users
-- ----------------------------

-- ----------------------------
-- Table structure for vtiger_faq
-- ----------------------------
DROP TABLE IF EXISTS `vtiger_faq`;
CREATE TABLE `vtiger_faq`  (
  `id` int NOT NULL AUTO_INCREMENT,
  `faq_no` varchar(100) CHARACTER SET utf8mb3 COLLATE utf8mb3_general_ci NOT NULL,
  `product_id` varchar(100) CHARACTER SET utf8mb3 COLLATE utf8mb3_general_ci NULL DEFAULT NULL,
  `question` text CHARACTER SET utf8mb3 COLLATE utf8mb3_general_ci NOT NULL,
  `answer` text CHARACTER SET utf8mb3 COLLATE utf8mb3_general_ci NULL,
  `category` varchar(200) CHARACTER SET utf8mb3 COLLATE utf8mb3_general_ci NOT NULL,
  `status` varchar(200) CHARACTER SET utf8mb3 COLLATE utf8mb3_general_ci NOT NULL,
  `tags` varchar(1) CHARACTER SET utf8mb3 COLLATE utf8mb3_general_ci NULL DEFAULT NULL,
  PRIMARY KEY (`id`) USING BTREE,
  INDEX `faq_id_idx`(`id` ASC) USING BTREE,
  CONSTRAINT `fk_1_vtiger_faq` FOREIGN KEY (`id`) REFERENCES `vtiger_crmentity` (`crmid`) ON DELETE CASCADE ON UPDATE RESTRICT
) ENGINE = InnoDB AUTO_INCREMENT = 1 CHARACTER SET = utf8mb3 COLLATE = utf8mb3_general_ci ROW_FORMAT = Dynamic;

-- ----------------------------
-- Records of vtiger_faq
-- ----------------------------

-- ----------------------------
-- Table structure for vtiger_faqcategories
-- ----------------------------
DROP TABLE IF EXISTS `vtiger_faqcategories`;
CREATE TABLE `vtiger_faqcategories`  (
  `faqcategories_id` int NOT NULL AUTO_INCREMENT,
  `faqcategories` varchar(200) CHARACTER SET utf8mb3 COLLATE utf8mb3_general_ci NULL DEFAULT NULL,
  `presence` int NOT NULL DEFAULT 1,
  `picklist_valueid` int NOT NULL DEFAULT 0,
  `sortorderid` int NULL DEFAULT NULL,
  `color` varchar(10) CHARACTER SET utf8mb3 COLLATE utf8mb3_general_ci NULL DEFAULT NULL,
  PRIMARY KEY (`faqcategories_id`) USING BTREE
) ENGINE = InnoDB AUTO_INCREMENT = 2 CHARACTER SET = utf8mb3 COLLATE = utf8mb3_general_ci ROW_FORMAT = Dynamic;

-- ----------------------------
-- Records of vtiger_faqcategories
-- ----------------------------
INSERT INTO `vtiger_faqcategories` VALUES (1, 'General', 1, 46, 0, NULL);

-- ----------------------------
-- Table structure for vtiger_faqcategories_seq
-- ----------------------------
DROP TABLE IF EXISTS `vtiger_faqcategories_seq`;
CREATE TABLE `vtiger_faqcategories_seq`  (
  `id` int NOT NULL
) ENGINE = InnoDB CHARACTER SET = utf8mb4 COLLATE = utf8mb4_0900_ai_ci ROW_FORMAT = Dynamic;

-- ----------------------------
-- Records of vtiger_faqcategories_seq
-- ----------------------------
INSERT INTO `vtiger_faqcategories_seq` VALUES (1);

-- ----------------------------
-- Table structure for vtiger_faqcf
-- ----------------------------
DROP TABLE IF EXISTS `vtiger_faqcf`;
CREATE TABLE `vtiger_faqcf`  (
  `faqid` int NOT NULL DEFAULT 0,
  PRIMARY KEY (`faqid`) USING BTREE,
  CONSTRAINT `fk_1_vtiger_faqcf` FOREIGN KEY (`faqid`) REFERENCES `vtiger_faq` (`id`) ON DELETE CASCADE ON UPDATE RESTRICT
) ENGINE = InnoDB CHARACTER SET = utf8mb3 COLLATE = utf8mb3_general_ci ROW_FORMAT = Dynamic;

-- ----------------------------
-- Records of vtiger_faqcf
-- ----------------------------

-- ----------------------------
-- Table structure for vtiger_faqcomments
-- ----------------------------
DROP TABLE IF EXISTS `vtiger_faqcomments`;
CREATE TABLE `vtiger_faqcomments`  (
  `commentid` int NOT NULL AUTO_INCREMENT,
  `faqid` int NULL DEFAULT NULL,
  `comments` text CHARACTER SET utf8mb3 COLLATE utf8mb3_general_ci NULL,
  `createdtime` datetime NOT NULL,
  PRIMARY KEY (`commentid`) USING BTREE,
  INDEX `faqcomments_faqid_idx`(`faqid` ASC) USING BTREE,
  CONSTRAINT `fk_1_vtiger_faqcomments` FOREIGN KEY (`faqid`) REFERENCES `vtiger_faq` (`id`) ON DELETE CASCADE ON UPDATE RESTRICT
) ENGINE = InnoDB AUTO_INCREMENT = 1 CHARACTER SET = utf8mb3 COLLATE = utf8mb3_general_ci ROW_FORMAT = Dynamic;

-- ----------------------------
-- Records of vtiger_faqcomments
-- ----------------------------

-- ----------------------------
-- Table structure for vtiger_faqstatus
-- ----------------------------
DROP TABLE IF EXISTS `vtiger_faqstatus`;
CREATE TABLE `vtiger_faqstatus`  (
  `faqstatus_id` int NOT NULL AUTO_INCREMENT,
  `faqstatus` varchar(200) CHARACTER SET utf8mb3 COLLATE utf8mb3_general_ci NULL DEFAULT NULL,
  `presence` int NOT NULL DEFAULT 1,
  `picklist_valueid` int NOT NULL DEFAULT 0,
  `sortorderid` int NULL DEFAULT NULL,
  `color` varchar(10) CHARACTER SET utf8mb3 COLLATE utf8mb3_general_ci NULL DEFAULT NULL,
  PRIMARY KEY (`faqstatus_id`) USING BTREE
) ENGINE = InnoDB AUTO_INCREMENT = 5 CHARACTER SET = utf8mb3 COLLATE = utf8mb3_general_ci ROW_FORMAT = Dynamic;

-- ----------------------------
-- Records of vtiger_faqstatus
-- ----------------------------
INSERT INTO `vtiger_faqstatus` VALUES (1, 'Draft', 0, 47, 0, NULL);
INSERT INTO `vtiger_faqstatus` VALUES (2, 'Reviewed', 0, 48, 1, NULL);
INSERT INTO `vtiger_faqstatus` VALUES (3, 'Published', 0, 49, 2, NULL);
INSERT INTO `vtiger_faqstatus` VALUES (4, 'Obsolete', 0, 50, 3, NULL);

-- ----------------------------
-- Table structure for vtiger_faqstatus_seq
-- ----------------------------
DROP TABLE IF EXISTS `vtiger_faqstatus_seq`;
CREATE TABLE `vtiger_faqstatus_seq`  (
  `id` int NOT NULL
) ENGINE = InnoDB CHARACTER SET = utf8mb4 COLLATE = utf8mb4_0900_ai_ci ROW_FORMAT = Dynamic;

-- ----------------------------
-- Records of vtiger_faqstatus_seq
-- ----------------------------
INSERT INTO `vtiger_faqstatus_seq` VALUES (4);

-- ----------------------------
-- Table structure for vtiger_feedback
-- ----------------------------
DROP TABLE IF EXISTS `vtiger_feedback`;
CREATE TABLE `vtiger_feedback`  (
  `userid` int NULL DEFAULT NULL,
  `dontshow` varchar(19) CHARACTER SET utf8mb3 COLLATE utf8mb3_general_ci NULL DEFAULT 'false'
) ENGINE = InnoDB CHARACTER SET = utf8mb3 COLLATE = utf8mb3_general_ci ROW_FORMAT = Dynamic;

-- ----------------------------
-- Records of vtiger_feedback
-- ----------------------------

-- ----------------------------
-- Table structure for vtiger_field
-- ----------------------------
DROP TABLE IF EXISTS `vtiger_field`;
CREATE TABLE `vtiger_field`  (
  `tabid` int NOT NULL,
  `fieldid` int NOT NULL AUTO_INCREMENT,
  `columnname` varchar(30) CHARACTER SET utf8mb3 COLLATE utf8mb3_general_ci NOT NULL,
  `tablename` varchar(100) CHARACTER SET utf8mb3 COLLATE utf8mb3_general_ci NULL DEFAULT NULL,
  `generatedtype` int NOT NULL DEFAULT 0,
  `uitype` varchar(30) CHARACTER SET utf8mb3 COLLATE utf8mb3_general_ci NOT NULL,
  `fieldname` varchar(50) CHARACTER SET utf8mb3 COLLATE utf8mb3_general_ci NOT NULL,
  `fieldlabel` varchar(50) CHARACTER SET utf8mb3 COLLATE utf8mb3_general_ci NOT NULL,
  `readonly` int NOT NULL,
  `presence` int NOT NULL DEFAULT 1,
  `defaultvalue` text CHARACTER SET utf8mb3 COLLATE utf8mb3_general_ci NULL,
  `maximumlength` int NULL DEFAULT NULL,
  `sequence` int NULL DEFAULT NULL,
  `block` int NULL DEFAULT NULL,
  `displaytype` int NULL DEFAULT NULL,
  `typeofdata` varchar(100) CHARACTER SET utf8mb3 COLLATE utf8mb3_general_ci NULL DEFAULT NULL,
  `quickcreate` int NOT NULL DEFAULT 1,
  `quickcreatesequence` int NULL DEFAULT NULL,
  `info_type` varchar(20) CHARACTER SET utf8mb3 COLLATE utf8mb3_general_ci NULL DEFAULT NULL,
  `masseditable` int NOT NULL DEFAULT 1,
  `helpinfo` text CHARACTER SET utf8mb3 COLLATE utf8mb3_general_ci NULL,
  `summaryfield` int NOT NULL DEFAULT 0,
  `headerfield` int NULL DEFAULT 0,
  `isunique` tinyint(1) NULL DEFAULT 0,
  PRIMARY KEY (`fieldid`) USING BTREE,
  INDEX `field_tabid_idx`(`tabid` ASC) USING BTREE,
  INDEX `field_fieldname_idx`(`fieldname` ASC) USING BTREE,
  INDEX `field_block_idx`(`block` ASC) USING BTREE,
  INDEX `field_displaytype_idx`(`displaytype` ASC) USING BTREE,
  CONSTRAINT `fk_1_vtiger_field` FOREIGN KEY (`tabid`) REFERENCES `vtiger_tab` (`tabid`) ON DELETE CASCADE ON UPDATE RESTRICT
) ENGINE = InnoDB AUTO_INCREMENT = 853 CHARACTER SET = utf8mb3 COLLATE = utf8mb3_general_ci ROW_FORMAT = Dynamic;

-- ----------------------------
-- Records of vtiger_field
-- ----------------------------
INSERT INTO `vtiger_field` VALUES (6, 1, 'accountname', 'vtiger_account', 1, '2', 'accountname', 'Account Name', 1, 0, '', 100, 1, 9, 1, 'V~M', 0, 1, 'BAS', 1, NULL, 1, 0, 1);
INSERT INTO `vtiger_field` VALUES (6, 2, 'account_no', 'vtiger_account', 1, '4', 'account_no', 'Account No', 1, 0, '', 100, 2, 9, 1, 'V~O', 3, NULL, 'BAS', 0, NULL, 0, 0, 0);
INSERT INTO `vtiger_field` VALUES (6, 3, 'phone', 'vtiger_account', 1, '11', 'phone', 'Phone', 1, 2, '', 100, 4, 9, 1, 'V~O', 2, 2, 'BAS', 1, NULL, 0, 1, 0);
INSERT INTO `vtiger_field` VALUES (6, 4, 'website', 'vtiger_account', 1, '17', 'website', 'Website', 1, 2, '', 100, 3, 9, 1, 'V~O', 2, 3, 'BAS', 1, NULL, 0, 1, 0);
INSERT INTO `vtiger_field` VALUES (6, 5, 'fax', 'vtiger_account', 1, '11', 'fax', 'Fax', 1, 2, '', 100, 6, 9, 1, 'V~O', 1, NULL, 'BAS', 1, NULL, 0, 0, 0);
INSERT INTO `vtiger_field` VALUES (6, 6, 'tickersymbol', 'vtiger_account', 1, '1', 'tickersymbol', 'Ticker Symbol', 1, 2, '', 100, 5, 9, 1, 'V~O', 1, NULL, 'BAS', 1, NULL, 0, 0, 0);
INSERT INTO `vtiger_field` VALUES (6, 7, 'otherphone', 'vtiger_account', 1, '11', 'otherphone', 'Other Phone', 1, 2, '', 100, 8, 9, 1, 'V~O', 1, NULL, 'ADV', 1, NULL, 0, 0, 0);
INSERT INTO `vtiger_field` VALUES (6, 8, 'parentid', 'vtiger_account', 1, '51', 'account_id', 'Member Of', 1, 2, '', 100, 7, 9, 1, 'I~O', 1, NULL, 'BAS', 0, NULL, 0, 0, 0);
INSERT INTO `vtiger_field` VALUES (6, 9, 'email1', 'vtiger_account', 1, '13', 'email1', 'Email', 1, 2, '', 100, 10, 9, 1, 'E~O', 1, NULL, 'BAS', 1, NULL, 0, 1, 0);
INSERT INTO `vtiger_field` VALUES (6, 10, 'employees', 'vtiger_account', 1, '7', 'employees', 'Employees', 1, 2, '', 100, 9, 9, 1, 'I~O', 1, NULL, 'ADV', 1, NULL, 0, 0, 0);
INSERT INTO `vtiger_field` VALUES (6, 11, 'email2', 'vtiger_account', 1, '13', 'email2', 'Other Email', 1, 2, '', 100, 11, 9, 1, 'E~O', 1, NULL, 'ADV', 1, NULL, 0, 0, 0);
INSERT INTO `vtiger_field` VALUES (6, 12, 'ownership', 'vtiger_account', 1, '1', 'ownership', 'Ownership', 1, 2, '', 100, 12, 9, 1, 'V~O', 1, NULL, 'ADV', 1, NULL, 0, 0, 0);
INSERT INTO `vtiger_field` VALUES (6, 13, 'rating', 'vtiger_account', 1, '15', 'rating', 'Rating', 1, 2, '', 100, 14, 9, 1, 'V~O', 1, NULL, 'ADV', 1, NULL, 0, 0, 0);
INSERT INTO `vtiger_field` VALUES (6, 14, 'industry', 'vtiger_account', 1, '15', 'industry', 'industry', 1, 2, '', 100, 13, 9, 1, 'V~O', 1, NULL, 'ADV', 1, NULL, 0, 0, 0);
INSERT INTO `vtiger_field` VALUES (6, 15, 'siccode', 'vtiger_account', 1, '1', 'siccode', 'SIC Code', 1, 2, '', 100, 16, 9, 1, 'V~O', 1, NULL, 'ADV', 1, NULL, 0, 0, 0);
INSERT INTO `vtiger_field` VALUES (6, 16, 'account_type', 'vtiger_account', 1, '15', 'accounttype', 'Type', 1, 2, '', 100, 15, 9, 1, 'V~O', 1, NULL, 'ADV', 1, NULL, 0, 0, 0);
INSERT INTO `vtiger_field` VALUES (6, 17, 'annualrevenue', 'vtiger_account', 1, '71', 'annual_revenue', 'Annual Revenue', 1, 2, '', 100, 18, 9, 1, 'N~O', 1, NULL, 'ADV', 1, NULL, 0, 0, 0);
INSERT INTO `vtiger_field` VALUES (6, 18, 'emailoptout', 'vtiger_account', 1, '56', 'emailoptout', 'Email Opt Out', 1, 0, '', 100, 17, 9, 1, 'C~O', 1, NULL, 'ADV', 1, NULL, 0, 0, 0);
INSERT INTO `vtiger_field` VALUES (6, 19, 'notify_owner', 'vtiger_account', 1, '56', 'notify_owner', 'Notify Owner', 1, 2, '', 10, 20, 9, 1, 'C~O', 1, NULL, 'ADV', 1, NULL, 0, 0, 0);
INSERT INTO `vtiger_field` VALUES (6, 20, 'smownerid', 'vtiger_crmentity', 1, '53', 'assigned_user_id', 'Assigned To', 1, 0, '', 100, 19, 9, 1, 'V~M', 0, 4, 'BAS', 1, NULL, 1, 0, 0);
INSERT INTO `vtiger_field` VALUES (6, 21, 'createdtime', 'vtiger_crmentity', 1, '70', 'createdtime', 'Created Time', 1, 0, '', 100, 22, 9, 2, 'DT~O', 3, NULL, 'BAS', 0, NULL, 0, 0, 0);
INSERT INTO `vtiger_field` VALUES (6, 22, 'modifiedtime', 'vtiger_crmentity', 1, '70', 'modifiedtime', 'Modified Time', 1, 0, '', 100, 21, 9, 2, 'DT~O', 3, NULL, 'BAS', 0, NULL, 0, 0, 0);
INSERT INTO `vtiger_field` VALUES (6, 23, 'modifiedby', 'vtiger_crmentity', 1, '52', 'modifiedby', 'Last Modified By', 1, 0, '', 100, 23, 9, 3, 'V~O', 3, NULL, 'BAS', 0, NULL, 0, 0, 0);
INSERT INTO `vtiger_field` VALUES (6, 24, 'bill_street', 'vtiger_accountbillads', 1, '21', 'bill_street', 'Billing Address', 1, 2, '', 100, 1, 11, 1, 'V~O', 1, NULL, 'BAS', 1, NULL, 0, 0, 0);
INSERT INTO `vtiger_field` VALUES (6, 25, 'ship_street', 'vtiger_accountshipads', 1, '21', 'ship_street', 'Shipping Address', 1, 2, '', 100, 2, 11, 1, 'V~O', 1, NULL, 'BAS', 1, NULL, 0, 0, 0);
INSERT INTO `vtiger_field` VALUES (6, 26, 'bill_city', 'vtiger_accountbillads', 1, '1', 'bill_city', 'Billing City', 1, 2, '', 100, 5, 11, 1, 'V~O', 1, NULL, 'BAS', 1, NULL, 1, 0, 0);
INSERT INTO `vtiger_field` VALUES (6, 27, 'ship_city', 'vtiger_accountshipads', 1, '1', 'ship_city', 'Shipping City', 1, 2, '', 100, 6, 11, 1, 'V~O', 1, NULL, 'BAS', 1, NULL, 0, 0, 0);
INSERT INTO `vtiger_field` VALUES (6, 28, 'bill_state', 'vtiger_accountbillads', 1, '1', 'bill_state', 'Billing State', 1, 2, '', 100, 7, 11, 1, 'V~O', 1, NULL, 'BAS', 1, NULL, 0, 0, 0);
INSERT INTO `vtiger_field` VALUES (6, 29, 'ship_state', 'vtiger_accountshipads', 1, '1', 'ship_state', 'Shipping State', 1, 2, '', 100, 8, 11, 1, 'V~O', 1, NULL, 'BAS', 1, NULL, 0, 0, 0);
INSERT INTO `vtiger_field` VALUES (6, 30, 'bill_code', 'vtiger_accountbillads', 1, '1', 'bill_code', 'Billing Code', 1, 2, '', 100, 9, 11, 1, 'V~O', 1, NULL, 'BAS', 1, NULL, 0, 0, 0);
INSERT INTO `vtiger_field` VALUES (6, 31, 'ship_code', 'vtiger_accountshipads', 1, '1', 'ship_code', 'Shipping Code', 1, 2, '', 100, 10, 11, 1, 'V~O', 1, NULL, 'BAS', 1, NULL, 0, 0, 0);
INSERT INTO `vtiger_field` VALUES (6, 32, 'bill_country', 'vtiger_accountbillads', 1, '1', 'bill_country', 'Billing Country', 1, 2, '', 100, 11, 11, 1, 'V~O', 1, NULL, 'BAS', 1, NULL, 1, 0, 0);
INSERT INTO `vtiger_field` VALUES (6, 33, 'ship_country', 'vtiger_accountshipads', 1, '1', 'ship_country', 'Shipping Country', 1, 2, '', 100, 12, 11, 1, 'V~O', 1, NULL, 'BAS', 1, NULL, 0, 0, 0);
INSERT INTO `vtiger_field` VALUES (6, 34, 'bill_pobox', 'vtiger_accountbillads', 1, '1', 'bill_pobox', 'Billing Po Box', 1, 2, '', 100, 3, 11, 1, 'V~O', 1, NULL, 'BAS', 1, NULL, 0, 0, 0);
INSERT INTO `vtiger_field` VALUES (6, 35, 'ship_pobox', 'vtiger_accountshipads', 1, '1', 'ship_pobox', 'Shipping Po Box', 1, 2, '', 100, 4, 11, 1, 'V~O', 1, NULL, 'BAS', 1, NULL, 0, 0, 0);
INSERT INTO `vtiger_field` VALUES (6, 36, 'description', 'vtiger_crmentity', 1, '19', 'description', 'Description', 1, 2, '', 100, 1, 12, 1, 'V~O', 1, NULL, 'BAS', 1, NULL, 0, 0, 0);
INSERT INTO `vtiger_field` VALUES (7, 37, 'salutation', 'vtiger_leaddetails', 1, '55', 'salutationtype', 'Salutation', 1, 0, '', 100, 1, 13, 3, 'V~O', 1, NULL, 'BAS', 1, NULL, 0, 0, 0);
INSERT INTO `vtiger_field` VALUES (7, 38, 'firstname', 'vtiger_leaddetails', 1, '55', 'firstname', 'First Name', 1, 0, '', 100, 2, 13, 1, 'V~O', 2, 1, 'BAS', 1, NULL, 1, 0, 0);
INSERT INTO `vtiger_field` VALUES (7, 39, 'lead_no', 'vtiger_leaddetails', 1, '4', 'lead_no', 'Lead No', 1, 0, '', 100, 3, 13, 1, 'V~O', 3, NULL, 'BAS', 0, NULL, 0, 0, 0);
INSERT INTO `vtiger_field` VALUES (7, 40, 'phone', 'vtiger_leadaddress', 1, '11', 'phone', 'Phone', 1, 2, '', 100, 5, 13, 1, 'V~O', 2, 4, 'BAS', 1, NULL, 0, 1, 0);
INSERT INTO `vtiger_field` VALUES (7, 41, 'lastname', 'vtiger_leaddetails', 1, '255', 'lastname', 'Last Name', 1, 0, '', 100, 4, 13, 1, 'V~M', 0, 2, 'BAS', 1, NULL, 1, 0, 0);
INSERT INTO `vtiger_field` VALUES (7, 42, 'mobile', 'vtiger_leadaddress', 1, '11', 'mobile', 'Mobile', 1, 2, '', 100, 7, 13, 1, 'V~O', 1, NULL, 'BAS', 1, NULL, 0, 0, 0);
INSERT INTO `vtiger_field` VALUES (7, 43, 'company', 'vtiger_leaddetails', 1, '2', 'company', 'Company', 1, 2, '', 100, 6, 13, 1, 'V~O', 2, 3, 'BAS', 1, NULL, 1, 0, 0);
INSERT INTO `vtiger_field` VALUES (7, 44, 'fax', 'vtiger_leadaddress', 1, '11', 'fax', 'Fax', 1, 2, '', 100, 9, 13, 1, 'V~O', 1, NULL, 'BAS', 1, NULL, 0, 0, 0);
INSERT INTO `vtiger_field` VALUES (7, 45, 'designation', 'vtiger_leaddetails', 1, '1', 'designation', 'Designation', 1, 2, '', 100, 8, 13, 1, 'V~O', 1, NULL, 'BAS', 1, NULL, 0, 0, 0);
INSERT INTO `vtiger_field` VALUES (7, 46, 'email', 'vtiger_leaddetails', 1, '13', 'email', 'Email', 1, 2, '', 100, 11, 13, 1, 'E~O', 2, 5, 'BAS', 1, NULL, 0, 1, 0);
INSERT INTO `vtiger_field` VALUES (7, 47, 'leadsource', 'vtiger_leaddetails', 1, '15', 'leadsource', 'Lead Source', 1, 2, '', 100, 10, 13, 1, 'V~O', 1, NULL, 'BAS', 1, NULL, 1, 0, 0);
INSERT INTO `vtiger_field` VALUES (7, 48, 'website', 'vtiger_leadsubdetails', 1, '17', 'website', 'Website', 1, 2, '', 100, 13, 13, 1, 'V~O', 1, NULL, 'ADV', 1, NULL, 1, 0, 0);
INSERT INTO `vtiger_field` VALUES (7, 49, 'industry', 'vtiger_leaddetails', 1, '15', 'industry', 'Industry', 1, 2, '', 100, 12, 13, 1, 'V~O', 1, NULL, 'ADV', 1, NULL, 0, 0, 0);
INSERT INTO `vtiger_field` VALUES (7, 50, 'leadstatus', 'vtiger_leaddetails', 1, '15', 'leadstatus', 'Lead Status', 1, 2, '', 100, 15, 13, 1, 'V~O', 1, NULL, 'BAS', 1, NULL, 0, 0, 0);
INSERT INTO `vtiger_field` VALUES (7, 51, 'annualrevenue', 'vtiger_leaddetails', 1, '71', 'annualrevenue', 'Annual Revenue', 1, 2, '', 100, 14, 13, 1, 'N~O', 1, NULL, 'ADV', 1, NULL, 0, 0, 0);
INSERT INTO `vtiger_field` VALUES (7, 52, 'rating', 'vtiger_leaddetails', 1, '15', 'rating', 'Rating', 1, 2, '', 100, 17, 13, 1, 'V~O', 1, NULL, 'ADV', 1, NULL, 0, 0, 0);
INSERT INTO `vtiger_field` VALUES (7, 53, 'noofemployees', 'vtiger_leaddetails', 1, '1', 'noofemployees', 'No Of Employees', 1, 2, '', 100, 16, 13, 1, 'I~O', 1, NULL, 'ADV', 1, NULL, 0, 0, 0);
INSERT INTO `vtiger_field` VALUES (7, 54, 'smownerid', 'vtiger_crmentity', 1, '53', 'assigned_user_id', 'Assigned To', 1, 0, '', 100, 19, 13, 1, 'V~M', 0, 6, 'BAS', 1, NULL, 1, 0, 0);
INSERT INTO `vtiger_field` VALUES (7, 55, 'secondaryemail', 'vtiger_leaddetails', 1, '13', 'secondaryemail', 'Secondary Email', 1, 2, '', 100, 18, 13, 1, 'E~O', 1, NULL, 'ADV', 1, NULL, 0, 0, 0);
INSERT INTO `vtiger_field` VALUES (7, 56, 'createdtime', 'vtiger_crmentity', 1, '70', 'createdtime', 'Created Time', 1, 0, '', 100, 21, 13, 2, 'DT~O', 3, NULL, 'BAS', 0, NULL, 0, 0, 0);
INSERT INTO `vtiger_field` VALUES (7, 57, 'modifiedtime', 'vtiger_crmentity', 1, '70', 'modifiedtime', 'Modified Time', 1, 0, '', 100, 20, 13, 2, 'DT~O', 3, NULL, 'BAS', 0, NULL, 0, 0, 0);
INSERT INTO `vtiger_field` VALUES (7, 58, 'modifiedby', 'vtiger_crmentity', 1, '52', 'modifiedby', 'Last Modified By', 1, 0, '', 100, 23, 13, 3, 'V~O', 3, NULL, 'BAS', 0, NULL, 0, 0, 0);
INSERT INTO `vtiger_field` VALUES (7, 59, 'lane', 'vtiger_leadaddress', 1, '21', 'lane', 'Street', 1, 2, '', 100, 1, 15, 1, 'V~O', 1, NULL, 'BAS', 1, NULL, 0, 0, 0);
INSERT INTO `vtiger_field` VALUES (7, 60, 'code', 'vtiger_leadaddress', 1, '1', 'code', 'Postal Code', 1, 2, '', 100, 3, 15, 1, 'V~O', 1, NULL, 'BAS', 1, NULL, 0, 0, 0);
INSERT INTO `vtiger_field` VALUES (7, 61, 'city', 'vtiger_leadaddress', 1, '1', 'city', 'City', 1, 2, '', 100, 4, 15, 1, 'V~O', 1, NULL, 'BAS', 1, NULL, 1, 0, 0);
INSERT INTO `vtiger_field` VALUES (7, 62, 'country', 'vtiger_leadaddress', 1, '1', 'country', 'Country', 1, 2, '', 100, 5, 15, 1, 'V~O', 1, NULL, 'BAS', 1, NULL, 1, 0, 0);
INSERT INTO `vtiger_field` VALUES (7, 63, 'state', 'vtiger_leadaddress', 1, '1', 'state', 'State', 1, 2, '', 100, 6, 15, 1, 'V~O', 1, NULL, 'BAS', 1, NULL, 0, 0, 0);
INSERT INTO `vtiger_field` VALUES (7, 64, 'pobox', 'vtiger_leadaddress', 1, '1', 'pobox', 'Po Box', 1, 2, '', 100, 2, 15, 1, 'V~O', 1, NULL, 'BAS', 1, NULL, 0, 0, 0);
INSERT INTO `vtiger_field` VALUES (7, 65, 'description', 'vtiger_crmentity', 1, '19', 'description', 'Description', 1, 2, '', 100, 1, 16, 1, 'V~O', 1, NULL, 'BAS', 1, NULL, 0, 0, 0);
INSERT INTO `vtiger_field` VALUES (4, 66, 'salutation', 'vtiger_contactdetails', 1, '55', 'salutationtype', 'Salutation', 1, 0, '', 100, 1, 4, 3, 'V~O', 1, NULL, 'BAS', 1, NULL, 0, 0, 0);
INSERT INTO `vtiger_field` VALUES (4, 67, 'firstname', 'vtiger_contactdetails', 1, '55', 'firstname', 'First Name', 1, 0, '', 100, 2, 4, 1, 'V~O', 2, 1, 'BAS', 1, NULL, 1, 0, 0);
INSERT INTO `vtiger_field` VALUES (4, 68, 'contact_no', 'vtiger_contactdetails', 1, '4', 'contact_no', 'Contact Id', 1, 0, '', 100, 3, 4, 1, 'V~O', 3, NULL, 'BAS', 0, NULL, 0, 0, 0);
INSERT INTO `vtiger_field` VALUES (4, 69, 'phone', 'vtiger_contactdetails', 1, '11', 'phone', 'Office Phone', 1, 2, '', 100, 5, 4, 1, 'V~O', 2, 4, 'BAS', 1, NULL, 0, 1, 0);
INSERT INTO `vtiger_field` VALUES (4, 70, 'lastname', 'vtiger_contactdetails', 1, '255', 'lastname', 'Last Name', 1, 0, '', 100, 4, 4, 1, 'V~M', 0, 2, 'BAS', 1, NULL, 1, 0, 0);
INSERT INTO `vtiger_field` VALUES (4, 71, 'mobile', 'vtiger_contactdetails', 1, '11', 'mobile', 'Mobile', 1, 2, '', 100, 7, 4, 1, 'V~O', 1, NULL, 'BAS', 1, NULL, 0, 0, 0);
INSERT INTO `vtiger_field` VALUES (4, 72, 'accountid', 'vtiger_contactdetails', 1, '51', 'account_id', 'Account Name', 1, 0, '', 100, 6, 4, 1, 'I~O', 2, 3, 'BAS', 1, NULL, 1, 0, 0);
INSERT INTO `vtiger_field` VALUES (4, 73, 'homephone', 'vtiger_contactsubdetails', 1, '11', 'homephone', 'Home Phone', 1, 2, '', 100, 9, 4, 1, 'V~O', 1, NULL, 'ADV', 1, NULL, 0, 0, 0);
INSERT INTO `vtiger_field` VALUES (4, 74, 'leadsource', 'vtiger_contactsubdetails', 1, '15', 'leadsource', 'Lead Source', 1, 2, '', 100, 8, 4, 1, 'V~O', 1, NULL, 'BAS', 1, NULL, 0, 0, 0);
INSERT INTO `vtiger_field` VALUES (4, 75, 'otherphone', 'vtiger_contactsubdetails', 1, '11', 'otherphone', 'Other Phone', 1, 2, '', 100, 11, 4, 1, 'V~O', 1, NULL, 'ADV', 1, NULL, 0, 0, 0);
INSERT INTO `vtiger_field` VALUES (4, 76, 'title', 'vtiger_contactdetails', 1, '1', 'title', 'Title', 1, 2, '', 100, 10, 4, 1, 'V~O', 1, NULL, 'BAS', 1, NULL, 1, 0, 0);
INSERT INTO `vtiger_field` VALUES (4, 77, 'fax', 'vtiger_contactdetails', 1, '11', 'fax', 'Fax', 1, 2, '', 100, 13, 4, 1, 'V~O', 1, NULL, 'BAS', 1, NULL, 0, 0, 0);
INSERT INTO `vtiger_field` VALUES (4, 78, 'department', 'vtiger_contactdetails', 1, '1', 'department', 'Department', 1, 2, '', 100, 12, 4, 1, 'V~O', 1, NULL, 'ADV', 1, NULL, 0, 0, 0);
INSERT INTO `vtiger_field` VALUES (4, 79, 'birthday', 'vtiger_contactsubdetails', 1, '5', 'birthday', 'Birthdate', 1, 2, '', 100, 16, 4, 1, 'D~O', 1, NULL, 'ADV', 1, NULL, 0, 0, 0);
INSERT INTO `vtiger_field` VALUES (4, 80, 'email', 'vtiger_contactdetails', 1, '13', 'email', 'Email', 1, 2, '', 100, 15, 4, 1, 'E~O', 2, 5, 'BAS', 1, NULL, 0, 1, 0);
INSERT INTO `vtiger_field` VALUES (4, 81, 'reportsto', 'vtiger_contactdetails', 1, '57', 'contact_id', 'Reports To', 1, 2, '', 100, 18, 4, 1, 'V~O', 1, NULL, 'ADV', 0, NULL, 0, 0, 0);
INSERT INTO `vtiger_field` VALUES (4, 82, 'assistant', 'vtiger_contactsubdetails', 1, '1', 'assistant', 'Assistant', 1, 2, '', 100, 17, 4, 1, 'V~O', 1, NULL, 'ADV', 1, NULL, 0, 0, 0);
INSERT INTO `vtiger_field` VALUES (4, 83, 'secondaryemail', 'vtiger_contactdetails', 1, '13', 'secondaryemail', 'Secondary Email', 1, 2, '', 100, 20, 4, 1, 'E~O', 1, NULL, 'ADV', 1, NULL, 0, 0, 0);
INSERT INTO `vtiger_field` VALUES (4, 84, 'assistantphone', 'vtiger_contactsubdetails', 1, '11', 'assistantphone', 'Assistant Phone', 1, 2, '', 100, 19, 4, 1, 'V~O', 1, NULL, 'ADV', 1, NULL, 0, 0, 0);
INSERT INTO `vtiger_field` VALUES (4, 85, 'donotcall', 'vtiger_contactdetails', 1, '56', 'donotcall', 'Do Not Call', 1, 2, '', 100, 22, 4, 1, 'C~O', 1, NULL, 'ADV', 1, NULL, 0, 0, 0);
INSERT INTO `vtiger_field` VALUES (4, 86, 'emailoptout', 'vtiger_contactdetails', 1, '56', 'emailoptout', 'Email Opt Out', 1, 0, '', 100, 21, 4, 1, 'C~O', 1, NULL, 'ADV', 1, NULL, 0, 0, 0);
INSERT INTO `vtiger_field` VALUES (4, 87, 'smownerid', 'vtiger_crmentity', 1, '53', 'assigned_user_id', 'Assigned To', 1, 0, '', 100, 24, 4, 1, 'V~M', 0, 6, 'BAS', 1, NULL, 1, 0, 0);
INSERT INTO `vtiger_field` VALUES (4, 88, 'reference', 'vtiger_contactdetails', 1, '56', 'reference', 'Reference', 1, 2, '', 10, 23, 4, 1, 'C~O', 1, NULL, 'ADV', 1, NULL, 0, 0, 0);
INSERT INTO `vtiger_field` VALUES (4, 89, 'notify_owner', 'vtiger_contactdetails', 1, '56', 'notify_owner', 'Notify Owner', 1, 2, '', 10, 26, 4, 1, 'C~O', 1, NULL, 'ADV', 1, NULL, 0, 0, 0);
INSERT INTO `vtiger_field` VALUES (4, 90, 'createdtime', 'vtiger_crmentity', 1, '70', 'createdtime', 'Created Time', 1, 0, '', 100, 25, 4, 2, 'DT~O', 3, NULL, 'BAS', 0, NULL, 0, 0, 0);
INSERT INTO `vtiger_field` VALUES (4, 91, 'modifiedtime', 'vtiger_crmentity', 1, '70', 'modifiedtime', 'Modified Time', 1, 0, '', 100, 27, 4, 2, 'DT~O', 3, NULL, 'BAS', 0, NULL, 0, 0, 0);
INSERT INTO `vtiger_field` VALUES (4, 92, 'modifiedby', 'vtiger_crmentity', 1, '52', 'modifiedby', 'Last Modified By', 1, 0, '', 100, 28, 4, 3, 'V~O', 3, NULL, 'BAS', 0, NULL, 0, 0, 0);
INSERT INTO `vtiger_field` VALUES (4, 93, 'portal', 'vtiger_customerdetails', 1, '56', 'portal', 'Portal User', 1, 2, '', 100, 1, 6, 1, 'C~O', 1, NULL, 'ADV', 1, NULL, 0, 0, 0);
INSERT INTO `vtiger_field` VALUES (4, 94, 'support_start_date', 'vtiger_customerdetails', 1, '5', 'support_start_date', 'Support Start Date', 1, 2, '', 100, 2, 6, 1, 'D~O', 1, NULL, 'ADV', 1, NULL, 0, 0, 0);
INSERT INTO `vtiger_field` VALUES (4, 95, 'support_end_date', 'vtiger_customerdetails', 1, '5', 'support_end_date', 'Support End Date', 1, 2, '', 100, 3, 6, 1, 'D~O~OTH~GE~support_start_date~Support Start Date', 1, NULL, 'ADV', 1, NULL, 0, 0, 0);
INSERT INTO `vtiger_field` VALUES (4, 96, 'mailingstreet', 'vtiger_contactaddress', 1, '21', 'mailingstreet', 'Mailing Street', 1, 2, '', 100, 1, 7, 1, 'V~O', 1, NULL, 'BAS', 1, NULL, 0, 0, 0);
INSERT INTO `vtiger_field` VALUES (4, 97, 'otherstreet', 'vtiger_contactaddress', 1, '21', 'otherstreet', 'Other Street', 1, 2, '', 100, 2, 7, 1, 'V~O', 1, NULL, 'BAS', 1, NULL, 0, 0, 0);
INSERT INTO `vtiger_field` VALUES (4, 98, 'mailingcity', 'vtiger_contactaddress', 1, '1', 'mailingcity', 'Mailing City', 1, 2, '', 100, 5, 7, 1, 'V~O', 1, NULL, 'BAS', 1, NULL, 1, 0, 0);
INSERT INTO `vtiger_field` VALUES (4, 99, 'othercity', 'vtiger_contactaddress', 1, '1', 'othercity', 'Other City', 1, 2, '', 100, 6, 7, 1, 'V~O', 1, NULL, 'BAS', 1, NULL, 0, 0, 0);
INSERT INTO `vtiger_field` VALUES (4, 100, 'mailingstate', 'vtiger_contactaddress', 1, '1', 'mailingstate', 'Mailing State', 1, 2, '', 100, 7, 7, 1, 'V~O', 1, NULL, 'BAS', 1, NULL, 0, 0, 0);
INSERT INTO `vtiger_field` VALUES (4, 101, 'otherstate', 'vtiger_contactaddress', 1, '1', 'otherstate', 'Other State', 1, 2, '', 100, 8, 7, 1, 'V~O', 1, NULL, 'BAS', 1, NULL, 0, 0, 0);
INSERT INTO `vtiger_field` VALUES (4, 102, 'mailingzip', 'vtiger_contactaddress', 1, '1', 'mailingzip', 'Mailing Zip', 1, 2, '', 100, 9, 7, 1, 'V~O', 1, NULL, 'BAS', 1, NULL, 0, 0, 0);
INSERT INTO `vtiger_field` VALUES (4, 103, 'otherzip', 'vtiger_contactaddress', 1, '1', 'otherzip', 'Other Zip', 1, 2, '', 100, 10, 7, 1, 'V~O', 1, NULL, 'BAS', 1, NULL, 0, 0, 0);
INSERT INTO `vtiger_field` VALUES (4, 104, 'mailingcountry', 'vtiger_contactaddress', 1, '1', 'mailingcountry', 'Mailing Country', 1, 2, '', 100, 11, 7, 1, 'V~O', 1, NULL, 'BAS', 1, NULL, 1, 0, 0);
INSERT INTO `vtiger_field` VALUES (4, 105, 'othercountry', 'vtiger_contactaddress', 1, '1', 'othercountry', 'Other Country', 1, 2, '', 100, 12, 7, 1, 'V~O', 1, NULL, 'BAS', 1, NULL, 0, 0, 0);
INSERT INTO `vtiger_field` VALUES (4, 106, 'mailingpobox', 'vtiger_contactaddress', 1, '1', 'mailingpobox', 'Mailing Po Box', 1, 2, '', 100, 3, 7, 1, 'V~O', 1, NULL, 'BAS', 1, NULL, 0, 0, 0);
INSERT INTO `vtiger_field` VALUES (4, 107, 'otherpobox', 'vtiger_contactaddress', 1, '1', 'otherpobox', 'Other Po Box', 1, 2, '', 100, 4, 7, 1, 'V~O', 1, NULL, 'BAS', 1, NULL, 0, 0, 0);
INSERT INTO `vtiger_field` VALUES (4, 108, 'imagename', 'vtiger_contactdetails', 1, '69', 'imagename', 'Contact Image', 1, 2, '', 100, 1, 73, 1, 'V~O', 3, NULL, 'ADV', 0, NULL, 0, 0, 0);
INSERT INTO `vtiger_field` VALUES (4, 109, 'description', 'vtiger_crmentity', 1, '19', 'description', 'Description', 1, 2, '', 100, 1, 8, 1, 'V~O', 1, NULL, 'BAS', 1, NULL, 0, 0, 0);
INSERT INTO `vtiger_field` VALUES (2, 110, 'potentialname', 'vtiger_potential', 1, '2', 'potentialname', 'Potential Name', 1, 0, '', 100, 1, 1, 1, 'V~M', 0, 1, 'BAS', 1, NULL, 1, 0, 0);
INSERT INTO `vtiger_field` VALUES (2, 111, 'potential_no', 'vtiger_potential', 1, '4', 'potential_no', 'Potential No', 1, 0, '', 100, 2, 1, 1, 'V~O', 3, NULL, 'BAS', 0, NULL, 0, 0, 0);
INSERT INTO `vtiger_field` VALUES (2, 112, 'amount', 'vtiger_potential', 1, '71', 'amount', 'Amount', 1, 2, '', 100, 5, 1, 1, 'N~O', 2, 5, 'BAS', 1, NULL, 0, 1, 0);
INSERT INTO `vtiger_field` VALUES (2, 113, 'related_to', 'vtiger_potential', 1, '10', 'related_to', 'Related To', 1, 0, '', 100, 3, 1, 1, 'V~O', 0, 2, 'BAS', 1, NULL, 0, 1, 0);
INSERT INTO `vtiger_field` VALUES (2, 114, 'closingdate', 'vtiger_potential', 1, '23', 'closingdate', 'Expected Close Date', 1, 2, '', 100, 8, 1, 1, 'D~M', 2, 3, 'BAS', 1, NULL, 1, 0, 0);
INSERT INTO `vtiger_field` VALUES (2, 115, 'potentialtype', 'vtiger_potential', 1, '15', 'opportunity_type', 'Type', 1, 2, '', 100, 7, 1, 1, 'V~O', 1, NULL, 'BAS', 1, NULL, 0, 0, 0);
INSERT INTO `vtiger_field` VALUES (2, 116, 'nextstep', 'vtiger_potential', 1, '1', 'nextstep', 'Next Step', 1, 2, '', 100, 10, 1, 1, 'V~O', 1, NULL, 'BAS', 1, NULL, 0, 0, 0);
INSERT INTO `vtiger_field` VALUES (2, 117, 'leadsource', 'vtiger_potential', 1, '15', 'leadsource', 'Lead Source', 1, 2, '', 100, 9, 1, 1, 'V~O', 1, NULL, 'BAS', 1, NULL, 0, 0, 0);
INSERT INTO `vtiger_field` VALUES (2, 118, 'sales_stage', 'vtiger_potential', 1, '15', 'sales_stage', 'Sales Stage', 1, 2, '', 100, 12, 1, 1, 'V~M', 2, 4, 'BAS', 1, NULL, 0, 1, 0);
INSERT INTO `vtiger_field` VALUES (2, 119, 'smownerid', 'vtiger_crmentity', 1, '53', 'assigned_user_id', 'Assigned To', 1, 2, '', 100, 11, 1, 1, 'V~M', 0, 6, 'BAS', 1, NULL, 1, 0, 0);
INSERT INTO `vtiger_field` VALUES (2, 120, 'probability', 'vtiger_potential', 1, '9', 'probability', 'Probability', 1, 2, '', 100, 14, 1, 1, 'N~O', 1, NULL, 'BAS', 1, NULL, 0, 0, 0);
INSERT INTO `vtiger_field` VALUES (2, 121, 'campaignid', 'vtiger_potential', 1, '58', 'campaignid', 'Campaign Source', 1, 2, '', 100, 13, 1, 1, 'N~O', 1, NULL, 'BAS', 1, NULL, 0, 0, 0);
INSERT INTO `vtiger_field` VALUES (2, 122, 'createdtime', 'vtiger_crmentity', 1, '70', 'createdtime', 'Created Time', 1, 0, '', 100, 16, 1, 2, 'DT~O', 3, NULL, 'BAS', 0, NULL, 0, 0, 0);
INSERT INTO `vtiger_field` VALUES (2, 123, 'modifiedtime', 'vtiger_crmentity', 1, '70', 'modifiedtime', 'Modified Time', 1, 0, '', 100, 15, 1, 2, 'DT~O', 3, NULL, 'BAS', 0, NULL, 0, 0, 0);
INSERT INTO `vtiger_field` VALUES (2, 124, 'modifiedby', 'vtiger_crmentity', 1, '52', 'modifiedby', 'Last Modified By', 1, 0, '', 100, 17, 1, 3, 'V~O', 3, NULL, 'BAS', 0, NULL, 0, 0, 0);
INSERT INTO `vtiger_field` VALUES (2, 125, 'description', 'vtiger_crmentity', 1, '19', 'description', 'Description', 1, 2, '', 100, 1, 3, 1, 'V~O', 1, NULL, 'BAS', 1, NULL, 0, 0, 0);
INSERT INTO `vtiger_field` VALUES (26, 126, 'campaignname', 'vtiger_campaign', 1, '2', 'campaignname', 'Campaign Name', 1, 0, '', 100, 1, 74, 1, 'V~M', 0, 1, 'BAS', 1, NULL, 1, 0, 0);
INSERT INTO `vtiger_field` VALUES (26, 127, 'campaign_no', 'vtiger_campaign', 1, '4', 'campaign_no', 'Campaign No', 1, 0, '', 100, 2, 74, 1, 'V~O', 3, NULL, 'BAS', 0, NULL, 0, 0, 0);
INSERT INTO `vtiger_field` VALUES (26, 128, 'campaigntype', 'vtiger_campaign', 1, '15', 'campaigntype', 'Campaign Type', 1, 2, '', 100, 5, 74, 1, 'V~O', 2, 3, 'BAS', 1, NULL, 1, 0, 0);
INSERT INTO `vtiger_field` VALUES (26, 129, 'product_id', 'vtiger_campaign', 1, '59', 'product_id', 'Product', 1, 2, '', 100, 6, 74, 1, 'I~O', 2, 5, 'BAS', 1, NULL, 0, 0, 0);
INSERT INTO `vtiger_field` VALUES (26, 130, 'campaignstatus', 'vtiger_campaign', 1, '15', 'campaignstatus', 'Campaign Status', 1, 2, '', 100, 4, 74, 1, 'V~O', 2, 6, 'BAS', 1, NULL, 1, 0, 0);
INSERT INTO `vtiger_field` VALUES (26, 131, 'closingdate', 'vtiger_campaign', 1, '23', 'closingdate', 'Expected Close Date', 1, 2, '', 100, 8, 74, 1, 'D~M', 2, 2, 'BAS', 1, NULL, 1, 0, 0);
INSERT INTO `vtiger_field` VALUES (26, 132, 'smownerid', 'vtiger_crmentity', 1, '53', 'assigned_user_id', 'Assigned To', 1, 0, '', 100, 3, 74, 1, 'V~M', 0, 7, 'BAS', 1, NULL, 1, 0, 0);
INSERT INTO `vtiger_field` VALUES (26, 133, 'numsent', 'vtiger_campaign', 1, '9', 'numsent', 'Num Sent', 1, 2, '', 100, 12, 74, 1, 'N~O', 1, NULL, 'BAS', 1, NULL, 0, 0, 0);
INSERT INTO `vtiger_field` VALUES (26, 134, 'sponsor', 'vtiger_campaign', 1, '1', 'sponsor', 'Sponsor', 1, 2, '', 100, 9, 74, 1, 'V~O', 1, NULL, 'BAS', 1, NULL, 0, 0, 0);
INSERT INTO `vtiger_field` VALUES (26, 135, 'targetaudience', 'vtiger_campaign', 1, '1', 'targetaudience', 'Target Audience', 1, 2, '', 100, 7, 74, 1, 'V~O', 1, NULL, 'BAS', 1, NULL, 0, 0, 0);
INSERT INTO `vtiger_field` VALUES (26, 136, 'targetsize', 'vtiger_campaign', 1, '1', 'targetsize', 'TargetSize', 1, 2, '', 100, 10, 74, 1, 'I~O', 1, NULL, 'BAS', 1, NULL, 0, 0, 0);
INSERT INTO `vtiger_field` VALUES (26, 137, 'createdtime', 'vtiger_crmentity', 1, '70', 'createdtime', 'Created Time', 1, 0, '', 100, 11, 74, 2, 'DT~O', 3, NULL, 'BAS', 0, NULL, 0, 0, 0);
INSERT INTO `vtiger_field` VALUES (26, 138, 'modifiedtime', 'vtiger_crmentity', 1, '70', 'modifiedtime', 'Modified Time', 1, 0, '', 100, 13, 74, 2, 'DT~O', 3, NULL, 'BAS', 0, NULL, 0, 0, 0);
INSERT INTO `vtiger_field` VALUES (26, 139, 'modifiedby', 'vtiger_crmentity', 1, '52', 'modifiedby', 'Last Modified By', 1, 0, '', 100, 16, 74, 3, 'V~O', 3, NULL, 'BAS', 0, NULL, 0, 0, 0);
INSERT INTO `vtiger_field` VALUES (26, 140, 'expectedresponse', 'vtiger_campaign', 1, '15', 'expectedresponse', 'Expected Response', 1, 2, '', 100, 3, 76, 1, 'V~O', 2, 4, 'BAS', 1, NULL, 0, 0, 0);
INSERT INTO `vtiger_field` VALUES (26, 141, 'expectedrevenue', 'vtiger_campaign', 1, '71', 'expectedrevenue', 'Expected Revenue', 1, 2, '', 100, 4, 76, 1, 'N~O', 1, NULL, 'BAS', 1, NULL, 1, 0, 0);
INSERT INTO `vtiger_field` VALUES (26, 142, 'budgetcost', 'vtiger_campaign', 1, '71', 'budgetcost', 'Budget Cost', 1, 2, '', 100, 1, 76, 1, 'N~O', 1, NULL, 'BAS', 1, NULL, 0, 0, 0);
INSERT INTO `vtiger_field` VALUES (26, 143, 'actualcost', 'vtiger_campaign', 1, '71', 'actualcost', 'Actual Cost', 1, 2, '', 100, 2, 76, 1, 'N~O', 1, NULL, 'BAS', 1, NULL, 0, 0, 0);
INSERT INTO `vtiger_field` VALUES (26, 144, 'expectedresponsecount', 'vtiger_campaign', 1, '1', 'expectedresponsecount', 'Expected Response Count', 1, 2, '', 100, 7, 76, 1, 'I~O', 1, NULL, 'BAS', 1, NULL, 0, 0, 0);
INSERT INTO `vtiger_field` VALUES (26, 145, 'expectedsalescount', 'vtiger_campaign', 1, '1', 'expectedsalescount', 'Expected Sales Count', 1, 2, '', 100, 5, 76, 1, 'I~O', 1, NULL, 'BAS', 1, NULL, 0, 0, 0);
INSERT INTO `vtiger_field` VALUES (26, 146, 'expectedroi', 'vtiger_campaign', 1, '71', 'expectedroi', 'Expected ROI', 1, 2, '', 100, 9, 76, 1, 'N~O', 1, NULL, 'BAS', 1, NULL, 0, 0, 0);
INSERT INTO `vtiger_field` VALUES (26, 147, 'actualresponsecount', 'vtiger_campaign', 1, '1', 'actualresponsecount', 'Actual Response Count', 1, 2, '', 100, 8, 76, 1, 'I~O', 1, NULL, 'BAS', 1, NULL, 0, 0, 0);
INSERT INTO `vtiger_field` VALUES (26, 148, 'actualsalescount', 'vtiger_campaign', 1, '1', 'actualsalescount', 'Actual Sales Count', 1, 2, '', 100, 6, 76, 1, 'I~O', 1, NULL, 'BAS', 1, NULL, 0, 0, 0);
INSERT INTO `vtiger_field` VALUES (26, 149, 'actualroi', 'vtiger_campaign', 1, '71', 'actualroi', 'Actual ROI', 1, 2, '', 100, 10, 76, 1, 'N~O', 1, NULL, 'BAS', 1, NULL, 0, 0, 0);
INSERT INTO `vtiger_field` VALUES (26, 150, 'description', 'vtiger_crmentity', 1, '19', 'description', 'Description', 1, 2, '', 100, 1, 81, 1, 'V~O', 1, NULL, 'BAS', 1, NULL, 0, 0, 0);
INSERT INTO `vtiger_field` VALUES (4, 151, 'campaignrelstatus', 'vtiger_campaignrelstatus', 1, '16', 'campaignrelstatus', 'Status', 1, 0, '0', 100, 1, NULL, 1, 'V~O', 1, NULL, 'BAS', 0, NULL, 0, 0, 0);
INSERT INTO `vtiger_field` VALUES (6, 152, 'campaignrelstatus', 'vtiger_campaignrelstatus', 1, '16', 'campaignrelstatus', 'Status', 1, 0, '0', 100, 1, NULL, 1, 'V~O', 1, NULL, 'BAS', 0, NULL, 0, 0, 0);
INSERT INTO `vtiger_field` VALUES (7, 153, 'campaignrelstatus', 'vtiger_campaignrelstatus', 1, '16', 'campaignrelstatus', 'Status', 1, 0, '0', 100, 1, NULL, 1, 'V~O', 1, NULL, 'BAS', 0, NULL, 0, 0, 0);
INSERT INTO `vtiger_field` VALUES (26, 154, 'campaignrelstatus', 'vtiger_campaignrelstatus', 1, '16', 'campaignrelstatus', 'Status', 1, 0, '0', 100, 1, NULL, 1, 'V~O', 1, NULL, 'BAS', 0, NULL, 0, 0, 0);
INSERT INTO `vtiger_field` VALUES (13, 155, 'ticket_no', 'vtiger_troubletickets', 1, '4', 'ticket_no', 'Ticket No', 1, 0, '', 100, 14, 25, 1, 'V~O', 3, NULL, 'BAS', 0, NULL, 1, 0, 0);
INSERT INTO `vtiger_field` VALUES (13, 156, 'smownerid', 'vtiger_crmentity', 1, '53', 'assigned_user_id', 'Assigned To', 1, 0, '', 100, 5, 25, 1, 'V~M', 0, 4, 'BAS', 1, NULL, 1, 0, 0);
INSERT INTO `vtiger_field` VALUES (13, 157, 'parent_id', 'vtiger_troubletickets', 1, '10', 'parent_id', 'Related To', 1, 0, '', 100, 2, 25, 1, 'I~O', 1, NULL, 'BAS', 1, NULL, 1, 0, 0);
INSERT INTO `vtiger_field` VALUES (13, 158, 'priority', 'vtiger_troubletickets', 1, '15', 'ticketpriorities', 'Priority', 1, 2, '', 100, 7, 25, 1, 'V~M', 2, 3, 'BAS', 1, NULL, 1, 0, 0);
INSERT INTO `vtiger_field` VALUES (13, 159, 'product_id', 'vtiger_troubletickets', 1, '59', 'product_id', 'Product Name', 1, 2, '', 100, 6, 25, 1, 'I~O', 1, NULL, 'BAS', 1, NULL, 0, 0, 0);
INSERT INTO `vtiger_field` VALUES (13, 160, 'severity', 'vtiger_troubletickets', 1, '15', 'ticketseverities', 'Severity', 1, 2, '', 100, 9, 25, 1, 'V~O', 1, NULL, 'BAS', 1, NULL, 1, 0, 0);
INSERT INTO `vtiger_field` VALUES (13, 161, 'status', 'vtiger_troubletickets', 1, '15', 'ticketstatus', 'Status', 1, 2, '', 100, 8, 25, 1, 'V~M', 1, 2, 'BAS', 1, NULL, 1, 0, 0);
INSERT INTO `vtiger_field` VALUES (13, 162, 'category', 'vtiger_troubletickets', 1, '15', 'ticketcategories', 'Category', 1, 2, '', 100, 11, 25, 1, 'V~O', 1, NULL, 'BAS', 1, NULL, 0, 0, 0);
INSERT INTO `vtiger_field` VALUES (13, 163, 'update_log', 'vtiger_troubletickets', 1, '19', 'update_log', 'Update History', 1, 1, '', 100, 12, 25, 3, 'V~O', 1, NULL, 'BAS', 0, NULL, 0, 0, 0);
INSERT INTO `vtiger_field` VALUES (13, 164, 'hours', 'vtiger_troubletickets', 1, '1', 'hours', 'Hours', 1, 2, '', 100, 10, 25, 1, 'N~O', 1, NULL, 'BAS', 1, 'This gives the estimated hours for the Ticket.<br>When the same ticket is added to a Service Contract,based on the Tracking Unit of the Service Contract,Used units is updated whenever a ticket is Closed.', 0, 0, 0);
INSERT INTO `vtiger_field` VALUES (13, 165, 'days', 'vtiger_troubletickets', 1, '1', 'days', 'Days', 1, 2, '', 100, 11, 25, 1, 'N~O', 1, NULL, 'BAS', 1, 'This gives the estimated days for the Ticket.<br>When the same ticket is added to a Service Contract,based on the Tracking Unit of the Service Contract,Used units is updated whenever a ticket is Closed.', 0, 0, 0);
INSERT INTO `vtiger_field` VALUES (13, 166, 'createdtime', 'vtiger_crmentity', 1, '70', 'createdtime', 'Created Time', 1, 0, '', 100, 10, 25, 2, 'DT~O', 3, NULL, 'BAS', 0, NULL, 0, 0, 0);
INSERT INTO `vtiger_field` VALUES (13, 167, 'modifiedtime', 'vtiger_crmentity', 1, '70', 'modifiedtime', 'Modified Time', 1, 0, '', 100, 13, 25, 2, 'DT~O', 3, NULL, 'BAS', 0, NULL, 0, 0, 0);
INSERT INTO `vtiger_field` VALUES (13, 168, 'from_portal', 'vtiger_ticketcf', 1, '56', 'from_portal', 'From Portal', 1, 0, '', 100, 14, 25, 3, 'C~O', 3, NULL, 'BAS', 0, NULL, 0, 0, 0);
INSERT INTO `vtiger_field` VALUES (13, 169, 'modifiedby', 'vtiger_crmentity', 1, '52', 'modifiedby', 'Last Modified By', 1, 0, '', 100, 17, 25, 3, 'V~O', 3, NULL, 'BAS', 0, NULL, 0, 0, 0);
INSERT INTO `vtiger_field` VALUES (13, 170, 'title', 'vtiger_troubletickets', 1, '22', 'ticket_title', 'Title', 1, 0, '', 100, 1, 25, 1, 'V~M', 0, 1, 'BAS', 1, NULL, 1, 0, 0);
INSERT INTO `vtiger_field` VALUES (13, 171, 'description', 'vtiger_crmentity', 1, '19', 'description', 'Description', 1, 2, '', 100, 1, 28, 1, 'V~O', 2, 4, 'BAS', 1, NULL, 1, 0, 0);
INSERT INTO `vtiger_field` VALUES (13, 172, 'solution', 'vtiger_troubletickets', 1, '19', 'solution', 'Solution', 1, 0, '', 100, 1, 29, 1, 'V~O', 3, NULL, 'BAS', 0, NULL, 0, 0, 0);
INSERT INTO `vtiger_field` VALUES (13, 173, 'comments', 'vtiger_ticketcomments', 1, '19', 'comments', 'Add Comment', 1, 1, '', 100, 1, 30, 1, 'V~O', 3, NULL, 'BAS', 0, NULL, 0, 0, 0);
INSERT INTO `vtiger_field` VALUES (14, 174, 'productname', 'vtiger_products', 1, '2', 'productname', 'Product Name', 1, 0, '', 100, 1, 31, 1, 'V~M', 0, 1, 'BAS', 1, NULL, 1, 0, 0);
INSERT INTO `vtiger_field` VALUES (14, 175, 'product_no', 'vtiger_products', 1, '4', 'product_no', 'Product No', 1, 0, '', 100, 2, 31, 1, 'V~O', 3, NULL, 'BAS', 0, NULL, 0, 1, 0);
INSERT INTO `vtiger_field` VALUES (14, 176, 'productcode', 'vtiger_products', 1, '1', 'productcode', 'Part Number', 1, 2, '', 100, 4, 31, 1, 'V~O', 1, NULL, 'BAS', 1, NULL, 1, 0, 0);
INSERT INTO `vtiger_field` VALUES (14, 177, 'discontinued', 'vtiger_products', 1, '56', 'discontinued', 'Product Active', 1, 2, '1', 100, 3, 31, 1, 'V~O', 2, 2, 'BAS', 1, NULL, 0, 1, 0);
INSERT INTO `vtiger_field` VALUES (14, 178, 'manufacturer', 'vtiger_products', 1, '15', 'manufacturer', 'Manufacturer', 1, 2, '', 100, 6, 31, 1, 'V~O', 1, NULL, 'BAS', 1, NULL, 0, 0, 0);
INSERT INTO `vtiger_field` VALUES (14, 179, 'productcategory', 'vtiger_products', 1, '15', 'productcategory', 'Product Category', 1, 2, '', 100, 6, 31, 1, 'V~O', 1, NULL, 'BAS', 1, NULL, 0, 1, 0);
INSERT INTO `vtiger_field` VALUES (14, 180, 'sales_start_date', 'vtiger_products', 1, '5', 'sales_start_date', 'Sales Start Date', 1, 2, '', 100, 5, 31, 1, 'D~O', 1, NULL, 'BAS', 1, NULL, 0, 0, 0);
INSERT INTO `vtiger_field` VALUES (14, 181, 'sales_end_date', 'vtiger_products', 1, '5', 'sales_end_date', 'Sales End Date', 1, 2, '', 100, 8, 31, 1, 'D~O~OTH~GE~sales_start_date~Sales Start Date', 1, NULL, 'BAS', 1, NULL, 0, 0, 0);
INSERT INTO `vtiger_field` VALUES (14, 182, 'start_date', 'vtiger_products', 1, '5', 'start_date', 'Support Start Date', 1, 2, '', 100, 7, 31, 1, 'D~O', 1, NULL, 'BAS', 1, NULL, 0, 0, 0);
INSERT INTO `vtiger_field` VALUES (14, 183, 'expiry_date', 'vtiger_products', 1, '5', 'expiry_date', 'Support Expiry Date', 1, 2, '', 100, 10, 31, 1, 'D~O~OTH~GE~start_date~Start Date', 1, NULL, 'BAS', 1, NULL, 0, 0, 0);
INSERT INTO `vtiger_field` VALUES (14, 184, 'website', 'vtiger_products', 1, '17', 'website', 'Website', 1, 2, '', 100, 14, 31, 1, 'V~O', 1, NULL, 'BAS', 1, NULL, 0, 0, 0);
INSERT INTO `vtiger_field` VALUES (14, 185, 'vendor_id', 'vtiger_products', 1, '75', 'vendor_id', 'Vendor Name', 1, 2, '', 100, 13, 31, 1, 'I~O', 1, NULL, 'BAS', 1, NULL, 0, 0, 0);
INSERT INTO `vtiger_field` VALUES (14, 186, 'mfr_part_no', 'vtiger_products', 1, '1', 'mfr_part_no', 'Mfr PartNo', 1, 2, '', 100, 16, 31, 1, 'V~O', 1, NULL, 'BAS', 1, NULL, 0, 0, 0);
INSERT INTO `vtiger_field` VALUES (14, 187, 'vendor_part_no', 'vtiger_products', 1, '1', 'vendor_part_no', 'Vendor PartNo', 1, 2, '', 100, 15, 31, 1, 'V~O', 1, NULL, 'BAS', 1, NULL, 0, 0, 0);
INSERT INTO `vtiger_field` VALUES (14, 188, 'serialno', 'vtiger_products', 1, '1', 'serial_no', 'Serial No', 1, 2, '', 100, 18, 31, 1, 'V~O', 1, NULL, 'BAS', 1, NULL, 0, 0, 0);
INSERT INTO `vtiger_field` VALUES (14, 189, 'productsheet', 'vtiger_products', 1, '1', 'productsheet', 'Product Sheet', 1, 2, '', 100, 17, 31, 1, 'V~O', 1, NULL, 'BAS', 1, NULL, 0, 0, 0);
INSERT INTO `vtiger_field` VALUES (14, 190, 'glacct', 'vtiger_products', 1, '15', 'glacct', 'GL Account', 1, 2, '', 100, 20, 31, 1, 'V~O', 1, NULL, 'BAS', 1, NULL, 0, 0, 0);
INSERT INTO `vtiger_field` VALUES (14, 191, 'createdtime', 'vtiger_crmentity', 1, '70', 'createdtime', 'Created Time', 1, 0, '', 100, 19, 31, 2, 'DT~O', 3, NULL, 'BAS', 0, NULL, 0, 0, 0);
INSERT INTO `vtiger_field` VALUES (14, 192, 'modifiedtime', 'vtiger_crmentity', 1, '70', 'modifiedtime', 'Modified Time', 1, 0, '', 100, 21, 31, 2, 'DT~O', 3, NULL, 'BAS', 0, NULL, 0, 0, 0);
INSERT INTO `vtiger_field` VALUES (14, 193, 'modifiedby', 'vtiger_crmentity', 1, '52', 'modifiedby', 'Last Modified By', 1, 0, '', 100, 22, 31, 3, 'V~O', 3, NULL, 'BAS', 0, NULL, 0, 0, 0);
INSERT INTO `vtiger_field` VALUES (14, 194, 'unit_price', 'vtiger_products', 1, '72', 'unit_price', 'Unit Price', 1, 0, '', 100, 1, 32, 1, 'N~O', 2, 3, 'BAS', 0, NULL, 1, 0, 0);
INSERT INTO `vtiger_field` VALUES (14, 195, 'commissionrate', 'vtiger_products', 1, '9', 'commissionrate', 'Commission Rate', 1, 2, '', 100, 2, 32, 1, 'N~O', 1, NULL, 'BAS', 1, NULL, 1, 0, 0);
INSERT INTO `vtiger_field` VALUES (14, 196, 'taxclass', 'vtiger_products', 1, '83', 'taxclass', 'Taxes', 1, 2, '', 100, 4, 32, 1, 'V~O', 2, NULL, 'BAS', 1, NULL, 0, 0, 0);
INSERT INTO `vtiger_field` VALUES (14, 197, 'usageunit', 'vtiger_products', 1, '15', 'usageunit', 'Usage Unit', 1, 2, '', 100, 1, 33, 1, 'V~O', 1, NULL, 'ADV', 1, NULL, 0, 0, 0);
INSERT INTO `vtiger_field` VALUES (14, 198, 'qty_per_unit', 'vtiger_products', 1, '1', 'qty_per_unit', 'Qty/Unit', 1, 2, '', 100, 2, 33, 1, 'N~O', 1, NULL, 'ADV', 1, NULL, 1, 0, 0);
INSERT INTO `vtiger_field` VALUES (14, 199, 'qtyinstock', 'vtiger_products', 1, '1', 'qtyinstock', 'Qty In Stock', 1, 2, '', 100, 3, 33, 1, 'NN~O', 0, 4, 'ADV', 1, NULL, 0, 1, 0);
INSERT INTO `vtiger_field` VALUES (14, 200, 'reorderlevel', 'vtiger_products', 1, '1', 'reorderlevel', 'Reorder Level', 1, 2, '', 100, 4, 33, 1, 'I~O', 1, NULL, 'ADV', 1, NULL, 0, 0, 0);
INSERT INTO `vtiger_field` VALUES (14, 201, 'smownerid', 'vtiger_crmentity', 1, '53', 'assigned_user_id', 'Handler', 1, 0, '', 100, 5, 33, 1, 'V~M', 0, 5, 'BAS', 1, NULL, 0, 0, 0);
INSERT INTO `vtiger_field` VALUES (14, 202, 'qtyindemand', 'vtiger_products', 1, '1', 'qtyindemand', 'Qty In Demand', 1, 2, '', 100, 6, 33, 1, 'I~O', 1, NULL, 'ADV', 1, NULL, 0, 0, 0);
INSERT INTO `vtiger_field` VALUES (14, 203, 'imagename', 'vtiger_products', 1, '69', 'imagename', 'Product Image', 1, 2, '', 100, 1, 35, 1, 'V~O', 3, NULL, 'ADV', 0, NULL, 0, 0, 0);
INSERT INTO `vtiger_field` VALUES (14, 204, 'description', 'vtiger_crmentity', 1, '19', 'description', 'Description', 1, 2, '', 100, 1, 36, 1, 'V~O', 1, NULL, 'BAS', 1, NULL, 0, 0, 0);
INSERT INTO `vtiger_field` VALUES (8, 205, 'title', 'vtiger_notes', 1, '2', 'notes_title', 'Title', 1, 0, '', 100, 1, 17, 1, 'V~M', 0, 1, 'BAS', 1, NULL, 1, 0, 0);
INSERT INTO `vtiger_field` VALUES (8, 206, 'createdtime', 'vtiger_crmentity', 1, '70', 'createdtime', 'Created Time', 1, 0, '', 100, 5, 17, 2, 'DT~O', 3, NULL, 'BAS', 0, NULL, 0, 0, 0);
INSERT INTO `vtiger_field` VALUES (8, 207, 'modifiedtime', 'vtiger_crmentity', 1, '70', 'modifiedtime', 'Modified Time', 1, 0, '', 100, 6, 17, 2, 'DT~O', 3, NULL, 'BAS', 0, NULL, 1, 0, 0);
INSERT INTO `vtiger_field` VALUES (8, 208, 'filename', 'vtiger_notes', 1, '28', 'filename', 'File Name', 1, 2, '', 100, 3, 18, 1, 'V~O', 0, NULL, 'BAS', 0, NULL, 1, 0, 0);
INSERT INTO `vtiger_field` VALUES (8, 209, 'smownerid', 'vtiger_crmentity', 1, '53', 'assigned_user_id', 'Assigned To', 1, 0, '', 100, 4, 17, 1, 'V~M', 0, 3, 'BAS', 1, NULL, 1, 0, 0);
INSERT INTO `vtiger_field` VALUES (8, 210, 'notecontent', 'vtiger_notes', 1, '19', 'notecontent', 'Note', 1, 2, '', 100, 1, 84, 1, 'V~O', 1, NULL, 'BAS', 0, NULL, 0, 0, 0);
INSERT INTO `vtiger_field` VALUES (8, 211, 'filetype', 'vtiger_notes', 1, '1', 'filetype', 'File Type', 1, 2, NULL, 100, 5, 18, 2, 'V~O', 3, NULL, 'BAS', 0, NULL, 0, 0, 0);
INSERT INTO `vtiger_field` VALUES (8, 212, 'filesize', 'vtiger_notes', 1, '1', 'filesize', 'File Size', 1, 2, NULL, 100, 4, 18, 2, 'I~O', 3, NULL, 'BAS', 0, NULL, 0, 0, 0);
INSERT INTO `vtiger_field` VALUES (8, 213, 'filelocationtype', 'vtiger_notes', 1, '27', 'filelocationtype', 'Download Type', 1, 0, NULL, 100, 1, 18, 1, 'V~O', 0, NULL, 'BAS', 0, NULL, 0, 0, 0);
INSERT INTO `vtiger_field` VALUES (8, 214, 'fileversion', 'vtiger_notes', 1, '1', 'fileversion', 'Version', 1, 2, NULL, 100, 6, 18, 1, 'V~O', 1, NULL, 'BAS', 1, NULL, 0, 0, 0);
INSERT INTO `vtiger_field` VALUES (8, 215, 'filestatus', 'vtiger_notes', 1, '56', 'filestatus', 'Active', 1, 2, '1', 100, 2, 18, 1, 'V~O', 1, NULL, 'BAS', 1, NULL, 0, 0, 0);
INSERT INTO `vtiger_field` VALUES (8, 216, 'filedownloadcount', 'vtiger_notes', 1, '1', 'filedownloadcount', 'Download Count', 1, 2, NULL, 100, 7, 18, 2, 'I~O', 3, NULL, 'BAS', 0, NULL, 0, 0, 0);
INSERT INTO `vtiger_field` VALUES (8, 217, 'folderid', 'vtiger_notes', 1, '26', 'folderid', 'Folder Name', 1, 2, '', 100, 2, 17, 1, 'V~O', 2, 2, 'BAS', 1, NULL, 1, 0, 0);
INSERT INTO `vtiger_field` VALUES (8, 218, 'note_no', 'vtiger_notes', 1, '4', 'note_no', 'Document No', 1, 0, '', 100, 3, 17, 1, 'V~O', 3, NULL, 'BAS', 0, NULL, 0, 0, 0);
INSERT INTO `vtiger_field` VALUES (8, 219, 'modifiedby', 'vtiger_crmentity', 1, '52', 'modifiedby', 'Last Modified By', 1, 0, '', 100, 12, 17, 3, 'V~O', 3, NULL, 'BAS', 0, NULL, 0, 0, 0);
INSERT INTO `vtiger_field` VALUES (10, 220, 'date_start', 'vtiger_activity', 1, '6', 'date_start', 'Date & Time Sent', 1, 0, '', 100, 1, 21, 1, 'DT~M~time_start~Time Start', 1, NULL, 'BAS', 1, NULL, 0, 0, 0);
INSERT INTO `vtiger_field` VALUES (10, 221, 'semodule', 'vtiger_activity', 1, '2', 'parent_type', 'Sales Enity Module', 1, 0, '', 100, 2, 21, 3, '', 1, NULL, 'BAS', 1, NULL, 0, 0, 0);
INSERT INTO `vtiger_field` VALUES (10, 222, 'activitytype', 'vtiger_activity', 1, '2', 'activitytype', 'Activtiy Type', 1, 0, '', 100, 3, 21, 3, 'V~O', 1, NULL, 'BAS', 1, NULL, 0, 0, 0);
INSERT INTO `vtiger_field` VALUES (10, 223, 'smownerid', 'vtiger_crmentity', 1, '53', 'assigned_user_id', 'Assigned To', 1, 0, '', 100, 5, 21, 1, 'V~M', 1, NULL, 'BAS', 1, NULL, 0, 0, 0);
INSERT INTO `vtiger_field` VALUES (10, 224, 'subject', 'vtiger_activity', 1, '2', 'subject', 'Subject', 1, 0, '', 100, 1, 23, 1, 'V~M', 1, NULL, 'BAS', 1, NULL, 0, 0, 0);
INSERT INTO `vtiger_field` VALUES (10, 225, 'name', 'vtiger_attachments', 1, '61', 'filename', 'Attachment', 1, 0, '', 100, 2, 23, 1, 'V~O', 1, NULL, 'BAS', 1, NULL, 0, 0, 0);
INSERT INTO `vtiger_field` VALUES (10, 226, 'description', 'vtiger_crmentity', 1, '19', 'description', 'Description', 1, 0, '', 100, 1, 24, 1, 'V~O', 1, NULL, 'BAS', 1, NULL, 0, 0, 0);
INSERT INTO `vtiger_field` VALUES (10, 227, 'time_start', 'vtiger_activity', 1, '2', 'time_start', 'Time Start', 1, 0, '', 100, 9, 23, 1, 'T~O', 1, NULL, 'BAS', 1, NULL, 0, 0, 0);
INSERT INTO `vtiger_field` VALUES (10, 228, 'createdtime', 'vtiger_crmentity', 1, '70', 'createdtime', 'Created Time', 1, 0, '', 100, 10, 22, 1, 'DT~O', 3, NULL, 'BAS', 0, NULL, 0, 0, 0);
INSERT INTO `vtiger_field` VALUES (10, 229, 'modifiedtime', 'vtiger_crmentity', 1, '70', 'modifiedtime', 'Modified Time', 1, 0, '', 100, 11, 21, 2, 'DT~O', 3, NULL, 'BAS', 0, NULL, 0, 0, 0);
INSERT INTO `vtiger_field` VALUES (10, 230, 'access_count', 'vtiger_email_track', 1, '25', 'access_count', 'Access Count', 1, 0, '0', 100, 6, 21, 3, 'I~O', 1, NULL, 'BAS', 0, NULL, 0, 0, 0);
INSERT INTO `vtiger_field` VALUES (10, 231, 'modifiedby', 'vtiger_crmentity', 1, '52', 'modifiedby', 'Last Modified By', 1, 0, '', 100, 12, 21, 3, 'V~O', 3, NULL, 'BAS', 0, NULL, 0, 0, 0);
INSERT INTO `vtiger_field` VALUES (9, 232, 'subject', 'vtiger_activity', 1, '2', 'subject', 'Subject', 1, 0, '', 100, 1, 19, 1, 'V~M', 0, 1, 'BAS', 1, NULL, 1, 0, 0);
INSERT INTO `vtiger_field` VALUES (9, 233, 'smownerid', 'vtiger_crmentity', 1, '53', 'assigned_user_id', 'Assigned To', 1, 0, '', 100, 2, 19, 1, 'V~M', 0, 4, 'BAS', 1, NULL, 1, 0, 0);
INSERT INTO `vtiger_field` VALUES (9, 234, 'date_start', 'vtiger_activity', 1, '6', 'date_start', 'Start Date & Time', 1, 0, '', 100, 3, 19, 1, 'DT~M~time_start', 0, 2, 'BAS', 1, NULL, 1, 0, 0);
INSERT INTO `vtiger_field` VALUES (9, 235, 'time_start', 'vtiger_activity', 1, '2', 'time_start', 'Time Start', 1, 0, '', 100, 4, 19, 3, 'T~M', 1, NULL, 'BAS', 1, NULL, 1, 0, 0);
INSERT INTO `vtiger_field` VALUES (9, 236, 'time_end', 'vtiger_activity', 1, '2', 'time_end', 'End Time', 1, 0, '', 100, 4, 19, 3, 'T~O', 1, NULL, 'BAS', 1, NULL, 1, 0, 0);
INSERT INTO `vtiger_field` VALUES (9, 237, 'due_date', 'vtiger_activity', 1, '23', 'due_date', 'Due Date', 1, 0, '', 100, 5, 19, 1, 'D~M~OTH~GE~date_start~Start Date & Time', 1, NULL, 'BAS', 1, NULL, 1, 0, 0);
INSERT INTO `vtiger_field` VALUES (9, 238, 'crmid', 'vtiger_seactivityrel', 1, '66', 'parent_id', 'Related To', 1, 0, '', 100, 7, 19, 1, 'I~O', 1, NULL, 'BAS', 1, NULL, 1, 0, 0);
INSERT INTO `vtiger_field` VALUES (9, 239, 'contactid', 'vtiger_cntactivityrel', 1, '57', 'contact_id', 'Contact Name', 1, 0, '', 100, 8, 19, 1, 'I~O', 1, NULL, 'BAS', 1, NULL, 0, 0, 0);
INSERT INTO `vtiger_field` VALUES (9, 240, 'status', 'vtiger_activity', 1, '15', 'taskstatus', 'Status', 1, 0, '', 100, 8, 19, 1, 'V~M', 0, 3, 'BAS', 1, NULL, 0, 0, 0);
INSERT INTO `vtiger_field` VALUES (9, 241, 'eventstatus', 'vtiger_activity', 1, '15', 'eventstatus', 'Status', 1, 0, '', 100, 9, 19, 3, 'V~O', 1, NULL, 'BAS', 1, NULL, 0, 0, 0);
INSERT INTO `vtiger_field` VALUES (9, 242, 'priority', 'vtiger_activity', 1, '15', 'taskpriority', 'Priority', 1, 0, '', 100, 10, 19, 1, 'V~O', 1, NULL, 'BAS', 1, NULL, 0, 0, 0);
INSERT INTO `vtiger_field` VALUES (9, 243, 'sendnotification', 'vtiger_activity', 1, '56', 'sendnotification', 'Send Notification', 1, 0, '', 100, 11, 19, 1, 'C~O', 1, NULL, 'BAS', 1, NULL, 0, 0, 0);
INSERT INTO `vtiger_field` VALUES (9, 244, 'createdtime', 'vtiger_crmentity', 1, '70', 'createdtime', 'Created Time', 1, 0, '', 100, 14, 19, 2, 'DT~O', 3, NULL, 'BAS', 0, NULL, 0, 0, 0);
INSERT INTO `vtiger_field` VALUES (9, 245, 'modifiedtime', 'vtiger_crmentity', 1, '70', 'modifiedtime', 'Modified Time', 1, 0, '', 100, 15, 19, 2, 'DT~O', 3, NULL, 'BAS', 0, NULL, 0, 0, 0);
INSERT INTO `vtiger_field` VALUES (9, 246, 'activitytype', 'vtiger_activity', 1, '15', 'activitytype', 'Activity Type', 1, 0, '', 100, 16, 19, 3, 'V~O', 1, NULL, 'BAS', 1, NULL, 1, 0, 0);
INSERT INTO `vtiger_field` VALUES (9, 247, 'visibility', 'vtiger_activity', 1, '16', 'visibility', 'Visibility', 1, 0, '', 100, 17, 19, 3, 'V~O', 1, NULL, 'BAS', 1, NULL, 0, 0, 0);
INSERT INTO `vtiger_field` VALUES (9, 248, 'description', 'vtiger_crmentity', 1, '19', 'description', 'Description', 1, 0, '', 100, 1, 20, 1, 'V~O', 1, NULL, 'BAS', 1, NULL, 0, 0, 0);
INSERT INTO `vtiger_field` VALUES (9, 249, 'duration_hours', 'vtiger_activity', 1, '63', 'duration_hours', 'Duration', 1, 0, '', 100, 17, 19, 3, 'T~O', 1, NULL, 'BAS', 1, NULL, 0, 0, 0);
INSERT INTO `vtiger_field` VALUES (9, 250, 'duration_minutes', 'vtiger_activity', 1, '16', 'duration_minutes', 'Duration Minutes', 1, 0, '', 100, 18, 19, 3, 'T~O', 1, NULL, 'BAS', 1, NULL, 0, 0, 0);
INSERT INTO `vtiger_field` VALUES (9, 251, 'location', 'vtiger_activity', 1, '1', 'location', 'Location', 1, 0, '', 100, 19, 19, 1, 'V~O', 1, NULL, 'BAS', 1, NULL, 0, 0, 0);
INSERT INTO `vtiger_field` VALUES (9, 252, 'reminder_time', 'vtiger_activity_reminder', 1, '30', 'reminder_time', 'Send Reminder', 1, 0, '', 100, 1, 120, 1, 'I~O', 1, NULL, 'BAS', 1, NULL, 0, 0, 0);
INSERT INTO `vtiger_field` VALUES (9, 253, 'recurringtype', 'vtiger_activity', 1, '16', 'recurringtype', 'Recurrence', 1, 0, '', 100, 6, 19, 3, 'O~O', 1, NULL, 'BAS', 1, NULL, 1, 0, 0);
INSERT INTO `vtiger_field` VALUES (9, 254, 'notime', 'vtiger_activity', 1, '56', 'notime', 'No Time', 1, 0, '', 100, 20, 19, 3, 'C~O', 1, NULL, 'BAS', 1, NULL, 0, 0, 0);
INSERT INTO `vtiger_field` VALUES (9, 255, 'modifiedby', 'vtiger_crmentity', 1, '52', 'modifiedby', 'Last Modified By', 1, 0, '', 100, 22, 19, 3, 'V~O', 3, NULL, 'BAS', 0, NULL, 0, 0, 0);
INSERT INTO `vtiger_field` VALUES (16, 256, 'subject', 'vtiger_activity', 1, '2', 'subject', 'Subject', 1, 0, '', 100, 1, 39, 1, 'V~M', 0, 1, 'BAS', 1, NULL, 1, 0, 0);
INSERT INTO `vtiger_field` VALUES (16, 257, 'smownerid', 'vtiger_crmentity', 1, '53', 'assigned_user_id', 'Assigned To', 1, 0, '', 100, 2, 39, 1, 'V~M', 0, 6, 'BAS', 1, NULL, 1, 0, 0);
INSERT INTO `vtiger_field` VALUES (16, 258, 'date_start', 'vtiger_activity', 1, '6', 'date_start', 'Start Date & Time', 1, 0, '', 100, 3, 39, 1, 'DT~M~time_start', 0, 2, 'BAS', 1, NULL, 1, 0, 0);
INSERT INTO `vtiger_field` VALUES (16, 259, 'time_start', 'vtiger_activity', 1, '2', 'time_start', 'Time Start', 1, 0, '', 100, 4, 39, 3, 'T~M', 1, NULL, 'BAS', 1, NULL, 1, 0, 0);
INSERT INTO `vtiger_field` VALUES (16, 260, 'due_date', 'vtiger_activity', 1, '23', 'due_date', 'End Date', 1, 0, '', 100, 5, 39, 1, 'D~M~OTH~GE~date_start~Start Date & Time', 0, 5, 'BAS', 1, NULL, 1, 0, 0);
INSERT INTO `vtiger_field` VALUES (16, 261, 'time_end', 'vtiger_activity', 1, '2', 'time_end', 'End Time', 1, 0, '', 100, 5, 39, 3, 'T~M', 1, NULL, 'BAS', 1, NULL, 1, 0, 0);
INSERT INTO `vtiger_field` VALUES (16, 262, 'recurringtype', 'vtiger_activity', 1, '16', 'recurringtype', 'Recurrence', 1, 0, '', 100, 6, 117, 1, 'O~O', 1, NULL, 'BAS', 1, NULL, 1, 0, 0);
INSERT INTO `vtiger_field` VALUES (16, 263, 'duration_hours', 'vtiger_activity', 1, '63', 'duration_hours', 'Duration', 1, 0, '', 100, 7, 39, 3, 'I~M', 1, NULL, 'BAS', 1, NULL, 0, 0, 0);
INSERT INTO `vtiger_field` VALUES (16, 264, 'duration_minutes', 'vtiger_activity', 1, '16', 'duration_minutes', 'Duration Minutes', 1, 0, '', 100, 8, 39, 3, 'O~O', 1, NULL, 'BAS', 1, NULL, 0, 0, 0);
INSERT INTO `vtiger_field` VALUES (16, 265, 'crmid', 'vtiger_seactivityrel', 1, '66', 'parent_id', 'Related To', 1, 0, '', 100, 9, 119, 1, 'I~O', 1, NULL, 'BAS', 1, NULL, 1, 0, 0);
INSERT INTO `vtiger_field` VALUES (16, 266, 'eventstatus', 'vtiger_activity', 1, '15', 'eventstatus', 'Status', 1, 0, '', 100, 10, 39, 1, 'V~M', 0, 3, 'BAS', 1, NULL, 0, 0, 0);
INSERT INTO `vtiger_field` VALUES (16, 267, 'sendnotification', 'vtiger_activity', 1, '56', 'sendnotification', 'Send Notification', 1, 0, '', 100, 11, 39, 1, 'C~O', 1, NULL, 'BAS', 1, NULL, 0, 0, 0);
INSERT INTO `vtiger_field` VALUES (16, 268, 'activitytype', 'vtiger_activity', 1, '15', 'activitytype', 'Activity Type', 1, 0, '', 100, 12, 39, 1, 'V~M', 0, 4, 'BAS', 1, NULL, 1, 0, 0);
INSERT INTO `vtiger_field` VALUES (16, 269, 'location', 'vtiger_activity', 1, '1', 'location', 'Location', 1, 0, '', 100, 13, 39, 1, 'V~O', 1, NULL, 'BAS', 1, NULL, 0, 0, 0);
INSERT INTO `vtiger_field` VALUES (16, 270, 'createdtime', 'vtiger_crmentity', 1, '70', 'createdtime', 'Created Time', 1, 0, '', 100, 14, 39, 2, 'DT~O', 3, NULL, 'BAS', 0, NULL, 0, 0, 0);
INSERT INTO `vtiger_field` VALUES (16, 271, 'modifiedtime', 'vtiger_crmentity', 1, '70', 'modifiedtime', 'Modified Time', 1, 0, '', 100, 15, 39, 2, 'DT~O', 3, NULL, 'BAS', 0, NULL, 0, 0, 0);
INSERT INTO `vtiger_field` VALUES (16, 272, 'priority', 'vtiger_activity', 1, '15', 'taskpriority', 'Priority', 1, 0, '', 100, 16, 39, 1, 'V~O', 1, NULL, 'BAS', 1, NULL, 0, 0, 0);
INSERT INTO `vtiger_field` VALUES (16, 273, 'notime', 'vtiger_activity', 1, '56', 'notime', 'No Time', 1, 0, '', 100, 17, 39, 3, 'C~O', 1, NULL, 'BAS', 1, NULL, 0, 0, 0);
INSERT INTO `vtiger_field` VALUES (16, 274, 'visibility', 'vtiger_activity', 1, '16', 'visibility', 'Visibility', 1, 0, '', 100, 18, 39, 1, 'V~O', 1, NULL, 'BAS', 1, NULL, 0, 0, 0);
INSERT INTO `vtiger_field` VALUES (16, 275, 'modifiedby', 'vtiger_crmentity', 1, '52', 'modifiedby', 'Last Modified By', 1, 0, '', 100, 22, 39, 3, 'V~O', 3, NULL, 'BAS', 0, NULL, 0, 0, 0);
INSERT INTO `vtiger_field` VALUES (16, 276, 'description', 'vtiger_crmentity', 1, '19', 'description', 'Description', 1, 0, '', 100, 1, 41, 1, 'V~O', 1, NULL, 'BAS', 1, NULL, 0, 0, 0);
INSERT INTO `vtiger_field` VALUES (16, 277, 'reminder_time', 'vtiger_activity_reminder', 1, '30', 'reminder_time', 'Send Reminder', 1, 0, '', 100, 1, 40, 1, 'I~O', 1, NULL, 'BAS', 1, NULL, 0, 0, 0);
INSERT INTO `vtiger_field` VALUES (16, 278, 'contactid', 'vtiger_cntactivityrel', 1, '57', 'contact_id', 'Contact Name', 1, 0, '', 100, 1, 119, 1, 'I~O', 1, NULL, 'BAS', 1, NULL, 0, 0, 0);
INSERT INTO `vtiger_field` VALUES (15, 279, 'product_id', 'vtiger_faq', 1, '59', 'product_id', 'Product Name', 1, 2, '', 100, 1, 37, 1, 'I~O', 3, NULL, 'BAS', 1, NULL, 1, 0, 0);
INSERT INTO `vtiger_field` VALUES (15, 280, 'faq_no', 'vtiger_faq', 1, '4', 'faq_no', 'Faq No', 1, 0, '', 100, 2, 37, 1, 'V~O', 3, NULL, 'BAS', 0, NULL, 0, 0, 0);
INSERT INTO `vtiger_field` VALUES (15, 281, 'category', 'vtiger_faq', 1, '15', 'faqcategories', 'Category', 1, 2, '', 100, 4, 37, 1, 'V~O', 3, NULL, 'BAS', 1, NULL, 1, 0, 0);
INSERT INTO `vtiger_field` VALUES (15, 282, 'status', 'vtiger_faq', 1, '15', 'faqstatus', 'Status', 1, 2, '', 100, 3, 37, 1, 'V~M', 3, NULL, 'BAS', 1, NULL, 0, 0, 0);
INSERT INTO `vtiger_field` VALUES (15, 283, 'question', 'vtiger_faq', 1, '20', 'question', 'Question', 1, 2, '', 100, 7, 37, 1, 'V~M', 3, NULL, 'BAS', 1, NULL, 1, 0, 0);
INSERT INTO `vtiger_field` VALUES (15, 284, 'answer', 'vtiger_faq', 1, '20', 'faq_answer', 'Answer', 1, 2, '', 100, 8, 37, 1, 'V~M', 3, NULL, 'BAS', 1, NULL, 0, 0, 0);
INSERT INTO `vtiger_field` VALUES (15, 285, 'comments', 'vtiger_faqcomments', 1, '19', 'comments', 'Add Comment', 1, 1, '', 100, 1, 38, 1, 'V~O', 3, NULL, 'BAS', 0, NULL, 0, 0, 0);
INSERT INTO `vtiger_field` VALUES (15, 286, 'createdtime', 'vtiger_crmentity', 1, '70', 'createdtime', 'Created Time', 1, 0, '', 100, 5, 37, 2, 'DT~O', 3, NULL, 'BAS', 0, NULL, 1, 0, 0);
INSERT INTO `vtiger_field` VALUES (15, 287, 'modifiedtime', 'vtiger_crmentity', 1, '70', 'modifiedtime', 'Modified Time', 1, 0, '', 100, 6, 37, 2, 'DT~O', 3, NULL, 'BAS', 0, NULL, 1, 0, 0);
INSERT INTO `vtiger_field` VALUES (15, 288, 'modifiedby', 'vtiger_crmentity', 1, '52', 'modifiedby', 'Last Modified By', 1, 0, '', 100, 7, 37, 3, 'V~O', 3, NULL, 'BAS', 0, NULL, 0, 0, 0);
INSERT INTO `vtiger_field` VALUES (18, 289, 'vendorname', 'vtiger_vendor', 1, '2', 'vendorname', 'Vendor Name', 1, 0, '', 100, 1, 42, 1, 'V~M', 0, 1, 'BAS', 1, NULL, 1, 0, 0);
INSERT INTO `vtiger_field` VALUES (18, 290, 'vendor_no', 'vtiger_vendor', 1, '4', 'vendor_no', 'Vendor No', 1, 0, '', 100, 2, 42, 1, 'V~O', 3, NULL, 'BAS', 0, NULL, 0, 0, 0);
INSERT INTO `vtiger_field` VALUES (18, 291, 'phone', 'vtiger_vendor', 1, '1', 'phone', 'Phone', 1, 2, '', 100, 4, 42, 1, 'V~O', 2, 2, 'BAS', 1, NULL, 0, 1, 0);
INSERT INTO `vtiger_field` VALUES (18, 292, 'email', 'vtiger_vendor', 1, '13', 'email', 'Email', 1, 2, '', 100, 3, 42, 1, 'E~O', 2, 3, 'BAS', 1, NULL, 0, 1, 0);
INSERT INTO `vtiger_field` VALUES (18, 293, 'website', 'vtiger_vendor', 1, '17', 'website', 'Website', 1, 2, '', 100, 6, 42, 1, 'V~O', 1, NULL, 'BAS', 1, NULL, 0, 1, 0);
INSERT INTO `vtiger_field` VALUES (18, 294, 'glacct', 'vtiger_vendor', 1, '15', 'glacct', 'GL Account', 1, 2, '', 100, 5, 42, 1, 'V~O', 1, NULL, 'BAS', 1, NULL, 0, 0, 0);
INSERT INTO `vtiger_field` VALUES (18, 295, 'category', 'vtiger_vendor', 1, '1', 'category', 'Category', 1, 2, '', 100, 8, 42, 1, 'V~O', 1, NULL, 'BAS', 1, NULL, 1, 0, 0);
INSERT INTO `vtiger_field` VALUES (18, 296, 'createdtime', 'vtiger_crmentity', 1, '70', 'createdtime', 'Created Time', 1, 0, '', 100, 7, 42, 2, 'DT~O', 3, NULL, 'BAS', 0, NULL, 0, 0, 0);
INSERT INTO `vtiger_field` VALUES (18, 297, 'modifiedtime', 'vtiger_crmentity', 1, '70', 'modifiedtime', 'Modified Time', 1, 0, '', 100, 9, 42, 2, 'DT~O', 3, NULL, 'BAS', 0, NULL, 0, 0, 0);
INSERT INTO `vtiger_field` VALUES (18, 298, 'modifiedby', 'vtiger_crmentity', 1, '52', 'modifiedby', 'Last Modified By', 1, 0, '', 100, 12, 42, 3, 'V~O', 3, NULL, 'BAS', 0, NULL, 0, 0, 0);
INSERT INTO `vtiger_field` VALUES (18, 299, 'street', 'vtiger_vendor', 1, '21', 'street', 'Street', 1, 2, '', 100, 1, 44, 1, 'V~O', 1, NULL, 'ADV', 1, NULL, 0, 0, 0);
INSERT INTO `vtiger_field` VALUES (18, 300, 'pobox', 'vtiger_vendor', 1, '1', 'pobox', 'Po Box', 1, 2, '', 100, 2, 44, 1, 'V~O', 1, NULL, 'ADV', 1, NULL, 0, 0, 0);
INSERT INTO `vtiger_field` VALUES (18, 301, 'city', 'vtiger_vendor', 1, '1', 'city', 'City', 1, 2, '', 100, 3, 44, 1, 'V~O', 1, NULL, 'ADV', 1, NULL, 0, 0, 0);
INSERT INTO `vtiger_field` VALUES (18, 302, 'state', 'vtiger_vendor', 1, '1', 'state', 'State', 1, 2, '', 100, 4, 44, 1, 'V~O', 1, NULL, 'ADV', 1, NULL, 0, 0, 0);
INSERT INTO `vtiger_field` VALUES (18, 303, 'postalcode', 'vtiger_vendor', 1, '1', 'postalcode', 'Postal Code', 1, 2, '', 100, 5, 44, 1, 'V~O', 1, NULL, 'ADV', 1, NULL, 0, 0, 0);
INSERT INTO `vtiger_field` VALUES (18, 304, 'country', 'vtiger_vendor', 1, '1', 'country', 'Country', 1, 2, '', 100, 6, 44, 1, 'V~O', 1, NULL, 'ADV', 1, NULL, 0, 0, 0);
INSERT INTO `vtiger_field` VALUES (18, 305, 'description', 'vtiger_crmentity', 1, '19', 'description', 'Description', 1, 2, '', 100, 1, 45, 1, 'V~O', 1, NULL, 'ADV', 1, NULL, 0, 0, 0);
INSERT INTO `vtiger_field` VALUES (19, 306, 'bookname', 'vtiger_pricebook', 1, '2', 'bookname', 'Price Book Name', 1, 0, '', 100, 1, 46, 1, 'V~M', 0, 1, 'BAS', 1, NULL, 1, 0, 0);
INSERT INTO `vtiger_field` VALUES (19, 307, 'pricebook_no', 'vtiger_pricebook', 1, '4', 'pricebook_no', 'PriceBook No', 1, 0, '', 100, 3, 46, 1, 'V~O', 3, NULL, 'BAS', 0, NULL, 0, 0, 0);
INSERT INTO `vtiger_field` VALUES (19, 308, 'active', 'vtiger_pricebook', 1, '56', 'active', 'Active', 1, 2, '1', 100, 2, 46, 1, 'C~O', 2, 2, 'BAS', 1, NULL, 1, 0, 0);
INSERT INTO `vtiger_field` VALUES (19, 309, 'createdtime', 'vtiger_crmentity', 1, '70', 'createdtime', 'Created Time', 1, 0, '', 100, 4, 46, 2, 'DT~O', 3, NULL, 'BAS', 0, NULL, 0, 0, 0);
INSERT INTO `vtiger_field` VALUES (19, 310, 'modifiedtime', 'vtiger_crmentity', 1, '70', 'modifiedtime', 'Modified Time', 1, 0, '', 100, 5, 46, 2, 'DT~O', 3, NULL, 'BAS', 0, NULL, 0, 0, 0);
INSERT INTO `vtiger_field` VALUES (19, 311, 'currency_id', 'vtiger_pricebook', 1, '117', 'currency_id', 'Currency', 1, 0, '', 100, 5, 46, 1, 'I~M', 0, 3, 'BAS', 0, NULL, 0, 0, 0);
INSERT INTO `vtiger_field` VALUES (19, 312, 'modifiedby', 'vtiger_crmentity', 1, '52', 'modifiedby', 'Last Modified By', 1, 0, '', 100, 7, 46, 3, 'V~O', 3, NULL, 'BAS', 0, NULL, 0, 0, 0);
INSERT INTO `vtiger_field` VALUES (19, 313, 'description', 'vtiger_crmentity', 1, '19', 'description', 'Description', 1, 2, '', 100, 1, 48, 1, 'V~O', 1, NULL, 'BAS', 1, NULL, 0, 0, 0);
INSERT INTO `vtiger_field` VALUES (20, 314, 'quote_no', 'vtiger_quotes', 1, '4', 'quote_no', 'Quote No', 1, 0, '', 100, 3, 49, 1, 'V~O', 3, NULL, 'BAS', 0, NULL, 1, 0, 0);
INSERT INTO `vtiger_field` VALUES (20, 315, 'subject', 'vtiger_quotes', 1, '2', 'subject', 'Subject', 1, 0, '', 100, 1, 49, 1, 'V~M', 1, NULL, 'BAS', 1, NULL, 1, 0, 0);
INSERT INTO `vtiger_field` VALUES (20, 316, 'potentialid', 'vtiger_quotes', 1, '76', 'potential_id', 'Potential Name', 1, 2, '', 100, 2, 49, 1, 'I~O', 3, NULL, 'BAS', 1, NULL, 1, 0, 0);
INSERT INTO `vtiger_field` VALUES (20, 317, 'quotestage', 'vtiger_quotes', 1, '15', 'quotestage', 'Quote Stage', 1, 2, '', 100, 4, 49, 1, 'V~M', 3, NULL, 'BAS', 1, NULL, 0, 1, 0);
INSERT INTO `vtiger_field` VALUES (20, 318, 'validtill', 'vtiger_quotes', 1, '5', 'validtill', 'Valid Till', 1, 2, '', 100, 5, 49, 1, 'D~O', 3, NULL, 'BAS', 1, NULL, 0, 0, 0);
INSERT INTO `vtiger_field` VALUES (20, 319, 'contactid', 'vtiger_quotes', 1, '57', 'contact_id', 'Contact Name', 1, 2, '', 100, 6, 49, 1, 'V~O', 3, NULL, 'BAS', 1, NULL, 0, 1, 0);
INSERT INTO `vtiger_field` VALUES (20, 320, 'carrier', 'vtiger_quotes', 1, '15', 'carrier', 'Carrier', 1, 2, '', 100, 8, 49, 1, 'V~O', 3, NULL, 'BAS', 1, NULL, 0, 0, 0);
INSERT INTO `vtiger_field` VALUES (20, 321, 'subtotal', 'vtiger_quotes', 1, '72', 'hdnSubTotal', 'Sub Total', 1, 2, '', 100, 9, 49, 3, 'N~O', 3, NULL, 'BAS', 1, NULL, 0, 0, 0);
INSERT INTO `vtiger_field` VALUES (20, 322, 'shipping', 'vtiger_quotes', 1, '1', 'shipping', 'Shipping', 1, 2, '', 100, 10, 49, 1, 'V~O', 3, NULL, 'BAS', 1, NULL, 0, 0, 0);
INSERT INTO `vtiger_field` VALUES (20, 323, 'inventorymanager', 'vtiger_quotes', 1, '77', 'assigned_user_id1', 'Inventory Manager', 1, 2, '', 100, 11, 49, 1, 'I~O', 3, NULL, 'BAS', 1, NULL, 0, 0, 0);
INSERT INTO `vtiger_field` VALUES (20, 324, 'adjustment', 'vtiger_quotes', 1, '72', 'txtAdjustment', 'Adjustment', 1, 2, '', 100, 20, 49, 3, 'NN~O', 3, NULL, 'BAS', 1, NULL, 0, 0, 0);
INSERT INTO `vtiger_field` VALUES (20, 325, 'total', 'vtiger_quotes', 1, '72', 'hdnGrandTotal', 'Total', 1, 2, '', 100, 14, 49, 3, 'N~O', 3, NULL, 'BAS', 1, NULL, 0, 1, 0);
INSERT INTO `vtiger_field` VALUES (20, 326, 'taxtype', 'vtiger_quotes', 1, '16', 'hdnTaxType', 'Tax Type', 1, 2, '', 100, 14, 49, 3, 'V~O', 3, NULL, 'BAS', 1, NULL, 0, 0, 0);
INSERT INTO `vtiger_field` VALUES (20, 327, 'discount_percent', 'vtiger_quotes', 1, '1', 'hdnDiscountPercent', 'Discount Percent', 1, 2, '', 100, 14, 116, 5, 'N~O', 3, NULL, 'BAS', 0, NULL, 0, 0, 0);
INSERT INTO `vtiger_field` VALUES (20, 328, 'discount_amount', 'vtiger_quotes', 1, '72', 'hdnDiscountAmount', 'Discount Amount', 1, 2, '', 100, 14, 116, 5, 'N~O', 3, NULL, 'BAS', 0, NULL, 0, 0, 0);
INSERT INTO `vtiger_field` VALUES (20, 329, 's_h_amount', 'vtiger_quotes', 1, '72', 'hdnS_H_Amount', 'S&H Amount', 1, 2, '', 100, 14, 49, 3, 'N~O', 3, NULL, 'BAS', 1, NULL, 0, 0, 0);
INSERT INTO `vtiger_field` VALUES (20, 330, 'accountid', 'vtiger_quotes', 1, '73', 'account_id', 'Account Name', 1, 2, '', 100, 16, 49, 1, 'I~M', 3, NULL, 'BAS', 1, NULL, 0, 1, 0);
INSERT INTO `vtiger_field` VALUES (20, 331, 'smownerid', 'vtiger_crmentity', 1, '53', 'assigned_user_id', 'Assigned To', 1, 0, '', 100, 17, 49, 1, 'V~M', 3, NULL, 'BAS', 1, NULL, 1, 0, 0);
INSERT INTO `vtiger_field` VALUES (20, 332, 'createdtime', 'vtiger_crmentity', 1, '70', 'createdtime', 'Created Time', 1, 0, '', 100, 18, 49, 2, 'DT~O', 3, NULL, 'BAS', 0, NULL, 0, 0, 0);
INSERT INTO `vtiger_field` VALUES (20, 333, 'modifiedtime', 'vtiger_crmentity', 1, '70', 'modifiedtime', 'Modified Time', 1, 0, '', 100, 19, 49, 2, 'DT~O', 3, NULL, 'BAS', 0, NULL, 0, 0, 0);
INSERT INTO `vtiger_field` VALUES (20, 334, 'modifiedby', 'vtiger_crmentity', 1, '52', 'modifiedby', 'Last Modified By', 1, 0, '', 100, 22, 49, 3, 'V~O', 3, NULL, 'BAS', 0, NULL, 0, 0, 0);
INSERT INTO `vtiger_field` VALUES (20, 335, 'currency_id', 'vtiger_quotes', 1, '117', 'currency_id', 'Currency', 1, 2, '1', 100, 20, 49, 3, 'I~O', 3, NULL, 'BAS', 1, NULL, 0, 0, 0);
INSERT INTO `vtiger_field` VALUES (20, 336, 'conversion_rate', 'vtiger_quotes', 1, '1', 'conversion_rate', 'Conversion Rate', 1, 2, '1', 100, 21, 49, 3, 'N~O', 3, NULL, 'BAS', 1, NULL, 0, 0, 0);
INSERT INTO `vtiger_field` VALUES (20, 337, 'bill_street', 'vtiger_quotesbillads', 1, '24', 'bill_street', 'Billing Address', 1, 2, '', 100, 1, 51, 1, 'V~M', 3, NULL, 'BAS', 1, NULL, 0, 0, 0);
INSERT INTO `vtiger_field` VALUES (20, 338, 'ship_street', 'vtiger_quotesshipads', 1, '24', 'ship_street', 'Shipping Address', 1, 2, '', 100, 2, 51, 1, 'V~M', 3, NULL, 'BAS', 1, NULL, 0, 0, 0);
INSERT INTO `vtiger_field` VALUES (20, 339, 'bill_city', 'vtiger_quotesbillads', 1, '1', 'bill_city', 'Billing City', 1, 2, '', 100, 5, 51, 1, 'V~O', 3, NULL, 'BAS', 1, NULL, 0, 0, 0);
INSERT INTO `vtiger_field` VALUES (20, 340, 'ship_city', 'vtiger_quotesshipads', 1, '1', 'ship_city', 'Shipping City', 1, 2, '', 100, 6, 51, 1, 'V~O', 3, NULL, 'BAS', 1, NULL, 0, 0, 0);
INSERT INTO `vtiger_field` VALUES (20, 341, 'bill_state', 'vtiger_quotesbillads', 1, '1', 'bill_state', 'Billing State', 1, 2, '', 100, 7, 51, 1, 'V~O', 3, NULL, 'BAS', 1, NULL, 0, 0, 0);
INSERT INTO `vtiger_field` VALUES (20, 342, 'ship_state', 'vtiger_quotesshipads', 1, '1', 'ship_state', 'Shipping State', 1, 2, '', 100, 8, 51, 1, 'V~O', 3, NULL, 'BAS', 1, NULL, 0, 0, 0);
INSERT INTO `vtiger_field` VALUES (20, 343, 'bill_code', 'vtiger_quotesbillads', 1, '1', 'bill_code', 'Billing Code', 1, 2, '', 100, 9, 51, 1, 'V~O', 3, NULL, 'BAS', 1, NULL, 0, 0, 0);
INSERT INTO `vtiger_field` VALUES (20, 344, 'ship_code', 'vtiger_quotesshipads', 1, '1', 'ship_code', 'Shipping Code', 1, 2, '', 100, 10, 51, 1, 'V~O', 3, NULL, 'BAS', 1, NULL, 0, 0, 0);
INSERT INTO `vtiger_field` VALUES (20, 345, 'bill_country', 'vtiger_quotesbillads', 1, '1', 'bill_country', 'Billing Country', 1, 2, '', 100, 11, 51, 1, 'V~O', 3, NULL, 'BAS', 1, NULL, 0, 0, 0);
INSERT INTO `vtiger_field` VALUES (20, 346, 'ship_country', 'vtiger_quotesshipads', 1, '1', 'ship_country', 'Shipping Country', 1, 2, '', 100, 12, 51, 1, 'V~O', 3, NULL, 'BAS', 1, NULL, 0, 0, 0);
INSERT INTO `vtiger_field` VALUES (20, 347, 'bill_pobox', 'vtiger_quotesbillads', 1, '1', 'bill_pobox', 'Billing Po Box', 1, 2, '', 100, 3, 51, 1, 'V~O', 3, NULL, 'BAS', 1, NULL, 0, 0, 0);
INSERT INTO `vtiger_field` VALUES (20, 348, 'ship_pobox', 'vtiger_quotesshipads', 1, '1', 'ship_pobox', 'Shipping Po Box', 1, 2, '', 100, 4, 51, 1, 'V~O', 3, NULL, 'BAS', 1, NULL, 0, 0, 0);
INSERT INTO `vtiger_field` VALUES (20, 349, 'description', 'vtiger_crmentity', 1, '19', 'description', 'Description', 1, 2, '', 100, 1, 54, 1, 'V~O', 3, NULL, 'ADV', 1, NULL, 0, 0, 0);
INSERT INTO `vtiger_field` VALUES (20, 350, 'terms_conditions', 'vtiger_quotes', 1, '19', 'terms_conditions', 'Terms & Conditions', 1, 2, '', 100, 1, 53, 1, 'V~O', 3, NULL, 'ADV', 1, NULL, 0, 0, 0);
INSERT INTO `vtiger_field` VALUES (21, 351, 'purchaseorder_no', 'vtiger_purchaseorder', 1, '4', 'purchaseorder_no', 'PurchaseOrder No', 1, 0, '', 100, 2, 55, 1, 'V~O', 3, NULL, 'BAS', 0, NULL, 1, 0, 0);
INSERT INTO `vtiger_field` VALUES (21, 352, 'subject', 'vtiger_purchaseorder', 1, '2', 'subject', 'Subject', 1, 0, '', 100, 1, 55, 1, 'V~M', 3, NULL, 'BAS', 1, NULL, 1, 0, 0);
INSERT INTO `vtiger_field` VALUES (21, 353, 'vendorid', 'vtiger_purchaseorder', 1, '81', 'vendor_id', 'Vendor Name', 1, 0, '', 100, 3, 55, 1, 'I~M', 3, NULL, 'BAS', 1, NULL, 1, 0, 0);
INSERT INTO `vtiger_field` VALUES (21, 354, 'requisition_no', 'vtiger_purchaseorder', 1, '1', 'requisition_no', 'Requisition No', 1, 2, '', 100, 4, 55, 1, 'V~O', 3, NULL, 'BAS', 1, NULL, 0, 0, 0);
INSERT INTO `vtiger_field` VALUES (21, 355, 'tracking_no', 'vtiger_purchaseorder', 1, '1', 'tracking_no', 'Tracking Number', 1, 2, '', 100, 5, 55, 1, 'V~O', 3, NULL, 'BAS', 1, NULL, 1, 0, 0);
INSERT INTO `vtiger_field` VALUES (21, 356, 'contactid', 'vtiger_purchaseorder', 1, '57', 'contact_id', 'Contact Name', 1, 2, '', 100, 6, 55, 1, 'I~O', 3, NULL, 'BAS', 1, NULL, 0, 1, 0);
INSERT INTO `vtiger_field` VALUES (21, 357, 'duedate', 'vtiger_purchaseorder', 1, '5', 'duedate', 'Due Date', 1, 2, '', 100, 7, 55, 1, 'D~O', 3, NULL, 'BAS', 1, NULL, 0, 0, 0);
INSERT INTO `vtiger_field` VALUES (21, 358, 'carrier', 'vtiger_purchaseorder', 1, '15', 'carrier', 'Carrier', 1, 2, '', 100, 8, 55, 1, 'V~O', 3, NULL, 'BAS', 1, NULL, 0, 0, 0);
INSERT INTO `vtiger_field` VALUES (21, 359, 'adjustment', 'vtiger_purchaseorder', 1, '72', 'txtAdjustment', 'Adjustment', 1, 2, '', 100, 10, 55, 3, 'NN~O', 3, NULL, 'BAS', 1, NULL, 0, 0, 0);
INSERT INTO `vtiger_field` VALUES (21, 360, 'salescommission', 'vtiger_purchaseorder', 1, '1', 'salescommission', 'Sales Commission', 1, 2, '', 100, 11, 55, 1, 'N~O', 3, NULL, 'BAS', 1, NULL, 0, 0, 0);
INSERT INTO `vtiger_field` VALUES (21, 361, 'exciseduty', 'vtiger_purchaseorder', 1, '1', 'exciseduty', 'Excise Duty', 1, 2, '', 100, 12, 55, 1, 'N~O', 3, NULL, 'BAS', 1, NULL, 0, 0, 0);
INSERT INTO `vtiger_field` VALUES (21, 362, 'total', 'vtiger_purchaseorder', 1, '72', 'hdnGrandTotal', 'Total', 1, 2, '', 100, 13, 55, 3, 'N~O', 3, NULL, 'BAS', 1, NULL, 1, 0, 0);
INSERT INTO `vtiger_field` VALUES (21, 363, 'subtotal', 'vtiger_purchaseorder', 1, '72', 'hdnSubTotal', 'Sub Total', 1, 2, '', 100, 14, 55, 3, 'N~O', 3, NULL, 'BAS', 1, NULL, 0, 0, 0);
INSERT INTO `vtiger_field` VALUES (21, 364, 'taxtype', 'vtiger_purchaseorder', 1, '16', 'hdnTaxType', 'Tax Type', 1, 2, '', 100, 14, 55, 3, 'V~O', 3, NULL, 'BAS', 1, NULL, 0, 0, 0);
INSERT INTO `vtiger_field` VALUES (21, 365, 'discount_percent', 'vtiger_purchaseorder', 1, '1', 'hdnDiscountPercent', 'Discount Percent', 1, 2, '', 100, 14, 115, 5, 'N~O', 3, NULL, 'BAS', 0, NULL, 0, 0, 0);
INSERT INTO `vtiger_field` VALUES (21, 366, 'discount_amount', 'vtiger_purchaseorder', 1, '72', 'hdnDiscountAmount', 'Discount Amount', 1, 0, '', 100, 14, 115, 5, 'N~O', 3, NULL, 'BAS', 0, NULL, 0, 0, 0);
INSERT INTO `vtiger_field` VALUES (21, 367, 's_h_amount', 'vtiger_purchaseorder', 1, '72', 'hdnS_H_Amount', 'S&H Amount', 1, 2, '', 100, 14, 55, 3, 'N~O', 3, NULL, 'BAS', 1, NULL, 0, 0, 0);
INSERT INTO `vtiger_field` VALUES (21, 368, 'postatus', 'vtiger_purchaseorder', 1, '15', 'postatus', 'Status', 1, 2, '', 100, 15, 55, 1, 'V~M', 3, NULL, 'BAS', 1, NULL, 0, 1, 0);
INSERT INTO `vtiger_field` VALUES (21, 369, 'smownerid', 'vtiger_crmentity', 1, '53', 'assigned_user_id', 'Assigned To', 1, 0, '', 100, 16, 55, 1, 'V~M', 3, NULL, 'BAS', 1, NULL, 0, 1, 0);
INSERT INTO `vtiger_field` VALUES (21, 370, 'createdtime', 'vtiger_crmentity', 1, '70', 'createdtime', 'Created Time', 1, 0, '', 100, 17, 55, 2, 'DT~O', 3, NULL, 'BAS', 0, NULL, 0, 0, 0);
INSERT INTO `vtiger_field` VALUES (21, 371, 'modifiedtime', 'vtiger_crmentity', 1, '70', 'modifiedtime', 'Modified Time', 1, 0, '', 100, 18, 55, 2, 'DT~O', 3, NULL, 'BAS', 0, NULL, 0, 0, 0);
INSERT INTO `vtiger_field` VALUES (21, 372, 'modifiedby', 'vtiger_crmentity', 1, '52', 'modifiedby', 'Last Modified By', 1, 0, '', 100, 22, 55, 3, 'V~O', 3, NULL, 'BAS', 0, NULL, 0, 0, 0);
INSERT INTO `vtiger_field` VALUES (21, 373, 'currency_id', 'vtiger_purchaseorder', 1, '117', 'currency_id', 'Currency', 1, 2, '1', 100, 19, 55, 3, 'I~O', 3, NULL, 'BAS', 1, NULL, 0, 0, 0);
INSERT INTO `vtiger_field` VALUES (21, 374, 'conversion_rate', 'vtiger_purchaseorder', 1, '1', 'conversion_rate', 'Conversion Rate', 1, 2, '1', 100, 20, 55, 3, 'N~O', 3, NULL, 'BAS', 1, NULL, 0, 0, 0);
INSERT INTO `vtiger_field` VALUES (21, 375, 'bill_street', 'vtiger_pobillads', 1, '24', 'bill_street', 'Billing Address', 1, 2, '', 100, 1, 57, 1, 'V~M', 3, NULL, 'BAS', 1, NULL, 0, 0, 0);
INSERT INTO `vtiger_field` VALUES (21, 376, 'ship_street', 'vtiger_poshipads', 1, '24', 'ship_street', 'Shipping Address', 1, 2, '', 100, 2, 57, 1, 'V~M', 3, NULL, 'BAS', 1, NULL, 0, 0, 0);
INSERT INTO `vtiger_field` VALUES (21, 377, 'bill_city', 'vtiger_pobillads', 1, '1', 'bill_city', 'Billing City', 1, 2, '', 100, 5, 57, 1, 'V~O', 3, NULL, 'BAS', 1, NULL, 0, 0, 0);
INSERT INTO `vtiger_field` VALUES (21, 378, 'ship_city', 'vtiger_poshipads', 1, '1', 'ship_city', 'Shipping City', 1, 2, '', 100, 6, 57, 1, 'V~O', 3, NULL, 'BAS', 1, NULL, 0, 0, 0);
INSERT INTO `vtiger_field` VALUES (21, 379, 'bill_state', 'vtiger_pobillads', 1, '1', 'bill_state', 'Billing State', 1, 2, '', 100, 7, 57, 1, 'V~O', 3, NULL, 'BAS', 1, NULL, 0, 0, 0);
INSERT INTO `vtiger_field` VALUES (21, 380, 'ship_state', 'vtiger_poshipads', 1, '1', 'ship_state', 'Shipping State', 1, 2, '', 100, 8, 57, 1, 'V~O', 3, NULL, 'BAS', 1, NULL, 0, 0, 0);
INSERT INTO `vtiger_field` VALUES (21, 381, 'bill_code', 'vtiger_pobillads', 1, '1', 'bill_code', 'Billing Code', 1, 2, '', 100, 9, 57, 1, 'V~O', 3, NULL, 'BAS', 1, NULL, 0, 0, 0);
INSERT INTO `vtiger_field` VALUES (21, 382, 'ship_code', 'vtiger_poshipads', 1, '1', 'ship_code', 'Shipping Code', 1, 2, '', 100, 10, 57, 1, 'V~O', 3, NULL, 'BAS', 1, NULL, 0, 0, 0);
INSERT INTO `vtiger_field` VALUES (21, 383, 'bill_country', 'vtiger_pobillads', 1, '1', 'bill_country', 'Billing Country', 1, 2, '', 100, 11, 57, 1, 'V~O', 3, NULL, 'BAS', 1, NULL, 0, 0, 0);
INSERT INTO `vtiger_field` VALUES (21, 384, 'ship_country', 'vtiger_poshipads', 1, '1', 'ship_country', 'Shipping Country', 1, 2, '', 100, 12, 57, 1, 'V~O', 3, NULL, 'BAS', 1, NULL, 0, 0, 0);
INSERT INTO `vtiger_field` VALUES (21, 385, 'bill_pobox', 'vtiger_pobillads', 1, '1', 'bill_pobox', 'Billing Po Box', 1, 2, '', 100, 3, 57, 1, 'V~O', 3, NULL, 'BAS', 1, NULL, 0, 0, 0);
INSERT INTO `vtiger_field` VALUES (21, 386, 'ship_pobox', 'vtiger_poshipads', 1, '1', 'ship_pobox', 'Shipping Po Box', 1, 2, '', 100, 4, 57, 1, 'V~O', 3, NULL, 'BAS', 1, NULL, 0, 0, 0);
INSERT INTO `vtiger_field` VALUES (21, 387, 'description', 'vtiger_crmentity', 1, '19', 'description', 'Description', 1, 2, '', 100, 1, 60, 1, 'V~O', 3, NULL, 'ADV', 1, NULL, 0, 0, 0);
INSERT INTO `vtiger_field` VALUES (21, 388, 'terms_conditions', 'vtiger_purchaseorder', 1, '19', 'terms_conditions', 'Terms & Conditions', 1, 2, '', 100, 1, 59, 1, 'V~O', 3, NULL, 'ADV', 1, NULL, 0, 0, 0);
INSERT INTO `vtiger_field` VALUES (22, 389, 'salesorder_no', 'vtiger_salesorder', 1, '4', 'salesorder_no', 'SalesOrder No', 1, 0, '', 100, 4, 61, 1, 'V~O', 3, NULL, 'BAS', 0, NULL, 1, 0, 0);
INSERT INTO `vtiger_field` VALUES (22, 390, 'subject', 'vtiger_salesorder', 1, '2', 'subject', 'Subject', 1, 0, '', 100, 1, 61, 1, 'V~M', 3, NULL, 'BAS', 1, NULL, 1, 0, 0);
INSERT INTO `vtiger_field` VALUES (22, 391, 'potentialid', 'vtiger_salesorder', 1, '76', 'potential_id', 'Potential Name', 1, 2, '', 100, 2, 61, 1, 'I~O', 3, NULL, 'BAS', 1, NULL, 0, 0, 0);
INSERT INTO `vtiger_field` VALUES (22, 392, 'customerno', 'vtiger_salesorder', 1, '1', 'customerno', 'Customer No', 1, 2, '', 100, 3, 61, 1, 'V~O', 3, NULL, 'BAS', 1, NULL, 0, 0, 0);
INSERT INTO `vtiger_field` VALUES (22, 393, 'quoteid', 'vtiger_salesorder', 1, '78', 'quote_id', 'Quote Name', 1, 2, '', 100, 5, 61, 1, 'I~O', 3, NULL, 'BAS', 0, NULL, 1, 0, 0);
INSERT INTO `vtiger_field` VALUES (22, 394, 'purchaseorder', 'vtiger_salesorder', 1, '1', 'vtiger_purchaseorder', 'Purchase Order', 1, 2, '', 100, 5, 61, 1, 'V~O', 3, NULL, 'BAS', 1, NULL, 0, 0, 0);
INSERT INTO `vtiger_field` VALUES (22, 395, 'contactid', 'vtiger_salesorder', 1, '57', 'contact_id', 'Contact Name', 1, 2, '', 100, 6, 61, 1, 'I~O', 3, NULL, 'BAS', 1, NULL, 0, 1, 0);
INSERT INTO `vtiger_field` VALUES (22, 396, 'duedate', 'vtiger_salesorder', 1, '5', 'duedate', 'Due Date', 1, 2, '', 100, 8, 61, 1, 'D~O', 3, NULL, 'BAS', 1, NULL, 0, 0, 0);
INSERT INTO `vtiger_field` VALUES (22, 397, 'carrier', 'vtiger_salesorder', 1, '15', 'carrier', 'Carrier', 1, 2, '', 100, 9, 61, 1, 'V~O', 3, NULL, 'BAS', 1, NULL, 0, 0, 0);
INSERT INTO `vtiger_field` VALUES (22, 398, 'pending', 'vtiger_salesorder', 1, '1', 'pending', 'Pending', 1, 2, '', 100, 10, 61, 1, 'V~O', 3, NULL, 'BAS', 1, NULL, 0, 0, 0);
INSERT INTO `vtiger_field` VALUES (22, 399, 'sostatus', 'vtiger_salesorder', 1, '15', 'sostatus', 'Status', 1, 2, '', 100, 11, 61, 1, 'V~M', 3, NULL, 'BAS', 1, NULL, 0, 1, 0);
INSERT INTO `vtiger_field` VALUES (22, 400, 'adjustment', 'vtiger_salesorder', 1, '72', 'txtAdjustment', 'Adjustment', 1, 2, '', 100, 12, 61, 3, 'NN~O', 3, NULL, 'BAS', 1, NULL, 0, 0, 0);
INSERT INTO `vtiger_field` VALUES (22, 401, 'salescommission', 'vtiger_salesorder', 1, '1', 'salescommission', 'Sales Commission', 1, 2, '', 100, 13, 61, 1, 'N~O', 3, NULL, 'BAS', 1, NULL, 0, 0, 0);
INSERT INTO `vtiger_field` VALUES (22, 402, 'exciseduty', 'vtiger_salesorder', 1, '1', 'exciseduty', 'Excise Duty', 1, 2, '', 100, 13, 61, 1, 'N~O', 3, NULL, 'BAS', 1, NULL, 0, 0, 0);
INSERT INTO `vtiger_field` VALUES (22, 403, 'total', 'vtiger_salesorder', 1, '72', 'hdnGrandTotal', 'Total', 1, 2, '', 100, 14, 61, 3, 'N~O', 3, NULL, 'BAS', 1, NULL, 1, 0, 0);
INSERT INTO `vtiger_field` VALUES (22, 404, 'subtotal', 'vtiger_salesorder', 1, '72', 'hdnSubTotal', 'Sub Total', 1, 2, '', 100, 15, 61, 3, 'N~O', 3, NULL, 'BAS', 1, NULL, 0, 0, 0);
INSERT INTO `vtiger_field` VALUES (22, 405, 'taxtype', 'vtiger_salesorder', 1, '16', 'hdnTaxType', 'Tax Type', 1, 2, '', 100, 15, 61, 3, 'V~O', 3, NULL, 'BAS', 1, NULL, 0, 0, 0);
INSERT INTO `vtiger_field` VALUES (22, 406, 'discount_percent', 'vtiger_salesorder', 1, '1', 'hdnDiscountPercent', 'Discount Percent', 1, 2, '', 100, 15, 114, 5, 'N~O', 3, NULL, 'BAS', 0, NULL, 0, 0, 0);
INSERT INTO `vtiger_field` VALUES (22, 407, 'discount_amount', 'vtiger_salesorder', 1, '72', 'hdnDiscountAmount', 'Discount Amount', 1, 0, '', 100, 15, 114, 5, 'N~O', 3, NULL, 'BAS', 0, NULL, 0, 0, 0);
INSERT INTO `vtiger_field` VALUES (22, 408, 's_h_amount', 'vtiger_salesorder', 1, '72', 'hdnS_H_Amount', 'S&H Amount', 1, 2, '', 100, 15, 61, 3, 'N~O', 3, NULL, 'BAS', 1, NULL, 0, 0, 0);
INSERT INTO `vtiger_field` VALUES (22, 409, 'accountid', 'vtiger_salesorder', 1, '73', 'account_id', 'Account Name', 1, 2, '', 100, 16, 61, 1, 'I~M', 3, NULL, 'BAS', 1, NULL, 0, 1, 0);
INSERT INTO `vtiger_field` VALUES (22, 410, 'smownerid', 'vtiger_crmentity', 1, '53', 'assigned_user_id', 'Assigned To', 1, 0, '', 100, 17, 61, 1, 'V~M', 3, NULL, 'BAS', 1, NULL, 0, 1, 0);
INSERT INTO `vtiger_field` VALUES (22, 411, 'createdtime', 'vtiger_crmentity', 1, '70', 'createdtime', 'Created Time', 1, 0, '', 100, 18, 61, 2, 'DT~O', 3, NULL, 'BAS', 0, NULL, 0, 0, 0);
INSERT INTO `vtiger_field` VALUES (22, 412, 'modifiedtime', 'vtiger_crmentity', 1, '70', 'modifiedtime', 'Modified Time', 1, 0, '', 100, 19, 61, 2, 'DT~O', 3, NULL, 'BAS', 0, NULL, 0, 0, 0);
INSERT INTO `vtiger_field` VALUES (22, 413, 'modifiedby', 'vtiger_crmentity', 1, '52', 'modifiedby', 'Last Modified By', 1, 0, '', 100, 22, 61, 3, 'V~O', 3, NULL, 'BAS', 0, NULL, 0, 0, 0);
INSERT INTO `vtiger_field` VALUES (22, 414, 'currency_id', 'vtiger_salesorder', 1, '117', 'currency_id', 'Currency', 1, 2, '1', 100, 20, 61, 3, 'I~O', 3, NULL, 'BAS', 1, NULL, 0, 0, 0);
INSERT INTO `vtiger_field` VALUES (22, 415, 'conversion_rate', 'vtiger_salesorder', 1, '1', 'conversion_rate', 'Conversion Rate', 1, 2, '1', 100, 21, 61, 3, 'N~O', 3, NULL, 'BAS', 1, NULL, 0, 0, 0);
INSERT INTO `vtiger_field` VALUES (22, 416, 'bill_street', 'vtiger_sobillads', 1, '24', 'bill_street', 'Billing Address', 1, 2, '', 100, 1, 63, 1, 'V~M', 3, NULL, 'BAS', 1, NULL, 0, 0, 0);
INSERT INTO `vtiger_field` VALUES (22, 417, 'ship_street', 'vtiger_soshipads', 1, '24', 'ship_street', 'Shipping Address', 1, 2, '', 100, 2, 63, 1, 'V~M', 3, NULL, 'BAS', 1, NULL, 0, 0, 0);
INSERT INTO `vtiger_field` VALUES (22, 418, 'bill_city', 'vtiger_sobillads', 1, '1', 'bill_city', 'Billing City', 1, 2, '', 100, 5, 63, 1, 'V~O', 3, NULL, 'BAS', 1, NULL, 0, 0, 0);
INSERT INTO `vtiger_field` VALUES (22, 419, 'ship_city', 'vtiger_soshipads', 1, '1', 'ship_city', 'Shipping City', 1, 2, '', 100, 6, 63, 1, 'V~O', 3, NULL, 'BAS', 1, NULL, 0, 0, 0);
INSERT INTO `vtiger_field` VALUES (22, 420, 'bill_state', 'vtiger_sobillads', 1, '1', 'bill_state', 'Billing State', 1, 2, '', 100, 7, 63, 1, 'V~O', 3, NULL, 'BAS', 1, NULL, 0, 0, 0);
INSERT INTO `vtiger_field` VALUES (22, 421, 'ship_state', 'vtiger_soshipads', 1, '1', 'ship_state', 'Shipping State', 1, 2, '', 100, 8, 63, 1, 'V~O', 3, NULL, 'BAS', 1, NULL, 0, 0, 0);
INSERT INTO `vtiger_field` VALUES (22, 422, 'bill_code', 'vtiger_sobillads', 1, '1', 'bill_code', 'Billing Code', 1, 2, '', 100, 9, 63, 1, 'V~O', 3, NULL, 'BAS', 1, NULL, 0, 0, 0);
INSERT INTO `vtiger_field` VALUES (22, 423, 'ship_code', 'vtiger_soshipads', 1, '1', 'ship_code', 'Shipping Code', 1, 2, '', 100, 10, 63, 1, 'V~O', 3, NULL, 'BAS', 1, NULL, 0, 0, 0);
INSERT INTO `vtiger_field` VALUES (22, 424, 'bill_country', 'vtiger_sobillads', 1, '1', 'bill_country', 'Billing Country', 1, 2, '', 100, 11, 63, 1, 'V~O', 3, NULL, 'BAS', 1, NULL, 0, 0, 0);
INSERT INTO `vtiger_field` VALUES (22, 425, 'ship_country', 'vtiger_soshipads', 1, '1', 'ship_country', 'Shipping Country', 1, 2, '', 100, 12, 63, 1, 'V~O', 3, NULL, 'BAS', 1, NULL, 0, 0, 0);
INSERT INTO `vtiger_field` VALUES (22, 426, 'bill_pobox', 'vtiger_sobillads', 1, '1', 'bill_pobox', 'Billing Po Box', 1, 2, '', 100, 3, 63, 1, 'V~O', 3, NULL, 'BAS', 1, NULL, 0, 0, 0);
INSERT INTO `vtiger_field` VALUES (22, 427, 'ship_pobox', 'vtiger_soshipads', 1, '1', 'ship_pobox', 'Shipping Po Box', 1, 2, '', 100, 4, 63, 1, 'V~O', 3, NULL, 'BAS', 1, NULL, 0, 0, 0);
INSERT INTO `vtiger_field` VALUES (22, 428, 'description', 'vtiger_crmentity', 1, '19', 'description', 'Description', 1, 2, '', 100, 1, 66, 1, 'V~O', 3, NULL, 'ADV', 1, NULL, 0, 0, 0);
INSERT INTO `vtiger_field` VALUES (22, 429, 'terms_conditions', 'vtiger_salesorder', 1, '19', 'terms_conditions', 'Terms & Conditions', 1, 2, '', 100, 1, 65, 1, 'V~O', 3, NULL, 'ADV', 1, NULL, 0, 0, 0);
INSERT INTO `vtiger_field` VALUES (22, 430, 'enable_recurring', 'vtiger_salesorder', 1, '56', 'enable_recurring', 'Enable Recurring', 1, 0, '', 100, 1, 85, 1, 'C~O', 3, NULL, 'BAS', 0, NULL, 0, 0, 0);
INSERT INTO `vtiger_field` VALUES (22, 431, 'recurring_frequency', 'vtiger_invoice_recurring_info', 1, '16', 'recurring_frequency', 'Frequency', 1, 0, '', 100, 2, 85, 1, 'V~O', 3, NULL, 'BAS', 0, NULL, 0, 0, 0);
INSERT INTO `vtiger_field` VALUES (22, 432, 'start_period', 'vtiger_invoice_recurring_info', 1, '5', 'start_period', 'Start Period', 1, 0, '', 100, 3, 85, 1, 'D~O', 3, NULL, 'BAS', 0, NULL, 0, 0, 0);
INSERT INTO `vtiger_field` VALUES (22, 433, 'end_period', 'vtiger_invoice_recurring_info', 1, '5', 'end_period', 'End Period', 1, 0, '', 100, 4, 85, 1, 'D~O~OTH~G~start_period~Start Period', 3, NULL, 'BAS', 0, NULL, 0, 0, 0);
INSERT INTO `vtiger_field` VALUES (22, 434, 'payment_duration', 'vtiger_invoice_recurring_info', 1, '16', 'payment_duration', 'Payment Duration', 1, 0, '', 100, 5, 85, 1, 'V~O', 3, NULL, 'BAS', 0, NULL, 0, 0, 0);
INSERT INTO `vtiger_field` VALUES (22, 435, 'invoice_status', 'vtiger_invoice_recurring_info', 1, '15', 'invoicestatus', 'Invoice Status', 1, 0, '', 100, 6, 85, 1, 'V~M', 3, NULL, 'BAS', 0, NULL, 0, 0, 0);
INSERT INTO `vtiger_field` VALUES (23, 436, 'subject', 'vtiger_invoice', 1, '2', 'subject', 'Subject', 1, 0, '', 100, 1, 67, 1, 'V~M', 3, NULL, 'BAS', 1, NULL, 1, 0, 0);
INSERT INTO `vtiger_field` VALUES (23, 437, 'salesorderid', 'vtiger_invoice', 1, '80', 'salesorder_id', 'Sales Order', 1, 2, '', 100, 2, 67, 1, 'I~O', 3, NULL, 'BAS', 0, NULL, 1, 0, 0);
INSERT INTO `vtiger_field` VALUES (23, 438, 'customerno', 'vtiger_invoice', 1, '1', 'customerno', 'Customer No', 1, 2, '', 100, 3, 67, 1, 'V~O', 3, NULL, 'BAS', 1, NULL, 0, 0, 0);
INSERT INTO `vtiger_field` VALUES (23, 439, 'contactid', 'vtiger_invoice', 1, '57', 'contact_id', 'Contact Name', 1, 2, '', 100, 4, 67, 1, 'I~O', 3, NULL, 'BAS', 1, NULL, 0, 1, 0);
INSERT INTO `vtiger_field` VALUES (23, 440, 'invoicedate', 'vtiger_invoice', 1, '5', 'invoicedate', 'Invoice Date', 1, 2, '', 100, 5, 67, 1, 'D~O', 3, NULL, 'BAS', 1, NULL, 0, 0, 0);
INSERT INTO `vtiger_field` VALUES (23, 441, 'duedate', 'vtiger_invoice', 1, '5', 'duedate', 'Due Date', 1, 2, '', 100, 6, 67, 1, 'D~O', 3, NULL, 'BAS', 1, NULL, 0, 0, 0);
INSERT INTO `vtiger_field` VALUES (23, 442, 'purchaseorder', 'vtiger_invoice', 1, '1', 'vtiger_purchaseorder', 'Purchase Order', 1, 2, '', 100, 8, 67, 1, 'V~O', 3, NULL, 'BAS', 1, NULL, 0, 0, 0);
INSERT INTO `vtiger_field` VALUES (23, 443, 'adjustment', 'vtiger_invoice', 1, '72', 'txtAdjustment', 'Adjustment', 1, 2, '', 100, 9, 67, 3, 'NN~O', 3, NULL, 'BAS', 1, NULL, 0, 0, 0);
INSERT INTO `vtiger_field` VALUES (23, 444, 'salescommission', 'vtiger_invoice', 1, '1', 'salescommission', 'Sales Commission', 1, 2, '', 10, 13, 67, 1, 'N~O', 3, NULL, 'BAS', 1, NULL, 0, 0, 0);
INSERT INTO `vtiger_field` VALUES (23, 445, 'exciseduty', 'vtiger_invoice', 1, '1', 'exciseduty', 'Excise Duty', 1, 2, '', 100, 11, 67, 1, 'N~O', 3, NULL, 'BAS', 1, NULL, 0, 0, 0);
INSERT INTO `vtiger_field` VALUES (23, 446, 'subtotal', 'vtiger_invoice', 1, '72', 'hdnSubTotal', 'Sub Total', 1, 2, '', 100, 12, 67, 3, 'N~O', 3, NULL, 'BAS', 1, NULL, 0, 0, 0);
INSERT INTO `vtiger_field` VALUES (23, 447, 'total', 'vtiger_invoice', 1, '72', 'hdnGrandTotal', 'Total', 1, 2, '', 100, 13, 67, 3, 'N~O', 3, NULL, 'BAS', 1, NULL, 1, 0, 0);
INSERT INTO `vtiger_field` VALUES (23, 448, 'taxtype', 'vtiger_invoice', 1, '16', 'hdnTaxType', 'Tax Type', 1, 2, '', 100, 13, 67, 3, 'V~O', 3, NULL, 'BAS', 1, NULL, 0, 0, 0);
INSERT INTO `vtiger_field` VALUES (23, 449, 'discount_percent', 'vtiger_invoice', 1, '1', 'hdnDiscountPercent', 'Discount Percent', 1, 2, '', 100, 13, 113, 5, 'N~O', 3, NULL, 'BAS', 0, NULL, 0, 0, 0);
INSERT INTO `vtiger_field` VALUES (23, 450, 'discount_amount', 'vtiger_invoice', 1, '72', 'hdnDiscountAmount', 'Discount Amount', 1, 2, '', 100, 13, 113, 5, 'N~O', 3, NULL, 'BAS', 0, NULL, 0, 0, 0);
INSERT INTO `vtiger_field` VALUES (23, 451, 's_h_amount', 'vtiger_invoice', 1, '72', 'hdnS_H_Amount', 'S&H Amount', 1, 2, '', 100, 14, 69, 3, 'N~O', 3, NULL, 'BAS', 1, NULL, 0, 0, 0);
INSERT INTO `vtiger_field` VALUES (23, 452, 'accountid', 'vtiger_invoice', 1, '73', 'account_id', 'Account Name', 1, 2, '', 100, 14, 67, 1, 'I~M', 3, NULL, 'BAS', 1, NULL, 0, 1, 0);
INSERT INTO `vtiger_field` VALUES (23, 453, 'invoicestatus', 'vtiger_invoice', 1, '15', 'invoicestatus', 'Status', 1, 2, '', 100, 15, 67, 1, 'V~O', 3, NULL, 'BAS', 1, NULL, 0, 1, 0);
INSERT INTO `vtiger_field` VALUES (23, 454, 'smownerid', 'vtiger_crmentity', 1, '53', 'assigned_user_id', 'Assigned To', 1, 0, '', 100, 16, 67, 1, 'V~M', 3, NULL, 'BAS', 1, NULL, 0, 1, 0);
INSERT INTO `vtiger_field` VALUES (23, 455, 'createdtime', 'vtiger_crmentity', 1, '70', 'createdtime', 'Created Time', 1, 0, '', 100, 17, 67, 2, 'DT~O', 3, NULL, 'BAS', 0, NULL, 0, 0, 0);
INSERT INTO `vtiger_field` VALUES (23, 456, 'modifiedtime', 'vtiger_crmentity', 1, '70', 'modifiedtime', 'Modified Time', 1, 0, '', 100, 18, 67, 2, 'DT~O', 3, NULL, 'BAS', 0, NULL, 0, 0, 0);
INSERT INTO `vtiger_field` VALUES (23, 457, 'modifiedby', 'vtiger_crmentity', 1, '52', 'modifiedby', 'Last Modified By', 1, 0, '', 100, 22, 67, 3, 'V~O', 3, NULL, 'BAS', 0, NULL, 0, 0, 0);
INSERT INTO `vtiger_field` VALUES (23, 458, 'currency_id', 'vtiger_invoice', 1, '117', 'currency_id', 'Currency', 1, 2, '1', 100, 19, 67, 3, 'I~O', 3, NULL, 'BAS', 1, NULL, 0, 0, 0);
INSERT INTO `vtiger_field` VALUES (23, 459, 'conversion_rate', 'vtiger_invoice', 1, '1', 'conversion_rate', 'Conversion Rate', 1, 2, '1', 100, 20, 67, 3, 'N~O', 3, NULL, 'BAS', 1, NULL, 0, 0, 0);
INSERT INTO `vtiger_field` VALUES (23, 460, 'bill_street', 'vtiger_invoicebillads', 1, '24', 'bill_street', 'Billing Address', 1, 2, '', 100, 1, 69, 1, 'V~M', 3, NULL, 'BAS', 1, NULL, 0, 0, 0);
INSERT INTO `vtiger_field` VALUES (23, 461, 'ship_street', 'vtiger_invoiceshipads', 1, '24', 'ship_street', 'Shipping Address', 1, 2, '', 100, 2, 69, 1, 'V~M', 3, NULL, 'BAS', 1, NULL, 0, 0, 0);
INSERT INTO `vtiger_field` VALUES (23, 462, 'bill_city', 'vtiger_invoicebillads', 1, '1', 'bill_city', 'Billing City', 1, 2, '', 100, 5, 69, 1, 'V~O', 3, NULL, 'BAS', 1, NULL, 0, 0, 0);
INSERT INTO `vtiger_field` VALUES (23, 463, 'ship_city', 'vtiger_invoiceshipads', 1, '1', 'ship_city', 'Shipping City', 1, 2, '', 100, 6, 69, 1, 'V~O', 3, NULL, 'BAS', 1, NULL, 0, 0, 0);
INSERT INTO `vtiger_field` VALUES (23, 464, 'bill_state', 'vtiger_invoicebillads', 1, '1', 'bill_state', 'Billing State', 1, 2, '', 100, 7, 69, 1, 'V~O', 3, NULL, 'BAS', 1, NULL, 0, 0, 0);
INSERT INTO `vtiger_field` VALUES (23, 465, 'ship_state', 'vtiger_invoiceshipads', 1, '1', 'ship_state', 'Shipping State', 1, 2, '', 100, 8, 69, 1, 'V~O', 3, NULL, 'BAS', 1, NULL, 0, 0, 0);
INSERT INTO `vtiger_field` VALUES (23, 466, 'bill_code', 'vtiger_invoicebillads', 1, '1', 'bill_code', 'Billing Code', 1, 2, '', 100, 9, 69, 1, 'V~O', 3, NULL, 'BAS', 1, NULL, 0, 0, 0);
INSERT INTO `vtiger_field` VALUES (23, 467, 'ship_code', 'vtiger_invoiceshipads', 1, '1', 'ship_code', 'Shipping Code', 1, 2, '', 100, 10, 69, 1, 'V~O', 3, NULL, 'BAS', 1, NULL, 0, 0, 0);
INSERT INTO `vtiger_field` VALUES (23, 468, 'bill_country', 'vtiger_invoicebillads', 1, '1', 'bill_country', 'Billing Country', 1, 2, '', 100, 11, 69, 1, 'V~O', 3, NULL, 'BAS', 1, NULL, 0, 0, 0);
INSERT INTO `vtiger_field` VALUES (23, 469, 'ship_country', 'vtiger_invoiceshipads', 1, '1', 'ship_country', 'Shipping Country', 1, 2, '', 100, 12, 69, 1, 'V~O', 3, NULL, 'BAS', 1, NULL, 0, 0, 0);
INSERT INTO `vtiger_field` VALUES (23, 470, 'bill_pobox', 'vtiger_invoicebillads', 1, '1', 'bill_pobox', 'Billing Po Box', 1, 2, '', 100, 3, 69, 1, 'V~O', 3, NULL, 'BAS', 1, NULL, 0, 0, 0);
INSERT INTO `vtiger_field` VALUES (23, 471, 'ship_pobox', 'vtiger_invoiceshipads', 1, '1', 'ship_pobox', 'Shipping Po Box', 1, 2, '', 100, 4, 69, 1, 'V~O', 3, NULL, 'BAS', 1, NULL, 0, 0, 0);
INSERT INTO `vtiger_field` VALUES (23, 472, 'description', 'vtiger_crmentity', 1, '19', 'description', 'Description', 1, 2, '', 100, 1, 72, 1, 'V~O', 3, NULL, 'ADV', 1, NULL, 0, 0, 0);
INSERT INTO `vtiger_field` VALUES (23, 473, 'terms_conditions', 'vtiger_invoice', 1, '19', 'terms_conditions', 'Terms & Conditions', 1, 2, '', 100, 1, 71, 1, 'V~O', 3, NULL, 'ADV', 1, NULL, 0, 0, 0);
INSERT INTO `vtiger_field` VALUES (23, 474, 'invoice_no', 'vtiger_invoice', 1, '4', 'invoice_no', 'Invoice No', 1, 0, '', 100, 3, 67, 1, 'V~O', 3, NULL, 'BAS', 0, NULL, 1, 0, 0);
INSERT INTO `vtiger_field` VALUES (29, 475, 'user_name', 'vtiger_users', 1, '106', 'user_name', 'User Name', 1, 0, '', 11, 1, 77, 1, 'V~M', 1, NULL, 'BAS', 1, NULL, 0, 0, 0);
INSERT INTO `vtiger_field` VALUES (29, 476, 'is_admin', 'vtiger_users', 1, '156', 'is_admin', 'Admin', 1, 0, '', 3, 7, 77, 1, 'V~O', 1, NULL, 'BAS', 1, NULL, 0, 0, 0);
INSERT INTO `vtiger_field` VALUES (29, 477, 'user_password', 'vtiger_users', 1, '99', 'user_password', 'Password', 1, 0, '', 30, 5, 77, 4, 'P~M', 1, NULL, 'BAS', 1, NULL, 0, 0, 0);
INSERT INTO `vtiger_field` VALUES (29, 478, 'confirm_password', 'vtiger_users', 1, '99', 'confirm_password', 'Confirm Password', 1, 0, '', 30, 6, 77, 4, 'P~M', 1, NULL, 'BAS', 1, NULL, 0, 0, 0);
INSERT INTO `vtiger_field` VALUES (29, 479, 'first_name', 'vtiger_users', 1, '1', 'first_name', 'First Name', 1, 0, '', 30, 3, 77, 1, 'V~O', 1, NULL, 'BAS', 1, NULL, 0, 0, 0);
INSERT INTO `vtiger_field` VALUES (29, 480, 'last_name', 'vtiger_users', 1, '2', 'last_name', 'Last Name', 1, 0, '', 30, 4, 77, 1, 'V~M', 1, NULL, 'BAS', 1, NULL, 0, 0, 0);
INSERT INTO `vtiger_field` VALUES (29, 481, 'roleid', 'vtiger_user2role', 1, '98', 'roleid', 'Role', 1, 0, '', 200, 8, 77, 1, 'V~M', 1, NULL, 'BAS', 1, NULL, 0, 0, 0);
INSERT INTO `vtiger_field` VALUES (29, 482, 'email1', 'vtiger_users', 1, '104', 'email1', 'Email', 1, 0, '', 100, 2, 77, 1, 'E~M', 1, NULL, 'BAS', 1, NULL, 0, 0, 0);
INSERT INTO `vtiger_field` VALUES (29, 483, 'status', 'vtiger_users', 1, '115', 'status', 'Status', 1, 0, 'Active', 100, 10, 77, 1, 'V~O', 1, NULL, 'BAS', 1, NULL, 0, 0, 0);
INSERT INTO `vtiger_field` VALUES (29, 484, 'activity_view', 'vtiger_users', 1, '16', 'activity_view', 'Default Activity View', 1, 0, '', 100, 6, 118, 1, 'V~O', 1, NULL, 'BAS', 1, NULL, 0, 0, 0);
INSERT INTO `vtiger_field` VALUES (29, 485, 'lead_view', 'vtiger_users', 1, '16', 'lead_view', 'Default Lead View', 1, 0, '', 100, 9, 77, 1, 'V~O', 1, NULL, 'BAS', 1, NULL, 0, 0, 0);
INSERT INTO `vtiger_field` VALUES (29, 486, 'hour_format', 'vtiger_users', 1, '16', 'hour_format', 'Calendar Hour Format', 1, 0, '12', 100, 4, 118, 1, 'V~O', 1, NULL, 'BAS', 1, NULL, 0, 0, 0);
INSERT INTO `vtiger_field` VALUES (29, 487, 'end_hour', 'vtiger_users', 1, '116', 'end_hour', 'Day ends at', 1, 0, '', 100, 11, 77, 3, 'V~O', 1, NULL, 'BAS', 1, NULL, 0, 0, 0);
INSERT INTO `vtiger_field` VALUES (29, 488, 'start_hour', 'vtiger_users', 1, '16', 'start_hour', 'Day starts at', 1, 0, '', 100, 2, 118, 1, 'V~O', 1, NULL, 'BAS', 1, NULL, 0, 0, 0);
INSERT INTO `vtiger_field` VALUES (29, 489, 'is_owner', 'vtiger_users', 1, '1', 'is_owner', 'Account Owner', 0, 2, '0', 100, 12, 77, 5, 'V~O', 0, 1, 'BAS', 0, NULL, 0, 0, 0);
INSERT INTO `vtiger_field` VALUES (29, 490, 'title', 'vtiger_users', 1, '1', 'title', 'Title', 1, 0, '', 50, 1, 79, 1, 'V~O', 1, NULL, 'BAS', 1, NULL, 0, 0, 0);
INSERT INTO `vtiger_field` VALUES (29, 491, 'phone_work', 'vtiger_users', 1, '11', 'phone_work', 'Office Phone', 1, 0, '', 50, 5, 79, 1, 'V~O', 1, NULL, 'BAS', 1, NULL, 0, 0, 0);
INSERT INTO `vtiger_field` VALUES (29, 492, 'department', 'vtiger_users', 1, '1', 'department', 'Department', 1, 0, '', 50, 3, 79, 1, 'V~O', 1, NULL, 'BAS', 1, NULL, 0, 0, 0);
INSERT INTO `vtiger_field` VALUES (29, 493, 'phone_mobile', 'vtiger_users', 1, '11', 'phone_mobile', 'Mobile', 1, 0, '', 50, 7, 79, 1, 'V~O', 1, NULL, 'BAS', 1, NULL, 0, 0, 0);
INSERT INTO `vtiger_field` VALUES (29, 494, 'reports_to_id', 'vtiger_users', 1, '101', 'reports_to_id', 'Reports To', 1, 0, '', 50, 8, 79, 1, 'V~O', 1, NULL, 'BAS', 1, NULL, 0, 0, 0);
INSERT INTO `vtiger_field` VALUES (29, 495, 'phone_other', 'vtiger_users', 1, '11', 'phone_other', 'Other Phone', 1, 0, '', 50, 11, 79, 1, 'V~O', 1, NULL, 'BAS', 1, NULL, 0, 0, 0);
INSERT INTO `vtiger_field` VALUES (29, 496, 'email2', 'vtiger_users', 1, '13', 'email2', 'Other Email', 1, 0, '', 100, 4, 79, 1, 'E~O', 1, NULL, 'BAS', 1, NULL, 0, 0, 0);
INSERT INTO `vtiger_field` VALUES (29, 497, 'phone_fax', 'vtiger_users', 1, '11', 'phone_fax', 'Fax', 1, 0, '', 50, 2, 79, 1, 'V~O', 1, NULL, 'BAS', 1, NULL, 0, 0, 0);
INSERT INTO `vtiger_field` VALUES (29, 498, 'secondaryemail', 'vtiger_users', 1, '13', 'secondaryemail', 'Secondary Email', 1, 0, '', 100, 6, 79, 1, 'E~O', 1, NULL, 'BAS', 1, NULL, 0, 0, 0);
INSERT INTO `vtiger_field` VALUES (29, 499, 'phone_home', 'vtiger_users', 1, '11', 'phone_home', 'Home Phone', 1, 0, '', 50, 9, 79, 1, 'V~O', 1, NULL, 'BAS', 1, NULL, 0, 0, 0);
INSERT INTO `vtiger_field` VALUES (29, 500, 'date_format', 'vtiger_users', 1, '16', 'date_format', 'Date Format', 1, 0, '', 30, 3, 118, 1, 'V~O', 1, NULL, 'BAS', 1, NULL, 0, 0, 0);
INSERT INTO `vtiger_field` VALUES (29, 501, 'signature', 'vtiger_users', 1, '21', 'signature', 'Signature', 1, 0, '', 250, 13, 79, 1, 'V~O', 1, NULL, 'BAS', 1, NULL, 0, 0, 0);
INSERT INTO `vtiger_field` VALUES (29, 502, 'description', 'vtiger_users', 1, '21', 'description', 'Documents', 1, 0, '', 250, 14, 79, 1, 'V~O', 1, NULL, 'BAS', 1, NULL, 0, 0, 0);
INSERT INTO `vtiger_field` VALUES (29, 503, 'address_street', 'vtiger_users', 1, '21', 'address_street', 'Street Address', 1, 0, '', 250, 1, 80, 1, 'V~O', 1, NULL, 'BAS', 1, NULL, 0, 0, 0);
INSERT INTO `vtiger_field` VALUES (29, 504, 'address_city', 'vtiger_users', 1, '1', 'address_city', 'City', 1, 0, '', 100, 3, 80, 1, 'V~O', 1, NULL, 'BAS', 1, NULL, 0, 0, 0);
INSERT INTO `vtiger_field` VALUES (29, 505, 'address_state', 'vtiger_users', 1, '1', 'address_state', 'State', 1, 0, '', 100, 5, 80, 1, 'V~O', 1, NULL, 'BAS', 1, NULL, 0, 0, 0);
INSERT INTO `vtiger_field` VALUES (29, 506, 'address_postalcode', 'vtiger_users', 1, '1', 'address_postalcode', 'Postal Code', 1, 0, '', 100, 4, 80, 1, 'V~O', 1, NULL, 'BAS', 1, NULL, 0, 0, 0);
INSERT INTO `vtiger_field` VALUES (29, 507, 'address_country', 'vtiger_users', 1, '1', 'address_country', 'Country', 1, 0, '', 100, 2, 80, 1, 'V~O', 1, NULL, 'BAS', 1, NULL, 0, 0, 0);
INSERT INTO `vtiger_field` VALUES (29, 508, 'accesskey', 'vtiger_users', 1, '3', 'accesskey', 'Webservice Access Key', 1, 0, '', 100, 2, 83, 2, 'V~O', 1, NULL, 'BAS', 1, NULL, 0, 0, 0);
INSERT INTO `vtiger_field` VALUES (29, 509, 'time_zone', 'vtiger_users', 1, '16', 'time_zone', 'Time Zone', 1, 0, '', 200, 5, 118, 1, 'V~O', 1, NULL, 'BAS', 1, NULL, 0, 0, 0);
INSERT INTO `vtiger_field` VALUES (29, 510, 'currency_id', 'vtiger_users', 1, '117', 'currency_id', 'Currency', 1, 0, '', 100, 1, 78, 1, 'I~O', 1, NULL, 'BAS', 1, NULL, 0, 0, 0);
INSERT INTO `vtiger_field` VALUES (29, 511, 'currency_grouping_pattern', 'vtiger_users', 1, '16', 'currency_grouping_pattern', 'Digit Grouping Pattern', 1, 0, '', 100, 2, 78, 1, 'V~O', 1, NULL, 'BAS', 1, '<b>Currency - Digit Grouping Pattern</b> <br/><br/>This pattern specifies the format in which the currency separator will be placed.', 0, 0, 0);
INSERT INTO `vtiger_field` VALUES (29, 512, 'currency_decimal_separator', 'vtiger_users', 1, '16', 'currency_decimal_separator', 'Decimal Separator', 1, 0, '.', 2, 3, 78, 1, 'V~O', 1, NULL, 'BAS', 1, '<b>Currency - Decimal Separator</b> <br/><br/>Decimal separator specifies the separator to be used to separate the fractional values from the whole number part. <br/><b>Eg:</b> <br/>. => 123.45 <br/>, => 123,45 <br/>\' => 123\'45 <br/>  => 123 45 <br/>$ => 123$45 <br/>', 0, 0, 0);
INSERT INTO `vtiger_field` VALUES (29, 513, 'currency_grouping_separator', 'vtiger_users', 1, '16', 'currency_grouping_separator', 'Digit Grouping Separator', 1, 0, ',', 2, 4, 78, 1, 'V~O', 1, NULL, 'BAS', 1, '<b>Currency - Grouping Separator</b> <br/><br/>Grouping separator specifies the separator to be used to group the whole number part into hundreds, thousands etc. <br/><b>Eg:</b> <br/>. => 123.456.789 <br/>, => 123,456,789 <br/>\' => 123\'456\'789 <br/>  => 123 456 789 <br/>$ => 123$456$789 <br/>', 0, 0, 0);
INSERT INTO `vtiger_field` VALUES (29, 514, 'currency_symbol_placement', 'vtiger_users', 1, '16', 'currency_symbol_placement', 'Symbol Placement', 1, 0, '', 20, 5, 78, 1, 'V~O', 1, NULL, 'BAS', 1, '<b>Currency - Symbol Placement</b> <br/><br/>Symbol Placement allows you to configure the position of the currency symbol with respect to the currency value.<br/><b>Eg:</b> <br/>$1.0 => $123,456,789.50 <br/>1.0$ => 123,456,789.50$ <br/>', 0, 0, 0);
INSERT INTO `vtiger_field` VALUES (29, 515, 'imagename', 'vtiger_users', 1, '105', 'imagename', 'User Image', 1, 0, '', 250, 10, 82, 1, 'V~O', 1, NULL, 'BAS', 1, NULL, 0, 0, 0);
INSERT INTO `vtiger_field` VALUES (29, 516, 'internal_mailer', 'vtiger_users', 1, '56', 'internal_mailer', 'INTERNAL_MAIL_COMPOSER', 1, 0, '', 50, 15, 79, 1, 'V~O', 1, NULL, 'BAS', 1, NULL, 0, 0, 0);
INSERT INTO `vtiger_field` VALUES (29, 517, 'theme', 'vtiger_users', 1, '31', 'theme', 'Theme', 1, 0, 'softed', 100, 16, 79, 1, 'V~O', 1, NULL, 'BAS', 1, NULL, 0, 0, 0);
INSERT INTO `vtiger_field` VALUES (29, 518, 'language', 'vtiger_users', 1, '32', 'language', 'Language', 1, 0, 'en_us', 100, 17, 79, 1, 'V~O', 1, NULL, 'BAS', 1, NULL, 0, 0, 0);
INSERT INTO `vtiger_field` VALUES (29, 519, 'reminder_interval', 'vtiger_users', 1, '16', 'reminder_interval', 'Reminder Interval', 1, 0, '', 100, 11, 118, 1, 'V~O', 1, NULL, 'BAS', 1, NULL, 0, 0, 0);
INSERT INTO `vtiger_field` VALUES (10, 520, 'from_email', 'vtiger_emaildetails', 1, '12', 'from_email', 'From', 1, 2, '', 100, 1, 21, 3, 'V~M', 3, NULL, 'BAS', 0, NULL, 0, 0, 0);
INSERT INTO `vtiger_field` VALUES (10, 521, 'to_email', 'vtiger_emaildetails', 1, '8', 'saved_toid', 'To', 1, 2, '', 100, 2, 21, 1, 'V~M', 3, NULL, 'BAS', 0, NULL, 0, 0, 0);
INSERT INTO `vtiger_field` VALUES (10, 522, 'cc_email', 'vtiger_emaildetails', 1, '8', 'ccmail', 'CC', 1, 2, '', 1000, 3, 21, 1, 'V~O', 3, NULL, 'BAS', 0, NULL, 0, 0, 0);
INSERT INTO `vtiger_field` VALUES (10, 523, 'bcc_email', 'vtiger_emaildetails', 1, '8', 'bccmail', 'BCC', 1, 2, '', 1000, 4, 21, 1, 'V~O', 3, NULL, 'BAS', 0, NULL, 0, 0, 0);
INSERT INTO `vtiger_field` VALUES (10, 524, 'idlists', 'vtiger_emaildetails', 1, '357', 'parent_id', 'Parent ID', 1, 2, '', 1000, 5, 21, 1, 'V~O', 3, NULL, 'BAS', 0, NULL, 0, 0, 0);
INSERT INTO `vtiger_field` VALUES (10, 525, 'email_flag', 'vtiger_emaildetails', 1, '16', 'email_flag', 'Email Flag', 1, 2, '', 1000, 6, 21, 3, 'V~O', 3, NULL, 'BAS', 0, NULL, 0, 0, 0);
INSERT INTO `vtiger_field` VALUES (34, 526, 'direction', 'vtiger_pbxmanager', 1, '1', 'direction', 'Direction', 1, 2, '', 100, 1, 88, 1, 'V~O', 1, 0, 'BAS', 1, '', 0, 0, 0);
INSERT INTO `vtiger_field` VALUES (34, 527, 'callstatus', 'vtiger_pbxmanager', 1, '1', 'callstatus', 'Call Status', 1, 2, '', 100, 2, 88, 1, 'V~O', 1, 0, 'BAS', 1, '', 1, 0, 0);
INSERT INTO `vtiger_field` VALUES (34, 528, 'starttime', 'vtiger_pbxmanager', 1, '70', 'starttime', 'Start Time', 1, 2, '', 100, 7, 88, 1, 'DT~O', 1, 0, 'BAS', 1, '', 1, 0, 0);
INSERT INTO `vtiger_field` VALUES (34, 529, 'endtime', 'vtiger_pbxmanager', 1, '70', 'endtime', 'End Time', 1, 2, '', 100, 8, 88, 1, 'DT~O', 1, 0, 'BAS', 1, '', 0, 0, 0);
INSERT INTO `vtiger_field` VALUES (34, 530, 'totalduration', 'vtiger_pbxmanager', 1, '7', 'totalduration', 'Total Duration', 1, 2, '', 100, 10, 88, 1, 'I~O', 1, 0, 'BAS', 1, '', 0, 0, 0);
INSERT INTO `vtiger_field` VALUES (34, 531, 'billduration', 'vtiger_pbxmanager', 1, '7', 'billduration', 'Bill Duration', 1, 2, '', 100, 11, 88, 1, 'I~O', 1, 0, 'BAS', 1, '', 0, 0, 0);
INSERT INTO `vtiger_field` VALUES (34, 532, 'recordingurl', 'vtiger_pbxmanager', 1, '17', 'recordingurl', 'Recording URL', 1, 2, '', 100, 9, 88, 1, 'V~O', 1, 0, 'BAS', 1, '', 1, 0, 0);
INSERT INTO `vtiger_field` VALUES (34, 533, 'sourceuuid', 'vtiger_pbxmanager', 1, '1', 'sourceuuid', 'Source UUID', 1, 2, '', 100, 12, 88, 1, 'V~O', 1, 0, 'BAS', 1, '', 0, 0, 0);
INSERT INTO `vtiger_field` VALUES (34, 534, 'gateway', 'vtiger_pbxmanager', 1, '1', 'gateway', 'Gateway', 1, 2, '', 100, 13, 88, 1, 'V~O', 1, 0, 'BAS', 1, '', 0, 0, 0);
INSERT INTO `vtiger_field` VALUES (34, 535, 'customer', 'vtiger_pbxmanager', 1, '10', 'customer', 'Customer', 1, 2, '', 100, 3, 88, 1, 'V~O', 1, 0, 'BAS', 1, '', 1, 0, 0);
INSERT INTO `vtiger_field` VALUES (34, 536, 'user', 'vtiger_pbxmanager', 1, '52', 'user', 'User', 1, 2, '', 100, 4, 88, 1, 'V~O', 1, 0, 'BAS', 1, '', 1, 0, 0);
INSERT INTO `vtiger_field` VALUES (34, 537, 'customernumber', 'vtiger_pbxmanager', 1, '11', 'customernumber', 'Customer Number', 1, 2, '', 100, 5, 88, 1, 'V~M', 1, 0, 'BAS', 1, '', 0, 0, 0);
INSERT INTO `vtiger_field` VALUES (34, 538, 'customertype', 'vtiger_pbxmanager', 1, '1', 'customertype', 'Customer Type', 1, 2, '', 100, 6, 88, 1, 'V~O', 1, 0, 'BAS', 1, '', 0, 0, 0);
INSERT INTO `vtiger_field` VALUES (34, 539, 'smownerid', 'vtiger_crmentity', 1, '53', 'assigned_user_id', 'Assigned To', 1, 2, '', 100, 14, 88, 1, 'V~M', 1, 0, 'BAS', 1, '', 0, 0, 0);
INSERT INTO `vtiger_field` VALUES (34, 540, 'createdtime', 'vtiger_crmentity', 1, '70', 'CreatedTime', 'Created Time', 1, 2, '', 100, 15, 88, 2, 'DT~O', 1, 0, 'BAS', 0, '', 0, 0, 0);
INSERT INTO `vtiger_field` VALUES (34, 541, 'modifiedtime', 'vtiger_crmentity', 1, '70', 'ModifiedTime', 'Modified Time', 1, 2, '', 100, 16, 88, 2, 'DT~O', 1, 0, 'BAS', 0, '', 0, 0, 0);
INSERT INTO `vtiger_field` VALUES (34, 542, 'source', 'vtiger_crmentity', 1, '1', 'source', 'Source', 1, 2, '', 100, 17, 88, 2, 'V~O', 3, 1, 'BAS', 0, '', 0, 0, 0);
INSERT INTO `vtiger_field` VALUES (29, 543, 'phone_crm_extension', 'vtiger_users', 1, '11', 'phone_crm_extension', 'CRM Phone Extension', 1, 2, '', 100, 18, 79, 1, 'V~O', 1, 0, 'BAS', 1, '', 0, 0, 0);
INSERT INTO `vtiger_field` VALUES (35, 544, 'smownerid', 'vtiger_crmentity', 1, '53', 'assigned_user_id', 'Assigned To', 1, 2, '', 100, 4, 89, 1, 'V~M', 2, 2, 'BAS', 1, '', 1, 0, 0);
INSERT INTO `vtiger_field` VALUES (35, 545, 'createdtime', 'vtiger_crmentity', 1, '70', 'createdtime', 'Created Time', 1, 0, '', 100, 17, 89, 2, 'DT~O', 3, 0, 'BAS', 0, '', 0, 0, 0);
INSERT INTO `vtiger_field` VALUES (35, 546, 'modifiedtime', 'vtiger_crmentity', 1, '70', 'modifiedtime', 'Modified Time', 1, 0, '', 100, 18, 89, 2, 'DT~O', 3, 0, 'BAS', 0, '', 0, 0, 0);
INSERT INTO `vtiger_field` VALUES (35, 547, 'start_date', 'vtiger_servicecontracts', 1, '5', 'start_date', 'Start Date', 1, 2, '', 100, 7, 89, 1, 'D~O', 2, 4, 'BAS', 1, '', 0, 0, 0);
INSERT INTO `vtiger_field` VALUES (35, 548, 'end_date', 'vtiger_servicecontracts', 1, '5', 'end_date', 'End Date', 1, 2, '', 100, 11, 89, 2, 'D~O', 3, 0, 'BAS', 0, '', 0, 0, 0);
INSERT INTO `vtiger_field` VALUES (35, 549, 'sc_related_to', 'vtiger_servicecontracts', 1, '10', 'sc_related_to', 'Related to', 1, 2, '', 100, 3, 89, 1, 'V~O', 2, 6, 'BAS', 1, '', 0, 0, 0);
INSERT INTO `vtiger_field` VALUES (35, 550, 'tracking_unit', 'vtiger_servicecontracts', 1, '15', 'tracking_unit', 'Tracking Unit', 1, 2, '', 100, 6, 89, 1, 'V~O', 2, 7, 'BAS', 1, '', 0, 0, 0);
INSERT INTO `vtiger_field` VALUES (35, 551, 'total_units', 'vtiger_servicecontracts', 1, '7', 'total_units', 'Total Units', 1, 2, '', 100, 8, 89, 1, 'NN~O', 2, 8, 'BAS', 1, '', 1, 0, 0);
INSERT INTO `vtiger_field` VALUES (35, 552, 'used_units', 'vtiger_servicecontracts', 1, '7', 'used_units', 'Used Units', 1, 2, '', 100, 10, 89, 1, 'NN~O', 2, 9, 'BAS', 1, '', 1, 0, 0);
INSERT INTO `vtiger_field` VALUES (35, 553, 'subject', 'vtiger_servicecontracts', 1, '1', 'subject', 'Subject', 1, 0, '', 100, 1, 89, 1, 'V~M', 0, 1, 'BAS', 1, '', 1, 0, 0);
INSERT INTO `vtiger_field` VALUES (35, 554, 'due_date', 'vtiger_servicecontracts', 1, '23', 'due_date', 'Due date', 1, 2, '', 100, 9, 89, 1, 'D~O', 2, 5, 'BAS', 1, '', 0, 0, 0);
INSERT INTO `vtiger_field` VALUES (35, 555, 'planned_duration', 'vtiger_servicecontracts', 1, '1', 'planned_duration', 'Planned Duration', 1, 2, '', 100, 13, 89, 2, 'V~O', 3, 0, 'BAS', 0, '', 0, 0, 0);
INSERT INTO `vtiger_field` VALUES (35, 556, 'actual_duration', 'vtiger_servicecontracts', 1, '1', 'actual_duration', 'Actual Duration', 1, 2, '', 100, 15, 89, 2, 'V~O', 3, 0, 'BAS', 0, '', 0, 0, 0);
INSERT INTO `vtiger_field` VALUES (35, 557, 'contract_status', 'vtiger_servicecontracts', 1, '15', 'contract_status', 'Status', 1, 2, '', 100, 12, 89, 1, 'V~O', 1, 0, 'BAS', 1, '', 0, 0, 0);
INSERT INTO `vtiger_field` VALUES (35, 558, 'priority', 'vtiger_servicecontracts', 1, '15', 'contract_priority', 'Priority', 1, 2, '', 100, 14, 89, 1, 'V~O', 1, 0, 'BAS', 1, '', 0, 0, 0);
INSERT INTO `vtiger_field` VALUES (35, 559, 'contract_type', 'vtiger_servicecontracts', 1, '15', 'contract_type', 'Type', 1, 2, '', 100, 5, 89, 1, 'V~O', 1, 0, 'BAS', 1, '', 0, 0, 0);
INSERT INTO `vtiger_field` VALUES (35, 560, 'progress', 'vtiger_servicecontracts', 1, '9', 'progress', 'Progress', 1, 2, '', 100, 16, 89, 2, 'N~O~2~2', 3, 3, 'BAS', 0, '', 0, 0, 0);
INSERT INTO `vtiger_field` VALUES (35, 561, 'contract_no', 'vtiger_servicecontracts', 1, '4', 'contract_no', 'Contract No', 1, 0, '', 100, 2, 89, 1, 'V~O', 3, 0, 'BAS', 0, '', 1, 0, 0);
INSERT INTO `vtiger_field` VALUES (35, 562, 'modifiedby', 'vtiger_crmentity', 1, '52', 'modifiedby', 'Last Modified By', 1, 0, '', 100, 17, 89, 3, 'V~O', 3, 0, 'BAS', 0, '', 0, 0, 0);
INSERT INTO `vtiger_field` VALUES (35, 563, 'source', 'vtiger_crmentity', 1, '1', 'source', 'Source', 1, 2, '', 100, 19, 89, 2, 'V~O', 3, 10, 'BAS', 0, '', 0, 0, 0);
INSERT INTO `vtiger_field` VALUES (35, 564, 'starred', 'vtiger_crmentity_user_field', 1, '56', 'starred', 'starred', 1, 2, '', 100, 20, 89, 6, 'C~O', 3, 11, 'BAS', 0, '', 0, 0, 0);
INSERT INTO `vtiger_field` VALUES (35, 565, 'tags', 'vtiger_servicecontracts', 1, '1', 'tags', 'tags', 1, 2, '', 100, 21, 89, 6, 'V~O', 3, 12, 'BAS', 0, '', 0, 0, 0);
INSERT INTO `vtiger_field` VALUES (36, 566, 'servicename', 'vtiger_service', 1, '2', 'servicename', 'Service Name', 1, 0, '', 100, 1, 91, 1, 'V~M', 0, 1, 'BAS', 1, '', 1, 0, 0);
INSERT INTO `vtiger_field` VALUES (36, 567, 'service_no', 'vtiger_service', 1, '4', 'service_no', 'Service No', 1, 0, '', 100, 2, 91, 1, 'V~O', 3, 0, 'BAS', 0, '', 1, 0, 0);
INSERT INTO `vtiger_field` VALUES (36, 568, 'discontinued', 'vtiger_service', 1, '56', 'discontinued', 'Service Active', 1, 2, '1', 100, 4, 91, 1, 'V~O', 2, 3, 'BAS', 1, '', 0, 0, 0);
INSERT INTO `vtiger_field` VALUES (36, 569, 'sales_start_date', 'vtiger_service', 1, '5', 'sales_start_date', 'Sales Start Date', 1, 2, '', 100, 9, 91, 1, 'D~O', 1, 0, 'BAS', 1, '', 0, 0, 0);
INSERT INTO `vtiger_field` VALUES (36, 570, 'sales_end_date', 'vtiger_service', 1, '5', 'sales_end_date', 'Sales End Date', 1, 2, '', 100, 10, 91, 1, 'D~O~OTH~GE~sales_start_date~Sales Start Date', 1, 0, 'BAS', 1, '', 0, 0, 0);
INSERT INTO `vtiger_field` VALUES (36, 571, 'start_date', 'vtiger_service', 1, '5', 'start_date', 'Support Start Date', 1, 2, '', 100, 11, 91, 1, 'D~O', 1, 0, 'BAS', 1, '', 0, 0, 0);
INSERT INTO `vtiger_field` VALUES (36, 572, 'expiry_date', 'vtiger_service', 1, '5', 'expiry_date', 'Support Expiry Date', 1, 2, '', 100, 12, 91, 1, 'D~O~OTH~GE~start_date~Start Date', 1, 0, 'BAS', 1, '', 0, 0, 0);
INSERT INTO `vtiger_field` VALUES (36, 573, 'website', 'vtiger_service', 1, '17', 'website', 'Website', 1, 2, '', 100, 6, 91, 1, 'V~O', 1, 0, 'BAS', 1, '', 0, 0, 0);
INSERT INTO `vtiger_field` VALUES (36, 574, 'createdtime', 'vtiger_crmentity', 1, '70', 'createdtime', 'Created Time', 1, 0, '', 100, 13, 91, 2, 'DT~O', 3, 0, 'BAS', 0, '', 0, 0, 0);
INSERT INTO `vtiger_field` VALUES (36, 575, 'modifiedtime', 'vtiger_crmentity', 1, '70', 'modifiedtime', 'Modified Time', 1, 0, '', 100, 14, 91, 2, 'DT~O', 3, 0, 'BAS', 0, '', 0, 0, 0);
INSERT INTO `vtiger_field` VALUES (36, 576, 'modifiedby', 'vtiger_crmentity', 1, '52', 'modifiedby', 'Last Modified By', 1, 0, '', 100, 16, 91, 3, 'V~O', 3, 0, 'BAS', 0, '', 0, 0, 0);
INSERT INTO `vtiger_field` VALUES (36, 577, 'service_usageunit', 'vtiger_service', 1, '15', 'service_usageunit', 'Usage Unit', 1, 2, '', 100, 3, 91, 1, 'V~O', 1, 0, 'BAS', 1, '', 0, 0, 0);
INSERT INTO `vtiger_field` VALUES (36, 578, 'qty_per_unit', 'vtiger_service', 1, '1', 'qty_per_unit', 'No of Units', 1, 2, '', 100, 5, 91, 1, 'N~O', 1, 0, 'BAS', 1, '', 1, 0, 0);
INSERT INTO `vtiger_field` VALUES (36, 579, 'smownerid', 'vtiger_crmentity', 1, '53', 'assigned_user_id', 'Owner', 1, 0, '', 100, 8, 91, 1, 'I~O', 1, 0, 'BAS', 1, '', 0, 0, 0);
INSERT INTO `vtiger_field` VALUES (36, 580, 'servicecategory', 'vtiger_service', 1, '15', 'servicecategory', 'Service Category', 1, 2, '', 100, 7, 91, 1, 'V~O', 1, 0, 'BAS', 1, '', 0, 0, 0);
INSERT INTO `vtiger_field` VALUES (36, 581, 'unit_price', 'vtiger_service', 1, '72', 'unit_price', 'Price', 1, 0, '', 100, 1, 92, 1, 'N~O', 2, 2, 'BAS', 0, '', 1, 0, 0);
INSERT INTO `vtiger_field` VALUES (36, 582, 'taxclass', 'vtiger_service', 1, '83', 'taxclass', 'Taxes', 1, 2, '', 100, 4, 92, 1, 'V~O', 2, 0, 'BAS', 1, '', 0, 0, 0);
INSERT INTO `vtiger_field` VALUES (36, 583, 'commissionrate', 'vtiger_service', 1, '9', 'commissionrate', 'Commission Rate', 1, 2, '', 100, 2, 92, 1, 'N~O', 1, 0, 'BAS', 1, '', 1, 0, 0);
INSERT INTO `vtiger_field` VALUES (36, 584, 'description', 'vtiger_crmentity', 1, '19', 'description', 'Description', 1, 2, '', 100, 1, 94, 1, 'V~O', 1, 0, 'BAS', 1, '', 0, 0, 0);
INSERT INTO `vtiger_field` VALUES (36, 585, 'source', 'vtiger_crmentity', 1, '1', 'source', 'Source', 1, 2, '', 100, 17, 91, 2, 'V~O', 3, 4, 'BAS', 0, '', 0, 0, 0);
INSERT INTO `vtiger_field` VALUES (36, 586, 'starred', 'vtiger_crmentity_user_field', 1, '56', 'starred', 'starred', 1, 2, '', 100, 18, 91, 6, 'C~O', 3, 5, 'BAS', 0, '', 0, 0, 0);
INSERT INTO `vtiger_field` VALUES (36, 587, 'tags', 'vtiger_service', 1, '1', 'tags', 'tags', 1, 2, '', 100, 19, 91, 6, 'V~O', 3, 6, 'BAS', 0, '', 0, 0, 0);
INSERT INTO `vtiger_field` VALUES (38, 588, 'asset_no', 'vtiger_assets', 1, '4', 'asset_no', 'Asset No', 1, 0, '', 100, 2, 95, 1, 'V~O', 3, 0, 'BAS', 0, '\n					', 1, 0, 0);
INSERT INTO `vtiger_field` VALUES (38, 589, 'product', 'vtiger_assets', 1, '10', 'product', 'Product Name', 1, 2, '', 100, 3, 95, 1, 'V~M', 0, 3, 'BAS', 1, '\n					', 1, 0, 0);
INSERT INTO `vtiger_field` VALUES (38, 590, 'serialnumber', 'vtiger_assets', 1, '2', 'serialnumber', 'Serial Number', 1, 2, '', 100, 4, 95, 1, 'V~M', 0, 5, 'BAS', 1, '\n					', 0, 0, 0);
INSERT INTO `vtiger_field` VALUES (38, 591, 'datesold', 'vtiger_assets', 1, '5', 'datesold', 'Date Sold', 1, 2, '', 100, 5, 95, 1, 'D~M~OTH~GE~datesold~Date Sold', 0, 0, 'BAS', 1, '\n					', 0, 0, 0);
INSERT INTO `vtiger_field` VALUES (38, 592, 'dateinservice', 'vtiger_assets', 1, '5', 'dateinservice', 'Date in Service', 1, 2, '', 100, 6, 95, 1, 'D~M~OTH~GE~dateinservice~Date in Service', 0, 4, 'BAS', 1, '\n					', 0, 0, 0);
INSERT INTO `vtiger_field` VALUES (38, 593, 'assetstatus', 'vtiger_assets', 1, '15', 'assetstatus', 'Status', 1, 2, '', 100, 7, 95, 1, 'V~M', 0, 0, 'BAS', 1, '\n					', 0, 0, 0);
INSERT INTO `vtiger_field` VALUES (38, 594, 'tagnumber', 'vtiger_assets', 1, '2', 'tagnumber', 'Tag Number', 1, 2, '', 100, 8, 95, 1, 'V~O', 1, 0, 'BAS', 1, '\n					', 0, 0, 0);
INSERT INTO `vtiger_field` VALUES (38, 595, 'invoiceid', 'vtiger_assets', 1, '10', 'invoiceid', 'Invoice Name', 1, 2, '', 100, 9, 95, 1, 'V~O', 1, 0, 'BAS', 1, '\n					', 0, 0, 0);
INSERT INTO `vtiger_field` VALUES (38, 596, 'shippingmethod', 'vtiger_assets', 1, '2', 'shippingmethod', 'Shipping Method', 1, 2, '', 100, 10, 95, 1, 'V~O', 1, 0, 'BAS', 1, '\n					', 0, 0, 0);
INSERT INTO `vtiger_field` VALUES (38, 597, 'shippingtrackingnumber', 'vtiger_assets', 1, '2', 'shippingtrackingnumber', 'Shipping Tracking Number', 1, 2, '', 100, 11, 95, 1, 'V~O', 1, 0, 'BAS', 1, '\n					', 0, 0, 0);
INSERT INTO `vtiger_field` VALUES (38, 598, 'smownerid', 'vtiger_crmentity', 1, '53', 'assigned_user_id', 'Assigned To', 1, 2, '', 100, 4, 95, 1, 'V~M', 0, 2, 'BAS', 1, '\n					', 0, 0, 0);
INSERT INTO `vtiger_field` VALUES (38, 599, 'assetname', 'vtiger_assets', 1, '1', 'assetname', 'Asset Name', 1, 0, '', 100, 12, 95, 1, 'V~M', 0, 6, 'BAS', 1, '\n					', 1, 0, 0);
INSERT INTO `vtiger_field` VALUES (38, 600, 'account', 'vtiger_assets', 1, '10', 'account', 'Customer Name', 1, 2, '', 100, 13, 95, 1, 'V~M', 0, 0, 'BAS', 1, '\n					', 1, 0, 0);
INSERT INTO `vtiger_field` VALUES (38, 601, 'contact', 'vtiger_assets', 1, '10', 'contact', 'Contact Name', 1, 2, '', 100, 14, 95, 1, 'V~O', 0, 0, 'BAS', 1, '\n					', 0, 0, 0);
INSERT INTO `vtiger_field` VALUES (38, 602, 'createdtime', 'vtiger_crmentity', 1, '70', 'createdtime', 'Created Time', 1, 0, '', 100, 14, 95, 2, 'DT~O', 3, 0, 'BAS', 0, '\n					', 0, 0, 0);
INSERT INTO `vtiger_field` VALUES (38, 603, 'modifiedtime', 'vtiger_crmentity', 1, '70', 'modifiedtime', 'Modified Time', 1, 0, '', 100, 15, 95, 2, 'DT~O', 3, 0, 'BAS', 0, '\n					', 0, 0, 0);
INSERT INTO `vtiger_field` VALUES (38, 604, 'modifiedby', 'vtiger_crmentity', 1, '52', 'modifiedby', 'Last Modified By', 1, 0, '', 100, 16, 95, 3, 'V~O', 3, 0, 'BAS', 0, '\n					', 0, 0, 0);
INSERT INTO `vtiger_field` VALUES (38, 605, 'description', 'vtiger_crmentity', 1, '19', 'description', 'Notes', 1, 2, '', 100, 1, 97, 1, 'V~O', 1, 0, 'BAS', 1, '\n					', 0, 0, 0);
INSERT INTO `vtiger_field` VALUES (38, 606, 'source', 'vtiger_crmentity', 1, '1', 'source', 'Source', 1, 2, '', 100, 17, 95, 2, 'V~O', 3, 7, 'BAS', 0, '', 0, 0, 0);
INSERT INTO `vtiger_field` VALUES (38, 607, 'starred', 'vtiger_crmentity_user_field', 1, '56', 'starred', 'starred', 1, 2, '', 100, 18, 95, 6, 'C~O', 3, 8, 'BAS', 0, '', 0, 0, 0);
INSERT INTO `vtiger_field` VALUES (38, 608, 'tags', 'vtiger_assets', 1, '1', 'tags', 'tags', 1, 2, '', 100, 19, 95, 6, 'V~O', 3, 9, 'BAS', 0, '', 0, 0, 0);
INSERT INTO `vtiger_field` VALUES (42, 609, 'commentcontent', 'vtiger_modcomments', 1, '19', 'commentcontent', 'Comment', 1, 0, '', 100, 4, 98, 1, 'V~M', 0, 4, 'BAS', 2, '', 1, 0, 0);
INSERT INTO `vtiger_field` VALUES (42, 610, 'smownerid', 'vtiger_crmentity', 1, '53', 'assigned_user_id', 'Assigned To', 1, 0, '', 100, 1, 99, 1, 'V~M', 0, 1, 'BAS', 2, '', 1, 0, 0);
INSERT INTO `vtiger_field` VALUES (42, 611, 'createdtime', 'vtiger_crmentity', 1, '70', 'createdtime', 'Created Time', 1, 0, '', 100, 5, 99, 2, 'DT~O', 0, 2, 'BAS', 0, '', 0, 0, 0);
INSERT INTO `vtiger_field` VALUES (42, 612, 'modifiedtime', 'vtiger_crmentity', 1, '70', 'modifiedtime', 'Modified Time', 1, 0, '', 100, 6, 99, 2, 'DT~O', 0, 3, 'BAS', 0, '', 0, 0, 0);
INSERT INTO `vtiger_field` VALUES (42, 613, 'related_to', 'vtiger_modcomments', 1, '10', 'related_to', 'Related To', 1, 2, '', 100, 2, 99, 1, 'V~M', 2, 5, 'BAS', 2, '', 0, 0, 0);
INSERT INTO `vtiger_field` VALUES (42, 614, 'smcreatorid', 'vtiger_crmentity', 1, '52', 'creator', 'Creator', 1, 2, '', 100, 4, 99, 2, 'V~O', 1, 0, 'BAS', 1, '', 0, 0, 0);
INSERT INTO `vtiger_field` VALUES (42, 615, 'parent_comments', 'vtiger_modcomments', 1, '10', 'parent_comments', 'Related To Comments', 1, 2, '', 100, 7, 99, 1, 'V~O', 1, 0, 'BAS', 1, '', 0, 0, 0);
INSERT INTO `vtiger_field` VALUES (42, 616, 'source', 'vtiger_crmentity', 1, '1', 'source', 'Source', 1, 2, '', 100, 5, 98, 2, 'V~O', 3, 6, 'BAS', 0, '', 0, 0, 0);
INSERT INTO `vtiger_field` VALUES (43, 617, 'projectmilestonename', 'vtiger_projectmilestone', 1, '2', 'projectmilestonename', 'Project Milestone Name', 1, 2, '', 100, 1, 101, 1, 'V~M', 0, 1, 'BAS', 1, '', 1, 0, 0);
INSERT INTO `vtiger_field` VALUES (43, 618, 'projectmilestonedate', 'vtiger_projectmilestone', 1, '5', 'projectmilestonedate', 'Milestone Date', 1, 2, '', 100, 5, 101, 1, 'D~O', 0, 3, 'BAS', 1, '', 1, 0, 0);
INSERT INTO `vtiger_field` VALUES (43, 619, 'projectid', 'vtiger_projectmilestone', 1, '10', 'projectid', 'Related to', 1, 0, '', 100, 4, 101, 1, 'V~M', 0, 4, 'BAS', 1, '', 0, 0, 0);
INSERT INTO `vtiger_field` VALUES (43, 620, 'projectmilestonetype', 'vtiger_projectmilestone', 1, '15', 'projectmilestonetype', 'Type', 1, 2, '', 100, 7, 101, 1, 'V~O', 1, 0, 'BAS', 1, '', 1, 0, 0);
INSERT INTO `vtiger_field` VALUES (43, 621, 'smownerid', 'vtiger_crmentity', 1, '53', 'assigned_user_id', 'Assigned To', 1, 2, '', 100, 6, 101, 1, 'V~M', 0, 2, 'BAS', 1, '', 0, 0, 0);
INSERT INTO `vtiger_field` VALUES (43, 622, 'projectmilestone_no', 'vtiger_projectmilestone', 2, '4', 'projectmilestone_no', 'Project Milestone No', 1, 0, '', 100, 2, 101, 1, 'V~O', 3, 4, 'BAS', 0, '', 0, 0, 0);
INSERT INTO `vtiger_field` VALUES (43, 623, 'createdtime', 'vtiger_crmentity', 1, '70', 'createdtime', 'Created Time', 1, 2, '', 100, 1, 102, 2, 'DT~O', 1, 0, 'BAS', 0, '', 0, 0, 0);
INSERT INTO `vtiger_field` VALUES (43, 624, 'modifiedtime', 'vtiger_crmentity', 1, '70', 'modifiedtime', 'Modified Time', 1, 2, '', 100, 2, 102, 2, 'DT~O', 1, 0, 'BAS', 0, '', 0, 0, 0);
INSERT INTO `vtiger_field` VALUES (43, 625, 'modifiedby', 'vtiger_crmentity', 1, '52', 'modifiedby', 'Last Modified By', 1, 0, '', 100, 3, 102, 3, 'V~O', 3, 0, 'BAS', 0, '', 0, 0, 0);
INSERT INTO `vtiger_field` VALUES (43, 626, 'description', 'vtiger_crmentity', 1, '19', 'description', 'Description', 1, 2, '', 100, 1, 103, 1, 'V~O', 1, 0, 'BAS', 1, '', 0, 0, 0);
INSERT INTO `vtiger_field` VALUES (43, 627, 'source', 'vtiger_crmentity', 1, '1', 'source', 'Source', 1, 2, '', 100, 8, 101, 2, 'V~O', 3, 5, 'BAS', 0, '', 0, 0, 0);
INSERT INTO `vtiger_field` VALUES (43, 628, 'starred', 'vtiger_crmentity_user_field', 1, '56', 'starred', 'starred', 1, 2, '', 100, 9, 101, 6, 'C~O', 3, 6, 'BAS', 0, '', 0, 0, 0);
INSERT INTO `vtiger_field` VALUES (43, 629, 'tags', 'vtiger_projectmilestone', 1, '1', 'tags', 'tags', 1, 2, '', 100, 10, 101, 6, 'V~O', 3, 7, 'BAS', 0, '', 0, 0, 0);
INSERT INTO `vtiger_field` VALUES (44, 630, 'projecttaskname', 'vtiger_projecttask', 1, '2', 'projecttaskname', 'Project Task Name', 1, 2, '', 100, 1, 104, 1, 'V~M', 0, 1, 'BAS', 1, '', 1, 0, 0);
INSERT INTO `vtiger_field` VALUES (44, 631, 'projecttasktype', 'vtiger_projecttask', 1, '15', 'projecttasktype', 'Type', 1, 2, '', 100, 4, 104, 1, 'V~O', 1, 0, 'BAS', 1, '', 1, 0, 0);
INSERT INTO `vtiger_field` VALUES (44, 632, 'projecttaskpriority', 'vtiger_projecttask', 1, '15', 'projecttaskpriority', 'Priority', 1, 2, '', 100, 3, 104, 1, 'V~O', 1, 0, 'BAS', 1, '', 0, 0, 0);
INSERT INTO `vtiger_field` VALUES (44, 633, 'projectid', 'vtiger_projecttask', 1, '10', 'projectid', 'Related to', 1, 0, '', 100, 6, 104, 1, 'V~M', 0, 5, 'BAS', 1, '', 0, 0, 0);
INSERT INTO `vtiger_field` VALUES (44, 634, 'smownerid', 'vtiger_crmentity', 1, '53', 'assigned_user_id', 'Assigned To', 1, 2, '', 100, 7, 104, 1, 'V~M', 0, 2, 'BAS', 1, '', 1, 0, 0);
INSERT INTO `vtiger_field` VALUES (44, 635, 'projecttasknumber', 'vtiger_projecttask', 1, '7', 'projecttasknumber', 'Project Task Number', 1, 2, '', 100, 5, 104, 1, 'I~O', 1, 0, 'BAS', 1, '', 0, 0, 0);
INSERT INTO `vtiger_field` VALUES (44, 636, 'projecttask_no', 'vtiger_projecttask', 2, '4', 'projecttask_no', 'Project Task No', 1, 0, '', 100, 2, 104, 1, 'V~O', 3, 4, 'BAS', 0, '', 0, 0, 0);
INSERT INTO `vtiger_field` VALUES (44, 637, 'projecttaskprogress', 'vtiger_projecttask', 1, '15', 'projecttaskprogress', 'Progress', 1, 2, '', 100, 1, 105, 1, 'V~O', 1, 0, 'BAS', 1, '', 1, 0, 0);
INSERT INTO `vtiger_field` VALUES (44, 638, 'projecttaskhours', 'vtiger_projecttask', 1, '7', 'projecttaskhours', 'Worked Hours', 1, 2, '', 100, 2, 105, 1, 'V~O', 1, 0, 'BAS', 1, '', 0, 0, 0);
INSERT INTO `vtiger_field` VALUES (44, 639, 'startdate', 'vtiger_projecttask', 1, '5', 'startdate', 'Start Date', 1, 2, '', 100, 3, 105, 1, 'D~O', 0, 3, 'BAS', 1, '', 1, 0, 0);
INSERT INTO `vtiger_field` VALUES (44, 640, 'enddate', 'vtiger_projecttask', 1, '5', 'enddate', 'End Date', 1, 2, '', 100, 4, 105, 1, 'D~O~OTH~GE~startdate~Start Date', 1, 0, 'BAS', 1, '', 1, 0, 0);
INSERT INTO `vtiger_field` VALUES (44, 641, 'createdtime', 'vtiger_crmentity', 1, '70', 'createdtime', 'Created Time', 1, 2, '', 100, 5, 105, 2, 'DT~O', 1, 0, 'BAS', 0, '', 0, 0, 0);
INSERT INTO `vtiger_field` VALUES (44, 642, 'modifiedtime', 'vtiger_crmentity', 1, '70', 'modifiedtime', 'Modified Time', 1, 2, '', 100, 6, 105, 2, 'DT~O', 1, 0, 'BAS', 0, '', 0, 0, 0);
INSERT INTO `vtiger_field` VALUES (44, 643, 'modifiedby', 'vtiger_crmentity', 1, '52', 'modifiedby', 'Last Modified By', 1, 0, '', 100, 7, 105, 3, 'V~O', 3, 0, 'BAS', 0, '', 0, 0, 0);
INSERT INTO `vtiger_field` VALUES (44, 644, 'description', 'vtiger_crmentity', 1, '19', 'description', 'description', 1, 2, '', 100, 1, 106, 1, 'V~O', 1, 0, 'BAS', 1, '', 0, 0, 0);
INSERT INTO `vtiger_field` VALUES (44, 645, 'source', 'vtiger_crmentity', 1, '1', 'source', 'Source', 1, 2, '', 100, 8, 104, 2, 'V~O', 3, 6, 'BAS', 0, '', 0, 0, 0);
INSERT INTO `vtiger_field` VALUES (44, 646, 'starred', 'vtiger_crmentity_user_field', 1, '56', 'starred', 'starred', 1, 2, '', 100, 9, 104, 6, 'C~O', 3, 7, 'BAS', 0, '', 0, 0, 0);
INSERT INTO `vtiger_field` VALUES (44, 647, 'tags', 'vtiger_projecttask', 1, '1', 'tags', 'tags', 1, 2, '', 100, 10, 104, 6, 'V~O', 3, 8, 'BAS', 0, '', 0, 0, 0);
INSERT INTO `vtiger_field` VALUES (45, 648, 'projectname', 'vtiger_project', 1, '2', 'projectname', 'Project Name', 1, 2, '', 100, 1, 107, 1, 'V~M', 0, 1, 'BAS', 1, '', 1, 0, 0);
INSERT INTO `vtiger_field` VALUES (45, 649, 'startdate', 'vtiger_project', 1, '23', 'startdate', 'Start Date', 1, 2, '', 100, 3, 107, 1, 'D~O', 0, 3, 'BAS', 1, '', 1, 0, 0);
INSERT INTO `vtiger_field` VALUES (45, 650, 'targetenddate', 'vtiger_project', 1, '23', 'targetenddate', 'Target End Date', 1, 2, '', 100, 5, 107, 1, 'D~O~OTH~GE~startdate~Start Date', 0, 4, 'BAS', 1, '', 1, 0, 0);
INSERT INTO `vtiger_field` VALUES (45, 651, 'actualenddate', 'vtiger_project', 1, '23', 'actualenddate', 'Actual End Date', 1, 2, '', 100, 6, 107, 1, 'D~O~OTH~GE~startdate~Start Date', 1, 0, 'BAS', 1, '', 0, 0, 0);
INSERT INTO `vtiger_field` VALUES (45, 652, 'projectstatus', 'vtiger_project', 1, '15', 'projectstatus', 'Status', 1, 2, '', 100, 7, 107, 1, 'V~O', 1, 0, 'BAS', 1, '', 1, 0, 0);
INSERT INTO `vtiger_field` VALUES (45, 653, 'projecttype', 'vtiger_project', 1, '15', 'projecttype', 'Type', 1, 2, '', 100, 8, 107, 1, 'V~O', 1, 0, 'BAS', 1, '', 1, 0, 0);
INSERT INTO `vtiger_field` VALUES (45, 654, 'linktoaccountscontacts', 'vtiger_project', 1, '10', 'linktoaccountscontacts', 'Related to', 1, 2, '', 100, 9, 107, 1, 'V~O', 1, 0, 'BAS', 1, '', 0, 1, 0);
INSERT INTO `vtiger_field` VALUES (45, 655, 'smownerid', 'vtiger_crmentity', 1, '53', 'assigned_user_id', 'Assigned To', 1, 2, '', 100, 4, 107, 1, 'V~M', 0, 2, 'BAS', 1, '', 1, 0, 0);
INSERT INTO `vtiger_field` VALUES (45, 656, 'project_no', 'vtiger_project', 2, '4', 'project_no', 'Project No', 1, 0, '', 100, 2, 107, 1, 'V~O', 3, 0, 'BAS', 0, '', 0, 0, 0);
INSERT INTO `vtiger_field` VALUES (45, 657, 'targetbudget', 'vtiger_project', 1, '7', 'targetbudget', 'Target Budget', 1, 2, '', 100, 1, 108, 1, 'V~O', 1, 0, 'BAS', 1, '', 0, 0, 0);
INSERT INTO `vtiger_field` VALUES (45, 658, 'projecturl', 'vtiger_project', 1, '17', 'projecturl', 'Project Url', 1, 2, '', 100, 2, 108, 1, 'V~O', 1, 0, 'BAS', 1, '', 0, 0, 0);
INSERT INTO `vtiger_field` VALUES (45, 659, 'projectpriority', 'vtiger_project', 1, '15', 'projectpriority', 'Priority', 1, 2, '', 100, 3, 108, 1, 'V~O', 1, 0, 'BAS', 1, '', 0, 0, 0);
INSERT INTO `vtiger_field` VALUES (45, 660, 'progress', 'vtiger_project', 1, '15', 'progress', 'Progress', 1, 2, '', 100, 4, 108, 1, 'V~O', 1, 0, 'BAS', 1, '', 0, 0, 0);
INSERT INTO `vtiger_field` VALUES (45, 661, 'createdtime', 'vtiger_crmentity', 1, '70', 'createdtime', 'Created Time', 1, 2, '', 100, 5, 108, 2, 'DT~O', 1, 0, 'BAS', 0, '', 0, 0, 0);
INSERT INTO `vtiger_field` VALUES (45, 662, 'modifiedtime', 'vtiger_crmentity', 1, '70', 'modifiedtime', 'Modified Time', 1, 2, '', 100, 6, 108, 2, 'DT~O', 1, 0, 'BAS', 0, '', 0, 0, 0);
INSERT INTO `vtiger_field` VALUES (45, 663, 'modifiedby', 'vtiger_crmentity', 1, '52', 'modifiedby', 'Last Modified By', 1, 0, '', 100, 7, 108, 3, 'V~O', 3, 0, 'BAS', 0, '', 0, 0, 0);
INSERT INTO `vtiger_field` VALUES (45, 664, 'description', 'vtiger_crmentity', 1, '19', 'description', 'Description', 1, 2, '', 100, 1, 109, 1, 'V~O', 1, 0, 'BAS', 1, '', 0, 0, 0);
INSERT INTO `vtiger_field` VALUES (45, 665, 'source', 'vtiger_crmentity', 1, '1', 'source', 'Source', 1, 2, '', 100, 10, 107, 2, 'V~O', 3, 5, 'BAS', 0, '', 0, 0, 0);
INSERT INTO `vtiger_field` VALUES (45, 666, 'starred', 'vtiger_crmentity_user_field', 1, '56', 'starred', 'starred', 1, 2, '', 100, 11, 107, 6, 'C~O', 3, 6, 'BAS', 0, '', 0, 0, 0);
INSERT INTO `vtiger_field` VALUES (45, 667, 'tags', 'vtiger_project', 1, '1', 'tags', 'tags', 1, 2, '', 100, 12, 107, 6, 'V~O', 3, 7, 'BAS', 0, '', 0, 0, 0);
INSERT INTO `vtiger_field` VALUES (47, 668, 'smownerid', 'vtiger_crmentity', 1, '53', 'assigned_user_id', 'Assigned To', 1, 0, '', 100, 2, 110, 1, 'V~M', 1, 0, 'BAS', 1, '', 1, 0, 0);
INSERT INTO `vtiger_field` VALUES (47, 669, 'createdtime', 'vtiger_crmentity', 1, '70', 'createdtime', 'Created Time', 1, 0, '', 100, 5, 110, 2, 'DT~O', 1, 0, 'BAS', 0, '', 0, 0, 0);
INSERT INTO `vtiger_field` VALUES (47, 670, 'modifiedtime', 'vtiger_crmentity', 1, '70', 'modifiedtime', 'Modified Time', 1, 0, '', 100, 6, 110, 2, 'DT~O', 1, 0, 'BAS', 0, '', 0, 0, 0);
INSERT INTO `vtiger_field` VALUES (47, 671, 'message', 'vtiger_smsnotifier', 1, '21', 'message', 'message', 1, 0, '', 100, 1, 110, 1, 'V~M', 1, 0, 'BAS', 1, '', 1, 0, 0);
INSERT INTO `vtiger_field` VALUES (47, 672, 'modifiedby', 'vtiger_crmentity', 1, '52', 'modifiedby', 'Last Modified By', 1, 0, '', 100, 7, 110, 3, 'V~O', 1, 0, 'BAS', 0, '', 0, 0, 0);
INSERT INTO `vtiger_field` VALUES (47, 673, 'source', 'vtiger_crmentity', 1, '1', 'source', 'Source', 1, 2, '', 100, 8, 110, 2, 'V~O', 3, 1, 'BAS', 0, '', 0, 0, 0);
INSERT INTO `vtiger_field` VALUES (2, 674, 'forecast_amount', 'vtiger_potential', 1, '71', 'forecast_amount', 'Forecast Amount', 1, 2, '', 100, 18, 1, 1, 'N~O', 1, 0, 'BAS', 0, '', 0, 0, 0);
INSERT INTO `vtiger_field` VALUES (29, 675, 'no_of_currency_decimals', 'vtiger_users', 1, '16', 'no_of_currency_decimals', 'Number Of Currency Decimals', 1, 2, '2', 100, 6, 78, 1, 'V~O', 1, 0, 'BAS', 1, '<b>Currency - Number of Decimal places</b> <br/><br/>Number of decimal places specifies how many number of decimals will be shown after decimal separator.<br/><b>Eg:</b> 123.00', 0, 0, 0);
INSERT INTO `vtiger_field` VALUES (23, 676, 'productid', 'vtiger_inventoryproductrel', 1, '10', 'productid', 'Item Name', 0, 2, '', 100, 1, 113, 5, 'V~M', 1, 0, 'BAS', 0, '', 0, 0, 0);
INSERT INTO `vtiger_field` VALUES (23, 677, 'quantity', 'vtiger_inventoryproductrel', 1, '7', 'quantity', 'Quantity', 0, 2, '', 100, 2, 113, 5, 'N~O', 1, 0, 'BAS', 0, '', 0, 0, 0);
INSERT INTO `vtiger_field` VALUES (23, 678, 'listprice', 'vtiger_inventoryproductrel', 1, '71', 'listprice', 'List Price', 0, 2, '', 100, 3, 113, 5, 'N~O', 1, 0, 'BAS', 0, '', 0, 0, 0);
INSERT INTO `vtiger_field` VALUES (23, 679, 'comment', 'vtiger_inventoryproductrel', 1, '19', 'comment', 'Item Comment', 0, 2, '', 100, 4, 113, 5, 'V~O', 1, 0, 'BAS', 0, '', 0, 0, 0);
INSERT INTO `vtiger_field` VALUES (23, 680, 'discount_amount', 'vtiger_inventoryproductrel', 1, '71', 'discount_amount', 'Item Discount Amount', 0, 2, '', 100, 5, 113, 5, 'N~O', 1, 0, 'BAS', 0, '', 0, 0, 0);
INSERT INTO `vtiger_field` VALUES (23, 681, 'discount_percent', 'vtiger_inventoryproductrel', 1, '7', 'discount_percent', 'Item Discount Percent', 0, 2, '', 100, 6, 113, 5, 'V~O', 1, 0, 'BAS', 0, '', 0, 0, 0);
INSERT INTO `vtiger_field` VALUES (23, 682, 'tax1', 'vtiger_inventoryproductrel', 1, '83', 'tax1', 'VAT', 0, 2, '', 100, 7, 113, 5, 'V~O', 1, 0, 'BAS', 0, '', 0, 0, 0);
INSERT INTO `vtiger_field` VALUES (23, 683, 'tax2', 'vtiger_inventoryproductrel', 1, '83', 'tax2', 'Sales', 0, 2, '', 100, 8, 113, 5, 'V~O', 1, 0, 'BAS', 0, '', 0, 0, 0);
INSERT INTO `vtiger_field` VALUES (23, 684, 'tax3', 'vtiger_inventoryproductrel', 1, '83', 'tax3', 'Service', 0, 2, '', 100, 9, 113, 5, 'V~O', 1, 0, 'BAS', 0, '', 0, 0, 0);
INSERT INTO `vtiger_field` VALUES (22, 685, 'productid', 'vtiger_inventoryproductrel', 1, '10', 'productid', 'Item Name', 0, 2, '', 100, 1, 114, 5, 'V~M', 1, 0, 'BAS', 0, '', 0, 0, 0);
INSERT INTO `vtiger_field` VALUES (22, 686, 'quantity', 'vtiger_inventoryproductrel', 1, '7', 'quantity', 'Quantity', 0, 2, '', 100, 2, 114, 5, 'N~O', 1, 0, 'BAS', 0, '', 0, 0, 0);
INSERT INTO `vtiger_field` VALUES (22, 687, 'listprice', 'vtiger_inventoryproductrel', 1, '71', 'listprice', 'List Price', 0, 2, '', 100, 3, 114, 5, 'N~O', 1, 0, 'BAS', 0, '', 0, 0, 0);
INSERT INTO `vtiger_field` VALUES (22, 688, 'comment', 'vtiger_inventoryproductrel', 1, '19', 'comment', 'Item Comment', 0, 2, '', 100, 4, 114, 5, 'V~O', 1, 0, 'BAS', 0, '', 0, 0, 0);
INSERT INTO `vtiger_field` VALUES (22, 689, 'discount_amount', 'vtiger_inventoryproductrel', 1, '71', 'discount_amount', 'Item Discount Amount', 0, 2, '', 100, 5, 114, 5, 'N~O', 1, 0, 'BAS', 0, '', 0, 0, 0);
INSERT INTO `vtiger_field` VALUES (22, 690, 'discount_percent', 'vtiger_inventoryproductrel', 1, '7', 'discount_percent', 'Item Discount Percent', 0, 2, '', 100, 6, 114, 5, 'V~O', 1, 0, 'BAS', 0, '', 0, 0, 0);
INSERT INTO `vtiger_field` VALUES (22, 691, 'tax1', 'vtiger_inventoryproductrel', 1, '83', 'tax1', 'VAT', 0, 2, '', 100, 7, 114, 5, 'V~O', 1, 0, 'BAS', 0, '', 0, 0, 0);
INSERT INTO `vtiger_field` VALUES (22, 692, 'tax2', 'vtiger_inventoryproductrel', 1, '83', 'tax2', 'Sales', 0, 2, '', 100, 8, 114, 5, 'V~O', 1, 0, 'BAS', 0, '', 0, 0, 0);
INSERT INTO `vtiger_field` VALUES (22, 693, 'tax3', 'vtiger_inventoryproductrel', 1, '83', 'tax3', 'Service', 0, 2, '', 100, 9, 114, 5, 'V~O', 1, 0, 'BAS', 0, '', 0, 0, 0);
INSERT INTO `vtiger_field` VALUES (21, 694, 'productid', 'vtiger_inventoryproductrel', 1, '10', 'productid', 'Item Name', 0, 2, '', 100, 1, 115, 5, 'V~M', 1, 0, 'BAS', 0, '', 0, 0, 0);
INSERT INTO `vtiger_field` VALUES (21, 695, 'quantity', 'vtiger_inventoryproductrel', 1, '7', 'quantity', 'Quantity', 0, 2, '', 100, 2, 115, 5, 'N~O', 1, 0, 'BAS', 0, '', 0, 0, 0);
INSERT INTO `vtiger_field` VALUES (21, 696, 'listprice', 'vtiger_inventoryproductrel', 1, '71', 'listprice', 'List Price', 0, 2, '', 100, 3, 115, 5, 'N~O', 1, 0, 'BAS', 0, '', 0, 0, 0);
INSERT INTO `vtiger_field` VALUES (21, 697, 'comment', 'vtiger_inventoryproductrel', 1, '19', 'comment', 'Item Comment', 0, 2, '', 100, 4, 115, 5, 'V~O', 1, 0, 'BAS', 0, '', 0, 0, 0);
INSERT INTO `vtiger_field` VALUES (21, 698, 'discount_amount', 'vtiger_inventoryproductrel', 1, '71', 'discount_amount', 'Item Discount Amount', 0, 2, '', 100, 5, 115, 5, 'N~O', 1, 0, 'BAS', 0, '', 0, 0, 0);
INSERT INTO `vtiger_field` VALUES (21, 699, 'discount_percent', 'vtiger_inventoryproductrel', 1, '7', 'discount_percent', 'Item Discount Percent', 0, 2, '', 100, 6, 115, 5, 'V~O', 1, 0, 'BAS', 0, '', 0, 0, 0);
INSERT INTO `vtiger_field` VALUES (21, 700, 'tax1', 'vtiger_inventoryproductrel', 1, '83', 'tax1', 'VAT', 0, 2, '', 100, 7, 115, 5, 'V~O', 1, 0, 'BAS', 0, '', 0, 0, 0);
INSERT INTO `vtiger_field` VALUES (21, 701, 'tax2', 'vtiger_inventoryproductrel', 1, '83', 'tax2', 'Sales', 0, 2, '', 100, 8, 115, 5, 'V~O', 1, 0, 'BAS', 0, '', 0, 0, 0);
INSERT INTO `vtiger_field` VALUES (21, 702, 'tax3', 'vtiger_inventoryproductrel', 1, '83', 'tax3', 'Service', 0, 2, '', 100, 9, 115, 5, 'V~O', 1, 0, 'BAS', 0, '', 0, 0, 0);
INSERT INTO `vtiger_field` VALUES (20, 703, 'productid', 'vtiger_inventoryproductrel', 1, '10', 'productid', 'Item Name', 0, 2, '', 100, 1, 116, 5, 'V~M', 1, 0, 'BAS', 0, '', 0, 0, 0);
INSERT INTO `vtiger_field` VALUES (20, 704, 'quantity', 'vtiger_inventoryproductrel', 1, '7', 'quantity', 'Quantity', 0, 2, '', 100, 2, 116, 5, 'N~O', 1, 0, 'BAS', 0, '', 0, 0, 0);
INSERT INTO `vtiger_field` VALUES (20, 705, 'listprice', 'vtiger_inventoryproductrel', 1, '71', 'listprice', 'List Price', 0, 2, '', 100, 3, 116, 5, 'N~O', 1, 0, 'BAS', 0, '', 0, 0, 0);
INSERT INTO `vtiger_field` VALUES (20, 706, 'comment', 'vtiger_inventoryproductrel', 1, '19', 'comment', 'Item Comment', 0, 2, '', 100, 4, 116, 5, 'V~O', 1, 0, 'BAS', 0, '', 0, 0, 0);
INSERT INTO `vtiger_field` VALUES (20, 707, 'discount_amount', 'vtiger_inventoryproductrel', 1, '71', 'discount_amount', 'Item Discount Amount', 0, 2, '', 100, 5, 116, 5, 'N~O', 1, 0, 'BAS', 0, '', 0, 0, 0);
INSERT INTO `vtiger_field` VALUES (20, 708, 'discount_percent', 'vtiger_inventoryproductrel', 1, '7', 'discount_percent', 'Item Discount Percent', 0, 2, '', 100, 6, 116, 5, 'V~O', 1, 0, 'BAS', 0, '', 0, 0, 0);
INSERT INTO `vtiger_field` VALUES (20, 709, 'tax1', 'vtiger_inventoryproductrel', 1, '83', 'tax1', 'VAT', 0, 2, '', 100, 7, 116, 5, 'V~O', 1, 0, 'BAS', 0, '', 0, 0, 0);
INSERT INTO `vtiger_field` VALUES (20, 710, 'tax2', 'vtiger_inventoryproductrel', 1, '83', 'tax2', 'Sales', 0, 2, '', 100, 8, 116, 5, 'V~O', 1, 0, 'BAS', 0, '', 0, 0, 0);
INSERT INTO `vtiger_field` VALUES (20, 711, 'tax3', 'vtiger_inventoryproductrel', 1, '83', 'tax3', 'Service', 0, 2, '', 100, 9, 116, 5, 'V~O', 1, 0, 'BAS', 0, '', 0, 0, 0);
INSERT INTO `vtiger_field` VALUES (29, 712, 'truncate_trailing_zeros', 'vtiger_users', 1, '56', 'truncate_trailing_zeros', 'Truncate Trailing Zeros', 1, 2, '0', 100, 7, 78, 1, 'V~O', 1, 0, 'BAS', 1, '<b> Truncate Trailing Zeros </b> <br/><br/>It truncated trailing 0s in any of Currency, Decimal and Percentage Field types<br/><br/><b>Ex:</b><br/>If value is 89.00000 then <br/>decimal and Percentage fields were shows 89<br/>currency field type - shows 89.00<br/>', 0, 0, 0);
INSERT INTO `vtiger_field` VALUES (44, 713, 'projecttaskstatus', 'vtiger_projecttask', 1, '15', 'projecttaskstatus', 'Status', 1, 2, '', 100, 11, 104, 1, 'V~O', 0, 9, 'BAS', 1, '', 0, 0, 0);
INSERT INTO `vtiger_field` VALUES (42, 714, 'customer', 'vtiger_modcomments', 1, '10', 'customer', 'Customer', 1, 2, '', 100, 6, 98, 3, 'V~O', 1, 0, 'BAS', 1, '', 0, 0, 0);
INSERT INTO `vtiger_field` VALUES (29, 715, 'dayoftheweek', 'vtiger_users', 1, '16', 'dayoftheweek', 'Starting Day of the week', 1, 2, 'Monday', 100, 1, 118, 1, 'V~O', 1, 0, 'BAS', 1, '', 0, 0, 0);
INSERT INTO `vtiger_field` VALUES (29, 716, 'callduration', 'vtiger_users', 1, '16', 'callduration', 'Default Call Duration', 1, 2, '5', 100, 7, 118, 1, 'V~O', 1, 0, 'BAS', 1, '', 0, 0, 0);
INSERT INTO `vtiger_field` VALUES (29, 717, 'othereventduration', 'vtiger_users', 1, '16', 'othereventduration', 'Other Event Duration', 1, 2, '5', 100, 8, 118, 1, 'V~O', 1, 0, 'BAS', 1, '', 0, 0, 0);
INSERT INTO `vtiger_field` VALUES (23, 718, 'pre_tax_total', 'vtiger_invoice', 1, '72', 'pre_tax_total', 'Pre Tax Total', 1, 2, '', 100, 23, 67, 3, 'N~O', 1, 0, 'BAS', 1, '', 0, 0, 0);
INSERT INTO `vtiger_field` VALUES (22, 719, 'pre_tax_total', 'vtiger_salesorder', 1, '72', 'pre_tax_total', 'Pre Tax Total', 1, 2, '', 100, 23, 61, 3, 'N~O', 1, 0, 'BAS', 1, '', 0, 0, 0);
INSERT INTO `vtiger_field` VALUES (21, 720, 'pre_tax_total', 'vtiger_purchaseorder', 1, '72', 'pre_tax_total', 'Pre Tax Total', 1, 2, '', 100, 23, 55, 3, 'N~O', 1, 0, 'BAS', 1, '', 0, 0, 0);
INSERT INTO `vtiger_field` VALUES (20, 721, 'pre_tax_total', 'vtiger_quotes', 1, '72', 'pre_tax_total', 'Pre Tax Total', 1, 2, '', 100, 23, 49, 3, 'N~O', 1, 0, 'BAS', 1, '', 0, 0, 0);
INSERT INTO `vtiger_field` VALUES (29, 722, 'calendarsharedtype', 'vtiger_users', 1, '16', 'calendarsharedtype', 'Calendar Shared Type', 1, 2, 'Public', 100, 12, 118, 3, 'V~O', 1, 0, 'BAS', 1, '', 0, 0, 0);
INSERT INTO `vtiger_field` VALUES (6, 723, 'isconvertedfromlead', 'vtiger_account', 1, '56', 'isconvertedfromlead', 'Is Converted From Lead', 1, 2, 'no', 100, 24, 9, 1, 'C~O', 1, 0, 'BAS', 1, '', 0, 0, 0);
INSERT INTO `vtiger_field` VALUES (4, 724, 'isconvertedfromlead', 'vtiger_contactdetails', 1, '56', 'isconvertedfromlead', 'Is Converted From Lead', 1, 2, 'no', 100, 29, 4, 1, 'C~O', 1, 0, 'BAS', 1, '', 0, 0, 0);
INSERT INTO `vtiger_field` VALUES (2, 725, 'isconvertedfromlead', 'vtiger_potential', 1, '56', 'isconvertedfromlead', 'Is Converted From Lead', 1, 2, 'no', 100, 19, 1, 1, 'C~O', 1, 0, 'BAS', 1, '', 0, 0, 0);
INSERT INTO `vtiger_field` VALUES (29, 726, 'default_record_view', 'vtiger_users', 1, '16', 'default_record_view', 'Default Record View', 1, 2, 'Summary', 100, 19, 79, 1, 'V~O', 1, 0, 'BAS', 1, '', 0, 0, 0);
INSERT INTO `vtiger_field` VALUES (23, 727, 'received', 'vtiger_invoice', 1, '72', 'received', 'Received', 1, 2, '0', 100, 24, 67, 3, 'N~O', 1, 0, 'BAS', 1, '', 0, 0, 0);
INSERT INTO `vtiger_field` VALUES (23, 728, 'balance', 'vtiger_invoice', 1, '72', 'balance', 'Balance', 1, 2, '0', 100, 25, 67, 3, 'N~O', 1, 0, 'BAS', 1, '', 0, 0, 0);
INSERT INTO `vtiger_field` VALUES (21, 729, 'paid', 'vtiger_purchaseorder', 1, '72', 'paid', 'Paid', 1, 2, '0', 100, 24, 55, 3, 'N~O', 1, 0, 'BAS', 1, '', 0, 0, 0);
INSERT INTO `vtiger_field` VALUES (21, 730, 'balance', 'vtiger_purchaseorder', 1, '72', 'balance', 'Balance', 1, 2, '0', 100, 25, 55, 3, 'N~O', 1, 0, 'BAS', 1, '', 0, 0, 0);
INSERT INTO `vtiger_field` VALUES (18, 731, 'smownerid', 'vtiger_crmentity', 1, '53', 'assigned_user_id', 'Assigned To', 1, 2, '', 100, 13, 42, 1, 'V~M', 1, 0, 'BAS', 1, '', 0, 0, 0);
INSERT INTO `vtiger_field` VALUES (7, 732, 'emailoptout', 'vtiger_leaddetails', 1, '56', 'emailoptout', 'Email Opt Out', 1, 0, '', 100, 24, 13, 1, 'C~O', 1, 0, 'BAS', 1, '', 0, 0, 0);
INSERT INTO `vtiger_field` VALUES (42, 733, 'userid', 'vtiger_modcomments', 1, '10', 'userid', 'UserId', 1, 2, '', 100, 7, 98, 3, 'V~O', 1, 0, 'BAS', 1, '', 0, 0, 0);
INSERT INTO `vtiger_field` VALUES (42, 734, 'reasontoedit', 'vtiger_modcomments', 1, '19', 'reasontoedit', 'ReasonToEdit', 1, 2, '', 100, 8, 98, 1, 'V~O', 1, 0, 'BAS', 1, '', 0, 0, 0);
INSERT INTO `vtiger_field` VALUES (23, 735, 's_h_percent', 'vtiger_invoice', 1, '1', 'hdnS_H_Percent', 'S&H Percent', 0, 2, '', 100, 10, 113, 5, 'N~O', 0, 1, 'BAS', 0, '', 0, 0, 0);
INSERT INTO `vtiger_field` VALUES (20, 736, 's_h_percent', 'vtiger_quotes', 1, '1', 'hdnS_H_Percent', 'S&H Percent', 0, 2, '', 100, 10, 116, 5, 'N~O', 0, 1, 'BAS', 0, '', 0, 0, 0);
INSERT INTO `vtiger_field` VALUES (21, 737, 's_h_percent', 'vtiger_purchaseorder', 1, '1', 'hdnS_H_Percent', 'S&H Percent', 0, 2, '', 100, 10, 115, 5, 'N~O', 0, 1, 'BAS', 0, '', 0, 0, 0);
INSERT INTO `vtiger_field` VALUES (22, 738, 's_h_percent', 'vtiger_salesorder', 1, '1', 'hdnS_H_Percent', 'S&H Percent', 0, 2, '', 100, 10, 114, 5, 'N~O', 0, 1, 'BAS', 0, '', 0, 0, 0);
INSERT INTO `vtiger_field` VALUES (29, 739, 'leftpanelhide', 'vtiger_users', 1, '56', 'leftpanelhide', 'Left Panel Hide', 1, 2, '0', 100, 20, 79, 1, 'V~O', 1, 0, 'BAS', 1, '', 0, 0, 0);
INSERT INTO `vtiger_field` VALUES (2, 740, 'contact_id', 'vtiger_potential', 1, '10', 'contact_id', 'Contact Name', 1, 2, '', 100, 4, 1, 1, 'V~O', 1, 0, 'BAS', 1, '', 1, 0, 0);
INSERT INTO `vtiger_field` VALUES (13, 741, 'contact_id', 'vtiger_troubletickets', 1, '10', 'contact_id', 'Contact Name', 1, 2, '', 100, 3, 25, 1, 'V~O', 1, 0, 'BAS', 1, '', 1, 0, 0);
INSERT INTO `vtiger_field` VALUES (29, 742, 'rowheight', 'vtiger_users', 1, '16', 'rowheight', 'Row Height', 1, 2, 'medium', 100, 21, 79, 1, 'V~O', 1, 0, 'BAS', 1, '', 0, 0, 0);
INSERT INTO `vtiger_field` VALUES (29, 743, 'defaulteventstatus', 'vtiger_users', 1, '15', 'defaulteventstatus', 'Default Event Status', 1, 2, 'Planned', 100, 9, 118, 1, 'V~O', 1, 0, 'BAS', 1, '', 0, 0, 0);
INSERT INTO `vtiger_field` VALUES (29, 744, 'defaultactivitytype', 'vtiger_users', 1, '15', 'defaultactivitytype', 'Default Activity Type', 1, 2, 'Call', 100, 10, 118, 1, 'V~O', 1, 0, 'BAS', 1, '', 0, 0, 0);
INSERT INTO `vtiger_field` VALUES (29, 745, 'hidecompletedevents', 'vtiger_users', 1, '56', 'hidecompletedevents', 'LBL_HIDE_COMPLETED_EVENTS', 1, 2, '0', 100, 13, 118, 1, 'C~O', 1, 0, 'BAS', 1, '', 0, 0, 0);
INSERT INTO `vtiger_field` VALUES (14, 772, 'purchase_cost', 'vtiger_products', 1, '71', 'purchase_cost', 'Purchase Cost', 1, 0, '', 100, 5, 32, 1, 'N~O', 1, 0, 'BAS', 1, '', 0, 0, 0);
INSERT INTO `vtiger_field` VALUES (36, 773, 'purchase_cost', 'vtiger_service', 1, '71', 'purchase_cost', 'Purchase Cost', 1, 0, '', 100, 5, 92, 1, 'N~O', 1, 0, 'BAS', 1, '', 0, 0, 0);
INSERT INTO `vtiger_field` VALUES (23, 774, 'potential_id', 'vtiger_invoice', 1, '10', 'potential_id', 'Potential Name', 1, 2, '', 100, 26, 67, 1, 'I~O', 1, 0, 'BAS', 1, '', 0, 0, 0);
INSERT INTO `vtiger_field` VALUES (29, 775, 'defaultcalendarview', 'vtiger_users', 1, '16', 'defaultcalendarview', 'Default Calendar View', 1, 0, 'MyCalendar', 100, 14, 118, 1, 'V~O', 1, 0, 'BAS', 1, '', 0, 0, 0);
INSERT INTO `vtiger_field` VALUES (23, 776, 'image', 'vtiger_inventoryproductrel', 1, '56', 'image', 'Image', 0, 1, '', 100, 14, 113, 5, 'V~O', 1, 0, 'BAS', 0, '', 0, 0, 0);
INSERT INTO `vtiger_field` VALUES (23, 777, 'purchase_cost', 'vtiger_inventoryproductrel', 1, '71', 'purchase_cost', 'Purchase Cost', 0, 1, '', 100, 15, 113, 5, 'N~O', 1, 0, 'BAS', 0, '', 0, 0, 0);
INSERT INTO `vtiger_field` VALUES (23, 778, 'margin', 'vtiger_inventoryproductrel', 1, '71', 'margin', 'Margin', 0, 1, '', 100, 16, 113, 5, 'N~O', 1, 0, 'BAS', 0, '', 0, 0, 0);
INSERT INTO `vtiger_field` VALUES (20, 779, 'image', 'vtiger_inventoryproductrel', 1, '56', 'image', 'Image', 0, 1, '', 100, 15, 116, 5, 'V~O', 1, 0, 'BAS', 0, '', 0, 0, 0);
INSERT INTO `vtiger_field` VALUES (20, 780, 'purchase_cost', 'vtiger_inventoryproductrel', 1, '71', 'purchase_cost', 'Purchase Cost', 0, 1, '', 100, 16, 116, 5, 'N~O', 1, 0, 'BAS', 0, '', 0, 0, 0);
INSERT INTO `vtiger_field` VALUES (20, 781, 'margin', 'vtiger_inventoryproductrel', 1, '71', 'margin', 'Margin', 0, 1, '', 100, 17, 116, 5, 'N~O', 1, 0, 'BAS', 0, '', 0, 0, 0);
INSERT INTO `vtiger_field` VALUES (21, 782, 'image', 'vtiger_inventoryproductrel', 1, '56', 'image', 'Image', 0, 1, '', 100, 15, 115, 5, 'V~O', 1, 0, 'BAS', 0, '', 0, 0, 0);
INSERT INTO `vtiger_field` VALUES (22, 783, 'image', 'vtiger_inventoryproductrel', 1, '56', 'image', 'Image', 0, 1, '', 100, 16, 114, 5, 'V~O', 1, 0, 'BAS', 0, '', 0, 0, 0);
INSERT INTO `vtiger_field` VALUES (22, 784, 'purchase_cost', 'vtiger_inventoryproductrel', 1, '71', 'purchase_cost', 'Purchase Cost', 0, 1, '', 100, 17, 114, 5, 'N~O', 1, 0, 'BAS', 0, '', 0, 0, 0);
INSERT INTO `vtiger_field` VALUES (22, 785, 'margin', 'vtiger_inventoryproductrel', 1, '71', 'margin', 'Margin', 0, 1, '', 100, 18, 114, 5, 'N~O', 1, 0, 'BAS', 0, '', 0, 0, 0);
INSERT INTO `vtiger_field` VALUES (42, 786, 'is_private', 'vtiger_modcomments', 1, '7', 'is_private', 'Is Private', 1, 2, '', 100, 9, 98, 1, 'I~O', 1, 0, 'BAS', 1, '', 0, 0, 0);
INSERT INTO `vtiger_field` VALUES (42, 787, 'filename', 'vtiger_modcomments', 1, '61', 'filename', 'Attachment', 1, 0, '', 100, 10, 98, 1, 'V~O', 1, 0, 'BAS', 1, '', 0, 0, 0);
INSERT INTO `vtiger_field` VALUES (42, 788, 'related_email_id', 'vtiger_modcomments', 1, '1', 'related_email_id', 'Related Email Id', 1, 2, '0', 100, 11, 98, 1, 'I~O', 1, 0, 'BAS', 1, '', 0, 0, 0);
INSERT INTO `vtiger_field` VALUES (2, 789, 'source', 'vtiger_crmentity', 1, '1', 'source', 'Source', 1, 2, '', 100, 20, 1, 2, 'V~O', 3, 7, 'BAS', 0, '', 0, 0, 0);
INSERT INTO `vtiger_field` VALUES (4, 790, 'source', 'vtiger_crmentity', 1, '1', 'source', 'Source', 1, 2, '', 100, 30, 4, 2, 'V~O', 3, 7, 'BAS', 0, '', 0, 0, 0);
INSERT INTO `vtiger_field` VALUES (6, 791, 'source', 'vtiger_crmentity', 1, '1', 'source', 'Source', 1, 2, '', 100, 25, 9, 2, 'V~O', 3, 5, 'BAS', 0, '', 0, 0, 0);
INSERT INTO `vtiger_field` VALUES (7, 792, 'source', 'vtiger_crmentity', 1, '1', 'source', 'Source', 1, 2, '', 100, 25, 13, 2, 'V~O', 3, 7, 'BAS', 0, '', 0, 0, 0);
INSERT INTO `vtiger_field` VALUES (8, 793, 'source', 'vtiger_crmentity', 1, '1', 'source', 'Source', 1, 2, '', 100, 13, 17, 2, 'V~O', 3, 4, 'BAS', 0, '', 0, 0, 0);
INSERT INTO `vtiger_field` VALUES (9, 794, 'source', 'vtiger_crmentity', 1, '1', 'source', 'Source', 1, 2, '', 100, 23, 19, 2, 'V~O', 3, 5, 'BAS', 0, '', 0, 0, 0);
INSERT INTO `vtiger_field` VALUES (10, 795, 'source', 'vtiger_crmentity', 1, '1', 'source', 'Source', 1, 2, '', 100, 13, 21, 2, 'V~O', 3, 1, 'BAS', 0, '', 0, 0, 0);
INSERT INTO `vtiger_field` VALUES (13, 796, 'source', 'vtiger_crmentity', 1, '1', 'source', 'Source', 1, 2, '', 100, 18, 25, 2, 'V~O', 3, 5, 'BAS', 0, '', 0, 0, 0);
INSERT INTO `vtiger_field` VALUES (14, 797, 'source', 'vtiger_crmentity', 1, '1', 'source', 'Source', 1, 2, '', 100, 23, 31, 2, 'V~O', 3, 6, 'BAS', 0, '', 0, 0, 0);
INSERT INTO `vtiger_field` VALUES (15, 798, 'source', 'vtiger_crmentity', 1, '1', 'source', 'Source', 1, 2, '', 100, 9, 37, 2, 'V~O', 3, 1, 'BAS', 0, '', 0, 0, 0);
INSERT INTO `vtiger_field` VALUES (16, 799, 'source', 'vtiger_crmentity', 1, '1', 'source', 'Source', 1, 2, '', 100, 23, 39, 2, 'V~O', 3, 7, 'BAS', 0, '', 0, 0, 0);
INSERT INTO `vtiger_field` VALUES (18, 800, 'source', 'vtiger_crmentity', 1, '1', 'source', 'Source', 1, 2, '', 100, 14, 42, 2, 'V~O', 3, 4, 'BAS', 0, '', 0, 0, 0);
INSERT INTO `vtiger_field` VALUES (19, 801, 'source', 'vtiger_crmentity', 1, '1', 'source', 'Source', 1, 2, '', 100, 8, 46, 2, 'V~O', 3, 4, 'BAS', 0, '', 0, 0, 0);
INSERT INTO `vtiger_field` VALUES (20, 802, 'source', 'vtiger_crmentity', 1, '1', 'source', 'Source', 1, 2, '', 100, 24, 49, 2, 'V~O', 3, 2, 'BAS', 0, '', 0, 0, 0);
INSERT INTO `vtiger_field` VALUES (21, 803, 'source', 'vtiger_crmentity', 1, '1', 'source', 'Source', 1, 2, '', 100, 26, 55, 2, 'V~O', 3, 2, 'BAS', 0, '', 0, 0, 0);
INSERT INTO `vtiger_field` VALUES (22, 804, 'source', 'vtiger_crmentity', 1, '1', 'source', 'Source', 1, 2, '', 100, 24, 61, 2, 'V~O', 3, 2, 'BAS', 0, '', 0, 0, 0);
INSERT INTO `vtiger_field` VALUES (23, 805, 'source', 'vtiger_crmentity', 1, '1', 'source', 'Source', 1, 2, '', 100, 27, 67, 2, 'V~O', 3, 2, 'BAS', 0, '', 0, 0, 0);
INSERT INTO `vtiger_field` VALUES (26, 806, 'source', 'vtiger_crmentity', 1, '1', 'source', 'Source', 1, 2, '', 100, 17, 74, 2, 'V~O', 3, 8, 'BAS', 0, '', 0, 0, 0);
INSERT INTO `vtiger_field` VALUES (10, 807, 'click_count', 'vtiger_email_track', 1, '25', 'click_count', 'Click Count', 1, 2, '0', 100, 14, 21, 3, 'I~O', 0, 2, 'BAS', 0, '', 0, 0, 0);
INSERT INTO `vtiger_field` VALUES (2, 808, 'starred', 'vtiger_crmentity_user_field', 1, '56', 'starred', 'starred', 1, 2, '', 100, 21, 1, 6, 'C~O', 3, 8, 'BAS', 0, '', 0, 0, 0);
INSERT INTO `vtiger_field` VALUES (4, 809, 'starred', 'vtiger_crmentity_user_field', 1, '56', 'starred', 'starred', 1, 2, '', 100, 31, 4, 6, 'C~O', 3, 8, 'BAS', 0, '', 0, 0, 0);
INSERT INTO `vtiger_field` VALUES (6, 810, 'starred', 'vtiger_crmentity_user_field', 1, '56', 'starred', 'starred', 1, 2, '', 100, 26, 9, 6, 'C~O', 3, 6, 'BAS', 0, '', 0, 0, 0);
INSERT INTO `vtiger_field` VALUES (7, 811, 'starred', 'vtiger_crmentity_user_field', 1, '56', 'starred', 'starred', 1, 2, '', 100, 26, 13, 6, 'C~O', 3, 8, 'BAS', 0, '', 0, 0, 0);
INSERT INTO `vtiger_field` VALUES (8, 812, 'starred', 'vtiger_crmentity_user_field', 1, '56', 'starred', 'starred', 1, 2, '', 100, 14, 17, 6, 'C~O', 3, 5, 'BAS', 0, '', 0, 0, 0);
INSERT INTO `vtiger_field` VALUES (9, 813, 'starred', 'vtiger_crmentity_user_field', 1, '56', 'starred', 'starred', 1, 2, '', 100, 24, 19, 6, 'C~O', 3, 6, 'BAS', 0, '', 0, 0, 0);
INSERT INTO `vtiger_field` VALUES (10, 814, 'starred', 'vtiger_crmentity_user_field', 1, '56', 'starred', 'starred', 1, 2, '', 100, 15, 21, 6, 'C~O', 3, 3, 'BAS', 0, '', 0, 0, 0);
INSERT INTO `vtiger_field` VALUES (13, 815, 'starred', 'vtiger_crmentity_user_field', 1, '56', 'starred', 'starred', 1, 2, '', 100, 19, 25, 6, 'C~O', 3, 6, 'BAS', 0, '', 0, 0, 0);
INSERT INTO `vtiger_field` VALUES (14, 816, 'starred', 'vtiger_crmentity_user_field', 1, '56', 'starred', 'starred', 1, 2, '', 100, 24, 31, 6, 'C~O', 3, 7, 'BAS', 0, '', 0, 0, 0);
INSERT INTO `vtiger_field` VALUES (15, 817, 'starred', 'vtiger_crmentity_user_field', 1, '56', 'starred', 'starred', 1, 2, '', 100, 10, 37, 6, 'C~O', 3, 2, 'BAS', 0, '', 0, 0, 0);
INSERT INTO `vtiger_field` VALUES (16, 818, 'starred', 'vtiger_crmentity_user_field', 1, '56', 'starred', 'starred', 1, 2, '', 100, 24, 39, 6, 'C~O', 3, 8, 'BAS', 0, '', 0, 0, 0);
INSERT INTO `vtiger_field` VALUES (18, 819, 'starred', 'vtiger_crmentity_user_field', 1, '56', 'starred', 'starred', 1, 2, '', 100, 15, 42, 6, 'C~O', 3, 5, 'BAS', 0, '', 0, 0, 0);
INSERT INTO `vtiger_field` VALUES (19, 820, 'starred', 'vtiger_crmentity_user_field', 1, '56', 'starred', 'starred', 1, 2, '', 100, 9, 46, 6, 'C~O', 3, 5, 'BAS', 0, '', 0, 0, 0);
INSERT INTO `vtiger_field` VALUES (20, 821, 'starred', 'vtiger_crmentity_user_field', 1, '56', 'starred', 'starred', 1, 2, '', 100, 25, 49, 6, 'C~O', 3, 3, 'BAS', 0, '', 0, 0, 0);
INSERT INTO `vtiger_field` VALUES (21, 822, 'starred', 'vtiger_crmentity_user_field', 1, '56', 'starred', 'starred', 1, 2, '', 100, 27, 55, 6, 'C~O', 3, 3, 'BAS', 0, '', 0, 0, 0);
INSERT INTO `vtiger_field` VALUES (22, 823, 'starred', 'vtiger_crmentity_user_field', 1, '56', 'starred', 'starred', 1, 2, '', 100, 25, 61, 6, 'C~O', 3, 3, 'BAS', 0, '', 0, 0, 0);
INSERT INTO `vtiger_field` VALUES (23, 824, 'starred', 'vtiger_crmentity_user_field', 1, '56', 'starred', 'starred', 1, 2, '', 100, 28, 67, 6, 'C~O', 3, 3, 'BAS', 0, '', 0, 0, 0);
INSERT INTO `vtiger_field` VALUES (26, 825, 'starred', 'vtiger_crmentity_user_field', 1, '56', 'starred', 'starred', 1, 2, '', 100, 18, 74, 6, 'C~O', 3, 9, 'BAS', 0, '', 0, 0, 0);
INSERT INTO `vtiger_field` VALUES (2, 826, 'tags', 'vtiger_potential', 1, '1', 'tags', 'tags', 1, 2, '', 100, 22, 1, 6, 'V~O', 3, 9, 'BAS', 0, '', 0, 0, 0);
INSERT INTO `vtiger_field` VALUES (4, 827, 'tags', 'vtiger_contactdetails', 1, '1', 'tags', 'tags', 1, 2, '', 100, 32, 4, 6, 'V~O', 3, 9, 'BAS', 0, '', 0, 0, 0);
INSERT INTO `vtiger_field` VALUES (6, 828, 'tags', 'vtiger_account', 1, '1', 'tags', 'tags', 1, 2, '', 100, 27, 9, 6, 'V~O', 3, 7, 'BAS', 0, '', 0, 0, 0);
INSERT INTO `vtiger_field` VALUES (7, 829, 'tags', 'vtiger_leaddetails', 1, '1', 'tags', 'tags', 1, 2, '', 100, 27, 13, 6, 'V~O', 3, 9, 'BAS', 0, '', 0, 0, 0);
INSERT INTO `vtiger_field` VALUES (8, 830, 'tags', 'vtiger_notes', 1, '1', 'tags', 'tags', 1, 2, '', 100, 15, 17, 6, 'V~O', 3, 6, 'BAS', 0, '', 0, 0, 0);
INSERT INTO `vtiger_field` VALUES (9, 831, 'tags', 'vtiger_activity', 1, '1', 'tags', 'tags', 1, 2, '', 100, 25, 19, 6, 'V~O', 3, 7, 'BAS', 0, '', 0, 0, 0);
INSERT INTO `vtiger_field` VALUES (10, 832, 'tags', 'vtiger_activity', 1, '1', 'tags', 'tags', 1, 2, '', 100, 16, 21, 6, 'V~O', 3, 4, 'BAS', 0, '', 0, 0, 0);
INSERT INTO `vtiger_field` VALUES (13, 833, 'tags', 'vtiger_troubletickets', 1, '1', 'tags', 'tags', 1, 2, '', 100, 20, 25, 6, 'V~O', 3, 7, 'BAS', 0, '', 0, 0, 0);
INSERT INTO `vtiger_field` VALUES (14, 834, 'tags', 'vtiger_products', 1, '1', 'tags', 'tags', 1, 2, '', 100, 25, 31, 6, 'V~O', 3, 8, 'BAS', 0, '', 0, 0, 0);
INSERT INTO `vtiger_field` VALUES (15, 835, 'tags', 'vtiger_faq', 1, '1', 'tags', 'tags', 1, 2, '', 100, 11, 37, 6, 'V~O', 3, 3, 'BAS', 0, '', 0, 0, 0);
INSERT INTO `vtiger_field` VALUES (16, 836, 'tags', 'vtiger_activity', 1, '1', 'tags', 'tags', 1, 2, '', 100, 25, 39, 6, 'V~O', 3, 9, 'BAS', 0, '', 0, 0, 0);
INSERT INTO `vtiger_field` VALUES (18, 837, 'tags', 'vtiger_vendor', 1, '1', 'tags', 'tags', 1, 2, '', 100, 16, 42, 6, 'V~O', 3, 6, 'BAS', 0, '', 0, 0, 0);
INSERT INTO `vtiger_field` VALUES (19, 838, 'tags', 'vtiger_pricebook', 1, '1', 'tags', 'tags', 1, 2, '', 100, 10, 46, 6, 'V~O', 3, 6, 'BAS', 0, '', 0, 0, 0);
INSERT INTO `vtiger_field` VALUES (20, 839, 'tags', 'vtiger_quotes', 1, '1', 'tags', 'tags', 1, 2, '', 100, 26, 49, 6, 'V~O', 3, 4, 'BAS', 0, '', 0, 0, 0);
INSERT INTO `vtiger_field` VALUES (21, 840, 'tags', 'vtiger_purchaseorder', 1, '1', 'tags', 'tags', 1, 2, '', 100, 28, 55, 6, 'V~O', 3, 4, 'BAS', 0, '', 0, 0, 0);
INSERT INTO `vtiger_field` VALUES (22, 841, 'tags', 'vtiger_salesorder', 1, '1', 'tags', 'tags', 1, 2, '', 100, 26, 61, 6, 'V~O', 3, 4, 'BAS', 0, '', 0, 0, 0);
INSERT INTO `vtiger_field` VALUES (23, 842, 'tags', 'vtiger_invoice', 1, '1', 'tags', 'tags', 1, 2, '', 100, 29, 67, 6, 'V~O', 3, 4, 'BAS', 0, '', 0, 0, 0);
INSERT INTO `vtiger_field` VALUES (26, 843, 'tags', 'vtiger_campaign', 1, '1', 'tags', 'tags', 1, 2, '', 100, 19, 74, 6, 'V~O', 3, 10, 'BAS', 0, '', 0, 0, 0);
INSERT INTO `vtiger_field` VALUES (20, 844, 'region_id', 'vtiger_quotes', 1, '16', 'region_id', 'Tax Region', 0, 2, '', 100, 18, 116, 5, 'N~O', 1, 0, 'BAS', 0, '', 0, 0, 0);
INSERT INTO `vtiger_field` VALUES (21, 845, 'region_id', 'vtiger_purchaseorder', 1, '16', 'region_id', 'Tax Region', 0, 2, '', 100, 16, 115, 5, 'N~O', 1, 0, 'BAS', 0, '', 0, 0, 0);
INSERT INTO `vtiger_field` VALUES (22, 846, 'region_id', 'vtiger_salesorder', 1, '16', 'region_id', 'Tax Region', 0, 2, '', 100, 19, 114, 5, 'N~O', 1, 0, 'BAS', 0, '', 0, 0, 0);
INSERT INTO `vtiger_field` VALUES (23, 847, 'region_id', 'vtiger_invoice', 1, '16', 'region_id', 'Tax Region', 0, 2, '', 100, 17, 113, 5, 'N~O', 1, 0, 'BAS', 0, '', 0, 0, 0);
INSERT INTO `vtiger_field` VALUES (45, 848, 'isconvertedfrompotential', 'vtiger_project', 1, '56', 'isconvertedfrompotential', 'Is Converted From Opportunity', 1, 2, '', 100, 13, 107, 1, 'C~O', 1, 0, 'BAS', 1, '', 0, 0, 0);
INSERT INTO `vtiger_field` VALUES (45, 849, 'potentialid', 'vtiger_project', 1, '10', 'potentialid', 'Potential Name', 1, 2, '', 100, 14, 107, 1, 'I~O', 1, 0, 'BAS', 1, '', 0, 0, 0);
INSERT INTO `vtiger_field` VALUES (29, 850, 'defaultlandingpage', 'vtiger_users', 1, '32', 'defaultlandingpage', 'Default Landing Page', 1, 0, 'Home', 100, 22, 79, 1, 'V~O', 1, 0, 'BAS', 1, '', 0, 0, 0);
INSERT INTO `vtiger_field` VALUES (22, 851, 'last_recurring_date', 'vtiger_invoice_recurring_info', 1, '5', 'last_recurring_date', 'Next Invoice Date', 1, 2, '', 100, 7, 85, 2, 'D~O', 1, 0, 'BAS', 1, '', 0, 0, 0);
INSERT INTO `vtiger_field` VALUES (29, 852, 'userlabel', 'vtiger_users', 1, '1', 'userlabel', 'User Label', 1, 2, '', 100, 23, 79, 3, 'V~O', 1, 0, 'BAS', 1, '', 0, 0, 0);

-- ----------------------------
-- Table structure for vtiger_field_seq
-- ----------------------------
DROP TABLE IF EXISTS `vtiger_field_seq`;
CREATE TABLE `vtiger_field_seq`  (
  `id` int NOT NULL
) ENGINE = InnoDB CHARACTER SET = utf8mb4 COLLATE = utf8mb4_0900_ai_ci ROW_FORMAT = Dynamic;

-- ----------------------------
-- Records of vtiger_field_seq
-- ----------------------------
INSERT INTO `vtiger_field_seq` VALUES (852);

-- ----------------------------
-- Table structure for vtiger_fieldmodulerel
-- ----------------------------
DROP TABLE IF EXISTS `vtiger_fieldmodulerel`;
CREATE TABLE `vtiger_fieldmodulerel`  (
  `fieldid` int NOT NULL,
  `module` varchar(100) CHARACTER SET utf8mb3 COLLATE utf8mb3_general_ci NOT NULL,
  `relmodule` varchar(100) CHARACTER SET utf8mb3 COLLATE utf8mb3_general_ci NOT NULL,
  `status` varchar(10) CHARACTER SET utf8mb3 COLLATE utf8mb3_general_ci NULL DEFAULT NULL,
  `sequence` int NULL DEFAULT NULL
) ENGINE = InnoDB CHARACTER SET = utf8mb3 COLLATE = utf8mb3_general_ci ROW_FORMAT = Dynamic;

-- ----------------------------
-- Records of vtiger_fieldmodulerel
-- ----------------------------
INSERT INTO `vtiger_fieldmodulerel` VALUES (113, 'Potentials', 'Accounts', NULL, 0);
INSERT INTO `vtiger_fieldmodulerel` VALUES (535, 'PBXManager', 'Leads', NULL, NULL);
INSERT INTO `vtiger_fieldmodulerel` VALUES (535, 'PBXManager', 'Contacts', NULL, NULL);
INSERT INTO `vtiger_fieldmodulerel` VALUES (535, 'PBXManager', 'Accounts', NULL, NULL);
INSERT INTO `vtiger_fieldmodulerel` VALUES (549, 'ServiceContracts', 'Contacts', NULL, NULL);
INSERT INTO `vtiger_fieldmodulerel` VALUES (549, 'ServiceContracts', 'Accounts', NULL, NULL);
INSERT INTO `vtiger_fieldmodulerel` VALUES (589, 'Assets', 'Products', NULL, NULL);
INSERT INTO `vtiger_fieldmodulerel` VALUES (595, 'Assets', 'Invoice', NULL, NULL);
INSERT INTO `vtiger_fieldmodulerel` VALUES (600, 'Assets', 'Accounts', NULL, NULL);
INSERT INTO `vtiger_fieldmodulerel` VALUES (601, 'Assets', 'Contacts', NULL, NULL);
INSERT INTO `vtiger_fieldmodulerel` VALUES (613, 'ModComments', 'Leads', NULL, NULL);
INSERT INTO `vtiger_fieldmodulerel` VALUES (613, 'ModComments', 'Contacts', NULL, NULL);
INSERT INTO `vtiger_fieldmodulerel` VALUES (613, 'ModComments', 'Accounts', NULL, NULL);
INSERT INTO `vtiger_fieldmodulerel` VALUES (615, 'ModComments', 'ModComments', NULL, NULL);
INSERT INTO `vtiger_fieldmodulerel` VALUES (613, 'ModComments', 'Potentials', NULL, NULL);
INSERT INTO `vtiger_fieldmodulerel` VALUES (619, 'ProjectMilestone', 'Project', NULL, NULL);
INSERT INTO `vtiger_fieldmodulerel` VALUES (633, 'ProjectTask', 'Project', NULL, NULL);
INSERT INTO `vtiger_fieldmodulerel` VALUES (613, 'ModComments', 'ProjectTask', NULL, NULL);
INSERT INTO `vtiger_fieldmodulerel` VALUES (654, 'Project', 'Accounts', NULL, NULL);
INSERT INTO `vtiger_fieldmodulerel` VALUES (654, 'Project', 'Contacts', NULL, NULL);
INSERT INTO `vtiger_fieldmodulerel` VALUES (613, 'ModComments', 'Project', NULL, NULL);
INSERT INTO `vtiger_fieldmodulerel` VALUES (676, 'Invoice', 'Products', NULL, NULL);
INSERT INTO `vtiger_fieldmodulerel` VALUES (676, 'Invoice', 'Services', NULL, NULL);
INSERT INTO `vtiger_fieldmodulerel` VALUES (685, 'SalesOrder', 'Products', NULL, NULL);
INSERT INTO `vtiger_fieldmodulerel` VALUES (685, 'SalesOrder', 'Services', NULL, NULL);
INSERT INTO `vtiger_fieldmodulerel` VALUES (694, 'PurchaseOrder', 'Products', NULL, NULL);
INSERT INTO `vtiger_fieldmodulerel` VALUES (694, 'PurchaseOrder', 'Services', NULL, NULL);
INSERT INTO `vtiger_fieldmodulerel` VALUES (703, 'Quotes', 'Products', NULL, NULL);
INSERT INTO `vtiger_fieldmodulerel` VALUES (703, 'Quotes', 'Services', NULL, NULL);
INSERT INTO `vtiger_fieldmodulerel` VALUES (714, 'ModComments', 'Contacts', NULL, NULL);
INSERT INTO `vtiger_fieldmodulerel` VALUES (613, 'ModComments', 'HelpDesk', NULL, NULL);
INSERT INTO `vtiger_fieldmodulerel` VALUES (613, 'ModComments', 'Faq', NULL, NULL);
INSERT INTO `vtiger_fieldmodulerel` VALUES (740, 'Potentials', 'Contacts', NULL, NULL);
INSERT INTO `vtiger_fieldmodulerel` VALUES (157, 'HelpDesk', 'Accounts', NULL, NULL);
INSERT INTO `vtiger_fieldmodulerel` VALUES (741, 'HelpDesk', 'Contacts', NULL, NULL);
INSERT INTO `vtiger_fieldmodulerel` VALUES (238, 'Accounts', 'Calendar', NULL, NULL);
INSERT INTO `vtiger_fieldmodulerel` VALUES (238, 'Leads', 'Calendar', NULL, NULL);
INSERT INTO `vtiger_fieldmodulerel` VALUES (238, 'HelpDesk', 'Calendar', NULL, NULL);
INSERT INTO `vtiger_fieldmodulerel` VALUES (238, 'Campaigns', 'Calendar', NULL, NULL);
INSERT INTO `vtiger_fieldmodulerel` VALUES (238, 'Potentials', 'Calendar', NULL, NULL);
INSERT INTO `vtiger_fieldmodulerel` VALUES (238, 'PurchaseOrder', 'Calendar', NULL, NULL);
INSERT INTO `vtiger_fieldmodulerel` VALUES (238, 'SalesOrder', 'Calendar', NULL, NULL);
INSERT INTO `vtiger_fieldmodulerel` VALUES (238, 'Quotes', 'Calendar', NULL, NULL);
INSERT INTO `vtiger_fieldmodulerel` VALUES (238, 'Invoice', 'Calendar', NULL, NULL);
INSERT INTO `vtiger_fieldmodulerel` VALUES (239, 'Contacts', 'Calendar', NULL, NULL);
INSERT INTO `vtiger_fieldmodulerel` VALUES (774, 'Invoice', 'Potentials', NULL, NULL);
INSERT INTO `vtiger_fieldmodulerel` VALUES (613, 'ModComments', 'Invoice', NULL, NULL);
INSERT INTO `vtiger_fieldmodulerel` VALUES (613, 'ModComments', 'Quotes', NULL, NULL);
INSERT INTO `vtiger_fieldmodulerel` VALUES (613, 'ModComments', 'PurchaseOrder', NULL, NULL);
INSERT INTO `vtiger_fieldmodulerel` VALUES (613, 'ModComments', 'SalesOrder', NULL, NULL);
INSERT INTO `vtiger_fieldmodulerel` VALUES (849, 'Project', 'Potentials', NULL, NULL);

-- ----------------------------
-- Table structure for vtiger_freetagged_objects
-- ----------------------------
DROP TABLE IF EXISTS `vtiger_freetagged_objects`;
CREATE TABLE `vtiger_freetagged_objects`  (
  `tag_id` int NOT NULL DEFAULT 0,
  `tagger_id` int NOT NULL DEFAULT 0,
  `object_id` int NOT NULL DEFAULT 0,
  `tagged_on` timestamp NOT NULL DEFAULT CURRENT_TIMESTAMP,
  `module` varchar(100) CHARACTER SET utf8mb3 COLLATE utf8mb3_general_ci NULL DEFAULT NULL,
  PRIMARY KEY (`tag_id`, `tagger_id`, `object_id`) USING BTREE,
  INDEX `freetagged_objects_tag_id_tagger_id_object_id_idx`(`tag_id` ASC, `tagger_id` ASC, `object_id` ASC) USING BTREE
) ENGINE = InnoDB CHARACTER SET = utf8mb3 COLLATE = utf8mb3_general_ci ROW_FORMAT = Dynamic;

-- ----------------------------
-- Records of vtiger_freetagged_objects
-- ----------------------------

-- ----------------------------
-- Table structure for vtiger_freetags
-- ----------------------------
DROP TABLE IF EXISTS `vtiger_freetags`;
CREATE TABLE `vtiger_freetags`  (
  `id` int NOT NULL,
  `tag` varchar(50) CHARACTER SET utf8mb3 COLLATE utf8mb3_general_ci NOT NULL DEFAULT '',
  `raw_tag` varchar(50) CHARACTER SET utf8mb3 COLLATE utf8mb3_general_ci NOT NULL DEFAULT '',
  `visibility` varchar(100) CHARACTER SET utf8mb3 COLLATE utf8mb3_general_ci NOT NULL DEFAULT 'PRIVATE',
  `owner` int NOT NULL,
  PRIMARY KEY (`id`) USING BTREE
) ENGINE = InnoDB CHARACTER SET = utf8mb3 COLLATE = utf8mb3_general_ci ROW_FORMAT = Dynamic;

-- ----------------------------
-- Records of vtiger_freetags
-- ----------------------------

-- ----------------------------
-- Table structure for vtiger_freetags_seq
-- ----------------------------
DROP TABLE IF EXISTS `vtiger_freetags_seq`;
CREATE TABLE `vtiger_freetags_seq`  (
  `id` int NOT NULL
) ENGINE = InnoDB CHARACTER SET = utf8mb4 COLLATE = utf8mb4_0900_ai_ci ROW_FORMAT = Dynamic;

-- ----------------------------
-- Records of vtiger_freetags_seq
-- ----------------------------
INSERT INTO `vtiger_freetags_seq` VALUES (1);

-- ----------------------------
-- Table structure for vtiger_glacct
-- ----------------------------
DROP TABLE IF EXISTS `vtiger_glacct`;
CREATE TABLE `vtiger_glacct`  (
  `glacctid` int NOT NULL AUTO_INCREMENT,
  `glacct` varchar(200) CHARACTER SET utf8mb3 COLLATE utf8mb3_general_ci NOT NULL,
  `presence` int NOT NULL DEFAULT 1,
  `picklist_valueid` int NOT NULL DEFAULT 0,
  `sortorderid` int NULL DEFAULT NULL,
  `color` varchar(10) CHARACTER SET utf8mb3 COLLATE utf8mb3_general_ci NULL DEFAULT NULL,
  PRIMARY KEY (`glacctid`) USING BTREE,
  UNIQUE INDEX `glacct_glacct_idx`(`glacct` ASC) USING BTREE
) ENGINE = InnoDB AUTO_INCREMENT = 10 CHARACTER SET = utf8mb3 COLLATE = utf8mb3_general_ci ROW_FORMAT = Dynamic;

-- ----------------------------
-- Records of vtiger_glacct
-- ----------------------------
INSERT INTO `vtiger_glacct` VALUES (1, '300-Sales-Software', 1, 51, 0, NULL);
INSERT INTO `vtiger_glacct` VALUES (2, '301-Sales-Hardware', 1, 52, 1, NULL);
INSERT INTO `vtiger_glacct` VALUES (3, '302-Rental-Income', 1, 53, 2, NULL);
INSERT INTO `vtiger_glacct` VALUES (4, '303-Interest-Income', 1, 54, 3, NULL);
INSERT INTO `vtiger_glacct` VALUES (5, '304-Sales-Software-Support', 1, 55, 4, NULL);
INSERT INTO `vtiger_glacct` VALUES (6, '305-Sales Other', 1, 56, 5, NULL);
INSERT INTO `vtiger_glacct` VALUES (7, '306-Internet Sales', 1, 57, 6, NULL);
INSERT INTO `vtiger_glacct` VALUES (8, '307-Service-Hardware Labor', 1, 58, 7, NULL);
INSERT INTO `vtiger_glacct` VALUES (9, '308-Sales-Books', 1, 59, 8, NULL);

-- ----------------------------
-- Table structure for vtiger_glacct_seq
-- ----------------------------
DROP TABLE IF EXISTS `vtiger_glacct_seq`;
CREATE TABLE `vtiger_glacct_seq`  (
  `id` int NOT NULL
) ENGINE = InnoDB CHARACTER SET = utf8mb4 COLLATE = utf8mb4_0900_ai_ci ROW_FORMAT = Dynamic;

-- ----------------------------
-- Records of vtiger_glacct_seq
-- ----------------------------
INSERT INTO `vtiger_glacct_seq` VALUES (9);

-- ----------------------------
-- Table structure for vtiger_google_event_calendar_mapping
-- ----------------------------
DROP TABLE IF EXISTS `vtiger_google_event_calendar_mapping`;
CREATE TABLE `vtiger_google_event_calendar_mapping`  (
  `event_id` varchar(255) CHARACTER SET utf8mb3 COLLATE utf8mb3_general_ci NULL DEFAULT NULL,
  `calendar_id` varchar(255) CHARACTER SET utf8mb3 COLLATE utf8mb3_general_ci NULL DEFAULT NULL,
  `user_id` int NOT NULL
) ENGINE = InnoDB CHARACTER SET = utf8mb3 COLLATE = utf8mb3_general_ci ROW_FORMAT = Dynamic;

-- ----------------------------
-- Records of vtiger_google_event_calendar_mapping
-- ----------------------------

-- ----------------------------
-- Table structure for vtiger_google_oauth2
-- ----------------------------
DROP TABLE IF EXISTS `vtiger_google_oauth2`;
CREATE TABLE `vtiger_google_oauth2`  (
  `service` varchar(20) CHARACTER SET utf8mb3 COLLATE utf8mb3_general_ci NULL DEFAULT NULL,
  `access_token` varchar(500) CHARACTER SET utf8mb3 COLLATE utf8mb3_general_ci NULL DEFAULT NULL,
  `refresh_token` varchar(500) CHARACTER SET utf8mb3 COLLATE utf8mb3_general_ci NULL DEFAULT NULL,
  `userid` int NULL DEFAULT NULL
) ENGINE = InnoDB CHARACTER SET = utf8mb3 COLLATE = utf8mb3_general_ci ROW_FORMAT = Dynamic;

-- ----------------------------
-- Records of vtiger_google_oauth2
-- ----------------------------

-- ----------------------------
-- Table structure for vtiger_google_sync_fieldmapping
-- ----------------------------
DROP TABLE IF EXISTS `vtiger_google_sync_fieldmapping`;
CREATE TABLE `vtiger_google_sync_fieldmapping`  (
  `vtiger_field` varchar(255) CHARACTER SET utf8mb4 COLLATE utf8mb4_0900_ai_ci NULL DEFAULT NULL,
  `google_field` varchar(255) CHARACTER SET utf8mb4 COLLATE utf8mb4_0900_ai_ci NULL DEFAULT NULL,
  `google_field_type` varchar(255) CHARACTER SET utf8mb4 COLLATE utf8mb4_0900_ai_ci NULL DEFAULT NULL,
  `google_custom_label` varchar(255) CHARACTER SET utf8mb4 COLLATE utf8mb4_0900_ai_ci NULL DEFAULT NULL,
  `user` int NULL DEFAULT NULL
) ENGINE = InnoDB CHARACTER SET = utf8mb4 COLLATE = utf8mb4_0900_ai_ci ROW_FORMAT = Dynamic;

-- ----------------------------
-- Records of vtiger_google_sync_fieldmapping
-- ----------------------------

-- ----------------------------
-- Table structure for vtiger_google_sync_settings
-- ----------------------------
DROP TABLE IF EXISTS `vtiger_google_sync_settings`;
CREATE TABLE `vtiger_google_sync_settings`  (
  `user` int NULL DEFAULT NULL,
  `module` varchar(50) CHARACTER SET utf8mb4 COLLATE utf8mb4_0900_ai_ci NULL DEFAULT NULL,
  `clientgroup` varchar(255) CHARACTER SET utf8mb4 COLLATE utf8mb4_0900_ai_ci NULL DEFAULT NULL,
  `direction` varchar(50) CHARACTER SET utf8mb4 COLLATE utf8mb4_0900_ai_ci NULL DEFAULT NULL,
  `enabled` tinyint NULL DEFAULT 1
) ENGINE = InnoDB CHARACTER SET = utf8mb4 COLLATE = utf8mb4_0900_ai_ci ROW_FORMAT = Dynamic;

-- ----------------------------
-- Records of vtiger_google_sync_settings
-- ----------------------------

-- ----------------------------
-- Table structure for vtiger_group2grouprel
-- ----------------------------
DROP TABLE IF EXISTS `vtiger_group2grouprel`;
CREATE TABLE `vtiger_group2grouprel`  (
  `groupid` int NOT NULL,
  `containsgroupid` int NOT NULL,
  PRIMARY KEY (`groupid`, `containsgroupid`) USING BTREE,
  CONSTRAINT `fk_2_vtiger_group2grouprel` FOREIGN KEY (`groupid`) REFERENCES `vtiger_groups` (`groupid`) ON DELETE CASCADE ON UPDATE CASCADE
) ENGINE = InnoDB CHARACTER SET = utf8mb3 COLLATE = utf8mb3_general_ci ROW_FORMAT = Dynamic;

-- ----------------------------
-- Records of vtiger_group2grouprel
-- ----------------------------

-- ----------------------------
-- Table structure for vtiger_group2role
-- ----------------------------
DROP TABLE IF EXISTS `vtiger_group2role`;
CREATE TABLE `vtiger_group2role`  (
  `groupid` int NOT NULL,
  `roleid` varchar(255) CHARACTER SET utf8mb3 COLLATE utf8mb3_general_ci NOT NULL,
  PRIMARY KEY (`groupid`, `roleid`) USING BTREE,
  INDEX `fk_2_vtiger_group2role`(`roleid` ASC) USING BTREE,
  CONSTRAINT `fk_2_vtiger_group2role` FOREIGN KEY (`roleid`) REFERENCES `vtiger_role` (`roleid`) ON DELETE CASCADE ON UPDATE RESTRICT
) ENGINE = InnoDB CHARACTER SET = utf8mb3 COLLATE = utf8mb3_general_ci ROW_FORMAT = Dynamic;

-- ----------------------------
-- Records of vtiger_group2role
-- ----------------------------
INSERT INTO `vtiger_group2role` VALUES (3, 'H2');
INSERT INTO `vtiger_group2role` VALUES (4, 'H3');
INSERT INTO `vtiger_group2role` VALUES (2, 'H4');

-- ----------------------------
-- Table structure for vtiger_group2rs
-- ----------------------------
DROP TABLE IF EXISTS `vtiger_group2rs`;
CREATE TABLE `vtiger_group2rs`  (
  `groupid` int NOT NULL,
  `roleandsubid` varchar(255) CHARACTER SET utf8mb3 COLLATE utf8mb3_general_ci NOT NULL,
  PRIMARY KEY (`groupid`, `roleandsubid`) USING BTREE,
  INDEX `fk_2_vtiger_group2rs`(`roleandsubid` ASC) USING BTREE,
  CONSTRAINT `fk_2_vtiger_group2rs` FOREIGN KEY (`roleandsubid`) REFERENCES `vtiger_role` (`roleid`) ON DELETE CASCADE ON UPDATE RESTRICT
) ENGINE = InnoDB CHARACTER SET = utf8mb3 COLLATE = utf8mb3_general_ci ROW_FORMAT = Dynamic;

-- ----------------------------
-- Records of vtiger_group2rs
-- ----------------------------
INSERT INTO `vtiger_group2rs` VALUES (3, 'H3');
INSERT INTO `vtiger_group2rs` VALUES (4, 'H3');
INSERT INTO `vtiger_group2rs` VALUES (2, 'H5');

-- ----------------------------
-- Table structure for vtiger_groups
-- ----------------------------
DROP TABLE IF EXISTS `vtiger_groups`;
CREATE TABLE `vtiger_groups`  (
  `groupid` int NOT NULL,
  `groupname` varchar(100) CHARACTER SET utf8mb3 COLLATE utf8mb3_general_ci NULL DEFAULT NULL,
  `description` text CHARACTER SET utf8mb3 COLLATE utf8mb3_general_ci NULL,
  PRIMARY KEY (`groupid`) USING BTREE,
  UNIQUE INDEX `groups_groupname_idx`(`groupname` ASC) USING BTREE
) ENGINE = InnoDB CHARACTER SET = utf8mb3 COLLATE = utf8mb3_general_ci ROW_FORMAT = Dynamic;

-- ----------------------------
-- Records of vtiger_groups
-- ----------------------------
INSERT INTO `vtiger_groups` VALUES (2, 'Team Selling', 'Group Related to Sales');
INSERT INTO `vtiger_groups` VALUES (3, 'Marketing Group', 'Group Related to Marketing Activities');
INSERT INTO `vtiger_groups` VALUES (4, 'Support Group', 'Group Related to providing Support to Customers');

-- ----------------------------
-- Table structure for vtiger_home_layout
-- ----------------------------
DROP TABLE IF EXISTS `vtiger_home_layout`;
CREATE TABLE `vtiger_home_layout`  (
  `userid` int NOT NULL,
  `layout` int NOT NULL DEFAULT 4,
  PRIMARY KEY (`userid`) USING BTREE
) ENGINE = InnoDB CHARACTER SET = utf8mb3 COLLATE = utf8mb3_general_ci ROW_FORMAT = Dynamic;

-- ----------------------------
-- Records of vtiger_home_layout
-- ----------------------------

-- ----------------------------
-- Table structure for vtiger_homedashbd
-- ----------------------------
DROP TABLE IF EXISTS `vtiger_homedashbd`;
CREATE TABLE `vtiger_homedashbd`  (
  `stuffid` int NOT NULL DEFAULT 0,
  `dashbdname` varchar(100) CHARACTER SET utf8mb3 COLLATE utf8mb3_general_ci NULL DEFAULT NULL,
  `dashbdtype` varchar(100) CHARACTER SET utf8mb3 COLLATE utf8mb3_general_ci NULL DEFAULT NULL,
  PRIMARY KEY (`stuffid`) USING BTREE,
  INDEX `stuff_stuffid_idx`(`stuffid` ASC) USING BTREE,
  CONSTRAINT `fk_1_vtiger_homedashbd` FOREIGN KEY (`stuffid`) REFERENCES `vtiger_homestuff` (`stuffid`) ON DELETE CASCADE ON UPDATE RESTRICT
) ENGINE = InnoDB CHARACTER SET = utf8mb3 COLLATE = utf8mb3_general_ci ROW_FORMAT = Dynamic;

-- ----------------------------
-- Records of vtiger_homedashbd
-- ----------------------------

-- ----------------------------
-- Table structure for vtiger_homedefault
-- ----------------------------
DROP TABLE IF EXISTS `vtiger_homedefault`;
CREATE TABLE `vtiger_homedefault`  (
  `stuffid` int NOT NULL DEFAULT 0,
  `hometype` varchar(30) CHARACTER SET utf8mb3 COLLATE utf8mb3_general_ci NOT NULL,
  `maxentries` int NULL DEFAULT NULL,
  `setype` varchar(30) CHARACTER SET utf8mb3 COLLATE utf8mb3_general_ci NULL DEFAULT NULL,
  PRIMARY KEY (`stuffid`) USING BTREE,
  INDEX `stuff_stuffid_idx`(`stuffid` ASC) USING BTREE,
  CONSTRAINT `fk_1_vtiger_homedefault` FOREIGN KEY (`stuffid`) REFERENCES `vtiger_homestuff` (`stuffid`) ON DELETE CASCADE ON UPDATE RESTRICT
) ENGINE = InnoDB CHARACTER SET = utf8mb3 COLLATE = utf8mb3_general_ci ROW_FORMAT = Dynamic;

-- ----------------------------
-- Records of vtiger_homedefault
-- ----------------------------
INSERT INTO `vtiger_homedefault` VALUES (1, 'ALVT', 5, 'Accounts');
INSERT INTO `vtiger_homedefault` VALUES (2, 'HDB', 5, 'Dashboard');
INSERT INTO `vtiger_homedefault` VALUES (3, 'PLVT', 5, 'Potentials');
INSERT INTO `vtiger_homedefault` VALUES (4, 'QLTQ', 5, 'Quotes');
INSERT INTO `vtiger_homedefault` VALUES (5, 'CVLVT', 5, 'NULL');
INSERT INTO `vtiger_homedefault` VALUES (6, 'HLT', 5, 'HelpDesk');
INSERT INTO `vtiger_homedefault` VALUES (7, 'UA', 5, 'Calendar');
INSERT INTO `vtiger_homedefault` VALUES (8, 'GRT', 5, 'NULL');
INSERT INTO `vtiger_homedefault` VALUES (9, 'OLTSO', 5, 'SalesOrder');
INSERT INTO `vtiger_homedefault` VALUES (10, 'ILTI', 5, 'Invoice');
INSERT INTO `vtiger_homedefault` VALUES (11, 'MNL', 5, 'Leads');
INSERT INTO `vtiger_homedefault` VALUES (12, 'OLTPO', 5, 'PurchaseOrder');
INSERT INTO `vtiger_homedefault` VALUES (13, 'PA', 5, 'Calendar');
INSERT INTO `vtiger_homedefault` VALUES (14, 'LTFAQ', 5, 'Faq');

-- ----------------------------
-- Table structure for vtiger_homemodule
-- ----------------------------
DROP TABLE IF EXISTS `vtiger_homemodule`;
CREATE TABLE `vtiger_homemodule`  (
  `stuffid` int NOT NULL,
  `modulename` varchar(100) CHARACTER SET utf8mb3 COLLATE utf8mb3_general_ci NULL DEFAULT NULL,
  `maxentries` int NOT NULL,
  `customviewid` int NOT NULL,
  `setype` varchar(30) CHARACTER SET utf8mb3 COLLATE utf8mb3_general_ci NOT NULL,
  PRIMARY KEY (`stuffid`) USING BTREE,
  INDEX `stuff_stuffid_idx`(`stuffid` ASC) USING BTREE,
  CONSTRAINT `fk_1_vtiger_homemodule` FOREIGN KEY (`stuffid`) REFERENCES `vtiger_homestuff` (`stuffid`) ON DELETE CASCADE ON UPDATE RESTRICT
) ENGINE = InnoDB CHARACTER SET = utf8mb3 COLLATE = utf8mb3_general_ci ROW_FORMAT = Dynamic;

-- ----------------------------
-- Records of vtiger_homemodule
-- ----------------------------

-- ----------------------------
-- Table structure for vtiger_homemoduleflds
-- ----------------------------
DROP TABLE IF EXISTS `vtiger_homemoduleflds`;
CREATE TABLE `vtiger_homemoduleflds`  (
  `stuffid` int NULL DEFAULT NULL,
  `fieldname` varchar(100) CHARACTER SET utf8mb3 COLLATE utf8mb3_general_ci NULL DEFAULT NULL,
  INDEX `stuff_stuffid_idx`(`stuffid` ASC) USING BTREE,
  CONSTRAINT `fk_1_vtiger_homemoduleflds` FOREIGN KEY (`stuffid`) REFERENCES `vtiger_homemodule` (`stuffid`) ON DELETE CASCADE ON UPDATE RESTRICT
) ENGINE = InnoDB CHARACTER SET = utf8mb3 COLLATE = utf8mb3_general_ci ROW_FORMAT = Dynamic;

-- ----------------------------
-- Records of vtiger_homemoduleflds
-- ----------------------------

-- ----------------------------
-- Table structure for vtiger_homereportchart
-- ----------------------------
DROP TABLE IF EXISTS `vtiger_homereportchart`;
CREATE TABLE `vtiger_homereportchart`  (
  `stuffid` int NOT NULL,
  `reportid` int NULL DEFAULT NULL,
  `reportcharttype` varchar(100) CHARACTER SET utf8mb3 COLLATE utf8mb3_general_ci NULL DEFAULT NULL,
  PRIMARY KEY (`stuffid`) USING BTREE
) ENGINE = InnoDB CHARACTER SET = utf8mb3 COLLATE = utf8mb3_general_ci ROW_FORMAT = Dynamic;

-- ----------------------------
-- Records of vtiger_homereportchart
-- ----------------------------

-- ----------------------------
-- Table structure for vtiger_homerss
-- ----------------------------
DROP TABLE IF EXISTS `vtiger_homerss`;
CREATE TABLE `vtiger_homerss`  (
  `stuffid` int NOT NULL DEFAULT 0,
  `url` varchar(100) CHARACTER SET utf8mb3 COLLATE utf8mb3_general_ci NULL DEFAULT NULL,
  `maxentries` int NOT NULL,
  PRIMARY KEY (`stuffid`) USING BTREE,
  INDEX `stuff_stuffid_idx`(`stuffid` ASC) USING BTREE,
  CONSTRAINT `fk_1_vtiger_homerss` FOREIGN KEY (`stuffid`) REFERENCES `vtiger_homestuff` (`stuffid`) ON DELETE CASCADE ON UPDATE RESTRICT
) ENGINE = InnoDB CHARACTER SET = utf8mb3 COLLATE = utf8mb3_general_ci ROW_FORMAT = Dynamic;

-- ----------------------------
-- Records of vtiger_homerss
-- ----------------------------

-- ----------------------------
-- Table structure for vtiger_homestuff
-- ----------------------------
DROP TABLE IF EXISTS `vtiger_homestuff`;
CREATE TABLE `vtiger_homestuff`  (
  `stuffid` int NOT NULL DEFAULT 0,
  `stuffsequence` int NOT NULL DEFAULT 0,
  `stufftype` varchar(100) CHARACTER SET utf8mb3 COLLATE utf8mb3_general_ci NULL DEFAULT NULL,
  `userid` int NOT NULL,
  `visible` int NOT NULL DEFAULT 0,
  `stufftitle` varchar(100) CHARACTER SET utf8mb3 COLLATE utf8mb3_general_ci NULL DEFAULT NULL,
  PRIMARY KEY (`stuffid`) USING BTREE,
  INDEX `stuff_stuffid_idx`(`stuffid` ASC) USING BTREE,
  INDEX `fk_1_vtiger_homestuff`(`userid` ASC) USING BTREE,
  CONSTRAINT `fk_1_vtiger_homestuff` FOREIGN KEY (`userid`) REFERENCES `vtiger_users` (`id`) ON DELETE CASCADE ON UPDATE RESTRICT
) ENGINE = InnoDB CHARACTER SET = utf8mb3 COLLATE = utf8mb3_general_ci ROW_FORMAT = Dynamic;

-- ----------------------------
-- Records of vtiger_homestuff
-- ----------------------------
INSERT INTO `vtiger_homestuff` VALUES (1, 1, 'Default', 1, 1, 'Top Accounts');
INSERT INTO `vtiger_homestuff` VALUES (2, 2, 'Default', 1, 1, 'Home Page Dashboard');
INSERT INTO `vtiger_homestuff` VALUES (3, 3, 'Default', 1, 1, 'Top Potentials');
INSERT INTO `vtiger_homestuff` VALUES (4, 4, 'Default', 1, 1, 'Top Quotes');
INSERT INTO `vtiger_homestuff` VALUES (5, 5, 'Default', 1, 1, 'Key Metrics');
INSERT INTO `vtiger_homestuff` VALUES (6, 6, 'Default', 1, 1, 'Top Trouble Tickets');
INSERT INTO `vtiger_homestuff` VALUES (7, 7, 'Default', 1, 1, 'Upcoming Activities');
INSERT INTO `vtiger_homestuff` VALUES (8, 8, 'Default', 1, 1, 'My Group Allocation');
INSERT INTO `vtiger_homestuff` VALUES (9, 9, 'Default', 1, 1, 'Top Sales Orders');
INSERT INTO `vtiger_homestuff` VALUES (10, 10, 'Default', 1, 1, 'Top Invoices');
INSERT INTO `vtiger_homestuff` VALUES (11, 11, 'Default', 1, 1, 'My New Leads');
INSERT INTO `vtiger_homestuff` VALUES (12, 12, 'Default', 1, 1, 'Top Purchase Orders');
INSERT INTO `vtiger_homestuff` VALUES (13, 13, 'Default', 1, 1, 'Pending Activities');
INSERT INTO `vtiger_homestuff` VALUES (14, 14, 'Default', 1, 1, 'My Recent FAQs');
INSERT INTO `vtiger_homestuff` VALUES (15, 15, 'Tag Cloud', 1, 0, 'Tag Cloud');

-- ----------------------------
-- Table structure for vtiger_homestuff_seq
-- ----------------------------
DROP TABLE IF EXISTS `vtiger_homestuff_seq`;
CREATE TABLE `vtiger_homestuff_seq`  (
  `id` int NOT NULL
) ENGINE = InnoDB CHARACTER SET = utf8mb4 COLLATE = utf8mb4_0900_ai_ci ROW_FORMAT = Dynamic;

-- ----------------------------
-- Records of vtiger_homestuff_seq
-- ----------------------------
INSERT INTO `vtiger_homestuff_seq` VALUES (15);

-- ----------------------------
-- Table structure for vtiger_hour_format
-- ----------------------------
DROP TABLE IF EXISTS `vtiger_hour_format`;
CREATE TABLE `vtiger_hour_format`  (
  `hour_formatid` int NOT NULL AUTO_INCREMENT,
  `hour_format` varchar(200) CHARACTER SET utf8mb3 COLLATE utf8mb3_general_ci NOT NULL,
  `sortorderid` int NULL DEFAULT NULL,
  `presence` int NOT NULL DEFAULT 1,
  PRIMARY KEY (`hour_formatid`) USING BTREE
) ENGINE = InnoDB AUTO_INCREMENT = 3 CHARACTER SET = utf8mb3 COLLATE = utf8mb3_general_ci ROW_FORMAT = Dynamic;

-- ----------------------------
-- Records of vtiger_hour_format
-- ----------------------------
INSERT INTO `vtiger_hour_format` VALUES (1, '12', 0, 1);
INSERT INTO `vtiger_hour_format` VALUES (2, '24', 1, 1);

-- ----------------------------
-- Table structure for vtiger_hour_format_seq
-- ----------------------------
DROP TABLE IF EXISTS `vtiger_hour_format_seq`;
CREATE TABLE `vtiger_hour_format_seq`  (
  `id` int NOT NULL
) ENGINE = InnoDB CHARACTER SET = utf8mb4 COLLATE = utf8mb4_0900_ai_ci ROW_FORMAT = Dynamic;

-- ----------------------------
-- Records of vtiger_hour_format_seq
-- ----------------------------
INSERT INTO `vtiger_hour_format_seq` VALUES (2);

-- ----------------------------
-- Table structure for vtiger_import_locks
-- ----------------------------
DROP TABLE IF EXISTS `vtiger_import_locks`;
CREATE TABLE `vtiger_import_locks`  (
  `vtiger_import_lock_id` int NOT NULL,
  `userid` int NOT NULL,
  `tabid` int NOT NULL,
  `importid` int NOT NULL,
  `locked_since` datetime NULL DEFAULT NULL,
  PRIMARY KEY (`vtiger_import_lock_id`) USING BTREE
) ENGINE = InnoDB CHARACTER SET = utf8mb3 COLLATE = utf8mb3_general_ci ROW_FORMAT = Dynamic;

-- ----------------------------
-- Records of vtiger_import_locks
-- ----------------------------

-- ----------------------------
-- Table structure for vtiger_import_maps
-- ----------------------------
DROP TABLE IF EXISTS `vtiger_import_maps`;
CREATE TABLE `vtiger_import_maps`  (
  `id` int NOT NULL AUTO_INCREMENT,
  `name` varchar(36) CHARACTER SET utf8mb3 COLLATE utf8mb3_general_ci NOT NULL,
  `module` varchar(36) CHARACTER SET utf8mb3 COLLATE utf8mb3_general_ci NOT NULL,
  `content` longblob NULL,
  `has_header` int NOT NULL DEFAULT 1,
  `deleted` int NOT NULL DEFAULT 0,
  `date_entered` timestamp NOT NULL,
  `date_modified` datetime NULL DEFAULT NULL,
  `assigned_user_id` varchar(36) CHARACTER SET utf8mb3 COLLATE utf8mb3_general_ci NULL DEFAULT NULL,
  `is_published` varchar(3) CHARACTER SET utf8mb3 COLLATE utf8mb3_general_ci NOT NULL DEFAULT 'no',
  PRIMARY KEY (`id`) USING BTREE,
  INDEX `import_maps_assigned_user_id_module_name_deleted_idx`(`assigned_user_id` ASC, `module` ASC, `name` ASC, `deleted` ASC) USING BTREE
) ENGINE = InnoDB CHARACTER SET = utf8mb3 COLLATE = utf8mb3_general_ci ROW_FORMAT = Dynamic;

-- ----------------------------
-- Records of vtiger_import_maps
-- ----------------------------

-- ----------------------------
-- Table structure for vtiger_import_queue
-- ----------------------------
DROP TABLE IF EXISTS `vtiger_import_queue`;
CREATE TABLE `vtiger_import_queue`  (
  `importid` int NOT NULL,
  `userid` int NOT NULL,
  `tabid` int NOT NULL,
  `field_mapping` text CHARACTER SET utf8mb3 COLLATE utf8mb3_general_ci NULL,
  `default_values` text CHARACTER SET utf8mb3 COLLATE utf8mb3_general_ci NULL,
  `merge_type` int NULL DEFAULT NULL,
  `merge_fields` text CHARACTER SET utf8mb3 COLLATE utf8mb3_general_ci NULL,
  `status` int NULL DEFAULT 0,
  `lineitem_currency_id` int NULL DEFAULT NULL,
  `paging` int NULL DEFAULT 0,
  PRIMARY KEY (`importid`) USING BTREE
) ENGINE = InnoDB CHARACTER SET = utf8mb3 COLLATE = utf8mb3_general_ci ROW_FORMAT = Dynamic;

-- ----------------------------
-- Records of vtiger_import_queue
-- ----------------------------

-- ----------------------------
-- Table structure for vtiger_industry
-- ----------------------------
DROP TABLE IF EXISTS `vtiger_industry`;
CREATE TABLE `vtiger_industry`  (
  `industryid` int NOT NULL AUTO_INCREMENT,
  `industry` varchar(200) CHARACTER SET utf8mb3 COLLATE utf8mb3_general_ci NOT NULL,
  `presence` int NOT NULL DEFAULT 1,
  `picklist_valueid` int NOT NULL DEFAULT 0,
  `sortorderid` int NULL DEFAULT NULL,
  `color` varchar(10) CHARACTER SET utf8mb3 COLLATE utf8mb3_general_ci NULL DEFAULT NULL,
  PRIMARY KEY (`industryid`) USING BTREE,
  UNIQUE INDEX `industry_industry_idx`(`industry` ASC) USING BTREE
) ENGINE = InnoDB AUTO_INCREMENT = 33 CHARACTER SET = utf8mb3 COLLATE = utf8mb3_general_ci ROW_FORMAT = Dynamic;

-- ----------------------------
-- Records of vtiger_industry
-- ----------------------------
INSERT INTO `vtiger_industry` VALUES (2, 'Apparel', 1, 61, 1, NULL);
INSERT INTO `vtiger_industry` VALUES (3, 'Banking', 1, 62, 2, NULL);
INSERT INTO `vtiger_industry` VALUES (4, 'Biotechnology', 1, 63, 3, NULL);
INSERT INTO `vtiger_industry` VALUES (5, 'Chemicals', 1, 64, 4, NULL);
INSERT INTO `vtiger_industry` VALUES (6, 'Communications', 1, 65, 5, NULL);
INSERT INTO `vtiger_industry` VALUES (7, 'Construction', 1, 66, 6, NULL);
INSERT INTO `vtiger_industry` VALUES (8, 'Consulting', 1, 67, 7, NULL);
INSERT INTO `vtiger_industry` VALUES (9, 'Education', 1, 68, 8, NULL);
INSERT INTO `vtiger_industry` VALUES (10, 'Electronics', 1, 69, 9, NULL);
INSERT INTO `vtiger_industry` VALUES (11, 'Energy', 1, 70, 10, NULL);
INSERT INTO `vtiger_industry` VALUES (12, 'Engineering', 1, 71, 11, NULL);
INSERT INTO `vtiger_industry` VALUES (13, 'Entertainment', 1, 72, 12, NULL);
INSERT INTO `vtiger_industry` VALUES (14, 'Environmental', 1, 73, 13, NULL);
INSERT INTO `vtiger_industry` VALUES (15, 'Finance', 1, 74, 14, NULL);
INSERT INTO `vtiger_industry` VALUES (16, 'Food & Beverage', 1, 75, 15, NULL);
INSERT INTO `vtiger_industry` VALUES (17, 'Government', 1, 76, 16, NULL);
INSERT INTO `vtiger_industry` VALUES (18, 'Healthcare', 1, 77, 17, NULL);
INSERT INTO `vtiger_industry` VALUES (19, 'Hospitality', 1, 78, 18, NULL);
INSERT INTO `vtiger_industry` VALUES (20, 'Insurance', 1, 79, 19, NULL);
INSERT INTO `vtiger_industry` VALUES (21, 'Machinery', 1, 80, 20, NULL);
INSERT INTO `vtiger_industry` VALUES (22, 'Manufacturing', 1, 81, 21, NULL);
INSERT INTO `vtiger_industry` VALUES (23, 'Media', 1, 82, 22, NULL);
INSERT INTO `vtiger_industry` VALUES (24, 'Not For Profit', 1, 83, 23, NULL);
INSERT INTO `vtiger_industry` VALUES (25, 'Recreation', 1, 84, 24, NULL);
INSERT INTO `vtiger_industry` VALUES (26, 'Retail', 1, 85, 25, NULL);
INSERT INTO `vtiger_industry` VALUES (27, 'Shipping', 1, 86, 26, NULL);
INSERT INTO `vtiger_industry` VALUES (28, 'Technology', 1, 87, 27, NULL);
INSERT INTO `vtiger_industry` VALUES (29, 'Telecommunications', 1, 88, 28, NULL);
INSERT INTO `vtiger_industry` VALUES (30, 'Transportation', 1, 89, 29, NULL);
INSERT INTO `vtiger_industry` VALUES (31, 'Utilities', 1, 90, 30, NULL);
INSERT INTO `vtiger_industry` VALUES (32, 'Other', 1, 91, 31, NULL);

-- ----------------------------
-- Table structure for vtiger_industry_seq
-- ----------------------------
DROP TABLE IF EXISTS `vtiger_industry_seq`;
CREATE TABLE `vtiger_industry_seq`  (
  `id` int NOT NULL
) ENGINE = InnoDB CHARACTER SET = utf8mb4 COLLATE = utf8mb4_0900_ai_ci ROW_FORMAT = Dynamic;

-- ----------------------------
-- Records of vtiger_industry_seq
-- ----------------------------
INSERT INTO `vtiger_industry_seq` VALUES (32);

-- ----------------------------
-- Table structure for vtiger_inventory_tandc
-- ----------------------------
DROP TABLE IF EXISTS `vtiger_inventory_tandc`;
CREATE TABLE `vtiger_inventory_tandc`  (
  `id` int NOT NULL,
  `type` varchar(30) CHARACTER SET utf8mb3 COLLATE utf8mb3_general_ci NOT NULL,
  `tandc` text CHARACTER SET utf8mb3 COLLATE utf8mb3_general_ci NULL,
  PRIMARY KEY (`id`) USING BTREE
) ENGINE = InnoDB CHARACTER SET = utf8mb3 COLLATE = utf8mb3_general_ci ROW_FORMAT = Dynamic;

-- ----------------------------
-- Records of vtiger_inventory_tandc
-- ----------------------------
INSERT INTO `vtiger_inventory_tandc` VALUES (2, 'Invoice', '\n - Unless otherwise agreed in writing by the supplier all invoices are payable within thirty (30) days of the date of invoice, in the currency of the invoice, drawn on a bank based in India or by such other method as is agreed in advance by the Supplier.\n\n - All prices are not inclusive of VAT which shall be payable in addition by the Customer at the applicable rate.');
INSERT INTO `vtiger_inventory_tandc` VALUES (3, 'Quotes', '\n - Unless otherwise agreed in writing by the supplier all invoices are payable within thirty (30) days of the date of invoice, in the currency of the invoice, drawn on a bank based in India or by such other method as is agreed in advance by the Supplier.\n\n - All prices are not inclusive of VAT which shall be payable in addition by the Customer at the applicable rate.');
INSERT INTO `vtiger_inventory_tandc` VALUES (4, 'PurchaseOrder', '\n - Unless otherwise agreed in writing by the supplier all invoices are payable within thirty (30) days of the date of invoice, in the currency of the invoice, drawn on a bank based in India or by such other method as is agreed in advance by the Supplier.\n\n - All prices are not inclusive of VAT which shall be payable in addition by the Customer at the applicable rate.');
INSERT INTO `vtiger_inventory_tandc` VALUES (5, 'SalesOrder', '\n - Unless otherwise agreed in writing by the supplier all invoices are payable within thirty (30) days of the date of invoice, in the currency of the invoice, drawn on a bank based in India or by such other method as is agreed in advance by the Supplier.\n\n - All prices are not inclusive of VAT which shall be payable in addition by the Customer at the applicable rate.');

-- ----------------------------
-- Table structure for vtiger_inventory_tandc_seq
-- ----------------------------
DROP TABLE IF EXISTS `vtiger_inventory_tandc_seq`;
CREATE TABLE `vtiger_inventory_tandc_seq`  (
  `id` int NOT NULL
) ENGINE = InnoDB CHARACTER SET = utf8mb4 COLLATE = utf8mb4_0900_ai_ci ROW_FORMAT = Dynamic;

-- ----------------------------
-- Records of vtiger_inventory_tandc_seq
-- ----------------------------
INSERT INTO `vtiger_inventory_tandc_seq` VALUES (5);

-- ----------------------------
-- Table structure for vtiger_inventorycharges
-- ----------------------------
DROP TABLE IF EXISTS `vtiger_inventorycharges`;
CREATE TABLE `vtiger_inventorycharges`  (
  `chargeid` int NOT NULL AUTO_INCREMENT,
  `name` varchar(100) CHARACTER SET utf8mb4 COLLATE utf8mb4_0900_ai_ci NOT NULL,
  `format` varchar(10) CHARACTER SET utf8mb4 COLLATE utf8mb4_0900_ai_ci NULL DEFAULT NULL,
  `type` varchar(10) CHARACTER SET utf8mb4 COLLATE utf8mb4_0900_ai_ci NULL DEFAULT NULL,
  `value` decimal(12, 5) NULL DEFAULT NULL,
  `regions` text CHARACTER SET utf8mb4 COLLATE utf8mb4_0900_ai_ci NULL,
  `istaxable` int NOT NULL DEFAULT 1,
  `taxes` varchar(1024) CHARACTER SET utf8mb4 COLLATE utf8mb4_0900_ai_ci NULL DEFAULT NULL,
  `deleted` int NOT NULL DEFAULT 0,
  PRIMARY KEY (`chargeid`) USING BTREE
) ENGINE = InnoDB AUTO_INCREMENT = 2 CHARACTER SET = utf8mb4 COLLATE = utf8mb4_0900_ai_ci ROW_FORMAT = Dynamic;

-- ----------------------------
-- Records of vtiger_inventorycharges
-- ----------------------------
INSERT INTO `vtiger_inventorycharges` VALUES (1, 'Shipping & Handling', 'Flat', 'Fixed', 0.00000, '[]', 1, '[\"1\",\"2\",\"3\"]', 0);

-- ----------------------------
-- Table structure for vtiger_inventorychargesrel
-- ----------------------------
DROP TABLE IF EXISTS `vtiger_inventorychargesrel`;
CREATE TABLE `vtiger_inventorychargesrel`  (
  `recordid` int NOT NULL,
  `charges` text CHARACTER SET utf8mb4 COLLATE utf8mb4_0900_ai_ci NULL,
  INDEX `record_idx`(`recordid` ASC) USING BTREE
) ENGINE = InnoDB CHARACTER SET = utf8mb4 COLLATE = utf8mb4_0900_ai_ci ROW_FORMAT = Dynamic;

-- ----------------------------
-- Records of vtiger_inventorychargesrel
-- ----------------------------

-- ----------------------------
-- Table structure for vtiger_inventorynotification
-- ----------------------------
DROP TABLE IF EXISTS `vtiger_inventorynotification`;
CREATE TABLE `vtiger_inventorynotification`  (
  `notificationid` int NOT NULL AUTO_INCREMENT,
  `notificationname` varchar(200) CHARACTER SET utf8mb3 COLLATE utf8mb3_general_ci NULL DEFAULT NULL,
  `notificationsubject` varchar(200) CHARACTER SET utf8mb3 COLLATE utf8mb3_general_ci NULL DEFAULT NULL,
  `notificationbody` text CHARACTER SET utf8mb3 COLLATE utf8mb3_general_ci NULL,
  `label` varchar(50) CHARACTER SET utf8mb3 COLLATE utf8mb3_general_ci NULL DEFAULT NULL,
  `status` varchar(30) CHARACTER SET utf8mb3 COLLATE utf8mb3_general_ci NULL DEFAULT NULL,
  PRIMARY KEY (`notificationid`) USING BTREE
) ENGINE = InnoDB AUTO_INCREMENT = 4 CHARACTER SET = utf8mb3 COLLATE = utf8mb3_general_ci ROW_FORMAT = Dynamic;

-- ----------------------------
-- Records of vtiger_inventorynotification
-- ----------------------------
INSERT INTO `vtiger_inventorynotification` VALUES (1, 'InvoiceNotification', '{PRODUCTNAME} Stock Level is Low', 'Dear {HANDLER},\n\nThe current stock of {PRODUCTNAME} in our warehouse is {CURRENTSTOCK}. Kindly procure required number of units as the stock level is below reorder level {REORDERLEVELVALUE}.\n\nPlease treat this information as Urgent as the invoice is already sent  to the customer.\n\nSeverity: Critical\n\nThanks,\n{CURRENTUSER} ', 'InvoiceNotificationDescription', NULL);
INSERT INTO `vtiger_inventorynotification` VALUES (2, 'QuoteNotification', 'Quote given for {PRODUCTNAME}', 'Dear {HANDLER},\n\nQuote is generated for {QUOTEQUANTITY} units of {PRODUCTNAME}. The current stock of {PRODUCTNAME} in our warehouse is {CURRENTSTOCK}.\n\nSeverity: Minor\n\nThanks,\n{CURRENTUSER} ', 'QuoteNotificationDescription', NULL);
INSERT INTO `vtiger_inventorynotification` VALUES (3, 'SalesOrderNotification', 'Sales Order generated for {PRODUCTNAME}', 'Dear {HANDLER},\n\nSalesOrder is generated for {SOQUANTITY} units of {PRODUCTNAME}. The current stock of {PRODUCTNAME} in our warehouse is {CURRENTSTOCK}.\n\nPlease treat this information  with priority as the sales order is already generated.\n\nSeverity: Major\n\nThanks,\n{CURRENTUSER} ', 'SalesOrderNotificationDescription', NULL);

-- ----------------------------
-- Table structure for vtiger_inventorynotification_seq
-- ----------------------------
DROP TABLE IF EXISTS `vtiger_inventorynotification_seq`;
CREATE TABLE `vtiger_inventorynotification_seq`  (
  `id` int NOT NULL
) ENGINE = InnoDB CHARACTER SET = utf8mb4 COLLATE = utf8mb4_0900_ai_ci ROW_FORMAT = Dynamic;

-- ----------------------------
-- Records of vtiger_inventorynotification_seq
-- ----------------------------
INSERT INTO `vtiger_inventorynotification_seq` VALUES (3);

-- ----------------------------
-- Table structure for vtiger_inventoryproductrel
-- ----------------------------
DROP TABLE IF EXISTS `vtiger_inventoryproductrel`;
CREATE TABLE `vtiger_inventoryproductrel`  (
  `id` int NULL DEFAULT NULL,
  `productid` int NULL DEFAULT NULL,
  `sequence_no` int NULL DEFAULT NULL,
  `quantity` decimal(25, 3) NULL DEFAULT NULL,
  `listprice` decimal(27, 8) NULL DEFAULT NULL,
  `discount_percent` decimal(7, 3) NULL DEFAULT NULL,
  `discount_amount` decimal(27, 8) NULL DEFAULT NULL,
  `comment` text CHARACTER SET utf8mb3 COLLATE utf8mb3_general_ci NULL,
  `description` text CHARACTER SET utf8mb3 COLLATE utf8mb3_general_ci NULL,
  `incrementondel` int NOT NULL DEFAULT 0,
  `lineitem_id` int NOT NULL AUTO_INCREMENT,
  `tax1` decimal(7, 3) NULL DEFAULT NULL,
  `tax2` decimal(7, 3) NULL DEFAULT NULL,
  `tax3` decimal(7, 3) NULL DEFAULT NULL,
  `image` varchar(2) CHARACTER SET utf8mb3 COLLATE utf8mb3_general_ci NULL DEFAULT NULL,
  `purchase_cost` decimal(27, 8) NULL DEFAULT NULL,
  `margin` decimal(27, 8) NULL DEFAULT NULL,
  PRIMARY KEY (`lineitem_id`) USING BTREE,
  INDEX `inventoryproductrel_id_idx`(`id` ASC) USING BTREE,
  INDEX `inventoryproductrel_productid_idx`(`productid` ASC) USING BTREE,
  CONSTRAINT `fk_crmid_vtiger_inventoryproductrel` FOREIGN KEY (`id`) REFERENCES `vtiger_crmentity` (`crmid`) ON DELETE CASCADE ON UPDATE RESTRICT
) ENGINE = InnoDB AUTO_INCREMENT = 1 CHARACTER SET = utf8mb3 COLLATE = utf8mb3_general_ci ROW_FORMAT = Dynamic;

-- ----------------------------
-- Records of vtiger_inventoryproductrel
-- ----------------------------

-- ----------------------------
-- Table structure for vtiger_inventoryproductrel_seq
-- ----------------------------
DROP TABLE IF EXISTS `vtiger_inventoryproductrel_seq`;
CREATE TABLE `vtiger_inventoryproductrel_seq`  (
  `id` int NOT NULL
) ENGINE = InnoDB CHARACTER SET = utf8mb4 COLLATE = utf8mb4_0900_ai_ci ROW_FORMAT = Dynamic;

-- ----------------------------
-- Records of vtiger_inventoryproductrel_seq
-- ----------------------------
INSERT INTO `vtiger_inventoryproductrel_seq` VALUES (0);

-- ----------------------------
-- Table structure for vtiger_inventoryshippingrel
-- ----------------------------
DROP TABLE IF EXISTS `vtiger_inventoryshippingrel`;
CREATE TABLE `vtiger_inventoryshippingrel`  (
  `id` int NULL DEFAULT NULL,
  `shtax1` decimal(7, 3) NULL DEFAULT NULL,
  `shtax2` decimal(7, 3) NULL DEFAULT NULL,
  `shtax3` decimal(7, 3) NULL DEFAULT NULL,
  INDEX `inventoryishippingrel_id_idx`(`id` ASC) USING BTREE
) ENGINE = InnoDB CHARACTER SET = utf8mb3 COLLATE = utf8mb3_general_ci ROW_FORMAT = Dynamic;

-- ----------------------------
-- Records of vtiger_inventoryshippingrel
-- ----------------------------

-- ----------------------------
-- Table structure for vtiger_inventorysubproductrel
-- ----------------------------
DROP TABLE IF EXISTS `vtiger_inventorysubproductrel`;
CREATE TABLE `vtiger_inventorysubproductrel`  (
  `id` int NOT NULL,
  `sequence_no` int NOT NULL,
  `productid` int NOT NULL,
  `quantity` int NULL DEFAULT 1
) ENGINE = InnoDB CHARACTER SET = utf8mb3 COLLATE = utf8mb3_general_ci ROW_FORMAT = Dynamic;

-- ----------------------------
-- Records of vtiger_inventorysubproductrel
-- ----------------------------

-- ----------------------------
-- Table structure for vtiger_inventorytaxinfo
-- ----------------------------
DROP TABLE IF EXISTS `vtiger_inventorytaxinfo`;
CREATE TABLE `vtiger_inventorytaxinfo`  (
  `taxid` int NOT NULL,
  `taxname` varchar(50) CHARACTER SET utf8mb3 COLLATE utf8mb3_general_ci NULL DEFAULT NULL,
  `taxlabel` varchar(50) CHARACTER SET utf8mb3 COLLATE utf8mb3_general_ci NULL DEFAULT NULL,
  `percentage` decimal(7, 3) NULL DEFAULT NULL,
  `deleted` int NULL DEFAULT NULL,
  `method` varchar(10) CHARACTER SET utf8mb3 COLLATE utf8mb3_general_ci NULL DEFAULT NULL,
  `type` varchar(10) CHARACTER SET utf8mb3 COLLATE utf8mb3_general_ci NULL DEFAULT NULL,
  `compoundon` varchar(400) CHARACTER SET utf8mb3 COLLATE utf8mb3_general_ci NULL DEFAULT NULL,
  `regions` text CHARACTER SET utf8mb3 COLLATE utf8mb3_general_ci NULL,
  PRIMARY KEY (`taxid`) USING BTREE,
  INDEX `inventorytaxinfo_taxname_idx`(`taxname` ASC) USING BTREE
) ENGINE = InnoDB CHARACTER SET = utf8mb3 COLLATE = utf8mb3_general_ci ROW_FORMAT = Dynamic;

-- ----------------------------
-- Records of vtiger_inventorytaxinfo
-- ----------------------------
INSERT INTO `vtiger_inventorytaxinfo` VALUES (1, 'tax1', 'VAT', 4.500, 0, 'Simple', 'Fixed', '[]', '[]');
INSERT INTO `vtiger_inventorytaxinfo` VALUES (2, 'tax2', 'Sales', 10.000, 0, 'Simple', 'Fixed', '[]', '[]');
INSERT INTO `vtiger_inventorytaxinfo` VALUES (3, 'tax3', 'Service', 12.500, 0, 'Simple', 'Fixed', '[]', '[]');

-- ----------------------------
-- Table structure for vtiger_inventorytaxinfo_seq
-- ----------------------------
DROP TABLE IF EXISTS `vtiger_inventorytaxinfo_seq`;
CREATE TABLE `vtiger_inventorytaxinfo_seq`  (
  `id` int NOT NULL
) ENGINE = InnoDB CHARACTER SET = utf8mb4 COLLATE = utf8mb4_0900_ai_ci ROW_FORMAT = Dynamic;

-- ----------------------------
-- Records of vtiger_inventorytaxinfo_seq
-- ----------------------------
INSERT INTO `vtiger_inventorytaxinfo_seq` VALUES (3);

-- ----------------------------
-- Table structure for vtiger_invitees
-- ----------------------------
DROP TABLE IF EXISTS `vtiger_invitees`;
CREATE TABLE `vtiger_invitees`  (
  `activityid` int NOT NULL,
  `inviteeid` int NOT NULL,
  `status` varchar(50) CHARACTER SET utf8mb3 COLLATE utf8mb3_general_ci NULL DEFAULT NULL,
  PRIMARY KEY (`activityid`, `inviteeid`) USING BTREE
) ENGINE = InnoDB CHARACTER SET = utf8mb3 COLLATE = utf8mb3_general_ci ROW_FORMAT = Dynamic;

-- ----------------------------
-- Records of vtiger_invitees
-- ----------------------------

-- ----------------------------
-- Table structure for vtiger_invoice
-- ----------------------------
DROP TABLE IF EXISTS `vtiger_invoice`;
CREATE TABLE `vtiger_invoice`  (
  `invoiceid` int NOT NULL DEFAULT 0,
  `subject` varchar(100) CHARACTER SET utf8mb3 COLLATE utf8mb3_general_ci NULL DEFAULT NULL,
  `salesorderid` int NULL DEFAULT NULL,
  `customerno` varchar(100) CHARACTER SET utf8mb3 COLLATE utf8mb3_general_ci NULL DEFAULT NULL,
  `contactid` int NULL DEFAULT NULL,
  `notes` varchar(100) CHARACTER SET utf8mb3 COLLATE utf8mb3_general_ci NULL DEFAULT NULL,
  `invoicedate` date NULL DEFAULT NULL,
  `duedate` date NULL DEFAULT NULL,
  `invoiceterms` varchar(100) CHARACTER SET utf8mb3 COLLATE utf8mb3_general_ci NULL DEFAULT NULL,
  `type` varchar(100) CHARACTER SET utf8mb3 COLLATE utf8mb3_general_ci NULL DEFAULT NULL,
  `adjustment` decimal(25, 8) NULL DEFAULT NULL,
  `salescommission` decimal(25, 3) NULL DEFAULT NULL,
  `exciseduty` decimal(25, 3) NULL DEFAULT NULL,
  `subtotal` decimal(25, 8) NULL DEFAULT NULL,
  `total` decimal(25, 8) NULL DEFAULT NULL,
  `taxtype` varchar(25) CHARACTER SET utf8mb3 COLLATE utf8mb3_general_ci NULL DEFAULT NULL,
  `discount_percent` decimal(25, 3) NULL DEFAULT NULL,
  `discount_amount` decimal(25, 8) NULL DEFAULT NULL,
  `s_h_amount` decimal(25, 8) NULL DEFAULT NULL,
  `shipping` varchar(100) CHARACTER SET utf8mb3 COLLATE utf8mb3_general_ci NULL DEFAULT NULL,
  `accountid` int NULL DEFAULT NULL,
  `terms_conditions` text CHARACTER SET utf8mb3 COLLATE utf8mb3_general_ci NULL,
  `purchaseorder` varchar(200) CHARACTER SET utf8mb3 COLLATE utf8mb3_general_ci NULL DEFAULT NULL,
  `invoicestatus` varchar(200) CHARACTER SET utf8mb3 COLLATE utf8mb3_general_ci NULL DEFAULT NULL,
  `invoice_no` varchar(100) CHARACTER SET utf8mb3 COLLATE utf8mb3_general_ci NULL DEFAULT NULL,
  `currency_id` int NOT NULL DEFAULT 1,
  `conversion_rate` decimal(10, 3) NOT NULL DEFAULT 1.000,
  `compound_taxes_info` text CHARACTER SET utf8mb3 COLLATE utf8mb3_general_ci NULL,
  `pre_tax_total` decimal(25, 8) NULL DEFAULT NULL,
  `received` decimal(25, 8) NULL DEFAULT NULL,
  `balance` decimal(25, 8) NULL DEFAULT NULL,
  `s_h_percent` decimal(25, 8) NULL DEFAULT NULL,
  `potential_id` varchar(100) CHARACTER SET utf8mb3 COLLATE utf8mb3_general_ci NULL DEFAULT NULL,
  `tags` varchar(1) CHARACTER SET utf8mb3 COLLATE utf8mb3_general_ci NULL DEFAULT NULL,
  `region_id` int NULL DEFAULT NULL,
  PRIMARY KEY (`invoiceid`) USING BTREE,
  INDEX `invoice_purchaseorderid_idx`(`invoiceid` ASC) USING BTREE,
  INDEX `fk_2_vtiger_invoice`(`salesorderid` ASC) USING BTREE,
  CONSTRAINT `fk_2_vtiger_invoice` FOREIGN KEY (`salesorderid`) REFERENCES `vtiger_salesorder` (`salesorderid`) ON DELETE CASCADE ON UPDATE RESTRICT,
  CONSTRAINT `fk_crmid_vtiger_invoice` FOREIGN KEY (`invoiceid`) REFERENCES `vtiger_crmentity` (`crmid`) ON DELETE CASCADE ON UPDATE RESTRICT
) ENGINE = InnoDB CHARACTER SET = utf8mb3 COLLATE = utf8mb3_general_ci ROW_FORMAT = Dynamic;

-- ----------------------------
-- Records of vtiger_invoice
-- ----------------------------

-- ----------------------------
-- Table structure for vtiger_invoice_recurring_info
-- ----------------------------
DROP TABLE IF EXISTS `vtiger_invoice_recurring_info`;
CREATE TABLE `vtiger_invoice_recurring_info`  (
  `salesorderid` int NOT NULL,
  `recurring_frequency` varchar(200) CHARACTER SET utf8mb3 COLLATE utf8mb3_general_ci NULL DEFAULT NULL,
  `start_period` date NULL DEFAULT NULL,
  `end_period` date NULL DEFAULT NULL,
  `last_recurring_date` date NULL DEFAULT NULL,
  `payment_duration` varchar(200) CHARACTER SET utf8mb3 COLLATE utf8mb3_general_ci NULL DEFAULT NULL,
  `invoice_status` varchar(200) CHARACTER SET utf8mb3 COLLATE utf8mb3_general_ci NULL DEFAULT NULL,
  PRIMARY KEY (`salesorderid`) USING BTREE,
  CONSTRAINT `fk_salesorderid_vtiger_invoice_recurring_info` FOREIGN KEY (`salesorderid`) REFERENCES `vtiger_salesorder` (`salesorderid`) ON DELETE CASCADE ON UPDATE RESTRICT
) ENGINE = InnoDB CHARACTER SET = utf8mb3 COLLATE = utf8mb3_general_ci ROW_FORMAT = Dynamic;

-- ----------------------------
-- Records of vtiger_invoice_recurring_info
-- ----------------------------

-- ----------------------------
-- Table structure for vtiger_invoicebillads
-- ----------------------------
DROP TABLE IF EXISTS `vtiger_invoicebillads`;
CREATE TABLE `vtiger_invoicebillads`  (
  `invoicebilladdressid` int NOT NULL DEFAULT 0,
  `bill_city` varchar(30) CHARACTER SET utf8mb3 COLLATE utf8mb3_general_ci NULL DEFAULT NULL,
  `bill_code` varchar(30) CHARACTER SET utf8mb3 COLLATE utf8mb3_general_ci NULL DEFAULT NULL,
  `bill_country` varchar(30) CHARACTER SET utf8mb3 COLLATE utf8mb3_general_ci NULL DEFAULT NULL,
  `bill_state` varchar(30) CHARACTER SET utf8mb3 COLLATE utf8mb3_general_ci NULL DEFAULT NULL,
  `bill_street` varchar(250) CHARACTER SET utf8mb3 COLLATE utf8mb3_general_ci NULL DEFAULT NULL,
  `bill_pobox` varchar(30) CHARACTER SET utf8mb3 COLLATE utf8mb3_general_ci NULL DEFAULT NULL,
  PRIMARY KEY (`invoicebilladdressid`) USING BTREE,
  CONSTRAINT `fk_1_vtiger_invoicebillads` FOREIGN KEY (`invoicebilladdressid`) REFERENCES `vtiger_invoice` (`invoiceid`) ON DELETE CASCADE ON UPDATE RESTRICT
) ENGINE = InnoDB CHARACTER SET = utf8mb3 COLLATE = utf8mb3_general_ci ROW_FORMAT = Dynamic;

-- ----------------------------
-- Records of vtiger_invoicebillads
-- ----------------------------

-- ----------------------------
-- Table structure for vtiger_invoicecf
-- ----------------------------
DROP TABLE IF EXISTS `vtiger_invoicecf`;
CREATE TABLE `vtiger_invoicecf`  (
  `invoiceid` int NOT NULL DEFAULT 0,
  PRIMARY KEY (`invoiceid`) USING BTREE,
  CONSTRAINT `fk_1_vtiger_invoicecf` FOREIGN KEY (`invoiceid`) REFERENCES `vtiger_invoice` (`invoiceid`) ON DELETE CASCADE ON UPDATE RESTRICT
) ENGINE = InnoDB CHARACTER SET = utf8mb3 COLLATE = utf8mb3_general_ci ROW_FORMAT = Dynamic;

-- ----------------------------
-- Records of vtiger_invoicecf
-- ----------------------------

-- ----------------------------
-- Table structure for vtiger_invoiceshipads
-- ----------------------------
DROP TABLE IF EXISTS `vtiger_invoiceshipads`;
CREATE TABLE `vtiger_invoiceshipads`  (
  `invoiceshipaddressid` int NOT NULL DEFAULT 0,
  `ship_city` varchar(30) CHARACTER SET utf8mb3 COLLATE utf8mb3_general_ci NULL DEFAULT NULL,
  `ship_code` varchar(30) CHARACTER SET utf8mb3 COLLATE utf8mb3_general_ci NULL DEFAULT NULL,
  `ship_country` varchar(30) CHARACTER SET utf8mb3 COLLATE utf8mb3_general_ci NULL DEFAULT NULL,
  `ship_state` varchar(30) CHARACTER SET utf8mb3 COLLATE utf8mb3_general_ci NULL DEFAULT NULL,
  `ship_street` varchar(250) CHARACTER SET utf8mb3 COLLATE utf8mb3_general_ci NULL DEFAULT NULL,
  `ship_pobox` varchar(30) CHARACTER SET utf8mb3 COLLATE utf8mb3_general_ci NULL DEFAULT NULL,
  PRIMARY KEY (`invoiceshipaddressid`) USING BTREE,
  CONSTRAINT `fk_1_vtiger_invoiceshipads` FOREIGN KEY (`invoiceshipaddressid`) REFERENCES `vtiger_invoice` (`invoiceid`) ON DELETE CASCADE ON UPDATE RESTRICT
) ENGINE = InnoDB CHARACTER SET = utf8mb3 COLLATE = utf8mb3_general_ci ROW_FORMAT = Dynamic;

-- ----------------------------
-- Records of vtiger_invoiceshipads
-- ----------------------------

-- ----------------------------
-- Table structure for vtiger_invoicestatus
-- ----------------------------
DROP TABLE IF EXISTS `vtiger_invoicestatus`;
CREATE TABLE `vtiger_invoicestatus`  (
  `invoicestatusid` int NOT NULL AUTO_INCREMENT,
  `invoicestatus` varchar(200) CHARACTER SET utf8mb3 COLLATE utf8mb3_general_ci NOT NULL,
  `presence` int NOT NULL DEFAULT 1,
  `picklist_valueid` int NOT NULL DEFAULT 0,
  `sortorderid` int NULL DEFAULT NULL,
  `color` varchar(10) CHARACTER SET utf8mb3 COLLATE utf8mb3_general_ci NULL DEFAULT NULL,
  PRIMARY KEY (`invoicestatusid`) USING BTREE,
  UNIQUE INDEX `invoicestatus_invoiestatus_idx`(`invoicestatus` ASC) USING BTREE
) ENGINE = InnoDB AUTO_INCREMENT = 8 CHARACTER SET = utf8mb3 COLLATE = utf8mb3_general_ci ROW_FORMAT = Dynamic;

-- ----------------------------
-- Records of vtiger_invoicestatus
-- ----------------------------
INSERT INTO `vtiger_invoicestatus` VALUES (1, 'AutoCreated', 0, 92, 0, NULL);
INSERT INTO `vtiger_invoicestatus` VALUES (2, 'Created', 0, 93, 1, NULL);
INSERT INTO `vtiger_invoicestatus` VALUES (3, 'Approved', 0, 94, 2, NULL);
INSERT INTO `vtiger_invoicestatus` VALUES (4, 'Sent', 0, 95, 3, NULL);
INSERT INTO `vtiger_invoicestatus` VALUES (5, 'Credit Invoice', 0, 96, 4, NULL);
INSERT INTO `vtiger_invoicestatus` VALUES (6, 'Paid', 0, 97, 5, NULL);
INSERT INTO `vtiger_invoicestatus` VALUES (7, 'Cancel', 1, 288, 1, NULL);

-- ----------------------------
-- Table structure for vtiger_invoicestatus_seq
-- ----------------------------
DROP TABLE IF EXISTS `vtiger_invoicestatus_seq`;
CREATE TABLE `vtiger_invoicestatus_seq`  (
  `id` int NOT NULL
) ENGINE = InnoDB CHARACTER SET = utf8mb4 COLLATE = utf8mb4_0900_ai_ci ROW_FORMAT = Dynamic;

-- ----------------------------
-- Records of vtiger_invoicestatus_seq
-- ----------------------------
INSERT INTO `vtiger_invoicestatus_seq` VALUES (7);

-- ----------------------------
-- Table structure for vtiger_invoicestatushistory
-- ----------------------------
DROP TABLE IF EXISTS `vtiger_invoicestatushistory`;
CREATE TABLE `vtiger_invoicestatushistory`  (
  `historyid` int NOT NULL AUTO_INCREMENT,
  `invoiceid` int NOT NULL,
  `accountname` varchar(100) CHARACTER SET utf8mb3 COLLATE utf8mb3_general_ci NULL DEFAULT NULL,
  `total` decimal(10, 0) NULL DEFAULT NULL,
  `invoicestatus` varchar(200) CHARACTER SET utf8mb3 COLLATE utf8mb3_general_ci NULL DEFAULT NULL,
  `lastmodified` datetime NULL DEFAULT NULL,
  PRIMARY KEY (`historyid`) USING BTREE,
  INDEX `invoicestatushistory_invoiceid_idx`(`invoiceid` ASC) USING BTREE,
  CONSTRAINT `fk_1_vtiger_invoicestatushistory` FOREIGN KEY (`invoiceid`) REFERENCES `vtiger_invoice` (`invoiceid`) ON DELETE CASCADE ON UPDATE RESTRICT
) ENGINE = InnoDB AUTO_INCREMENT = 1 CHARACTER SET = utf8mb3 COLLATE = utf8mb3_general_ci ROW_FORMAT = Dynamic;

-- ----------------------------
-- Records of vtiger_invoicestatushistory
-- ----------------------------

-- ----------------------------
-- Table structure for vtiger_language
-- ----------------------------
DROP TABLE IF EXISTS `vtiger_language`;
CREATE TABLE `vtiger_language`  (
  `id` int NOT NULL AUTO_INCREMENT,
  `name` varchar(50) CHARACTER SET utf8mb3 COLLATE utf8mb3_general_ci NULL DEFAULT NULL,
  `prefix` varchar(10) CHARACTER SET utf8mb3 COLLATE utf8mb3_general_ci NULL DEFAULT NULL,
  `label` varchar(30) CHARACTER SET utf8mb3 COLLATE utf8mb3_general_ci NULL DEFAULT NULL,
  `lastupdated` datetime NULL DEFAULT NULL,
  `sequence` int NULL DEFAULT NULL,
  `isdefault` int NULL DEFAULT NULL,
  `active` int NULL DEFAULT NULL,
  PRIMARY KEY (`id`) USING BTREE
) ENGINE = InnoDB AUTO_INCREMENT = 17 CHARACTER SET = utf8mb3 COLLATE = utf8mb3_general_ci ROW_FORMAT = Dynamic;

-- ----------------------------
-- Records of vtiger_language
-- ----------------------------
INSERT INTO `vtiger_language` VALUES (1, 'English', 'en_us', 'US English', '2024-10-23 13:28:43', NULL, 1, 1);
INSERT INTO `vtiger_language` VALUES (2, 'Arabic', 'ar_ae', 'Arabic', '2024-10-23 13:29:24', NULL, 0, 1);
INSERT INTO `vtiger_language` VALUES (3, 'Brazilian', 'pt_br', 'PT Brasil', '2024-10-23 13:29:15', NULL, 0, 1);
INSERT INTO `vtiger_language` VALUES (4, 'British English', 'en_gb', 'British English', '2024-10-23 13:29:04', NULL, 0, 1);
INSERT INTO `vtiger_language` VALUES (5, 'Deutsch', 'de_de', 'DE Deutsch', '2024-10-23 13:29:04', NULL, 0, 1);
INSERT INTO `vtiger_language` VALUES (6, 'Dutch', 'nl_nl', 'NL-Dutch', '2024-10-23 13:29:05', NULL, 0, 1);
INSERT INTO `vtiger_language` VALUES (7, 'Pack de langue franais', 'fr_fr', 'Pack de langue franais', '2024-10-23 13:29:15', NULL, 0, 1);
INSERT INTO `vtiger_language` VALUES (8, 'Hungarian', 'hu_hu', 'HU Magyar', '2024-10-23 13:29:05', NULL, 0, 1);
INSERT INTO `vtiger_language` VALUES (9, 'Italian', 'it_it', 'IT Italian', '2024-10-23 13:29:05', NULL, 0, 1);
INSERT INTO `vtiger_language` VALUES (10, 'Mexican Spanish', 'es_mx', 'ES Mexico', '2024-10-23 13:29:05', NULL, 0, 1);
INSERT INTO `vtiger_language` VALUES (11, 'Jzyk Polski', 'pl_pl', 'Jzyk Polski', '2024-10-23 13:29:15', NULL, 0, 1);
INSERT INTO `vtiger_language` VALUES (12, 'Romana', 'ro_ro', 'Romana', '2024-10-23 13:29:15', NULL, 0, 1);
INSERT INTO `vtiger_language` VALUES (13, 'Russian', 'ru_ru', 'Russian', '2024-10-23 13:29:09', NULL, 0, 1);
INSERT INTO `vtiger_language` VALUES (14, 'Spanish', 'es_es', 'ES Spanish', '2024-10-23 13:29:13', NULL, 0, 1);
INSERT INTO `vtiger_language` VALUES (15, 'Swedish', 'sv_se', 'Swedish', '2024-10-23 13:29:24', NULL, 0, 1);
INSERT INTO `vtiger_language` VALUES (16, 'Turkce', 'tr_tr', 'Turkce Dil Paketi', '2024-10-23 13:29:13', NULL, 0, 1);

-- ----------------------------
-- Table structure for vtiger_language_seq
-- ----------------------------
DROP TABLE IF EXISTS `vtiger_language_seq`;
CREATE TABLE `vtiger_language_seq`  (
  `id` int NOT NULL
) ENGINE = InnoDB CHARACTER SET = utf8mb4 COLLATE = utf8mb4_0900_ai_ci ROW_FORMAT = Dynamic;

-- ----------------------------
-- Records of vtiger_language_seq
-- ----------------------------
INSERT INTO `vtiger_language_seq` VALUES (16);

-- ----------------------------
-- Table structure for vtiger_lead_view
-- ----------------------------
DROP TABLE IF EXISTS `vtiger_lead_view`;
CREATE TABLE `vtiger_lead_view`  (
  `lead_viewid` int NOT NULL AUTO_INCREMENT,
  `lead_view` varchar(200) CHARACTER SET utf8mb3 COLLATE utf8mb3_general_ci NOT NULL,
  `sortorderid` int NOT NULL DEFAULT 0,
  `presence` int NOT NULL DEFAULT 1,
  PRIMARY KEY (`lead_viewid`) USING BTREE
) ENGINE = InnoDB AUTO_INCREMENT = 4 CHARACTER SET = utf8mb3 COLLATE = utf8mb3_general_ci ROW_FORMAT = Dynamic;

-- ----------------------------
-- Records of vtiger_lead_view
-- ----------------------------
INSERT INTO `vtiger_lead_view` VALUES (1, 'Today', 0, 1);
INSERT INTO `vtiger_lead_view` VALUES (2, 'Last 2 Days', 1, 1);
INSERT INTO `vtiger_lead_view` VALUES (3, 'Last Week', 2, 1);

-- ----------------------------
-- Table structure for vtiger_lead_view_seq
-- ----------------------------
DROP TABLE IF EXISTS `vtiger_lead_view_seq`;
CREATE TABLE `vtiger_lead_view_seq`  (
  `id` int NOT NULL
) ENGINE = InnoDB CHARACTER SET = utf8mb4 COLLATE = utf8mb4_0900_ai_ci ROW_FORMAT = Dynamic;

-- ----------------------------
-- Records of vtiger_lead_view_seq
-- ----------------------------
INSERT INTO `vtiger_lead_view_seq` VALUES (3);

-- ----------------------------
-- Table structure for vtiger_leadaddress
-- ----------------------------
DROP TABLE IF EXISTS `vtiger_leadaddress`;
CREATE TABLE `vtiger_leadaddress`  (
  `leadaddressid` int NOT NULL DEFAULT 0,
  `city` varchar(30) CHARACTER SET utf8mb3 COLLATE utf8mb3_general_ci NULL DEFAULT NULL,
  `code` varchar(30) CHARACTER SET utf8mb3 COLLATE utf8mb3_general_ci NULL DEFAULT NULL,
  `state` varchar(30) CHARACTER SET utf8mb3 COLLATE utf8mb3_general_ci NULL DEFAULT NULL,
  `pobox` varchar(30) CHARACTER SET utf8mb3 COLLATE utf8mb3_general_ci NULL DEFAULT NULL,
  `country` varchar(30) CHARACTER SET utf8mb3 COLLATE utf8mb3_general_ci NULL DEFAULT NULL,
  `phone` varchar(50) CHARACTER SET utf8mb3 COLLATE utf8mb3_general_ci NULL DEFAULT NULL,
  `mobile` varchar(50) CHARACTER SET utf8mb3 COLLATE utf8mb3_general_ci NULL DEFAULT NULL,
  `fax` varchar(50) CHARACTER SET utf8mb3 COLLATE utf8mb3_general_ci NULL DEFAULT NULL,
  `lane` varchar(250) CHARACTER SET utf8mb3 COLLATE utf8mb3_general_ci NULL DEFAULT NULL,
  `leadaddresstype` varchar(30) CHARACTER SET utf8mb3 COLLATE utf8mb3_general_ci NULL DEFAULT 'Billing',
  PRIMARY KEY (`leadaddressid`) USING BTREE,
  CONSTRAINT `fk_1_vtiger_leadaddress` FOREIGN KEY (`leadaddressid`) REFERENCES `vtiger_leaddetails` (`leadid`) ON DELETE CASCADE ON UPDATE RESTRICT
) ENGINE = InnoDB CHARACTER SET = utf8mb3 COLLATE = utf8mb3_general_ci ROW_FORMAT = Dynamic;

-- ----------------------------
-- Records of vtiger_leadaddress
-- ----------------------------

-- ----------------------------
-- Table structure for vtiger_leaddetails
-- ----------------------------
DROP TABLE IF EXISTS `vtiger_leaddetails`;
CREATE TABLE `vtiger_leaddetails`  (
  `leadid` int NOT NULL,
  `lead_no` varchar(100) CHARACTER SET utf8mb3 COLLATE utf8mb3_general_ci NOT NULL,
  `email` varchar(100) CHARACTER SET utf8mb3 COLLATE utf8mb3_general_ci NULL DEFAULT NULL,
  `interest` varchar(50) CHARACTER SET utf8mb3 COLLATE utf8mb3_general_ci NULL DEFAULT NULL,
  `firstname` varchar(40) CHARACTER SET utf8mb3 COLLATE utf8mb3_general_ci NULL DEFAULT NULL,
  `salutation` varchar(200) CHARACTER SET utf8mb3 COLLATE utf8mb3_general_ci NULL DEFAULT NULL,
  `lastname` varchar(80) CHARACTER SET utf8mb3 COLLATE utf8mb3_general_ci NOT NULL,
  `company` varchar(100) CHARACTER SET utf8mb3 COLLATE utf8mb3_general_ci NOT NULL,
  `annualrevenue` decimal(25, 8) NULL DEFAULT NULL,
  `industry` varchar(200) CHARACTER SET utf8mb3 COLLATE utf8mb3_general_ci NULL DEFAULT NULL,
  `campaign` varchar(30) CHARACTER SET utf8mb3 COLLATE utf8mb3_general_ci NULL DEFAULT NULL,
  `rating` varchar(200) CHARACTER SET utf8mb3 COLLATE utf8mb3_general_ci NULL DEFAULT NULL,
  `leadstatus` varchar(200) CHARACTER SET utf8mb3 COLLATE utf8mb3_general_ci NULL DEFAULT NULL,
  `leadsource` varchar(200) CHARACTER SET utf8mb3 COLLATE utf8mb3_general_ci NULL DEFAULT NULL,
  `converted` int NULL DEFAULT 0,
  `designation` varchar(50) CHARACTER SET utf8mb3 COLLATE utf8mb3_general_ci NULL DEFAULT 'SalesMan',
  `licencekeystatus` varchar(50) CHARACTER SET utf8mb3 COLLATE utf8mb3_general_ci NULL DEFAULT NULL,
  `space` varchar(250) CHARACTER SET utf8mb3 COLLATE utf8mb3_general_ci NULL DEFAULT NULL,
  `comments` text CHARACTER SET utf8mb3 COLLATE utf8mb3_general_ci NULL,
  `priority` varchar(50) CHARACTER SET utf8mb3 COLLATE utf8mb3_general_ci NULL DEFAULT NULL,
  `demorequest` varchar(50) CHARACTER SET utf8mb3 COLLATE utf8mb3_general_ci NULL DEFAULT NULL,
  `partnercontact` varchar(50) CHARACTER SET utf8mb3 COLLATE utf8mb3_general_ci NULL DEFAULT NULL,
  `productversion` varchar(20) CHARACTER SET utf8mb3 COLLATE utf8mb3_general_ci NULL DEFAULT NULL,
  `product` varchar(50) CHARACTER SET utf8mb3 COLLATE utf8mb3_general_ci NULL DEFAULT NULL,
  `maildate` date NULL DEFAULT NULL,
  `nextstepdate` date NULL DEFAULT NULL,
  `fundingsituation` varchar(50) CHARACTER SET utf8mb3 COLLATE utf8mb3_general_ci NULL DEFAULT NULL,
  `purpose` varchar(50) CHARACTER SET utf8mb3 COLLATE utf8mb3_general_ci NULL DEFAULT NULL,
  `evaluationstatus` varchar(50) CHARACTER SET utf8mb3 COLLATE utf8mb3_general_ci NULL DEFAULT NULL,
  `transferdate` date NULL DEFAULT NULL,
  `revenuetype` varchar(50) CHARACTER SET utf8mb3 COLLATE utf8mb3_general_ci NULL DEFAULT NULL,
  `noofemployees` int NULL DEFAULT NULL,
  `secondaryemail` varchar(100) CHARACTER SET utf8mb3 COLLATE utf8mb3_general_ci NULL DEFAULT NULL,
  `assignleadchk` int NULL DEFAULT 0,
  `emailoptout` varchar(3) CHARACTER SET utf8mb3 COLLATE utf8mb3_general_ci NULL DEFAULT NULL,
  `tags` varchar(1) CHARACTER SET utf8mb3 COLLATE utf8mb3_general_ci NULL DEFAULT NULL,
  PRIMARY KEY (`leadid`) USING BTREE,
  INDEX `leaddetails_converted_leadstatus_idx`(`converted` ASC, `leadstatus` ASC) USING BTREE,
  INDEX `email_idx`(`email` ASC) USING BTREE,
  CONSTRAINT `fk_1_vtiger_leaddetails` FOREIGN KEY (`leadid`) REFERENCES `vtiger_crmentity` (`crmid`) ON DELETE CASCADE ON UPDATE RESTRICT
) ENGINE = InnoDB CHARACTER SET = utf8mb3 COLLATE = utf8mb3_general_ci ROW_FORMAT = Dynamic;

-- ----------------------------
-- Records of vtiger_leaddetails
-- ----------------------------

-- ----------------------------
-- Table structure for vtiger_leadscf
-- ----------------------------
DROP TABLE IF EXISTS `vtiger_leadscf`;
CREATE TABLE `vtiger_leadscf`  (
  `leadid` int NOT NULL DEFAULT 0,
  PRIMARY KEY (`leadid`) USING BTREE,
  CONSTRAINT `fk_1_vtiger_leadscf` FOREIGN KEY (`leadid`) REFERENCES `vtiger_leaddetails` (`leadid`) ON DELETE CASCADE ON UPDATE RESTRICT
) ENGINE = InnoDB CHARACTER SET = utf8mb3 COLLATE = utf8mb3_general_ci ROW_FORMAT = Dynamic;

-- ----------------------------
-- Records of vtiger_leadscf
-- ----------------------------

-- ----------------------------
-- Table structure for vtiger_leadsource
-- ----------------------------
DROP TABLE IF EXISTS `vtiger_leadsource`;
CREATE TABLE `vtiger_leadsource`  (
  `leadsourceid` int NOT NULL AUTO_INCREMENT,
  `leadsource` varchar(200) CHARACTER SET utf8mb3 COLLATE utf8mb3_general_ci NOT NULL,
  `presence` int NOT NULL DEFAULT 1,
  `picklist_valueid` int NOT NULL DEFAULT 0,
  `sortorderid` int NULL DEFAULT NULL,
  `color` varchar(10) CHARACTER SET utf8mb3 COLLATE utf8mb3_general_ci NULL DEFAULT NULL,
  PRIMARY KEY (`leadsourceid`) USING BTREE
) ENGINE = InnoDB AUTO_INCREMENT = 14 CHARACTER SET = utf8mb3 COLLATE = utf8mb3_general_ci ROW_FORMAT = Dynamic;

-- ----------------------------
-- Records of vtiger_leadsource
-- ----------------------------
INSERT INTO `vtiger_leadsource` VALUES (2, 'Cold Call', 1, 99, 1, NULL);
INSERT INTO `vtiger_leadsource` VALUES (3, 'Existing Customer', 1, 100, 2, NULL);
INSERT INTO `vtiger_leadsource` VALUES (4, 'Self Generated', 1, 101, 3, NULL);
INSERT INTO `vtiger_leadsource` VALUES (5, 'Employee', 1, 102, 4, NULL);
INSERT INTO `vtiger_leadsource` VALUES (6, 'Partner', 1, 103, 5, NULL);
INSERT INTO `vtiger_leadsource` VALUES (7, 'Public Relations', 1, 104, 6, NULL);
INSERT INTO `vtiger_leadsource` VALUES (8, 'Direct Mail', 1, 105, 7, NULL);
INSERT INTO `vtiger_leadsource` VALUES (9, 'Conference', 1, 106, 8, NULL);
INSERT INTO `vtiger_leadsource` VALUES (10, 'Trade Show', 1, 107, 9, NULL);
INSERT INTO `vtiger_leadsource` VALUES (11, 'Web Site', 1, 108, 10, NULL);
INSERT INTO `vtiger_leadsource` VALUES (12, 'Word of mouth', 1, 109, 11, NULL);
INSERT INTO `vtiger_leadsource` VALUES (13, 'Other', 1, 110, 12, NULL);

-- ----------------------------
-- Table structure for vtiger_leadsource_seq
-- ----------------------------
DROP TABLE IF EXISTS `vtiger_leadsource_seq`;
CREATE TABLE `vtiger_leadsource_seq`  (
  `id` int NOT NULL
) ENGINE = InnoDB CHARACTER SET = utf8mb4 COLLATE = utf8mb4_0900_ai_ci ROW_FORMAT = Dynamic;

-- ----------------------------
-- Records of vtiger_leadsource_seq
-- ----------------------------
INSERT INTO `vtiger_leadsource_seq` VALUES (13);

-- ----------------------------
-- Table structure for vtiger_leadstage
-- ----------------------------
DROP TABLE IF EXISTS `vtiger_leadstage`;
CREATE TABLE `vtiger_leadstage`  (
  `leadstageid` int NOT NULL AUTO_INCREMENT,
  `stage` varchar(200) CHARACTER SET utf8mb3 COLLATE utf8mb3_general_ci NOT NULL,
  `sortorderid` int NOT NULL DEFAULT 0,
  `presence` int NOT NULL DEFAULT 1,
  PRIMARY KEY (`leadstageid`) USING BTREE,
  UNIQUE INDEX `leadstage_stage_idx`(`stage` ASC) USING BTREE
) ENGINE = InnoDB CHARACTER SET = utf8mb3 COLLATE = utf8mb3_general_ci ROW_FORMAT = Dynamic;

-- ----------------------------
-- Records of vtiger_leadstage
-- ----------------------------

-- ----------------------------
-- Table structure for vtiger_leadstatus
-- ----------------------------
DROP TABLE IF EXISTS `vtiger_leadstatus`;
CREATE TABLE `vtiger_leadstatus`  (
  `leadstatusid` int NOT NULL AUTO_INCREMENT,
  `leadstatus` varchar(200) CHARACTER SET utf8mb3 COLLATE utf8mb3_general_ci NOT NULL,
  `presence` int NOT NULL DEFAULT 1,
  `picklist_valueid` int NOT NULL DEFAULT 0,
  `sortorderid` int NULL DEFAULT NULL,
  `color` varchar(10) CHARACTER SET utf8mb3 COLLATE utf8mb3_general_ci NULL DEFAULT NULL,
  PRIMARY KEY (`leadstatusid`) USING BTREE
) ENGINE = InnoDB AUTO_INCREMENT = 13 CHARACTER SET = utf8mb3 COLLATE = utf8mb3_general_ci ROW_FORMAT = Dynamic;

-- ----------------------------
-- Records of vtiger_leadstatus
-- ----------------------------
INSERT INTO `vtiger_leadstatus` VALUES (2, 'Attempted to Contact', 1, 112, 1, NULL);
INSERT INTO `vtiger_leadstatus` VALUES (3, 'Cold', 1, 113, 2, NULL);
INSERT INTO `vtiger_leadstatus` VALUES (4, 'Contact in Future', 1, 114, 3, NULL);
INSERT INTO `vtiger_leadstatus` VALUES (5, 'Contacted', 1, 115, 4, NULL);
INSERT INTO `vtiger_leadstatus` VALUES (6, 'Hot', 1, 116, 5, NULL);
INSERT INTO `vtiger_leadstatus` VALUES (7, 'Junk Lead', 1, 117, 6, NULL);
INSERT INTO `vtiger_leadstatus` VALUES (8, 'Lost Lead', 1, 118, 7, NULL);
INSERT INTO `vtiger_leadstatus` VALUES (9, 'Not Contacted', 1, 119, 8, NULL);
INSERT INTO `vtiger_leadstatus` VALUES (10, 'Pre Qualified', 1, 120, 9, NULL);
INSERT INTO `vtiger_leadstatus` VALUES (11, 'Qualified', 1, 121, 10, NULL);
INSERT INTO `vtiger_leadstatus` VALUES (12, 'Warm', 1, 122, 11, NULL);

-- ----------------------------
-- Table structure for vtiger_leadstatus_seq
-- ----------------------------
DROP TABLE IF EXISTS `vtiger_leadstatus_seq`;
CREATE TABLE `vtiger_leadstatus_seq`  (
  `id` int NOT NULL
) ENGINE = InnoDB CHARACTER SET = utf8mb4 COLLATE = utf8mb4_0900_ai_ci ROW_FORMAT = Dynamic;

-- ----------------------------
-- Records of vtiger_leadstatus_seq
-- ----------------------------
INSERT INTO `vtiger_leadstatus_seq` VALUES (12);

-- ----------------------------
-- Table structure for vtiger_leadsubdetails
-- ----------------------------
DROP TABLE IF EXISTS `vtiger_leadsubdetails`;
CREATE TABLE `vtiger_leadsubdetails`  (
  `leadsubscriptionid` int NOT NULL DEFAULT 0,
  `website` varchar(255) CHARACTER SET utf8mb3 COLLATE utf8mb3_general_ci NULL DEFAULT NULL,
  `callornot` int NULL DEFAULT 0,
  `readornot` int NULL DEFAULT 0,
  `empct` int NULL DEFAULT 0,
  PRIMARY KEY (`leadsubscriptionid`) USING BTREE,
  CONSTRAINT `fk_1_vtiger_leadsubdetails` FOREIGN KEY (`leadsubscriptionid`) REFERENCES `vtiger_leaddetails` (`leadid`) ON DELETE CASCADE ON UPDATE RESTRICT
) ENGINE = InnoDB CHARACTER SET = utf8mb3 COLLATE = utf8mb3_general_ci ROW_FORMAT = Dynamic;

-- ----------------------------
-- Records of vtiger_leadsubdetails
-- ----------------------------

-- ----------------------------
-- Table structure for vtiger_links
-- ----------------------------
DROP TABLE IF EXISTS `vtiger_links`;
CREATE TABLE `vtiger_links`  (
  `linkid` int NOT NULL,
  `tabid` int NULL DEFAULT NULL,
  `linktype` varchar(50) CHARACTER SET utf8mb3 COLLATE utf8mb3_general_ci NULL DEFAULT NULL,
  `linklabel` varchar(50) CHARACTER SET utf8mb3 COLLATE utf8mb3_general_ci NULL DEFAULT NULL,
  `linkurl` varchar(255) CHARACTER SET utf8mb3 COLLATE utf8mb3_general_ci NULL DEFAULT NULL,
  `linkicon` varchar(100) CHARACTER SET utf8mb3 COLLATE utf8mb3_general_ci NULL DEFAULT NULL,
  `sequence` int NULL DEFAULT NULL,
  `handler_path` varchar(128) CHARACTER SET utf8mb3 COLLATE utf8mb3_general_ci NULL DEFAULT NULL,
  `handler_class` varchar(50) CHARACTER SET utf8mb3 COLLATE utf8mb3_general_ci NULL DEFAULT NULL,
  `handler` varchar(50) CHARACTER SET utf8mb3 COLLATE utf8mb3_general_ci NULL DEFAULT NULL,
  `parent_link` int NULL DEFAULT NULL,
  PRIMARY KEY (`linkid`) USING BTREE,
  INDEX `link_tabidtype_idx`(`tabid` ASC, `linktype` ASC) USING BTREE
) ENGINE = InnoDB CHARACTER SET = utf8mb3 COLLATE = utf8mb3_general_ci ROW_FORMAT = Dynamic;

-- ----------------------------
-- Records of vtiger_links
-- ----------------------------
INSERT INTO `vtiger_links` VALUES (2, 6, 'DETAILVIEW', 'LBL_SHOW_ACCOUNT_HIERARCHY', 'index.php?module=Accounts&action=AccountHierarchy&accountid=$RECORD$', '', 0, NULL, NULL, NULL, NULL);
INSERT INTO `vtiger_links` VALUES (5, 0, 'HEADERSCRIPT', 'Incoming Calls', 'modules/PBXManager/resources/PBXManagerJS.js', '', 0, 'modules/PBXManager/PBXManager.php', 'PBXManager', 'checkLinkPermission', NULL);
INSERT INTO `vtiger_links` VALUES (6, 4, 'DETAILVIEWSIDEBARWIDGET', 'Google Map', 'module=Google&view=Map&mode=showMap&viewtype=detail', '', 0, NULL, NULL, NULL, NULL);
INSERT INTO `vtiger_links` VALUES (7, 7, 'DETAILVIEWSIDEBARWIDGET', 'Google Map', 'module=Google&view=Map&mode=showMap&viewtype=detail', '', 0, NULL, NULL, NULL, NULL);
INSERT INTO `vtiger_links` VALUES (8, 6, 'DETAILVIEWSIDEBARWIDGET', 'Google Map', 'module=Google&view=Map&mode=showMap&viewtype=detail', '', 0, NULL, NULL, NULL, NULL);
INSERT INTO `vtiger_links` VALUES (9, 4, 'LISTVIEWSIDEBARWIDGET', 'Google Contacts', 'module=Google&view=List&sourcemodule=Contacts', '', 0, NULL, NULL, NULL, NULL);
INSERT INTO `vtiger_links` VALUES (10, 9, 'LISTVIEWSIDEBARWIDGET', 'Google Calendar', 'module=Google&view=List&sourcemodule=Calendar', '', 0, NULL, NULL, NULL, NULL);
INSERT INTO `vtiger_links` VALUES (11, 7, 'DETAILVIEWWIDGET', 'DetailViewBlockCommentWidget', 'block://ModComments:modules/ModComments/ModComments.php', '', 0, NULL, NULL, NULL, NULL);
INSERT INTO `vtiger_links` VALUES (12, 4, 'DETAILVIEWWIDGET', 'DetailViewBlockCommentWidget', 'block://ModComments:modules/ModComments/ModComments.php', '', 0, NULL, NULL, NULL, NULL);
INSERT INTO `vtiger_links` VALUES (13, 6, 'DETAILVIEWWIDGET', 'DetailViewBlockCommentWidget', 'block://ModComments:modules/ModComments/ModComments.php', '', 0, NULL, NULL, NULL, NULL);
INSERT INTO `vtiger_links` VALUES (14, 2, 'DETAILVIEWWIDGET', 'DetailViewBlockCommentWidget', 'block://ModComments:modules/ModComments/ModComments.php', '', 0, NULL, NULL, NULL, NULL);
INSERT INTO `vtiger_links` VALUES (15, 42, 'HEADERSCRIPT', 'ModCommentsCommonHeaderScript', 'modules/ModComments/ModCommentsCommon.js', '', 0, NULL, NULL, NULL, NULL);
INSERT INTO `vtiger_links` VALUES (21, 47, 'HEADERSCRIPT', 'SMSNotifierCommonJS', 'modules/SMSNotifier/SMSNotifierCommon.js', '', 0, NULL, NULL, NULL, NULL);
INSERT INTO `vtiger_links` VALUES (22, 7, 'LISTVIEWBASIC', 'Send SMS', 'SMSNotifierCommon.displaySelectWizard(this, \'$MODULE$\');', '', 0, NULL, NULL, NULL, NULL);
INSERT INTO `vtiger_links` VALUES (23, 7, 'DETAILVIEW', 'Send SMS', 'javascript:SMSNotifierCommon.displaySelectWizard_DetailView(\'$MODULE$\', \'$RECORD$\');', '', 0, NULL, NULL, NULL, NULL);
INSERT INTO `vtiger_links` VALUES (24, 4, 'LISTVIEWBASIC', 'Send SMS', 'SMSNotifierCommon.displaySelectWizard(this, \'$MODULE$\');', '', 0, NULL, NULL, NULL, NULL);
INSERT INTO `vtiger_links` VALUES (25, 4, 'DETAILVIEW', 'Send SMS', 'javascript:SMSNotifierCommon.displaySelectWizard_DetailView(\'$MODULE$\', \'$RECORD$\');', '', 0, NULL, NULL, NULL, NULL);
INSERT INTO `vtiger_links` VALUES (26, 6, 'LISTVIEWBASIC', 'Send SMS', 'SMSNotifierCommon.displaySelectWizard(this, \'$MODULE$\');', '', 0, NULL, NULL, NULL, NULL);
INSERT INTO `vtiger_links` VALUES (27, 6, 'DETAILVIEW', 'Send SMS', 'javascript:SMSNotifierCommon.displaySelectWizard_DetailView(\'$MODULE$\', \'$RECORD$\');', '', 0, NULL, NULL, NULL, NULL);
INSERT INTO `vtiger_links` VALUES (28, 49, 'HEADERSCRIPT', 'ExtensionStoreCommonHeaderScript', 'modules/ExtensionStore/ExtensionStore.js', '', 0, NULL, NULL, NULL, NULL);
INSERT INTO `vtiger_links` VALUES (30, 44, 'DETAILVIEWWIDGET', 'DetailViewBlockCommentWidget', 'block://ModComments:modules/ModComments/ModComments.php', '', 0, NULL, NULL, NULL, NULL);
INSERT INTO `vtiger_links` VALUES (31, 45, 'DETAILVIEWBASIC', 'Add Project Task', 'index.php?module=ProjectTask&action=EditView&projectid=$RECORD$&return_module=Project&return_action=DetailView&return_id=$RECORD$', '', 0, 'modules/ProjectTask/ProjectTask.php', 'ProjectTask', 'isLinkPermitted', NULL);
INSERT INTO `vtiger_links` VALUES (33, 45, 'DETAILVIEWWIDGET', 'DetailViewBlockCommentWidget', 'block://ModComments:modules/ModComments/ModComments.php', '', 0, NULL, NULL, NULL, NULL);
INSERT INTO `vtiger_links` VALUES (34, 2, 'DASHBOARDWIDGET', 'History', 'index.php?module=Potentials&view=ShowWidget&name=History', '', 1, NULL, NULL, NULL, NULL);
INSERT INTO `vtiger_links` VALUES (35, 2, 'DASHBOARDWIDGET', 'Upcoming Activities', 'index.php?module=Potentials&view=ShowWidget&name=CalendarActivities', '', 2, NULL, NULL, NULL, NULL);
INSERT INTO `vtiger_links` VALUES (36, 2, 'DASHBOARDWIDGET', 'Funnel', 'index.php?module=Potentials&view=ShowWidget&name=GroupedBySalesStage', '', 3, NULL, NULL, NULL, NULL);
INSERT INTO `vtiger_links` VALUES (37, 2, 'DASHBOARDWIDGET', 'Potentials by Stage', 'index.php?module=Potentials&view=ShowWidget&name=GroupedBySalesPerson', '', 4, NULL, NULL, NULL, NULL);
INSERT INTO `vtiger_links` VALUES (38, 2, 'DASHBOARDWIDGET', 'Pipelined Amount', 'index.php?module=Potentials&view=ShowWidget&name=PipelinedAmountPerSalesPerson', '', 5, NULL, NULL, NULL, NULL);
INSERT INTO `vtiger_links` VALUES (39, 2, 'DASHBOARDWIDGET', 'Total Revenue', 'index.php?module=Potentials&view=ShowWidget&name=TotalRevenuePerSalesPerson', '', 6, NULL, NULL, NULL, NULL);
INSERT INTO `vtiger_links` VALUES (40, 2, 'DASHBOARDWIDGET', 'Top Potentials', 'index.php?module=Potentials&view=ShowWidget&name=TopPotentials', '', 7, NULL, NULL, NULL, NULL);
INSERT INTO `vtiger_links` VALUES (41, 2, 'DASHBOARDWIDGET', 'Overdue Activities', 'index.php?module=Potentials&view=ShowWidget&name=OverdueActivities', '', 9, NULL, NULL, NULL, NULL);
INSERT INTO `vtiger_links` VALUES (42, 6, 'DASHBOARDWIDGET', 'History', 'index.php?module=Accounts&view=ShowWidget&name=History', '', 1, NULL, NULL, NULL, NULL);
INSERT INTO `vtiger_links` VALUES (43, 6, 'DASHBOARDWIDGET', 'Upcoming Activities', 'index.php?module=Accounts&view=ShowWidget&name=CalendarActivities', '', 2, NULL, NULL, NULL, NULL);
INSERT INTO `vtiger_links` VALUES (44, 6, 'DASHBOARDWIDGET', 'Overdue Activities', 'index.php?module=Accounts&view=ShowWidget&name=OverdueActivities', '', 3, NULL, NULL, NULL, NULL);
INSERT INTO `vtiger_links` VALUES (45, 4, 'DASHBOARDWIDGET', 'History', 'index.php?module=Contacts&view=ShowWidget&name=History', '', 1, NULL, NULL, NULL, NULL);
INSERT INTO `vtiger_links` VALUES (46, 4, 'DASHBOARDWIDGET', 'Upcoming Activities', 'index.php?module=Contacts&view=ShowWidget&name=CalendarActivities', '', 2, NULL, NULL, NULL, NULL);
INSERT INTO `vtiger_links` VALUES (47, 4, 'DASHBOARDWIDGET', 'Overdue Activities', 'index.php?module=Contacts&view=ShowWidget&name=OverdueActivities', '', 3, NULL, NULL, NULL, NULL);
INSERT INTO `vtiger_links` VALUES (48, 7, 'DASHBOARDWIDGET', 'History', 'index.php?module=Leads&view=ShowWidget&name=History', '', 1, NULL, NULL, NULL, NULL);
INSERT INTO `vtiger_links` VALUES (49, 7, 'DASHBOARDWIDGET', 'Upcoming Activities', 'index.php?module=Leads&view=ShowWidget&name=CalendarActivities', '', 2, NULL, NULL, NULL, NULL);
INSERT INTO `vtiger_links` VALUES (50, 7, 'DASHBOARDWIDGET', 'Leads by Status', 'index.php?module=Leads&view=ShowWidget&name=LeadsByStatus', '', 4, NULL, NULL, NULL, NULL);
INSERT INTO `vtiger_links` VALUES (51, 7, 'DASHBOARDWIDGET', 'Leads by Source', 'index.php?module=Leads&view=ShowWidget&name=LeadsBySource', '', 5, NULL, NULL, NULL, NULL);
INSERT INTO `vtiger_links` VALUES (52, 7, 'DASHBOARDWIDGET', 'Leads by Industry', 'index.php?module=Leads&view=ShowWidget&name=LeadsByIndustry', '', 6, NULL, NULL, NULL, NULL);
INSERT INTO `vtiger_links` VALUES (53, 7, 'DASHBOARDWIDGET', 'Overdue Activities', 'index.php?module=Leads&view=ShowWidget&name=OverdueActivities', '', 7, NULL, NULL, NULL, NULL);
INSERT INTO `vtiger_links` VALUES (54, 13, 'DASHBOARDWIDGET', 'Tickets by Status', 'index.php?module=HelpDesk&view=ShowWidget&name=TicketsByStatus', '', 1, NULL, NULL, NULL, NULL);
INSERT INTO `vtiger_links` VALUES (55, 13, 'DASHBOARDWIDGET', 'Open Tickets', 'index.php?module=HelpDesk&view=ShowWidget&name=OpenTickets', '', 2, NULL, NULL, NULL, NULL);
INSERT INTO `vtiger_links` VALUES (56, 3, 'DASHBOARDWIDGET', 'History', 'index.php?module=Home&view=ShowWidget&name=History', '', 1, NULL, NULL, NULL, NULL);
INSERT INTO `vtiger_links` VALUES (57, 3, 'DASHBOARDWIDGET', 'Upcoming Activities', 'index.php?module=Home&view=ShowWidget&name=CalendarActivities', '', 2, NULL, NULL, NULL, NULL);
INSERT INTO `vtiger_links` VALUES (58, 3, 'DASHBOARDWIDGET', 'Funnel', 'index.php?module=Potentials&view=ShowWidget&name=GroupedBySalesStage', '', 3, NULL, NULL, NULL, NULL);
INSERT INTO `vtiger_links` VALUES (59, 3, 'DASHBOARDWIDGET', 'Potentials by Stage', 'index.php?module=Potentials&view=ShowWidget&name=GroupedBySalesPerson', '', 4, NULL, NULL, NULL, NULL);
INSERT INTO `vtiger_links` VALUES (60, 3, 'DASHBOARDWIDGET', 'Pipelined Amount', 'index.php?module=Potentials&view=ShowWidget&name=PipelinedAmountPerSalesPerson', '', 5, NULL, NULL, NULL, NULL);
INSERT INTO `vtiger_links` VALUES (61, 3, 'DASHBOARDWIDGET', 'Total Revenue', 'index.php?module=Potentials&view=ShowWidget&name=TotalRevenuePerSalesPerson', '', 6, NULL, NULL, NULL, NULL);
INSERT INTO `vtiger_links` VALUES (62, 3, 'DASHBOARDWIDGET', 'Top Potentials', 'index.php?module=Potentials&view=ShowWidget&name=TopPotentials', '', 7, NULL, NULL, NULL, NULL);
INSERT INTO `vtiger_links` VALUES (63, 3, 'DASHBOARDWIDGET', 'Leads by Status', 'index.php?module=Leads&view=ShowWidget&name=LeadsByStatus', '', 10, NULL, NULL, NULL, NULL);
INSERT INTO `vtiger_links` VALUES (64, 3, 'DASHBOARDWIDGET', 'Leads by Source', 'index.php?module=Leads&view=ShowWidget&name=LeadsBySource', '', 11, NULL, NULL, NULL, NULL);
INSERT INTO `vtiger_links` VALUES (65, 3, 'DASHBOARDWIDGET', 'Leads by Industry', 'index.php?module=Leads&view=ShowWidget&name=LeadsByIndustry', '', 12, NULL, NULL, NULL, NULL);
INSERT INTO `vtiger_links` VALUES (66, 3, 'DASHBOARDWIDGET', 'Overdue Activities', 'index.php?module=Home&view=ShowWidget&name=OverdueActivities', '', 13, NULL, NULL, NULL, NULL);
INSERT INTO `vtiger_links` VALUES (67, 3, 'DASHBOARDWIDGET', 'Tickets by Status', 'index.php?module=HelpDesk&view=ShowWidget&name=TicketsByStatus', '', 13, NULL, NULL, NULL, NULL);
INSERT INTO `vtiger_links` VALUES (68, 3, 'DASHBOARDWIDGET', 'Open Tickets', 'index.php?module=HelpDesk&view=ShowWidget&name=OpenTickets', '', 14, NULL, NULL, NULL, NULL);
INSERT INTO `vtiger_links` VALUES (69, 13, 'DETAILVIEWWIDGET', 'DetailViewBlockCommentWidget', 'block://ModComments:modules/ModComments/ModComments.php', '', 0, NULL, NULL, NULL, NULL);
INSERT INTO `vtiger_links` VALUES (70, 15, 'DETAILVIEWWIDGET', 'DetailViewBlockCommentWidget', 'block://ModComments:modules/ModComments/ModComments.php', '', 0, NULL, NULL, NULL, NULL);
INSERT INTO `vtiger_links` VALUES (99, 3, 'DASHBOARDWIDGET', 'Key Metrics', 'index.php?module=Home&view=ShowWidget&name=KeyMetrics', '', 0, NULL, NULL, NULL, NULL);
INSERT INTO `vtiger_links` VALUES (100, 3, 'DASHBOARDWIDGET', 'Mini List', 'index.php?module=Home&view=ShowWidget&name=MiniList', '', 0, NULL, NULL, NULL, NULL);
INSERT INTO `vtiger_links` VALUES (101, 3, 'DASHBOARDWIDGET', 'Tag Cloud', 'index.php?module=Home&view=ShowWidget&name=TagCloud', '', 0, NULL, NULL, NULL, NULL);
INSERT INTO `vtiger_links` VALUES (102, 2, 'DASHBOARDWIDGET', 'Funnel Amount', 'index.php?module=Potentials&view=ShowWidget&name=FunnelAmount', '', 10, NULL, NULL, NULL, NULL);
INSERT INTO `vtiger_links` VALUES (103, 3, 'DASHBOARDWIDGET', 'Funnel Amount', 'index.php?module=Potentials&view=ShowWidget&name=FunnelAmount', '', 10, NULL, NULL, NULL, NULL);
INSERT INTO `vtiger_links` VALUES (104, 3, 'DASHBOARDWIDGET', 'Notebook', 'index.php?module=Home&view=ShowWidget&name=Notebook', '', 0, NULL, NULL, NULL, NULL);
INSERT INTO `vtiger_links` VALUES (105, 25, 'LISTVIEWBASIC', 'LBL_ADD_RECORD', '', '', 0, NULL, NULL, NULL, NULL);
INSERT INTO `vtiger_links` VALUES (106, 25, 'LISTVIEWBASIC', 'LBL_DETAIL_REPORT', 'javascript:Reports_List_Js.addReport(\"index.php?module=Reports&view=Edit\")', '', 0, 'modules/Reports/models/Module.php', 'Reports_Module_Model', 'checkLinkAccess', 105);
INSERT INTO `vtiger_links` VALUES (107, 25, 'LISTVIEWBASIC', 'LBL_CHARTS', 'javascript:Reports_List_Js.addReport(\"index.php?module=Reports&view=ChartEdit\")', '', 0, 'modules/Reports/models/Module.php', 'Reports_Module_Model', 'checkLinkAccess', 105);
INSERT INTO `vtiger_links` VALUES (108, 25, 'LISTVIEWBASIC', 'LBL_ADD_FOLDER', 'javascript:Reports_List_Js.triggerAddFolder(\"index.php?module=Reports&view=EditFolder\")', '', 0, 'modules/Reports/models/Module.php', 'Reports_Module_Model', 'checkLinkAccess', NULL);
INSERT INTO `vtiger_links` VALUES (109, 4, 'EXTENSIONLINK', 'Google', 'index.php?module=Contacts&view=Extension&extensionModule=Google&extensionView=Index', '', 0, NULL, NULL, NULL, NULL);
INSERT INTO `vtiger_links` VALUES (110, 9, 'EXTENSIONLINK', 'Google', 'index.php?module=Calendar&view=Extension&extensionModule=Google&extensionView=Index', '', 0, NULL, NULL, NULL, NULL);

-- ----------------------------
-- Table structure for vtiger_links_seq
-- ----------------------------
DROP TABLE IF EXISTS `vtiger_links_seq`;
CREATE TABLE `vtiger_links_seq`  (
  `id` int NOT NULL
) ENGINE = InnoDB CHARACTER SET = utf8mb4 COLLATE = utf8mb4_0900_ai_ci ROW_FORMAT = Dynamic;

-- ----------------------------
-- Records of vtiger_links_seq
-- ----------------------------
INSERT INTO `vtiger_links_seq` VALUES (110);

-- ----------------------------
-- Table structure for vtiger_loginhistory
-- ----------------------------
DROP TABLE IF EXISTS `vtiger_loginhistory`;
CREATE TABLE `vtiger_loginhistory`  (
  `login_id` int NOT NULL AUTO_INCREMENT,
  `user_name` varchar(255) CHARACTER SET utf8mb3 COLLATE utf8mb3_general_ci NULL DEFAULT NULL,
  `user_ip` varchar(25) CHARACTER SET utf8mb3 COLLATE utf8mb3_general_ci NOT NULL,
  `logout_time` timestamp NULL DEFAULT NULL,
  `login_time` datetime NULL DEFAULT NULL,
  `status` varchar(25) CHARACTER SET utf8mb3 COLLATE utf8mb3_general_ci NULL DEFAULT NULL,
  PRIMARY KEY (`login_id`) USING BTREE
) ENGINE = InnoDB AUTO_INCREMENT = 2 CHARACTER SET = utf8mb3 COLLATE = utf8mb3_general_ci ROW_FORMAT = Dynamic;

-- ----------------------------
-- Records of vtiger_loginhistory
-- ----------------------------
INSERT INTO `vtiger_loginhistory` VALUES (1, 'admin', '::1', '2024-10-23 12:30:03', '2024-10-23 12:30:03', 'Signed in');

-- ----------------------------
-- Table structure for vtiger_mail_accounts
-- ----------------------------
DROP TABLE IF EXISTS `vtiger_mail_accounts`;
CREATE TABLE `vtiger_mail_accounts`  (
  `account_id` int NOT NULL,
  `user_id` int NOT NULL,
  `display_name` varchar(50) CHARACTER SET utf8mb3 COLLATE utf8mb3_general_ci NULL DEFAULT NULL,
  `mail_id` varchar(50) CHARACTER SET utf8mb3 COLLATE utf8mb3_general_ci NULL DEFAULT NULL,
  `account_name` varchar(50) CHARACTER SET utf8mb3 COLLATE utf8mb3_general_ci NULL DEFAULT NULL,
  `mail_protocol` varchar(20) CHARACTER SET utf8mb3 COLLATE utf8mb3_general_ci NULL DEFAULT NULL,
  `mail_username` varchar(50) CHARACTER SET utf8mb3 COLLATE utf8mb3_general_ci NOT NULL,
  `mail_password` text CHARACTER SET utf8mb3 COLLATE utf8mb3_general_ci NULL,
  `mail_servername` varchar(50) CHARACTER SET utf8mb3 COLLATE utf8mb3_general_ci NULL DEFAULT NULL,
  `box_refresh` int NULL DEFAULT NULL,
  `mails_per_page` int NULL DEFAULT NULL,
  `ssltype` varchar(50) CHARACTER SET utf8mb3 COLLATE utf8mb3_general_ci NULL DEFAULT NULL,
  `sslmeth` varchar(50) CHARACTER SET utf8mb3 COLLATE utf8mb3_general_ci NULL DEFAULT NULL,
  `int_mailer` int NULL DEFAULT 0,
  `status` varchar(10) CHARACTER SET utf8mb3 COLLATE utf8mb3_general_ci NULL DEFAULT NULL,
  `set_default` int NULL DEFAULT NULL,
  `sent_folder` varchar(50) CHARACTER SET utf8mb3 COLLATE utf8mb3_general_ci NULL DEFAULT NULL,
  PRIMARY KEY (`account_id`) USING BTREE
) ENGINE = InnoDB CHARACTER SET = utf8mb3 COLLATE = utf8mb3_general_ci ROW_FORMAT = Dynamic;

-- ----------------------------
-- Records of vtiger_mail_accounts
-- ----------------------------

-- ----------------------------
-- Table structure for vtiger_mailer_queue
-- ----------------------------
DROP TABLE IF EXISTS `vtiger_mailer_queue`;
CREATE TABLE `vtiger_mailer_queue`  (
  `id` int NOT NULL,
  `fromname` varchar(100) CHARACTER SET utf8mb3 COLLATE utf8mb3_general_ci NULL DEFAULT NULL,
  `fromemail` varchar(100) CHARACTER SET utf8mb3 COLLATE utf8mb3_general_ci NULL DEFAULT NULL,
  `mailer` varchar(10) CHARACTER SET utf8mb3 COLLATE utf8mb3_general_ci NULL DEFAULT NULL,
  `content_type` varchar(15) CHARACTER SET utf8mb3 COLLATE utf8mb3_general_ci NULL DEFAULT NULL,
  `subject` varchar(999) CHARACTER SET utf8mb3 COLLATE utf8mb3_general_ci NULL DEFAULT NULL,
  `body` text CHARACTER SET utf8mb3 COLLATE utf8mb3_general_ci NULL,
  `relcrmid` int NULL DEFAULT NULL,
  `failed` int NOT NULL DEFAULT 0,
  `failreason` varchar(255) CHARACTER SET utf8mb3 COLLATE utf8mb3_general_ci NULL DEFAULT NULL,
  PRIMARY KEY (`id`) USING BTREE
) ENGINE = InnoDB CHARACTER SET = utf8mb3 COLLATE = utf8mb3_general_ci ROW_FORMAT = Dynamic;

-- ----------------------------
-- Records of vtiger_mailer_queue
-- ----------------------------

-- ----------------------------
-- Table structure for vtiger_mailer_queueattachments
-- ----------------------------
DROP TABLE IF EXISTS `vtiger_mailer_queueattachments`;
CREATE TABLE `vtiger_mailer_queueattachments`  (
  `id` int NULL DEFAULT NULL,
  `path` text CHARACTER SET utf8mb3 COLLATE utf8mb3_general_ci NULL,
  `name` varchar(100) CHARACTER SET utf8mb3 COLLATE utf8mb3_general_ci NULL DEFAULT NULL,
  `encoding` varchar(50) CHARACTER SET utf8mb3 COLLATE utf8mb3_general_ci NULL DEFAULT NULL,
  `type` varchar(100) CHARACTER SET utf8mb3 COLLATE utf8mb3_general_ci NULL DEFAULT NULL
) ENGINE = InnoDB CHARACTER SET = utf8mb3 COLLATE = utf8mb3_general_ci ROW_FORMAT = Dynamic;

-- ----------------------------
-- Records of vtiger_mailer_queueattachments
-- ----------------------------

-- ----------------------------
-- Table structure for vtiger_mailer_queueinfo
-- ----------------------------
DROP TABLE IF EXISTS `vtiger_mailer_queueinfo`;
CREATE TABLE `vtiger_mailer_queueinfo`  (
  `id` int NULL DEFAULT NULL,
  `name` varchar(100) CHARACTER SET utf8mb3 COLLATE utf8mb3_general_ci NULL DEFAULT NULL,
  `email` varchar(100) CHARACTER SET utf8mb3 COLLATE utf8mb3_general_ci NULL DEFAULT NULL,
  `type` varchar(7) CHARACTER SET utf8mb3 COLLATE utf8mb3_general_ci NULL DEFAULT NULL
) ENGINE = InnoDB CHARACTER SET = utf8mb3 COLLATE = utf8mb3_general_ci ROW_FORMAT = Dynamic;

-- ----------------------------
-- Records of vtiger_mailer_queueinfo
-- ----------------------------

-- ----------------------------
-- Table structure for vtiger_mailmanager_mailattachments
-- ----------------------------
DROP TABLE IF EXISTS `vtiger_mailmanager_mailattachments`;
CREATE TABLE `vtiger_mailmanager_mailattachments`  (
  `userid` int NULL DEFAULT NULL,
  `muid` int NULL DEFAULT NULL,
  `aname` varchar(100) CHARACTER SET utf8mb3 COLLATE utf8mb3_general_ci NULL DEFAULT NULL,
  `lastsavedtime` int NULL DEFAULT NULL,
  `attachid` int NOT NULL,
  `path` varchar(200) CHARACTER SET utf8mb3 COLLATE utf8mb3_general_ci NOT NULL,
  `cid` varchar(100) CHARACTER SET utf8mb3 COLLATE utf8mb3_general_ci NULL DEFAULT NULL,
  INDEX `userid_muid_idx`(`userid` ASC, `muid` ASC) USING BTREE
) ENGINE = InnoDB CHARACTER SET = utf8mb3 COLLATE = utf8mb3_general_ci ROW_FORMAT = Dynamic;

-- ----------------------------
-- Records of vtiger_mailmanager_mailattachments
-- ----------------------------

-- ----------------------------
-- Table structure for vtiger_mailmanager_mailrecord
-- ----------------------------
DROP TABLE IF EXISTS `vtiger_mailmanager_mailrecord`;
CREATE TABLE `vtiger_mailmanager_mailrecord`  (
  `userid` int NULL DEFAULT NULL,
  `mfrom` varchar(255) CHARACTER SET utf8mb3 COLLATE utf8mb3_general_ci NULL DEFAULT NULL,
  `mto` varchar(255) CHARACTER SET utf8mb3 COLLATE utf8mb3_general_ci NULL DEFAULT NULL,
  `mcc` varchar(500) CHARACTER SET utf8mb3 COLLATE utf8mb3_general_ci NULL DEFAULT NULL,
  `mbcc` varchar(500) CHARACTER SET utf8mb3 COLLATE utf8mb3_general_ci NULL DEFAULT NULL,
  `mdate` varchar(20) CHARACTER SET utf8mb3 COLLATE utf8mb3_general_ci NULL DEFAULT NULL,
  `msubject` varchar(500) CHARACTER SET utf8mb3 COLLATE utf8mb3_general_ci NULL DEFAULT NULL,
  `mbody` text CHARACTER SET utf8mb3 COLLATE utf8mb3_general_ci NULL,
  `mcharset` varchar(10) CHARACTER SET utf8mb3 COLLATE utf8mb3_general_ci NULL DEFAULT NULL,
  `misbodyhtml` int NULL DEFAULT NULL,
  `mplainmessage` int NULL DEFAULT NULL,
  `mhtmlmessage` int NULL DEFAULT NULL,
  `muniqueid` varchar(500) CHARACTER SET utf8mb3 COLLATE utf8mb3_general_ci NULL DEFAULT NULL,
  `mbodyparsed` int NULL DEFAULT NULL,
  `muid` int NULL DEFAULT NULL,
  `lastsavedtime` int NULL DEFAULT NULL,
  `folder` varchar(250) CHARACTER SET utf8mb3 COLLATE utf8mb3_general_ci NULL DEFAULT NULL,
  `mfolder` varchar(250) CHARACTER SET utf8mb3 COLLATE utf8mb3_general_ci NULL DEFAULT NULL,
  INDEX `userid_lastsavedtime_idx`(`userid` ASC, `lastsavedtime` ASC) USING BTREE,
  INDEX `userid_muid_idx`(`userid` ASC, `muid` ASC) USING BTREE
) ENGINE = InnoDB CHARACTER SET = utf8mb3 COLLATE = utf8mb3_general_ci ROW_FORMAT = Dynamic;

-- ----------------------------
-- Records of vtiger_mailmanager_mailrecord
-- ----------------------------

-- ----------------------------
-- Table structure for vtiger_mailmanager_mailrel
-- ----------------------------
DROP TABLE IF EXISTS `vtiger_mailmanager_mailrel`;
CREATE TABLE `vtiger_mailmanager_mailrel`  (
  `mailuid` varchar(999) CHARACTER SET utf8mb3 COLLATE utf8mb3_general_ci NULL DEFAULT NULL,
  `crmid` int NULL DEFAULT NULL,
  `emailid` int NULL DEFAULT NULL
) ENGINE = InnoDB CHARACTER SET = utf8mb3 COLLATE = utf8mb3_general_ci ROW_FORMAT = Dynamic;

-- ----------------------------
-- Records of vtiger_mailmanager_mailrel
-- ----------------------------

-- ----------------------------
-- Table structure for vtiger_mailscanner
-- ----------------------------
DROP TABLE IF EXISTS `vtiger_mailscanner`;
CREATE TABLE `vtiger_mailscanner`  (
  `scannerid` int NOT NULL AUTO_INCREMENT,
  `scannername` varchar(30) CHARACTER SET utf8mb3 COLLATE utf8mb3_general_ci NULL DEFAULT NULL,
  `server` varchar(100) CHARACTER SET utf8mb3 COLLATE utf8mb3_general_ci NULL DEFAULT NULL,
  `protocol` varchar(10) CHARACTER SET utf8mb3 COLLATE utf8mb3_general_ci NULL DEFAULT NULL,
  `username` varchar(255) CHARACTER SET utf8mb3 COLLATE utf8mb3_general_ci NULL DEFAULT NULL,
  `password` varchar(255) CHARACTER SET utf8mb3 COLLATE utf8mb3_general_ci NULL DEFAULT NULL,
  `ssltype` varchar(10) CHARACTER SET utf8mb3 COLLATE utf8mb3_general_ci NULL DEFAULT NULL,
  `sslmethod` varchar(30) CHARACTER SET utf8mb3 COLLATE utf8mb3_general_ci NULL DEFAULT NULL,
  `connecturl` varchar(255) CHARACTER SET utf8mb3 COLLATE utf8mb3_general_ci NULL DEFAULT NULL,
  `searchfor` varchar(10) CHARACTER SET utf8mb3 COLLATE utf8mb3_general_ci NULL DEFAULT NULL,
  `markas` varchar(10) CHARACTER SET utf8mb3 COLLATE utf8mb3_general_ci NULL DEFAULT NULL,
  `isvalid` int NULL DEFAULT NULL,
  `scanfrom` varchar(10) CHARACTER SET utf8mb3 COLLATE utf8mb3_general_ci NULL DEFAULT 'ALL',
  `time_zone` varchar(10) CHARACTER SET utf8mb3 COLLATE utf8mb3_general_ci NULL DEFAULT NULL,
  PRIMARY KEY (`scannerid`) USING BTREE
) ENGINE = InnoDB AUTO_INCREMENT = 1 CHARACTER SET = utf8mb3 COLLATE = utf8mb3_general_ci ROW_FORMAT = Dynamic;

-- ----------------------------
-- Records of vtiger_mailscanner
-- ----------------------------

-- ----------------------------
-- Table structure for vtiger_mailscanner_actions
-- ----------------------------
DROP TABLE IF EXISTS `vtiger_mailscanner_actions`;
CREATE TABLE `vtiger_mailscanner_actions`  (
  `actionid` int NOT NULL AUTO_INCREMENT,
  `scannerid` int NULL DEFAULT NULL,
  `actiontype` varchar(10) CHARACTER SET utf8mb3 COLLATE utf8mb3_general_ci NULL DEFAULT NULL,
  `module` varchar(30) CHARACTER SET utf8mb3 COLLATE utf8mb3_general_ci NULL DEFAULT NULL,
  `lookup` varchar(30) CHARACTER SET utf8mb3 COLLATE utf8mb3_general_ci NULL DEFAULT NULL,
  `sequence` int NULL DEFAULT NULL,
  PRIMARY KEY (`actionid`) USING BTREE
) ENGINE = InnoDB CHARACTER SET = utf8mb3 COLLATE = utf8mb3_general_ci ROW_FORMAT = Dynamic;

-- ----------------------------
-- Records of vtiger_mailscanner_actions
-- ----------------------------

-- ----------------------------
-- Table structure for vtiger_mailscanner_folders
-- ----------------------------
DROP TABLE IF EXISTS `vtiger_mailscanner_folders`;
CREATE TABLE `vtiger_mailscanner_folders`  (
  `folderid` int NOT NULL AUTO_INCREMENT,
  `scannerid` int NULL DEFAULT NULL,
  `foldername` varchar(255) CHARACTER SET utf8mb3 COLLATE utf8mb3_general_ci NULL DEFAULT NULL,
  `lastscan` varchar(30) CHARACTER SET utf8mb3 COLLATE utf8mb3_general_ci NULL DEFAULT NULL,
  `rescan` int NULL DEFAULT NULL,
  `enabled` int NULL DEFAULT NULL,
  PRIMARY KEY (`folderid`) USING BTREE,
  INDEX `folderid_idx`(`folderid` ASC) USING BTREE
) ENGINE = InnoDB AUTO_INCREMENT = 1 CHARACTER SET = utf8mb3 COLLATE = utf8mb3_general_ci ROW_FORMAT = Dynamic;

-- ----------------------------
-- Records of vtiger_mailscanner_folders
-- ----------------------------

-- ----------------------------
-- Table structure for vtiger_mailscanner_ids
-- ----------------------------
DROP TABLE IF EXISTS `vtiger_mailscanner_ids`;
CREATE TABLE `vtiger_mailscanner_ids`  (
  `scannerid` int NULL DEFAULT NULL,
  `messageid` varchar(512) CHARACTER SET utf8mb3 COLLATE utf8mb3_general_ci NULL DEFAULT NULL,
  `crmid` int NULL DEFAULT NULL,
  `refids` text CHARACTER SET utf8mb3 COLLATE utf8mb3_general_ci NULL,
  INDEX `scanner_message_ids_idx`(`scannerid` ASC, `messageid` ASC) USING BTREE,
  INDEX `messageids_crmid_idx`(`crmid` ASC) USING BTREE
) ENGINE = InnoDB CHARACTER SET = utf8mb3 COLLATE = utf8mb3_general_ci ROW_FORMAT = Dynamic;

-- ----------------------------
-- Records of vtiger_mailscanner_ids
-- ----------------------------

-- ----------------------------
-- Table structure for vtiger_mailscanner_ruleactions
-- ----------------------------
DROP TABLE IF EXISTS `vtiger_mailscanner_ruleactions`;
CREATE TABLE `vtiger_mailscanner_ruleactions`  (
  `ruleid` int NULL DEFAULT NULL,
  `actionid` int NULL DEFAULT NULL
) ENGINE = InnoDB CHARACTER SET = utf8mb3 COLLATE = utf8mb3_general_ci ROW_FORMAT = Dynamic;

-- ----------------------------
-- Records of vtiger_mailscanner_ruleactions
-- ----------------------------

-- ----------------------------
-- Table structure for vtiger_mailscanner_rules
-- ----------------------------
DROP TABLE IF EXISTS `vtiger_mailscanner_rules`;
CREATE TABLE `vtiger_mailscanner_rules`  (
  `ruleid` int NOT NULL AUTO_INCREMENT,
  `scannerid` int NULL DEFAULT NULL,
  `fromaddress` varchar(255) CHARACTER SET utf8mb3 COLLATE utf8mb3_general_ci NULL DEFAULT NULL,
  `toaddress` varchar(255) CHARACTER SET utf8mb3 COLLATE utf8mb3_general_ci NULL DEFAULT NULL,
  `subjectop` varchar(20) CHARACTER SET utf8mb3 COLLATE utf8mb3_general_ci NULL DEFAULT NULL,
  `subject` varchar(255) CHARACTER SET utf8mb3 COLLATE utf8mb3_general_ci NULL DEFAULT NULL,
  `bodyop` varchar(20) CHARACTER SET utf8mb3 COLLATE utf8mb3_general_ci NULL DEFAULT NULL,
  `body` varchar(255) CHARACTER SET utf8mb3 COLLATE utf8mb3_general_ci NULL DEFAULT NULL,
  `matchusing` varchar(5) CHARACTER SET utf8mb3 COLLATE utf8mb3_general_ci NULL DEFAULT NULL,
  `sequence` int NULL DEFAULT NULL,
  `assigned_to` int NULL DEFAULT NULL,
  `cc` varchar(255) CHARACTER SET utf8mb3 COLLATE utf8mb3_general_ci NULL DEFAULT NULL,
  `bcc` varchar(255) CHARACTER SET utf8mb3 COLLATE utf8mb3_general_ci NULL DEFAULT NULL,
  PRIMARY KEY (`ruleid`) USING BTREE
) ENGINE = InnoDB AUTO_INCREMENT = 1 CHARACTER SET = utf8mb3 COLLATE = utf8mb3_general_ci ROW_FORMAT = Dynamic;

-- ----------------------------
-- Records of vtiger_mailscanner_rules
-- ----------------------------

-- ----------------------------
-- Table structure for vtiger_manufacturer
-- ----------------------------
DROP TABLE IF EXISTS `vtiger_manufacturer`;
CREATE TABLE `vtiger_manufacturer`  (
  `manufacturerid` int NOT NULL AUTO_INCREMENT,
  `manufacturer` varchar(200) CHARACTER SET utf8mb3 COLLATE utf8mb3_general_ci NOT NULL,
  `presence` int NOT NULL DEFAULT 1,
  `picklist_valueid` int NOT NULL DEFAULT 0,
  `sortorderid` int NULL DEFAULT NULL,
  `color` varchar(10) CHARACTER SET utf8mb3 COLLATE utf8mb3_general_ci NULL DEFAULT NULL,
  PRIMARY KEY (`manufacturerid`) USING BTREE,
  UNIQUE INDEX `manufacturer_manufacturer_idx`(`manufacturer` ASC) USING BTREE
) ENGINE = InnoDB AUTO_INCREMENT = 5 CHARACTER SET = utf8mb3 COLLATE = utf8mb3_general_ci ROW_FORMAT = Dynamic;

-- ----------------------------
-- Records of vtiger_manufacturer
-- ----------------------------
INSERT INTO `vtiger_manufacturer` VALUES (2, 'AltvetPet Inc.', 1, 124, 1, NULL);
INSERT INTO `vtiger_manufacturer` VALUES (3, 'LexPon Inc.', 1, 125, 2, NULL);
INSERT INTO `vtiger_manufacturer` VALUES (4, 'MetBeat Corp', 1, 126, 3, NULL);

-- ----------------------------
-- Table structure for vtiger_manufacturer_seq
-- ----------------------------
DROP TABLE IF EXISTS `vtiger_manufacturer_seq`;
CREATE TABLE `vtiger_manufacturer_seq`  (
  `id` int NOT NULL
) ENGINE = InnoDB CHARACTER SET = utf8mb4 COLLATE = utf8mb4_0900_ai_ci ROW_FORMAT = Dynamic;

-- ----------------------------
-- Records of vtiger_manufacturer_seq
-- ----------------------------
INSERT INTO `vtiger_manufacturer_seq` VALUES (4);

-- ----------------------------
-- Table structure for vtiger_mobile_alerts
-- ----------------------------
DROP TABLE IF EXISTS `vtiger_mobile_alerts`;
CREATE TABLE `vtiger_mobile_alerts`  (
  `id` int NOT NULL AUTO_INCREMENT,
  `handler_path` varchar(500) CHARACTER SET utf8mb3 COLLATE utf8mb3_general_ci NULL DEFAULT NULL,
  `handler_class` varchar(50) CHARACTER SET utf8mb3 COLLATE utf8mb3_general_ci NULL DEFAULT NULL,
  `sequence` int NULL DEFAULT NULL,
  `deleted` int NOT NULL DEFAULT 0,
  PRIMARY KEY (`id`) USING BTREE
) ENGINE = InnoDB AUTO_INCREMENT = 8 CHARACTER SET = utf8mb3 COLLATE = utf8mb3_general_ci ROW_FORMAT = Dynamic;

-- ----------------------------
-- Records of vtiger_mobile_alerts
-- ----------------------------
INSERT INTO `vtiger_mobile_alerts` VALUES (1, 'modules/Mobile/api/ws/models/alerts/IdleTicketsOfMine.php', 'Mobile_WS_AlertModel_IdleTicketsOfMine', NULL, 0);
INSERT INTO `vtiger_mobile_alerts` VALUES (2, 'modules/Mobile/api/ws/models/alerts/NewTicketOfMine.php', 'Mobile_WS_AlertModel_NewTicketOfMine', NULL, 0);
INSERT INTO `vtiger_mobile_alerts` VALUES (3, 'modules/Mobile/api/ws/models/alerts/PendingTicketsOfMine.php', 'Mobile_WS_AlertModel_PendingTicketsOfMine', NULL, 0);
INSERT INTO `vtiger_mobile_alerts` VALUES (4, 'modules/Mobile/api/ws/models/alerts/PotentialsDueIn5Days.php', 'Mobile_WS_AlertModel_PotentialsDueIn5Days', NULL, 0);
INSERT INTO `vtiger_mobile_alerts` VALUES (5, 'modules/Mobile/api/ws/models/alerts/EventsOfMineToday.php', 'Mobile_WS_AlertModel_EventsOfMineToday', NULL, 0);
INSERT INTO `vtiger_mobile_alerts` VALUES (6, 'modules/Mobile/api/ws/models/alerts/ProjectTasksOfMine.php', 'Mobile_WS_AlertModel_ProjectTasksOfMine', NULL, 0);
INSERT INTO `vtiger_mobile_alerts` VALUES (7, 'modules/Mobile/api/ws/models/alerts/Projects.php', 'Mobile_WS_AlertModel_Projects', NULL, 0);

-- ----------------------------
-- Table structure for vtiger_modcomments
-- ----------------------------
DROP TABLE IF EXISTS `vtiger_modcomments`;
CREATE TABLE `vtiger_modcomments`  (
  `modcommentsid` int NULL DEFAULT NULL,
  `commentcontent` text CHARACTER SET utf8mb3 COLLATE utf8mb3_general_ci NULL,
  `related_to` int NULL DEFAULT NULL,
  `parent_comments` int NULL DEFAULT NULL,
  `customer` int NULL DEFAULT NULL,
  `userid` int NULL DEFAULT NULL,
  `reasontoedit` varchar(100) CHARACTER SET utf8mb3 COLLATE utf8mb3_general_ci NULL DEFAULT NULL,
  `is_private` int NULL DEFAULT 0,
  `filename` varchar(255) CHARACTER SET utf8mb3 COLLATE utf8mb3_general_ci NULL DEFAULT NULL,
  `related_email_id` int NULL DEFAULT NULL,
  INDEX `relatedto_idx`(`related_to` ASC) USING BTREE,
  INDEX `fk_crmid_vtiger_modcomments`(`modcommentsid` ASC) USING BTREE,
  CONSTRAINT `fk_crmid_vtiger_modcomments` FOREIGN KEY (`modcommentsid`) REFERENCES `vtiger_crmentity` (`crmid`) ON DELETE CASCADE ON UPDATE RESTRICT
) ENGINE = InnoDB CHARACTER SET = utf8mb3 COLLATE = utf8mb3_general_ci ROW_FORMAT = Dynamic;

-- ----------------------------
-- Records of vtiger_modcomments
-- ----------------------------

-- ----------------------------
-- Table structure for vtiger_modcommentscf
-- ----------------------------
DROP TABLE IF EXISTS `vtiger_modcommentscf`;
CREATE TABLE `vtiger_modcommentscf`  (
  `modcommentsid` int NOT NULL,
  PRIMARY KEY (`modcommentsid`) USING BTREE,
  CONSTRAINT `fk_modcommentsid_vtiger_modcommentscf` FOREIGN KEY (`modcommentsid`) REFERENCES `vtiger_modcomments` (`modcommentsid`) ON DELETE CASCADE ON UPDATE RESTRICT
) ENGINE = InnoDB CHARACTER SET = utf8mb3 COLLATE = utf8mb3_general_ci ROW_FORMAT = Dynamic;

-- ----------------------------
-- Records of vtiger_modcommentscf
-- ----------------------------

-- ----------------------------
-- Table structure for vtiger_modentity_num
-- ----------------------------
DROP TABLE IF EXISTS `vtiger_modentity_num`;
CREATE TABLE `vtiger_modentity_num`  (
  `num_id` int NOT NULL,
  `semodule` varchar(100) CHARACTER SET utf8mb3 COLLATE utf8mb3_general_ci NULL DEFAULT NULL,
  `prefix` varchar(50) CHARACTER SET utf8mb3 COLLATE utf8mb3_general_ci NOT NULL DEFAULT '',
  `start_id` varchar(50) CHARACTER SET utf8mb3 COLLATE utf8mb3_general_ci NOT NULL,
  `cur_id` varchar(50) CHARACTER SET utf8mb3 COLLATE utf8mb3_general_ci NOT NULL,
  `active` varchar(2) CHARACTER SET utf8mb3 COLLATE utf8mb3_general_ci NOT NULL,
  PRIMARY KEY (`num_id`) USING BTREE,
  UNIQUE INDEX `num_idx`(`num_id` ASC) USING BTREE,
  INDEX `semodule_active_idx`(`semodule` ASC, `active` ASC) USING BTREE
) ENGINE = InnoDB CHARACTER SET = utf8mb3 COLLATE = utf8mb3_general_ci ROW_FORMAT = Dynamic;

-- ----------------------------
-- Records of vtiger_modentity_num
-- ----------------------------
INSERT INTO `vtiger_modentity_num` VALUES (1, 'Leads', 'LEA', '1', '1', '1');
INSERT INTO `vtiger_modentity_num` VALUES (2, 'Accounts', 'ACC', '1', '1', '1');
INSERT INTO `vtiger_modentity_num` VALUES (3, 'Campaigns', 'CAM', '1', '1', '1');
INSERT INTO `vtiger_modentity_num` VALUES (4, 'Contacts', 'CON', '1', '1', '1');
INSERT INTO `vtiger_modentity_num` VALUES (5, 'Potentials', 'POT', '1', '1', '1');
INSERT INTO `vtiger_modentity_num` VALUES (6, 'HelpDesk', 'TT', '1', '1', '1');
INSERT INTO `vtiger_modentity_num` VALUES (7, 'Quotes', 'QUO', '1', '1', '1');
INSERT INTO `vtiger_modentity_num` VALUES (8, 'SalesOrder', 'SO', '1', '1', '1');
INSERT INTO `vtiger_modentity_num` VALUES (9, 'PurchaseOrder', 'PO', '1', '1', '1');
INSERT INTO `vtiger_modentity_num` VALUES (10, 'Invoice', 'INV', '1', '1', '1');
INSERT INTO `vtiger_modentity_num` VALUES (11, 'Products', 'PRO', '1', '2', '1');
INSERT INTO `vtiger_modentity_num` VALUES (12, 'Vendors', 'VEN', '1', '1', '1');
INSERT INTO `vtiger_modentity_num` VALUES (13, 'PriceBooks', 'PB', '1', '2', '1');
INSERT INTO `vtiger_modentity_num` VALUES (14, 'Faq', 'FAQ', '1', '1', '1');
INSERT INTO `vtiger_modentity_num` VALUES (15, 'Documents', 'DOC', '1', '1', '1');
INSERT INTO `vtiger_modentity_num` VALUES (16, 'ServiceContracts', 'SERCON', '1', '1', '1');
INSERT INTO `vtiger_modentity_num` VALUES (17, 'Services', 'SER', '1', '1', '1');
INSERT INTO `vtiger_modentity_num` VALUES (18, 'Assets', 'ASSET', '1', '1', '1');
INSERT INTO `vtiger_modentity_num` VALUES (19, 'ProjectMilestone', 'PM', '1', '1', '1');
INSERT INTO `vtiger_modentity_num` VALUES (20, 'ProjectTask', 'PT', '1', '1', '1');
INSERT INTO `vtiger_modentity_num` VALUES (21, 'Project', 'PROJ', '1', '1', '1');

-- ----------------------------
-- Table structure for vtiger_modentity_num_seq
-- ----------------------------
DROP TABLE IF EXISTS `vtiger_modentity_num_seq`;
CREATE TABLE `vtiger_modentity_num_seq`  (
  `id` int NOT NULL
) ENGINE = InnoDB CHARACTER SET = utf8mb4 COLLATE = utf8mb4_0900_ai_ci ROW_FORMAT = Dynamic;

-- ----------------------------
-- Records of vtiger_modentity_num_seq
-- ----------------------------
INSERT INTO `vtiger_modentity_num_seq` VALUES (21);

-- ----------------------------
-- Table structure for vtiger_modtracker_basic
-- ----------------------------
DROP TABLE IF EXISTS `vtiger_modtracker_basic`;
CREATE TABLE `vtiger_modtracker_basic`  (
  `id` int NOT NULL,
  `crmid` int NULL DEFAULT NULL,
  `module` varchar(50) CHARACTER SET utf8mb3 COLLATE utf8mb3_general_ci NULL DEFAULT NULL,
  `whodid` int NULL DEFAULT NULL,
  `changedon` datetime NULL DEFAULT NULL,
  `status` int NULL DEFAULT 0,
  PRIMARY KEY (`id`) USING BTREE,
  INDEX `crmidx`(`crmid` ASC) USING BTREE,
  INDEX `idx`(`id` ASC) USING BTREE
) ENGINE = InnoDB CHARACTER SET = utf8mb3 COLLATE = utf8mb3_general_ci ROW_FORMAT = Dynamic;

-- ----------------------------
-- Records of vtiger_modtracker_basic
-- ----------------------------
INSERT INTO `vtiger_modtracker_basic` VALUES (1, 2, 'PriceBooks', 1, '2024-10-23 13:08:50', 2);
INSERT INTO `vtiger_modtracker_basic` VALUES (2, 3, 'Products', 1, '2024-10-23 13:09:48', 2);
INSERT INTO `vtiger_modtracker_basic` VALUES (3, 3, 'Products', 1, '2024-10-23 13:10:44', 4);

-- ----------------------------
-- Table structure for vtiger_modtracker_basic_seq
-- ----------------------------
DROP TABLE IF EXISTS `vtiger_modtracker_basic_seq`;
CREATE TABLE `vtiger_modtracker_basic_seq`  (
  `id` int NOT NULL
) ENGINE = InnoDB CHARACTER SET = utf8mb4 COLLATE = utf8mb4_0900_ai_ci ROW_FORMAT = Dynamic;

-- ----------------------------
-- Records of vtiger_modtracker_basic_seq
-- ----------------------------
INSERT INTO `vtiger_modtracker_basic_seq` VALUES (3);

-- ----------------------------
-- Table structure for vtiger_modtracker_detail
-- ----------------------------
DROP TABLE IF EXISTS `vtiger_modtracker_detail`;
CREATE TABLE `vtiger_modtracker_detail`  (
  `id` int NULL DEFAULT NULL,
  `fieldname` varchar(100) CHARACTER SET utf8mb3 COLLATE utf8mb3_general_ci NULL DEFAULT NULL,
  `prevalue` text CHARACTER SET utf8mb3 COLLATE utf8mb3_general_ci NULL,
  `postvalue` text CHARACTER SET utf8mb3 COLLATE utf8mb3_general_ci NULL,
  INDEX `idx`(`id` ASC) USING BTREE
) ENGINE = InnoDB CHARACTER SET = utf8mb3 COLLATE = utf8mb3_general_ci ROW_FORMAT = Dynamic;

-- ----------------------------
-- Records of vtiger_modtracker_detail
-- ----------------------------
INSERT INTO `vtiger_modtracker_detail` VALUES (1, 'label', NULL, 'for friends');
INSERT INTO `vtiger_modtracker_detail` VALUES (1, 'bookname', NULL, 'for friends');
INSERT INTO `vtiger_modtracker_detail` VALUES (1, 'pricebook_no', NULL, 'PB1');
INSERT INTO `vtiger_modtracker_detail` VALUES (1, 'active', NULL, '1');
INSERT INTO `vtiger_modtracker_detail` VALUES (1, 'createdtime', NULL, '2024-10-23 13:08:50');
INSERT INTO `vtiger_modtracker_detail` VALUES (1, 'currency_id', NULL, '1');
INSERT INTO `vtiger_modtracker_detail` VALUES (1, 'modifiedby', NULL, '1');
INSERT INTO `vtiger_modtracker_detail` VALUES (1, 'description', NULL, 'some price for friends');
INSERT INTO `vtiger_modtracker_detail` VALUES (1, 'source', NULL, 'CRM');
INSERT INTO `vtiger_modtracker_detail` VALUES (1, 'record_id', NULL, '2');
INSERT INTO `vtiger_modtracker_detail` VALUES (1, 'record_module', NULL, 'PriceBooks');
INSERT INTO `vtiger_modtracker_detail` VALUES (2, 'label', NULL, 'Fortnite game');
INSERT INTO `vtiger_modtracker_detail` VALUES (2, 'productname', NULL, 'Fortnite game');
INSERT INTO `vtiger_modtracker_detail` VALUES (2, 'product_no', NULL, 'PRO1');
INSERT INTO `vtiger_modtracker_detail` VALUES (2, 'discontinued', NULL, '1');
INSERT INTO `vtiger_modtracker_detail` VALUES (2, 'createdtime', NULL, '2024-10-23 13:09:48');
INSERT INTO `vtiger_modtracker_detail` VALUES (2, 'modifiedby', NULL, '1');
INSERT INTO `vtiger_modtracker_detail` VALUES (2, 'unit_price', NULL, '12000000.00000000');
INSERT INTO `vtiger_modtracker_detail` VALUES (2, 'commissionrate', NULL, '0.000');
INSERT INTO `vtiger_modtracker_detail` VALUES (2, 'qty_per_unit', NULL, '0.00');
INSERT INTO `vtiger_modtracker_detail` VALUES (2, 'qtyinstock', NULL, '0.000');
INSERT INTO `vtiger_modtracker_detail` VALUES (2, 'assigned_user_id', NULL, '1');
INSERT INTO `vtiger_modtracker_detail` VALUES (2, 'purchase_cost', NULL, '0.00000000');
INSERT INTO `vtiger_modtracker_detail` VALUES (2, 'source', NULL, 'CRM');
INSERT INTO `vtiger_modtracker_detail` VALUES (2, 'record_id', NULL, '3');
INSERT INTO `vtiger_modtracker_detail` VALUES (2, 'record_module', NULL, 'Products');

-- ----------------------------
-- Table structure for vtiger_modtracker_relations
-- ----------------------------
DROP TABLE IF EXISTS `vtiger_modtracker_relations`;
CREATE TABLE `vtiger_modtracker_relations`  (
  `id` int NOT NULL,
  `targetmodule` varchar(100) CHARACTER SET utf8mb3 COLLATE utf8mb3_general_ci NOT NULL,
  `targetid` int NOT NULL,
  `changedon` datetime NULL DEFAULT NULL,
  PRIMARY KEY (`id`) USING BTREE
) ENGINE = InnoDB CHARACTER SET = utf8mb3 COLLATE = utf8mb3_general_ci ROW_FORMAT = Dynamic;

-- ----------------------------
-- Records of vtiger_modtracker_relations
-- ----------------------------
INSERT INTO `vtiger_modtracker_relations` VALUES (3, 'PriceBooks', 2, '2024-10-23 13:10:44');

-- ----------------------------
-- Table structure for vtiger_modtracker_tabs
-- ----------------------------
DROP TABLE IF EXISTS `vtiger_modtracker_tabs`;
CREATE TABLE `vtiger_modtracker_tabs`  (
  `tabid` int NOT NULL,
  `visible` int NULL DEFAULT 0,
  PRIMARY KEY (`tabid`) USING BTREE
) ENGINE = InnoDB CHARACTER SET = utf8mb3 COLLATE = utf8mb3_general_ci ROW_FORMAT = Dynamic;

-- ----------------------------
-- Records of vtiger_modtracker_tabs
-- ----------------------------
INSERT INTO `vtiger_modtracker_tabs` VALUES (2, 1);
INSERT INTO `vtiger_modtracker_tabs` VALUES (4, 1);
INSERT INTO `vtiger_modtracker_tabs` VALUES (6, 1);
INSERT INTO `vtiger_modtracker_tabs` VALUES (7, 1);
INSERT INTO `vtiger_modtracker_tabs` VALUES (8, 1);
INSERT INTO `vtiger_modtracker_tabs` VALUES (9, 1);
INSERT INTO `vtiger_modtracker_tabs` VALUES (10, 1);
INSERT INTO `vtiger_modtracker_tabs` VALUES (13, 1);
INSERT INTO `vtiger_modtracker_tabs` VALUES (14, 1);
INSERT INTO `vtiger_modtracker_tabs` VALUES (15, 1);
INSERT INTO `vtiger_modtracker_tabs` VALUES (16, 1);
INSERT INTO `vtiger_modtracker_tabs` VALUES (18, 1);
INSERT INTO `vtiger_modtracker_tabs` VALUES (19, 1);
INSERT INTO `vtiger_modtracker_tabs` VALUES (20, 1);
INSERT INTO `vtiger_modtracker_tabs` VALUES (21, 1);
INSERT INTO `vtiger_modtracker_tabs` VALUES (22, 1);
INSERT INTO `vtiger_modtracker_tabs` VALUES (23, 1);
INSERT INTO `vtiger_modtracker_tabs` VALUES (26, 1);
INSERT INTO `vtiger_modtracker_tabs` VALUES (28, 1);
INSERT INTO `vtiger_modtracker_tabs` VALUES (34, 1);
INSERT INTO `vtiger_modtracker_tabs` VALUES (35, 1);
INSERT INTO `vtiger_modtracker_tabs` VALUES (36, 1);
INSERT INTO `vtiger_modtracker_tabs` VALUES (38, 1);
INSERT INTO `vtiger_modtracker_tabs` VALUES (42, 1);
INSERT INTO `vtiger_modtracker_tabs` VALUES (43, 1);
INSERT INTO `vtiger_modtracker_tabs` VALUES (44, 1);
INSERT INTO `vtiger_modtracker_tabs` VALUES (45, 1);
INSERT INTO `vtiger_modtracker_tabs` VALUES (47, 1);

-- ----------------------------
-- Table structure for vtiger_module_dashboard_widgets
-- ----------------------------
DROP TABLE IF EXISTS `vtiger_module_dashboard_widgets`;
CREATE TABLE `vtiger_module_dashboard_widgets`  (
  `id` int NOT NULL AUTO_INCREMENT,
  `linkid` int NULL DEFAULT NULL,
  `userid` int NULL DEFAULT NULL,
  `filterid` int NULL DEFAULT NULL,
  `title` varchar(100) CHARACTER SET utf8mb4 COLLATE utf8mb4_0900_ai_ci NULL DEFAULT NULL,
  `data` text CHARACTER SET utf8mb4 COLLATE utf8mb4_0900_ai_ci NULL,
  `position` varchar(50) CHARACTER SET utf8mb4 COLLATE utf8mb4_0900_ai_ci NULL DEFAULT NULL,
  `reportid` int NULL DEFAULT NULL,
  `dashboardtabid` int NULL DEFAULT NULL,
  `size` varchar(50) CHARACTER SET utf8mb4 COLLATE utf8mb4_0900_ai_ci NULL DEFAULT NULL,
  PRIMARY KEY (`id`) USING BTREE,
  INDEX `dashboardtabid`(`dashboardtabid` ASC) USING BTREE,
  CONSTRAINT `vtiger_module_dashboard_widgets_ibfk_1` FOREIGN KEY (`dashboardtabid`) REFERENCES `vtiger_dashboard_tabs` (`id`) ON DELETE CASCADE ON UPDATE RESTRICT
) ENGINE = InnoDB AUTO_INCREMENT = 8 CHARACTER SET = utf8mb4 COLLATE = utf8mb4_0900_ai_ci ROW_FORMAT = Dynamic;

-- ----------------------------
-- Records of vtiger_module_dashboard_widgets
-- ----------------------------
INSERT INTO `vtiger_module_dashboard_widgets` VALUES (1, 56, 1, NULL, NULL, 'null', NULL, NULL, 2, NULL);
INSERT INTO `vtiger_module_dashboard_widgets` VALUES (2, 57, 1, NULL, NULL, 'null', NULL, NULL, 2, NULL);
INSERT INTO `vtiger_module_dashboard_widgets` VALUES (3, 58, 1, NULL, NULL, 'null', NULL, NULL, 2, NULL);
INSERT INTO `vtiger_module_dashboard_widgets` VALUES (4, 59, 1, NULL, NULL, 'null', NULL, NULL, 2, NULL);
INSERT INTO `vtiger_module_dashboard_widgets` VALUES (5, 60, 1, NULL, NULL, 'null', NULL, NULL, 2, NULL);
INSERT INTO `vtiger_module_dashboard_widgets` VALUES (6, 61, 1, NULL, NULL, 'null', NULL, NULL, 2, NULL);
INSERT INTO `vtiger_module_dashboard_widgets` VALUES (7, 62, 1, NULL, NULL, 'null', NULL, NULL, 2, NULL);

-- ----------------------------
-- Table structure for vtiger_no_of_currency_decimals
-- ----------------------------
DROP TABLE IF EXISTS `vtiger_no_of_currency_decimals`;
CREATE TABLE `vtiger_no_of_currency_decimals`  (
  `no_of_currency_decimalsid` int NOT NULL AUTO_INCREMENT,
  `no_of_currency_decimals` varchar(200) CHARACTER SET utf8mb3 COLLATE utf8mb3_general_ci NOT NULL,
  `sortorderid` int NULL DEFAULT NULL,
  `presence` int NOT NULL DEFAULT 1,
  PRIMARY KEY (`no_of_currency_decimalsid`) USING BTREE
) ENGINE = InnoDB AUTO_INCREMENT = 8 CHARACTER SET = utf8mb3 COLLATE = utf8mb3_general_ci ROW_FORMAT = Dynamic;

-- ----------------------------
-- Records of vtiger_no_of_currency_decimals
-- ----------------------------
INSERT INTO `vtiger_no_of_currency_decimals` VALUES (2, '2', 2, 1);
INSERT INTO `vtiger_no_of_currency_decimals` VALUES (3, '3', 3, 1);
INSERT INTO `vtiger_no_of_currency_decimals` VALUES (4, '4', 4, 1);
INSERT INTO `vtiger_no_of_currency_decimals` VALUES (5, '5', 5, 1);
INSERT INTO `vtiger_no_of_currency_decimals` VALUES (6, '0', 0, 1);
INSERT INTO `vtiger_no_of_currency_decimals` VALUES (7, '1', 1, 1);

-- ----------------------------
-- Table structure for vtiger_no_of_currency_decimals_seq
-- ----------------------------
DROP TABLE IF EXISTS `vtiger_no_of_currency_decimals_seq`;
CREATE TABLE `vtiger_no_of_currency_decimals_seq`  (
  `id` int NOT NULL
) ENGINE = InnoDB CHARACTER SET = utf8mb4 COLLATE = utf8mb4_0900_ai_ci ROW_FORMAT = Dynamic;

-- ----------------------------
-- Records of vtiger_no_of_currency_decimals_seq
-- ----------------------------
INSERT INTO `vtiger_no_of_currency_decimals_seq` VALUES (7);

-- ----------------------------
-- Table structure for vtiger_notebook_contents
-- ----------------------------
DROP TABLE IF EXISTS `vtiger_notebook_contents`;
CREATE TABLE `vtiger_notebook_contents`  (
  `userid` int NOT NULL,
  `notebookid` int NOT NULL,
  `contents` text CHARACTER SET utf8mb3 COLLATE utf8mb3_general_ci NULL
) ENGINE = InnoDB CHARACTER SET = utf8mb3 COLLATE = utf8mb3_general_ci ROW_FORMAT = Dynamic;

-- ----------------------------
-- Records of vtiger_notebook_contents
-- ----------------------------

-- ----------------------------
-- Table structure for vtiger_notes
-- ----------------------------
DROP TABLE IF EXISTS `vtiger_notes`;
CREATE TABLE `vtiger_notes`  (
  `notesid` int NOT NULL DEFAULT 0,
  `note_no` varchar(100) CHARACTER SET utf8mb3 COLLATE utf8mb3_general_ci NOT NULL,
  `title` varchar(50) CHARACTER SET utf8mb3 COLLATE utf8mb3_general_ci NOT NULL,
  `filename` varchar(200) CHARACTER SET utf8mb3 COLLATE utf8mb3_general_ci NULL DEFAULT NULL,
  `notecontent` text CHARACTER SET utf8mb3 COLLATE utf8mb3_general_ci NULL,
  `folderid` int NOT NULL DEFAULT 1,
  `filetype` varchar(50) CHARACTER SET utf8mb3 COLLATE utf8mb3_general_ci NULL DEFAULT NULL,
  `filelocationtype` varchar(5) CHARACTER SET utf8mb3 COLLATE utf8mb3_general_ci NULL DEFAULT NULL,
  `filedownloadcount` int NULL DEFAULT NULL,
  `filestatus` int NULL DEFAULT NULL,
  `filesize` int NOT NULL DEFAULT 0,
  `fileversion` varchar(50) CHARACTER SET utf8mb3 COLLATE utf8mb3_general_ci NULL DEFAULT NULL,
  `tags` varchar(1) CHARACTER SET utf8mb3 COLLATE utf8mb3_general_ci NULL DEFAULT NULL,
  PRIMARY KEY (`notesid`) USING BTREE,
  INDEX `notes_title_idx`(`title` ASC) USING BTREE,
  INDEX `notes_notesid_idx`(`notesid` ASC) USING BTREE,
  CONSTRAINT `fk_1_vtiger_notes` FOREIGN KEY (`notesid`) REFERENCES `vtiger_crmentity` (`crmid`) ON DELETE CASCADE ON UPDATE RESTRICT
) ENGINE = InnoDB CHARACTER SET = utf8mb3 COLLATE = utf8mb3_general_ci ROW_FORMAT = Dynamic;

-- ----------------------------
-- Records of vtiger_notes
-- ----------------------------

-- ----------------------------
-- Table structure for vtiger_notescf
-- ----------------------------
DROP TABLE IF EXISTS `vtiger_notescf`;
CREATE TABLE `vtiger_notescf`  (
  `notesid` int NOT NULL DEFAULT 0,
  PRIMARY KEY (`notesid`) USING BTREE,
  CONSTRAINT `fk_notesid_vtiger_notescf` FOREIGN KEY (`notesid`) REFERENCES `vtiger_notes` (`notesid`) ON DELETE CASCADE ON UPDATE RESTRICT
) ENGINE = InnoDB CHARACTER SET = utf8mb3 COLLATE = utf8mb3_general_ci ROW_FORMAT = Dynamic;

-- ----------------------------
-- Records of vtiger_notescf
-- ----------------------------

-- ----------------------------
-- Table structure for vtiger_notificationscheduler
-- ----------------------------
DROP TABLE IF EXISTS `vtiger_notificationscheduler`;
CREATE TABLE `vtiger_notificationscheduler`  (
  `schedulednotificationid` int NOT NULL AUTO_INCREMENT,
  `schedulednotificationname` varchar(200) CHARACTER SET utf8mb3 COLLATE utf8mb3_general_ci NULL DEFAULT NULL,
  `active` int NULL DEFAULT NULL,
  `notificationsubject` varchar(200) CHARACTER SET utf8mb3 COLLATE utf8mb3_general_ci NULL DEFAULT NULL,
  `notificationbody` text CHARACTER SET utf8mb3 COLLATE utf8mb3_general_ci NULL,
  `label` varchar(50) CHARACTER SET utf8mb3 COLLATE utf8mb3_general_ci NULL DEFAULT NULL,
  `type` varchar(10) CHARACTER SET utf8mb3 COLLATE utf8mb3_general_ci NULL DEFAULT NULL,
  PRIMARY KEY (`schedulednotificationid`) USING BTREE,
  UNIQUE INDEX `notificationscheduler_schedulednotificationname_idx`(`schedulednotificationname` ASC) USING BTREE
) ENGINE = InnoDB AUTO_INCREMENT = 9 CHARACTER SET = utf8mb3 COLLATE = utf8mb3_general_ci ROW_FORMAT = Dynamic;

-- ----------------------------
-- Records of vtiger_notificationscheduler
-- ----------------------------
INSERT INTO `vtiger_notificationscheduler` VALUES (1, 'LBL_TASK_NOTIFICATION_DESCRITPION', 1, 'Task Delay Notification', 'Tasks delayed beyond 24 hrs ', 'LBL_TASK_NOTIFICATION', NULL);
INSERT INTO `vtiger_notificationscheduler` VALUES (2, 'LBL_BIG_DEAL_DESCRIPTION', 1, 'Big Deal notification', 'Success! A big deal has been won! ', 'LBL_BIG_DEAL', NULL);
INSERT INTO `vtiger_notificationscheduler` VALUES (3, 'LBL_TICKETS_DESCRIPTION', 1, 'Pending Tickets notification', 'Ticket pending please ', 'LBL_PENDING_TICKETS', NULL);
INSERT INTO `vtiger_notificationscheduler` VALUES (4, 'LBL_MANY_TICKETS_DESCRIPTION', 1, 'Too many tickets Notification', 'Too many tickets pending against this entity ', 'LBL_MANY_TICKETS', NULL);
INSERT INTO `vtiger_notificationscheduler` VALUES (5, 'LBL_START_DESCRIPTION', 1, 'Support Start Notification', '10', 'LBL_START_NOTIFICATION', 'select');
INSERT INTO `vtiger_notificationscheduler` VALUES (6, 'LBL_SUPPORT_DESCRIPTION', 1, 'Support ending please', '11', 'LBL_SUPPORT_NOTICIATION', 'select');
INSERT INTO `vtiger_notificationscheduler` VALUES (7, 'LBL_SUPPORT_DESCRIPTION_MONTH', 1, 'Support ending please', '12', 'LBL_SUPPORT_NOTICIATION_MONTH', 'select');
INSERT INTO `vtiger_notificationscheduler` VALUES (8, 'LBL_ACTIVITY_REMINDER_DESCRIPTION', 1, 'Activity Reminder Notification', 'This is a reminder notification for the Activity', 'LBL_ACTIVITY_NOTIFICATION', NULL);

-- ----------------------------
-- Table structure for vtiger_notificationscheduler_seq
-- ----------------------------
DROP TABLE IF EXISTS `vtiger_notificationscheduler_seq`;
CREATE TABLE `vtiger_notificationscheduler_seq`  (
  `id` int NOT NULL
) ENGINE = InnoDB CHARACTER SET = utf8mb4 COLLATE = utf8mb4_0900_ai_ci ROW_FORMAT = Dynamic;

-- ----------------------------
-- Records of vtiger_notificationscheduler_seq
-- ----------------------------
INSERT INTO `vtiger_notificationscheduler_seq` VALUES (8);

-- ----------------------------
-- Table structure for vtiger_opportunity_type
-- ----------------------------
DROP TABLE IF EXISTS `vtiger_opportunity_type`;
CREATE TABLE `vtiger_opportunity_type`  (
  `opptypeid` int NOT NULL AUTO_INCREMENT,
  `opportunity_type` varchar(200) CHARACTER SET utf8mb3 COLLATE utf8mb3_general_ci NOT NULL,
  `presence` int NOT NULL DEFAULT 1,
  `picklist_valueid` int NOT NULL DEFAULT 0,
  `sortorderid` int NULL DEFAULT NULL,
  `color` varchar(10) CHARACTER SET utf8mb3 COLLATE utf8mb3_general_ci NULL DEFAULT NULL,
  PRIMARY KEY (`opptypeid`) USING BTREE,
  UNIQUE INDEX `opportunity_type_opportunity_type_idx`(`opportunity_type` ASC) USING BTREE
) ENGINE = InnoDB AUTO_INCREMENT = 4 CHARACTER SET = utf8mb3 COLLATE = utf8mb3_general_ci ROW_FORMAT = Dynamic;

-- ----------------------------
-- Records of vtiger_opportunity_type
-- ----------------------------
INSERT INTO `vtiger_opportunity_type` VALUES (2, 'Existing Business', 1, 128, 1, NULL);
INSERT INTO `vtiger_opportunity_type` VALUES (3, 'New Business', 1, 129, 2, NULL);

-- ----------------------------
-- Table structure for vtiger_opportunity_type_seq
-- ----------------------------
DROP TABLE IF EXISTS `vtiger_opportunity_type_seq`;
CREATE TABLE `vtiger_opportunity_type_seq`  (
  `id` int NOT NULL
) ENGINE = InnoDB CHARACTER SET = utf8mb4 COLLATE = utf8mb4_0900_ai_ci ROW_FORMAT = Dynamic;

-- ----------------------------
-- Records of vtiger_opportunity_type_seq
-- ----------------------------
INSERT INTO `vtiger_opportunity_type_seq` VALUES (3);

-- ----------------------------
-- Table structure for vtiger_opportunitystage
-- ----------------------------
DROP TABLE IF EXISTS `vtiger_opportunitystage`;
CREATE TABLE `vtiger_opportunitystage`  (
  `potstageid` int NOT NULL AUTO_INCREMENT,
  `stage` varchar(200) CHARACTER SET utf8mb3 COLLATE utf8mb3_general_ci NOT NULL,
  `sortorderid` int NOT NULL DEFAULT 0,
  `presence` int NOT NULL DEFAULT 1,
  `probability` decimal(3, 2) NULL DEFAULT 0.00,
  PRIMARY KEY (`potstageid`) USING BTREE,
  UNIQUE INDEX `opportunitystage_stage_idx`(`stage` ASC) USING BTREE
) ENGINE = InnoDB CHARACTER SET = utf8mb3 COLLATE = utf8mb3_general_ci ROW_FORMAT = Dynamic;

-- ----------------------------
-- Records of vtiger_opportunitystage
-- ----------------------------

-- ----------------------------
-- Table structure for vtiger_org_share_action2tab
-- ----------------------------
DROP TABLE IF EXISTS `vtiger_org_share_action2tab`;
CREATE TABLE `vtiger_org_share_action2tab`  (
  `share_action_id` int NOT NULL,
  `tabid` int NOT NULL,
  PRIMARY KEY (`share_action_id`, `tabid`) USING BTREE,
  INDEX `fk_2_vtiger_org_share_action2tab`(`tabid` ASC) USING BTREE,
  CONSTRAINT `fk_2_vtiger_org_share_action2tab` FOREIGN KEY (`tabid`) REFERENCES `vtiger_tab` (`tabid`) ON DELETE CASCADE ON UPDATE RESTRICT
) ENGINE = InnoDB CHARACTER SET = utf8mb3 COLLATE = utf8mb3_general_ci ROW_FORMAT = Dynamic;

-- ----------------------------
-- Records of vtiger_org_share_action2tab
-- ----------------------------
INSERT INTO `vtiger_org_share_action2tab` VALUES (0, 2);
INSERT INTO `vtiger_org_share_action2tab` VALUES (1, 2);
INSERT INTO `vtiger_org_share_action2tab` VALUES (2, 2);
INSERT INTO `vtiger_org_share_action2tab` VALUES (3, 2);
INSERT INTO `vtiger_org_share_action2tab` VALUES (0, 4);
INSERT INTO `vtiger_org_share_action2tab` VALUES (1, 4);
INSERT INTO `vtiger_org_share_action2tab` VALUES (2, 4);
INSERT INTO `vtiger_org_share_action2tab` VALUES (3, 4);
INSERT INTO `vtiger_org_share_action2tab` VALUES (0, 6);
INSERT INTO `vtiger_org_share_action2tab` VALUES (1, 6);
INSERT INTO `vtiger_org_share_action2tab` VALUES (2, 6);
INSERT INTO `vtiger_org_share_action2tab` VALUES (3, 6);
INSERT INTO `vtiger_org_share_action2tab` VALUES (0, 7);
INSERT INTO `vtiger_org_share_action2tab` VALUES (1, 7);
INSERT INTO `vtiger_org_share_action2tab` VALUES (2, 7);
INSERT INTO `vtiger_org_share_action2tab` VALUES (3, 7);
INSERT INTO `vtiger_org_share_action2tab` VALUES (0, 8);
INSERT INTO `vtiger_org_share_action2tab` VALUES (1, 8);
INSERT INTO `vtiger_org_share_action2tab` VALUES (2, 8);
INSERT INTO `vtiger_org_share_action2tab` VALUES (3, 8);
INSERT INTO `vtiger_org_share_action2tab` VALUES (0, 9);
INSERT INTO `vtiger_org_share_action2tab` VALUES (1, 9);
INSERT INTO `vtiger_org_share_action2tab` VALUES (2, 9);
INSERT INTO `vtiger_org_share_action2tab` VALUES (3, 9);
INSERT INTO `vtiger_org_share_action2tab` VALUES (0, 10);
INSERT INTO `vtiger_org_share_action2tab` VALUES (1, 10);
INSERT INTO `vtiger_org_share_action2tab` VALUES (2, 10);
INSERT INTO `vtiger_org_share_action2tab` VALUES (3, 10);
INSERT INTO `vtiger_org_share_action2tab` VALUES (0, 13);
INSERT INTO `vtiger_org_share_action2tab` VALUES (1, 13);
INSERT INTO `vtiger_org_share_action2tab` VALUES (2, 13);
INSERT INTO `vtiger_org_share_action2tab` VALUES (3, 13);
INSERT INTO `vtiger_org_share_action2tab` VALUES (0, 14);
INSERT INTO `vtiger_org_share_action2tab` VALUES (1, 14);
INSERT INTO `vtiger_org_share_action2tab` VALUES (2, 14);
INSERT INTO `vtiger_org_share_action2tab` VALUES (3, 14);
INSERT INTO `vtiger_org_share_action2tab` VALUES (0, 16);
INSERT INTO `vtiger_org_share_action2tab` VALUES (1, 16);
INSERT INTO `vtiger_org_share_action2tab` VALUES (2, 16);
INSERT INTO `vtiger_org_share_action2tab` VALUES (3, 16);
INSERT INTO `vtiger_org_share_action2tab` VALUES (0, 18);
INSERT INTO `vtiger_org_share_action2tab` VALUES (1, 18);
INSERT INTO `vtiger_org_share_action2tab` VALUES (2, 18);
INSERT INTO `vtiger_org_share_action2tab` VALUES (3, 18);
INSERT INTO `vtiger_org_share_action2tab` VALUES (0, 20);
INSERT INTO `vtiger_org_share_action2tab` VALUES (1, 20);
INSERT INTO `vtiger_org_share_action2tab` VALUES (2, 20);
INSERT INTO `vtiger_org_share_action2tab` VALUES (3, 20);
INSERT INTO `vtiger_org_share_action2tab` VALUES (0, 21);
INSERT INTO `vtiger_org_share_action2tab` VALUES (1, 21);
INSERT INTO `vtiger_org_share_action2tab` VALUES (2, 21);
INSERT INTO `vtiger_org_share_action2tab` VALUES (3, 21);
INSERT INTO `vtiger_org_share_action2tab` VALUES (0, 22);
INSERT INTO `vtiger_org_share_action2tab` VALUES (1, 22);
INSERT INTO `vtiger_org_share_action2tab` VALUES (2, 22);
INSERT INTO `vtiger_org_share_action2tab` VALUES (3, 22);
INSERT INTO `vtiger_org_share_action2tab` VALUES (0, 23);
INSERT INTO `vtiger_org_share_action2tab` VALUES (1, 23);
INSERT INTO `vtiger_org_share_action2tab` VALUES (2, 23);
INSERT INTO `vtiger_org_share_action2tab` VALUES (3, 23);
INSERT INTO `vtiger_org_share_action2tab` VALUES (0, 26);
INSERT INTO `vtiger_org_share_action2tab` VALUES (1, 26);
INSERT INTO `vtiger_org_share_action2tab` VALUES (2, 26);
INSERT INTO `vtiger_org_share_action2tab` VALUES (3, 26);
INSERT INTO `vtiger_org_share_action2tab` VALUES (0, 34);
INSERT INTO `vtiger_org_share_action2tab` VALUES (1, 34);
INSERT INTO `vtiger_org_share_action2tab` VALUES (2, 34);
INSERT INTO `vtiger_org_share_action2tab` VALUES (3, 34);
INSERT INTO `vtiger_org_share_action2tab` VALUES (0, 35);
INSERT INTO `vtiger_org_share_action2tab` VALUES (1, 35);
INSERT INTO `vtiger_org_share_action2tab` VALUES (2, 35);
INSERT INTO `vtiger_org_share_action2tab` VALUES (3, 35);
INSERT INTO `vtiger_org_share_action2tab` VALUES (0, 36);
INSERT INTO `vtiger_org_share_action2tab` VALUES (1, 36);
INSERT INTO `vtiger_org_share_action2tab` VALUES (2, 36);
INSERT INTO `vtiger_org_share_action2tab` VALUES (3, 36);
INSERT INTO `vtiger_org_share_action2tab` VALUES (0, 38);
INSERT INTO `vtiger_org_share_action2tab` VALUES (1, 38);
INSERT INTO `vtiger_org_share_action2tab` VALUES (2, 38);
INSERT INTO `vtiger_org_share_action2tab` VALUES (3, 38);
INSERT INTO `vtiger_org_share_action2tab` VALUES (0, 42);
INSERT INTO `vtiger_org_share_action2tab` VALUES (1, 42);
INSERT INTO `vtiger_org_share_action2tab` VALUES (2, 42);
INSERT INTO `vtiger_org_share_action2tab` VALUES (3, 42);
INSERT INTO `vtiger_org_share_action2tab` VALUES (0, 43);
INSERT INTO `vtiger_org_share_action2tab` VALUES (1, 43);
INSERT INTO `vtiger_org_share_action2tab` VALUES (2, 43);
INSERT INTO `vtiger_org_share_action2tab` VALUES (3, 43);
INSERT INTO `vtiger_org_share_action2tab` VALUES (0, 44);
INSERT INTO `vtiger_org_share_action2tab` VALUES (1, 44);
INSERT INTO `vtiger_org_share_action2tab` VALUES (2, 44);
INSERT INTO `vtiger_org_share_action2tab` VALUES (3, 44);
INSERT INTO `vtiger_org_share_action2tab` VALUES (0, 45);
INSERT INTO `vtiger_org_share_action2tab` VALUES (1, 45);
INSERT INTO `vtiger_org_share_action2tab` VALUES (2, 45);
INSERT INTO `vtiger_org_share_action2tab` VALUES (3, 45);
INSERT INTO `vtiger_org_share_action2tab` VALUES (0, 47);
INSERT INTO `vtiger_org_share_action2tab` VALUES (1, 47);
INSERT INTO `vtiger_org_share_action2tab` VALUES (2, 47);
INSERT INTO `vtiger_org_share_action2tab` VALUES (3, 47);
INSERT INTO `vtiger_org_share_action2tab` VALUES (0, 50);
INSERT INTO `vtiger_org_share_action2tab` VALUES (1, 50);
INSERT INTO `vtiger_org_share_action2tab` VALUES (2, 50);
INSERT INTO `vtiger_org_share_action2tab` VALUES (3, 50);

-- ----------------------------
-- Table structure for vtiger_org_share_action_mapping
-- ----------------------------
DROP TABLE IF EXISTS `vtiger_org_share_action_mapping`;
CREATE TABLE `vtiger_org_share_action_mapping`  (
  `share_action_id` int NOT NULL,
  `share_action_name` varchar(200) CHARACTER SET utf8mb3 COLLATE utf8mb3_general_ci NULL DEFAULT NULL,
  PRIMARY KEY (`share_action_id`) USING BTREE
) ENGINE = InnoDB CHARACTER SET = utf8mb3 COLLATE = utf8mb3_general_ci ROW_FORMAT = Dynamic;

-- ----------------------------
-- Records of vtiger_org_share_action_mapping
-- ----------------------------
INSERT INTO `vtiger_org_share_action_mapping` VALUES (0, 'Public: Read Only');
INSERT INTO `vtiger_org_share_action_mapping` VALUES (1, 'Public: Read, Create/Edit');
INSERT INTO `vtiger_org_share_action_mapping` VALUES (2, 'Public: Read, Create/Edit, Delete');
INSERT INTO `vtiger_org_share_action_mapping` VALUES (3, 'Private');
INSERT INTO `vtiger_org_share_action_mapping` VALUES (4, 'Hide Details');
INSERT INTO `vtiger_org_share_action_mapping` VALUES (5, 'Hide Details and Add Events');
INSERT INTO `vtiger_org_share_action_mapping` VALUES (6, 'Show Details');
INSERT INTO `vtiger_org_share_action_mapping` VALUES (7, 'Show Details and Add Events');

-- ----------------------------
-- Table structure for vtiger_organizationdetails
-- ----------------------------
DROP TABLE IF EXISTS `vtiger_organizationdetails`;
CREATE TABLE `vtiger_organizationdetails`  (
  `organization_id` int NOT NULL,
  `organizationname` varchar(60) CHARACTER SET utf8mb3 COLLATE utf8mb3_general_ci NULL DEFAULT NULL,
  `address` varchar(150) CHARACTER SET utf8mb3 COLLATE utf8mb3_general_ci NULL DEFAULT NULL,
  `city` varchar(100) CHARACTER SET utf8mb3 COLLATE utf8mb3_general_ci NULL DEFAULT NULL,
  `state` varchar(100) CHARACTER SET utf8mb3 COLLATE utf8mb3_general_ci NULL DEFAULT NULL,
  `country` varchar(100) CHARACTER SET utf8mb3 COLLATE utf8mb3_general_ci NULL DEFAULT NULL,
  `code` varchar(30) CHARACTER SET utf8mb3 COLLATE utf8mb3_general_ci NULL DEFAULT NULL,
  `phone` varchar(30) CHARACTER SET utf8mb3 COLLATE utf8mb3_general_ci NULL DEFAULT NULL,
  `fax` varchar(30) CHARACTER SET utf8mb3 COLLATE utf8mb3_general_ci NULL DEFAULT NULL,
  `website` varchar(100) CHARACTER SET utf8mb3 COLLATE utf8mb3_general_ci NULL DEFAULT NULL,
  `logoname` varchar(50) CHARACTER SET utf8mb3 COLLATE utf8mb3_general_ci NULL DEFAULT NULL,
  `logo` text CHARACTER SET utf8mb3 COLLATE utf8mb3_general_ci NULL,
  `vatid` varchar(100) CHARACTER SET utf8mb3 COLLATE utf8mb3_general_ci NULL DEFAULT NULL,
  PRIMARY KEY (`organization_id`) USING BTREE
) ENGINE = InnoDB CHARACTER SET = utf8mb3 COLLATE = utf8mb3_general_ci ROW_FORMAT = Dynamic;

-- ----------------------------
-- Records of vtiger_organizationdetails
-- ----------------------------
INSERT INTO `vtiger_organizationdetails` VALUES (1, 'vtiger', '95, 12th Main Road, 3rd Block, Rajajinagar', 'Bangalore', 'Karnataka', 'India', '560010', '+91 9243602352', '+91 9243602352', 'www.vtiger.com', 'vtiger-crm-logo.png', NULL, NULL);

-- ----------------------------
-- Table structure for vtiger_organizationdetails_seq
-- ----------------------------
DROP TABLE IF EXISTS `vtiger_organizationdetails_seq`;
CREATE TABLE `vtiger_organizationdetails_seq`  (
  `id` int NOT NULL
) ENGINE = InnoDB CHARACTER SET = utf8mb4 COLLATE = utf8mb4_0900_ai_ci ROW_FORMAT = Dynamic;

-- ----------------------------
-- Records of vtiger_organizationdetails_seq
-- ----------------------------
INSERT INTO `vtiger_organizationdetails_seq` VALUES (1);

-- ----------------------------
-- Table structure for vtiger_othereventduration
-- ----------------------------
DROP TABLE IF EXISTS `vtiger_othereventduration`;
CREATE TABLE `vtiger_othereventduration`  (
  `othereventdurationid` int NOT NULL AUTO_INCREMENT,
  `othereventduration` varchar(200) CHARACTER SET utf8mb3 COLLATE utf8mb3_general_ci NOT NULL,
  `sortorderid` int NULL DEFAULT NULL,
  `presence` int NOT NULL DEFAULT 1,
  PRIMARY KEY (`othereventdurationid`) USING BTREE
) ENGINE = InnoDB AUTO_INCREMENT = 6 CHARACTER SET = utf8mb3 COLLATE = utf8mb3_general_ci ROW_FORMAT = Dynamic;

-- ----------------------------
-- Records of vtiger_othereventduration
-- ----------------------------
INSERT INTO `vtiger_othereventduration` VALUES (1, '5', 0, 1);
INSERT INTO `vtiger_othereventduration` VALUES (2, '10', 1, 1);
INSERT INTO `vtiger_othereventduration` VALUES (3, '30', 2, 1);
INSERT INTO `vtiger_othereventduration` VALUES (4, '60', 3, 1);
INSERT INTO `vtiger_othereventduration` VALUES (5, '120', 4, 1);

-- ----------------------------
-- Table structure for vtiger_othereventduration_seq
-- ----------------------------
DROP TABLE IF EXISTS `vtiger_othereventduration_seq`;
CREATE TABLE `vtiger_othereventduration_seq`  (
  `id` int NOT NULL
) ENGINE = InnoDB CHARACTER SET = utf8mb4 COLLATE = utf8mb4_0900_ai_ci ROW_FORMAT = Dynamic;

-- ----------------------------
-- Records of vtiger_othereventduration_seq
-- ----------------------------
INSERT INTO `vtiger_othereventduration_seq` VALUES (5);

-- ----------------------------
-- Table structure for vtiger_parenttab
-- ----------------------------
DROP TABLE IF EXISTS `vtiger_parenttab`;
CREATE TABLE `vtiger_parenttab`  (
  `parenttabid` int NOT NULL,
  `parenttab_label` varchar(100) CHARACTER SET utf8mb3 COLLATE utf8mb3_general_ci NOT NULL,
  `sequence` int NOT NULL,
  `visible` int NOT NULL DEFAULT 0,
  PRIMARY KEY (`parenttabid`) USING BTREE,
  INDEX `parenttab_parenttabid_parenttabl_label_visible_idx`(`parenttabid` ASC, `parenttab_label` ASC, `visible` ASC) USING BTREE
) ENGINE = InnoDB CHARACTER SET = utf8mb3 COLLATE = utf8mb3_general_ci ROW_FORMAT = Dynamic;

-- ----------------------------
-- Records of vtiger_parenttab
-- ----------------------------
INSERT INTO `vtiger_parenttab` VALUES (1, 'My Home Page', 1, 0);
INSERT INTO `vtiger_parenttab` VALUES (2, 'Marketing', 2, 0);
INSERT INTO `vtiger_parenttab` VALUES (3, 'Sales', 3, 0);
INSERT INTO `vtiger_parenttab` VALUES (4, 'Support', 4, 0);
INSERT INTO `vtiger_parenttab` VALUES (5, 'Analytics', 5, 0);
INSERT INTO `vtiger_parenttab` VALUES (6, 'Inventory', 6, 0);
INSERT INTO `vtiger_parenttab` VALUES (7, 'Tools', 7, 0);
INSERT INTO `vtiger_parenttab` VALUES (8, 'Settings', 8, 0);

-- ----------------------------
-- Table structure for vtiger_parenttabrel
-- ----------------------------
DROP TABLE IF EXISTS `vtiger_parenttabrel`;
CREATE TABLE `vtiger_parenttabrel`  (
  `parenttabid` int NOT NULL,
  `tabid` int NOT NULL,
  `sequence` int NOT NULL,
  INDEX `parenttabrel_tabid_parenttabid_idx`(`tabid` ASC, `parenttabid` ASC) USING BTREE,
  INDEX `fk_2_vtiger_parenttabrel`(`parenttabid` ASC) USING BTREE,
  CONSTRAINT `fk_1_vtiger_parenttabrel` FOREIGN KEY (`tabid`) REFERENCES `vtiger_tab` (`tabid`) ON DELETE CASCADE ON UPDATE RESTRICT,
  CONSTRAINT `fk_2_vtiger_parenttabrel` FOREIGN KEY (`parenttabid`) REFERENCES `vtiger_parenttab` (`parenttabid`) ON DELETE CASCADE ON UPDATE RESTRICT
) ENGINE = InnoDB CHARACTER SET = utf8mb3 COLLATE = utf8mb3_general_ci ROW_FORMAT = Dynamic;

-- ----------------------------
-- Records of vtiger_parenttabrel
-- ----------------------------
INSERT INTO `vtiger_parenttabrel` VALUES (1, 9, 2);
INSERT INTO `vtiger_parenttabrel` VALUES (1, 28, 4);
INSERT INTO `vtiger_parenttabrel` VALUES (1, 3, 1);
INSERT INTO `vtiger_parenttabrel` VALUES (3, 7, 1);
INSERT INTO `vtiger_parenttabrel` VALUES (3, 6, 2);
INSERT INTO `vtiger_parenttabrel` VALUES (3, 4, 3);
INSERT INTO `vtiger_parenttabrel` VALUES (3, 2, 4);
INSERT INTO `vtiger_parenttabrel` VALUES (3, 20, 5);
INSERT INTO `vtiger_parenttabrel` VALUES (3, 22, 6);
INSERT INTO `vtiger_parenttabrel` VALUES (3, 23, 7);
INSERT INTO `vtiger_parenttabrel` VALUES (3, 19, 8);
INSERT INTO `vtiger_parenttabrel` VALUES (3, 8, 9);
INSERT INTO `vtiger_parenttabrel` VALUES (4, 13, 1);
INSERT INTO `vtiger_parenttabrel` VALUES (4, 15, 2);
INSERT INTO `vtiger_parenttabrel` VALUES (4, 6, 3);
INSERT INTO `vtiger_parenttabrel` VALUES (4, 4, 4);
INSERT INTO `vtiger_parenttabrel` VALUES (4, 8, 5);
INSERT INTO `vtiger_parenttabrel` VALUES (5, 1, 2);
INSERT INTO `vtiger_parenttabrel` VALUES (5, 25, 1);
INSERT INTO `vtiger_parenttabrel` VALUES (6, 14, 1);
INSERT INTO `vtiger_parenttabrel` VALUES (6, 18, 2);
INSERT INTO `vtiger_parenttabrel` VALUES (6, 19, 3);
INSERT INTO `vtiger_parenttabrel` VALUES (6, 21, 4);
INSERT INTO `vtiger_parenttabrel` VALUES (6, 22, 5);
INSERT INTO `vtiger_parenttabrel` VALUES (6, 20, 6);
INSERT INTO `vtiger_parenttabrel` VALUES (6, 23, 7);
INSERT INTO `vtiger_parenttabrel` VALUES (7, 24, 1);
INSERT INTO `vtiger_parenttabrel` VALUES (7, 27, 2);
INSERT INTO `vtiger_parenttabrel` VALUES (7, 8, 3);
INSERT INTO `vtiger_parenttabrel` VALUES (2, 26, 1);
INSERT INTO `vtiger_parenttabrel` VALUES (2, 6, 2);
INSERT INTO `vtiger_parenttabrel` VALUES (2, 4, 3);
INSERT INTO `vtiger_parenttabrel` VALUES (2, 28, 4);
INSERT INTO `vtiger_parenttabrel` VALUES (4, 28, 7);
INSERT INTO `vtiger_parenttabrel` VALUES (2, 7, 5);
INSERT INTO `vtiger_parenttabrel` VALUES (2, 9, 6);
INSERT INTO `vtiger_parenttabrel` VALUES (4, 9, 8);
INSERT INTO `vtiger_parenttabrel` VALUES (2, 8, 8);
INSERT INTO `vtiger_parenttabrel` VALUES (3, 9, 11);
INSERT INTO `vtiger_parenttabrel` VALUES (7, 31, 4);
INSERT INTO `vtiger_parenttabrel` VALUES (7, 31, 5);
INSERT INTO `vtiger_parenttabrel` VALUES (7, 34, 6);
INSERT INTO `vtiger_parenttabrel` VALUES (7, 34, 7);
INSERT INTO `vtiger_parenttabrel` VALUES (4, 35, 9);
INSERT INTO `vtiger_parenttabrel` VALUES (4, 35, 10);
INSERT INTO `vtiger_parenttabrel` VALUES (6, 36, 8);
INSERT INTO `vtiger_parenttabrel` VALUES (6, 36, 9);
INSERT INTO `vtiger_parenttabrel` VALUES (6, 38, 10);
INSERT INTO `vtiger_parenttabrel` VALUES (6, 38, 11);
INSERT INTO `vtiger_parenttabrel` VALUES (7, 40, 8);
INSERT INTO `vtiger_parenttabrel` VALUES (7, 40, 9);
INSERT INTO `vtiger_parenttabrel` VALUES (4, 43, 11);
INSERT INTO `vtiger_parenttabrel` VALUES (4, 43, 12);
INSERT INTO `vtiger_parenttabrel` VALUES (4, 44, 13);
INSERT INTO `vtiger_parenttabrel` VALUES (4, 44, 14);
INSERT INTO `vtiger_parenttabrel` VALUES (4, 45, 15);
INSERT INTO `vtiger_parenttabrel` VALUES (4, 45, 16);
INSERT INTO `vtiger_parenttabrel` VALUES (7, 46, 10);
INSERT INTO `vtiger_parenttabrel` VALUES (7, 46, 11);
INSERT INTO `vtiger_parenttabrel` VALUES (3, 47, 12);
INSERT INTO `vtiger_parenttabrel` VALUES (3, 47, 13);
INSERT INTO `vtiger_parenttabrel` VALUES (8, 49, 1);
INSERT INTO `vtiger_parenttabrel` VALUES (8, 49, 2);
INSERT INTO `vtiger_parenttabrel` VALUES (7, 24, 12);
INSERT INTO `vtiger_parenttabrel` VALUES (7, 27, 13);
INSERT INTO `vtiger_parenttabrel` VALUES (7, 40, 14);
INSERT INTO `vtiger_parenttabrel` VALUES (7, 46, 15);
INSERT INTO `vtiger_parenttabrel` VALUES (6, 50, 12);
INSERT INTO `vtiger_parenttabrel` VALUES (6, 50, 13);

-- ----------------------------
-- Table structure for vtiger_payment_duration
-- ----------------------------
DROP TABLE IF EXISTS `vtiger_payment_duration`;
CREATE TABLE `vtiger_payment_duration`  (
  `payment_duration_id` int NULL DEFAULT NULL,
  `payment_duration` varchar(200) CHARACTER SET utf8mb3 COLLATE utf8mb3_general_ci NULL DEFAULT NULL,
  `sortorderid` int NULL DEFAULT NULL,
  `presence` int NULL DEFAULT NULL,
  `color` varchar(10) CHARACTER SET utf8mb3 COLLATE utf8mb3_general_ci NULL DEFAULT NULL
) ENGINE = InnoDB CHARACTER SET = utf8mb3 COLLATE = utf8mb3_general_ci ROW_FORMAT = Dynamic;

-- ----------------------------
-- Records of vtiger_payment_duration
-- ----------------------------
INSERT INTO `vtiger_payment_duration` VALUES (1, 'Net 30 days', 6, 1, NULL);
INSERT INTO `vtiger_payment_duration` VALUES (2, 'Net 45 days', 7, 1, NULL);
INSERT INTO `vtiger_payment_duration` VALUES (3, 'Net 60 days', 8, 1, NULL);
INSERT INTO `vtiger_payment_duration` VALUES (4, 'Net 01 day', 1, 1, NULL);
INSERT INTO `vtiger_payment_duration` VALUES (5, 'Net 05 days', 2, 1, NULL);
INSERT INTO `vtiger_payment_duration` VALUES (6, 'Net 07 days', 3, 1, NULL);
INSERT INTO `vtiger_payment_duration` VALUES (7, 'Net 10 days', 4, 1, NULL);
INSERT INTO `vtiger_payment_duration` VALUES (8, 'Net 15 days', 5, 1, NULL);

-- ----------------------------
-- Table structure for vtiger_payment_duration_seq
-- ----------------------------
DROP TABLE IF EXISTS `vtiger_payment_duration_seq`;
CREATE TABLE `vtiger_payment_duration_seq`  (
  `id` int NOT NULL
) ENGINE = InnoDB CHARACTER SET = utf8mb4 COLLATE = utf8mb4_0900_ai_ci ROW_FORMAT = Dynamic;

-- ----------------------------
-- Records of vtiger_payment_duration_seq
-- ----------------------------
INSERT INTO `vtiger_payment_duration_seq` VALUES (8);

-- ----------------------------
-- Table structure for vtiger_pbxmanager
-- ----------------------------
DROP TABLE IF EXISTS `vtiger_pbxmanager`;
CREATE TABLE `vtiger_pbxmanager`  (
  `pbxmanagerid` int NOT NULL AUTO_INCREMENT,
  `direction` varchar(10) CHARACTER SET utf8mb3 COLLATE utf8mb3_general_ci NULL DEFAULT NULL,
  `callstatus` varchar(20) CHARACTER SET utf8mb3 COLLATE utf8mb3_general_ci NULL DEFAULT NULL,
  `starttime` datetime NULL DEFAULT NULL,
  `endtime` datetime NULL DEFAULT NULL,
  `totalduration` int NULL DEFAULT NULL,
  `billduration` int NULL DEFAULT NULL,
  `recordingurl` varchar(200) CHARACTER SET utf8mb3 COLLATE utf8mb3_general_ci NULL DEFAULT NULL,
  `sourceuuid` varchar(100) CHARACTER SET utf8mb3 COLLATE utf8mb3_general_ci NULL DEFAULT NULL,
  `gateway` varchar(20) CHARACTER SET utf8mb3 COLLATE utf8mb3_general_ci NULL DEFAULT NULL,
  `customer` varchar(100) CHARACTER SET utf8mb3 COLLATE utf8mb3_general_ci NULL DEFAULT NULL,
  `user` varchar(100) CHARACTER SET utf8mb3 COLLATE utf8mb3_general_ci NULL DEFAULT NULL,
  `customernumber` varchar(100) CHARACTER SET utf8mb3 COLLATE utf8mb3_general_ci NULL DEFAULT NULL,
  `customertype` varchar(100) CHARACTER SET utf8mb3 COLLATE utf8mb3_general_ci NULL DEFAULT NULL,
  PRIMARY KEY (`pbxmanagerid`) USING BTREE,
  INDEX `index_sourceuuid`(`sourceuuid` ASC) USING BTREE,
  INDEX `index_pbxmanager_id`(`pbxmanagerid` ASC) USING BTREE,
  CONSTRAINT `fk_crmid_vtiger_pbxmanager` FOREIGN KEY (`pbxmanagerid`) REFERENCES `vtiger_crmentity` (`crmid`) ON DELETE CASCADE ON UPDATE RESTRICT
) ENGINE = InnoDB AUTO_INCREMENT = 22 CHARACTER SET = utf8mb3 COLLATE = utf8mb3_general_ci ROW_FORMAT = Dynamic;

-- ----------------------------
-- Records of vtiger_pbxmanager
-- ----------------------------

-- ----------------------------
-- Table structure for vtiger_pbxmanager_gateway
-- ----------------------------
DROP TABLE IF EXISTS `vtiger_pbxmanager_gateway`;
CREATE TABLE `vtiger_pbxmanager_gateway`  (
  `id` int NOT NULL AUTO_INCREMENT,
  `gateway` varchar(20) CHARACTER SET utf8mb3 COLLATE utf8mb3_general_ci NULL DEFAULT NULL,
  `parameters` text CHARACTER SET utf8mb3 COLLATE utf8mb3_general_ci NULL,
  PRIMARY KEY (`id`) USING BTREE
) ENGINE = InnoDB AUTO_INCREMENT = 3 CHARACTER SET = utf8mb3 COLLATE = utf8mb3_general_ci ROW_FORMAT = Dynamic;

-- ----------------------------
-- Records of vtiger_pbxmanager_gateway
-- ----------------------------

-- ----------------------------
-- Table structure for vtiger_pbxmanager_phonelookup
-- ----------------------------
DROP TABLE IF EXISTS `vtiger_pbxmanager_phonelookup`;
CREATE TABLE `vtiger_pbxmanager_phonelookup`  (
  `crmid` int NULL DEFAULT NULL,
  `setype` varchar(30) CHARACTER SET utf8mb3 COLLATE utf8mb3_general_ci NULL DEFAULT NULL,
  `fnumber` varchar(100) CHARACTER SET utf8mb3 COLLATE utf8mb3_general_ci NULL DEFAULT NULL,
  `rnumber` varchar(100) CHARACTER SET utf8mb3 COLLATE utf8mb3_general_ci NULL DEFAULT NULL,
  `fieldname` varchar(50) CHARACTER SET utf8mb3 COLLATE utf8mb3_general_ci NULL DEFAULT NULL,
  UNIQUE INDEX `unique_key`(`crmid` ASC, `setype` ASC, `fieldname` ASC) USING BTREE,
  INDEX `index_phone_number`(`fnumber` ASC, `rnumber` ASC) USING BTREE,
  CONSTRAINT `vtiger_pbxmanager_phonelookup_ibfk_1` FOREIGN KEY (`crmid`) REFERENCES `vtiger_crmentity` (`crmid`) ON DELETE CASCADE ON UPDATE RESTRICT
) ENGINE = InnoDB CHARACTER SET = utf8mb3 COLLATE = utf8mb3_general_ci ROW_FORMAT = Dynamic;

-- ----------------------------
-- Records of vtiger_pbxmanager_phonelookup
-- ----------------------------

-- ----------------------------
-- Table structure for vtiger_pbxmanagercf
-- ----------------------------
DROP TABLE IF EXISTS `vtiger_pbxmanagercf`;
CREATE TABLE `vtiger_pbxmanagercf`  (
  `pbxmanagerid` int NOT NULL,
  PRIMARY KEY (`pbxmanagerid`) USING BTREE,
  CONSTRAINT `fk_pbxmanagerid_vtiger_pbxmanagercf` FOREIGN KEY (`pbxmanagerid`) REFERENCES `vtiger_pbxmanager` (`pbxmanagerid`) ON DELETE CASCADE ON UPDATE RESTRICT
) ENGINE = InnoDB CHARACTER SET = utf8mb3 COLLATE = utf8mb3_general_ci ROW_FORMAT = Dynamic;

-- ----------------------------
-- Records of vtiger_pbxmanagercf
-- ----------------------------

-- ----------------------------
-- Table structure for vtiger_picklist
-- ----------------------------
DROP TABLE IF EXISTS `vtiger_picklist`;
CREATE TABLE `vtiger_picklist`  (
  `picklistid` int NOT NULL AUTO_INCREMENT,
  `name` varchar(200) CHARACTER SET utf8mb3 COLLATE utf8mb3_general_ci NOT NULL,
  PRIMARY KEY (`picklistid`) USING BTREE,
  UNIQUE INDEX `picklist_name_idx`(`name` ASC) USING BTREE
) ENGINE = InnoDB AUTO_INCREMENT = 50 CHARACTER SET = utf8mb3 COLLATE = utf8mb3_general_ci ROW_FORMAT = Dynamic;

-- ----------------------------
-- Records of vtiger_picklist
-- ----------------------------
INSERT INTO `vtiger_picklist` VALUES (1, 'accounttype');
INSERT INTO `vtiger_picklist` VALUES (2, 'activitytype');
INSERT INTO `vtiger_picklist` VALUES (37, 'assetstatus');
INSERT INTO `vtiger_picklist` VALUES (3, 'campaignstatus');
INSERT INTO `vtiger_picklist` VALUES (4, 'campaigntype');
INSERT INTO `vtiger_picklist` VALUES (5, 'carrier');
INSERT INTO `vtiger_picklist` VALUES (33, 'contract_priority');
INSERT INTO `vtiger_picklist` VALUES (32, 'contract_status');
INSERT INTO `vtiger_picklist` VALUES (34, 'contract_type');
INSERT INTO `vtiger_picklist` VALUES (48, 'defaultactivitytype');
INSERT INTO `vtiger_picklist` VALUES (47, 'defaulteventstatus');
INSERT INTO `vtiger_picklist` VALUES (49, 'defaultlandingpage');
INSERT INTO `vtiger_picklist` VALUES (6, 'eventstatus');
INSERT INTO `vtiger_picklist` VALUES (7, 'expectedresponse');
INSERT INTO `vtiger_picklist` VALUES (8, 'faqcategories');
INSERT INTO `vtiger_picklist` VALUES (9, 'faqstatus');
INSERT INTO `vtiger_picklist` VALUES (10, 'glacct');
INSERT INTO `vtiger_picklist` VALUES (11, 'industry');
INSERT INTO `vtiger_picklist` VALUES (12, 'invoicestatus');
INSERT INTO `vtiger_picklist` VALUES (13, 'leadsource');
INSERT INTO `vtiger_picklist` VALUES (14, 'leadstatus');
INSERT INTO `vtiger_picklist` VALUES (15, 'manufacturer');
INSERT INTO `vtiger_picklist` VALUES (16, 'opportunity_type');
INSERT INTO `vtiger_picklist` VALUES (17, 'postatus');
INSERT INTO `vtiger_picklist` VALUES (18, 'productcategory');
INSERT INTO `vtiger_picklist` VALUES (45, 'progress');
INSERT INTO `vtiger_picklist` VALUES (38, 'projectmilestonetype');
INSERT INTO `vtiger_picklist` VALUES (44, 'projectpriority');
INSERT INTO `vtiger_picklist` VALUES (42, 'projectstatus');
INSERT INTO `vtiger_picklist` VALUES (40, 'projecttaskpriority');
INSERT INTO `vtiger_picklist` VALUES (41, 'projecttaskprogress');
INSERT INTO `vtiger_picklist` VALUES (46, 'projecttaskstatus');
INSERT INTO `vtiger_picklist` VALUES (39, 'projecttasktype');
INSERT INTO `vtiger_picklist` VALUES (43, 'projecttype');
INSERT INTO `vtiger_picklist` VALUES (19, 'quotestage');
INSERT INTO `vtiger_picklist` VALUES (20, 'rating');
INSERT INTO `vtiger_picklist` VALUES (21, 'sales_stage');
INSERT INTO `vtiger_picklist` VALUES (22, 'salutationtype');
INSERT INTO `vtiger_picklist` VALUES (36, 'servicecategory');
INSERT INTO `vtiger_picklist` VALUES (35, 'service_usageunit');
INSERT INTO `vtiger_picklist` VALUES (23, 'sostatus');
INSERT INTO `vtiger_picklist` VALUES (24, 'taskpriority');
INSERT INTO `vtiger_picklist` VALUES (25, 'taskstatus');
INSERT INTO `vtiger_picklist` VALUES (26, 'ticketcategories');
INSERT INTO `vtiger_picklist` VALUES (27, 'ticketpriorities');
INSERT INTO `vtiger_picklist` VALUES (28, 'ticketseverities');
INSERT INTO `vtiger_picklist` VALUES (29, 'ticketstatus');
INSERT INTO `vtiger_picklist` VALUES (31, 'tracking_unit');
INSERT INTO `vtiger_picklist` VALUES (30, 'usageunit');

-- ----------------------------
-- Table structure for vtiger_picklist_dependency
-- ----------------------------
DROP TABLE IF EXISTS `vtiger_picklist_dependency`;
CREATE TABLE `vtiger_picklist_dependency`  (
  `id` int NOT NULL,
  `tabid` int NOT NULL,
  `sourcefield` varchar(255) CHARACTER SET utf8mb3 COLLATE utf8mb3_general_ci NULL DEFAULT NULL,
  `targetfield` varchar(255) CHARACTER SET utf8mb3 COLLATE utf8mb3_general_ci NULL DEFAULT NULL,
  `sourcevalue` varchar(100) CHARACTER SET utf8mb3 COLLATE utf8mb3_general_ci NULL DEFAULT NULL,
  `targetvalues` text CHARACTER SET utf8mb3 COLLATE utf8mb3_general_ci NULL,
  `criteria` text CHARACTER SET utf8mb3 COLLATE utf8mb3_general_ci NULL,
  PRIMARY KEY (`id`) USING BTREE
) ENGINE = InnoDB CHARACTER SET = utf8mb3 COLLATE = utf8mb3_general_ci ROW_FORMAT = Dynamic;

-- ----------------------------
-- Records of vtiger_picklist_dependency
-- ----------------------------

-- ----------------------------
-- Table structure for vtiger_picklist_seq
-- ----------------------------
DROP TABLE IF EXISTS `vtiger_picklist_seq`;
CREATE TABLE `vtiger_picklist_seq`  (
  `id` int NOT NULL
) ENGINE = InnoDB CHARACTER SET = utf8mb4 COLLATE = utf8mb4_0900_ai_ci ROW_FORMAT = Dynamic;

-- ----------------------------
-- Records of vtiger_picklist_seq
-- ----------------------------
INSERT INTO `vtiger_picklist_seq` VALUES (49);

-- ----------------------------
-- Table structure for vtiger_picklist_transitions
-- ----------------------------
DROP TABLE IF EXISTS `vtiger_picklist_transitions`;
CREATE TABLE `vtiger_picklist_transitions`  (
  `fieldname` varchar(255) CHARACTER SET utf8mb3 COLLATE utf8mb3_general_ci NOT NULL,
  `module` varchar(100) CHARACTER SET utf8mb3 COLLATE utf8mb3_general_ci NOT NULL,
  `transition_data` varchar(1000) CHARACTER SET utf8mb3 COLLATE utf8mb3_general_ci NOT NULL,
  PRIMARY KEY (`fieldname`) USING BTREE
) ENGINE = InnoDB CHARACTER SET = utf8mb3 COLLATE = utf8mb3_general_ci ROW_FORMAT = Dynamic;

-- ----------------------------
-- Records of vtiger_picklist_transitions
-- ----------------------------

-- ----------------------------
-- Table structure for vtiger_picklistvalues_seq
-- ----------------------------
DROP TABLE IF EXISTS `vtiger_picklistvalues_seq`;
CREATE TABLE `vtiger_picklistvalues_seq`  (
  `id` int NOT NULL
) ENGINE = InnoDB CHARACTER SET = utf8mb4 COLLATE = utf8mb4_0900_ai_ci ROW_FORMAT = Dynamic;

-- ----------------------------
-- Records of vtiger_picklistvalues_seq
-- ----------------------------
INSERT INTO `vtiger_picklistvalues_seq` VALUES (304);

-- ----------------------------
-- Table structure for vtiger_pobillads
-- ----------------------------
DROP TABLE IF EXISTS `vtiger_pobillads`;
CREATE TABLE `vtiger_pobillads`  (
  `pobilladdressid` int NOT NULL DEFAULT 0,
  `bill_city` varchar(30) CHARACTER SET utf8mb3 COLLATE utf8mb3_general_ci NULL DEFAULT NULL,
  `bill_code` varchar(30) CHARACTER SET utf8mb3 COLLATE utf8mb3_general_ci NULL DEFAULT NULL,
  `bill_country` varchar(30) CHARACTER SET utf8mb3 COLLATE utf8mb3_general_ci NULL DEFAULT NULL,
  `bill_state` varchar(30) CHARACTER SET utf8mb3 COLLATE utf8mb3_general_ci NULL DEFAULT NULL,
  `bill_street` varchar(250) CHARACTER SET utf8mb3 COLLATE utf8mb3_general_ci NULL DEFAULT NULL,
  `bill_pobox` varchar(30) CHARACTER SET utf8mb3 COLLATE utf8mb3_general_ci NULL DEFAULT NULL,
  PRIMARY KEY (`pobilladdressid`) USING BTREE,
  CONSTRAINT `fk_1_vtiger_pobillads` FOREIGN KEY (`pobilladdressid`) REFERENCES `vtiger_purchaseorder` (`purchaseorderid`) ON DELETE CASCADE ON UPDATE RESTRICT
) ENGINE = InnoDB CHARACTER SET = utf8mb3 COLLATE = utf8mb3_general_ci ROW_FORMAT = Dynamic;

-- ----------------------------
-- Records of vtiger_pobillads
-- ----------------------------

-- ----------------------------
-- Table structure for vtiger_portal
-- ----------------------------
DROP TABLE IF EXISTS `vtiger_portal`;
CREATE TABLE `vtiger_portal`  (
  `portalid` int NOT NULL,
  `portalname` varchar(200) CHARACTER SET utf8mb3 COLLATE utf8mb3_general_ci NOT NULL,
  `portalurl` varchar(255) CHARACTER SET utf8mb3 COLLATE utf8mb3_general_ci NOT NULL,
  `sequence` int NOT NULL,
  `setdefault` int NOT NULL DEFAULT 0,
  `createdtime` datetime NULL DEFAULT NULL,
  PRIMARY KEY (`portalid`) USING BTREE,
  INDEX `portal_portalname_idx`(`portalname` ASC) USING BTREE
) ENGINE = InnoDB CHARACTER SET = utf8mb3 COLLATE = utf8mb3_general_ci ROW_FORMAT = Dynamic;

-- ----------------------------
-- Records of vtiger_portal
-- ----------------------------

-- ----------------------------
-- Table structure for vtiger_portalinfo
-- ----------------------------
DROP TABLE IF EXISTS `vtiger_portalinfo`;
CREATE TABLE `vtiger_portalinfo`  (
  `id` int NOT NULL,
  `user_name` varchar(50) CHARACTER SET utf8mb3 COLLATE utf8mb3_general_ci NULL DEFAULT NULL,
  `user_password` varchar(255) CHARACTER SET utf8mb3 COLLATE utf8mb3_general_ci NULL DEFAULT NULL,
  `type` varchar(5) CHARACTER SET utf8mb3 COLLATE utf8mb3_general_ci NULL DEFAULT NULL,
  `cryptmode` varchar(20) CHARACTER SET utf8mb3 COLLATE utf8mb3_general_ci NULL DEFAULT NULL,
  `last_login_time` datetime NULL DEFAULT NULL,
  `login_time` datetime NULL DEFAULT NULL,
  `logout_time` datetime NULL DEFAULT NULL,
  `isactive` int NULL DEFAULT NULL,
  PRIMARY KEY (`id`) USING BTREE,
  CONSTRAINT `fk_1_vtiger_portalinfo` FOREIGN KEY (`id`) REFERENCES `vtiger_contactdetails` (`contactid`) ON DELETE CASCADE ON UPDATE RESTRICT
) ENGINE = InnoDB CHARACTER SET = utf8mb3 COLLATE = utf8mb3_general_ci ROW_FORMAT = Dynamic;

-- ----------------------------
-- Records of vtiger_portalinfo
-- ----------------------------

-- ----------------------------
-- Table structure for vtiger_poshipads
-- ----------------------------
DROP TABLE IF EXISTS `vtiger_poshipads`;
CREATE TABLE `vtiger_poshipads`  (
  `poshipaddressid` int NOT NULL DEFAULT 0,
  `ship_city` varchar(30) CHARACTER SET utf8mb3 COLLATE utf8mb3_general_ci NULL DEFAULT NULL,
  `ship_code` varchar(30) CHARACTER SET utf8mb3 COLLATE utf8mb3_general_ci NULL DEFAULT NULL,
  `ship_country` varchar(30) CHARACTER SET utf8mb3 COLLATE utf8mb3_general_ci NULL DEFAULT NULL,
  `ship_state` varchar(30) CHARACTER SET utf8mb3 COLLATE utf8mb3_general_ci NULL DEFAULT NULL,
  `ship_street` varchar(250) CHARACTER SET utf8mb3 COLLATE utf8mb3_general_ci NULL DEFAULT NULL,
  `ship_pobox` varchar(30) CHARACTER SET utf8mb3 COLLATE utf8mb3_general_ci NULL DEFAULT NULL,
  PRIMARY KEY (`poshipaddressid`) USING BTREE,
  CONSTRAINT `fk_1_vtiger_poshipads` FOREIGN KEY (`poshipaddressid`) REFERENCES `vtiger_purchaseorder` (`purchaseorderid`) ON DELETE CASCADE ON UPDATE RESTRICT
) ENGINE = InnoDB CHARACTER SET = utf8mb3 COLLATE = utf8mb3_general_ci ROW_FORMAT = Dynamic;

-- ----------------------------
-- Records of vtiger_poshipads
-- ----------------------------

-- ----------------------------
-- Table structure for vtiger_postatus
-- ----------------------------
DROP TABLE IF EXISTS `vtiger_postatus`;
CREATE TABLE `vtiger_postatus`  (
  `postatusid` int NOT NULL AUTO_INCREMENT,
  `postatus` varchar(200) CHARACTER SET utf8mb3 COLLATE utf8mb3_general_ci NOT NULL,
  `presence` int NOT NULL DEFAULT 1,
  `picklist_valueid` int NOT NULL DEFAULT 0,
  `sortorderid` int NULL DEFAULT NULL,
  `color` varchar(10) CHARACTER SET utf8mb3 COLLATE utf8mb3_general_ci NULL DEFAULT NULL,
  PRIMARY KEY (`postatusid`) USING BTREE,
  UNIQUE INDEX `postatus_postatus_idx`(`postatus` ASC) USING BTREE
) ENGINE = InnoDB AUTO_INCREMENT = 6 CHARACTER SET = utf8mb3 COLLATE = utf8mb3_general_ci ROW_FORMAT = Dynamic;

-- ----------------------------
-- Records of vtiger_postatus
-- ----------------------------
INSERT INTO `vtiger_postatus` VALUES (1, 'Created', 0, 130, 0, NULL);
INSERT INTO `vtiger_postatus` VALUES (2, 'Approved', 0, 131, 1, NULL);
INSERT INTO `vtiger_postatus` VALUES (3, 'Delivered', 0, 132, 2, NULL);
INSERT INTO `vtiger_postatus` VALUES (4, 'Cancelled', 0, 133, 3, NULL);
INSERT INTO `vtiger_postatus` VALUES (5, 'Received Shipment', 0, 134, 4, NULL);

-- ----------------------------
-- Table structure for vtiger_postatus_seq
-- ----------------------------
DROP TABLE IF EXISTS `vtiger_postatus_seq`;
CREATE TABLE `vtiger_postatus_seq`  (
  `id` int NOT NULL
) ENGINE = InnoDB CHARACTER SET = utf8mb4 COLLATE = utf8mb4_0900_ai_ci ROW_FORMAT = Dynamic;

-- ----------------------------
-- Records of vtiger_postatus_seq
-- ----------------------------
INSERT INTO `vtiger_postatus_seq` VALUES (5);

-- ----------------------------
-- Table structure for vtiger_postatushistory
-- ----------------------------
DROP TABLE IF EXISTS `vtiger_postatushistory`;
CREATE TABLE `vtiger_postatushistory`  (
  `historyid` int NOT NULL AUTO_INCREMENT,
  `purchaseorderid` int NOT NULL,
  `vendorname` varchar(100) CHARACTER SET utf8mb3 COLLATE utf8mb3_general_ci NULL DEFAULT NULL,
  `total` decimal(10, 0) NULL DEFAULT NULL,
  `postatus` varchar(200) CHARACTER SET utf8mb3 COLLATE utf8mb3_general_ci NULL DEFAULT NULL,
  `lastmodified` datetime NULL DEFAULT NULL,
  PRIMARY KEY (`historyid`) USING BTREE,
  INDEX `postatushistory_purchaseorderid_idx`(`purchaseorderid` ASC) USING BTREE,
  CONSTRAINT `fk_1_vtiger_postatushistory` FOREIGN KEY (`purchaseorderid`) REFERENCES `vtiger_purchaseorder` (`purchaseorderid`) ON DELETE CASCADE ON UPDATE RESTRICT
) ENGINE = InnoDB AUTO_INCREMENT = 1 CHARACTER SET = utf8mb3 COLLATE = utf8mb3_general_ci ROW_FORMAT = Dynamic;

-- ----------------------------
-- Records of vtiger_postatushistory
-- ----------------------------

-- ----------------------------
-- Table structure for vtiger_potential
-- ----------------------------
DROP TABLE IF EXISTS `vtiger_potential`;
CREATE TABLE `vtiger_potential`  (
  `potentialid` int NOT NULL DEFAULT 0,
  `potential_no` varchar(100) CHARACTER SET utf8mb3 COLLATE utf8mb3_general_ci NOT NULL,
  `related_to` int NULL DEFAULT NULL,
  `potentialname` varchar(120) CHARACTER SET utf8mb3 COLLATE utf8mb3_general_ci NOT NULL,
  `amount` decimal(25, 8) NULL DEFAULT NULL,
  `currency` varchar(20) CHARACTER SET utf8mb3 COLLATE utf8mb3_general_ci NULL DEFAULT NULL,
  `closingdate` date NULL DEFAULT NULL,
  `typeofrevenue` varchar(50) CHARACTER SET utf8mb3 COLLATE utf8mb3_general_ci NULL DEFAULT NULL,
  `nextstep` varchar(100) CHARACTER SET utf8mb3 COLLATE utf8mb3_general_ci NULL DEFAULT NULL,
  `private` int NULL DEFAULT 0,
  `probability` decimal(7, 3) NULL DEFAULT 0.000,
  `campaignid` int NULL DEFAULT NULL,
  `sales_stage` varchar(200) CHARACTER SET utf8mb3 COLLATE utf8mb3_general_ci NULL DEFAULT NULL,
  `potentialtype` varchar(200) CHARACTER SET utf8mb3 COLLATE utf8mb3_general_ci NULL DEFAULT NULL,
  `leadsource` varchar(200) CHARACTER SET utf8mb3 COLLATE utf8mb3_general_ci NULL DEFAULT NULL,
  `productid` int NULL DEFAULT NULL,
  `productversion` varchar(50) CHARACTER SET utf8mb3 COLLATE utf8mb3_general_ci NULL DEFAULT NULL,
  `quotationref` varchar(50) CHARACTER SET utf8mb3 COLLATE utf8mb3_general_ci NULL DEFAULT NULL,
  `partnercontact` varchar(50) CHARACTER SET utf8mb3 COLLATE utf8mb3_general_ci NULL DEFAULT NULL,
  `remarks` varchar(50) CHARACTER SET utf8mb3 COLLATE utf8mb3_general_ci NULL DEFAULT NULL,
  `runtimefee` int NULL DEFAULT 0,
  `followupdate` date NULL DEFAULT NULL,
  `evaluationstatus` varchar(50) CHARACTER SET utf8mb3 COLLATE utf8mb3_general_ci NULL DEFAULT NULL,
  `description` text CHARACTER SET utf8mb3 COLLATE utf8mb3_general_ci NULL,
  `forecastcategory` int NULL DEFAULT 0,
  `outcomeanalysis` int NULL DEFAULT 0,
  `forecast_amount` decimal(25, 8) NULL DEFAULT NULL,
  `isconvertedfromlead` varchar(3) CHARACTER SET utf8mb3 COLLATE utf8mb3_general_ci NULL DEFAULT '0',
  `contact_id` int NULL DEFAULT NULL,
  `tags` varchar(1) CHARACTER SET utf8mb3 COLLATE utf8mb3_general_ci NULL DEFAULT NULL,
  `converted` int NOT NULL DEFAULT 0,
  PRIMARY KEY (`potentialid`) USING BTREE,
  INDEX `potential_relatedto_idx`(`related_to` ASC) USING BTREE,
  INDEX `potentail_sales_stage_idx`(`sales_stage` ASC) USING BTREE,
  INDEX `potentail_sales_stage_amount_idx`(`amount` ASC, `sales_stage` ASC) USING BTREE,
  CONSTRAINT `fk_1_vtiger_potential` FOREIGN KEY (`potentialid`) REFERENCES `vtiger_crmentity` (`crmid`) ON DELETE CASCADE ON UPDATE RESTRICT
) ENGINE = InnoDB CHARACTER SET = utf8mb3 COLLATE = utf8mb3_general_ci ROW_FORMAT = Dynamic;

-- ----------------------------
-- Records of vtiger_potential
-- ----------------------------

-- ----------------------------
-- Table structure for vtiger_potentialscf
-- ----------------------------
DROP TABLE IF EXISTS `vtiger_potentialscf`;
CREATE TABLE `vtiger_potentialscf`  (
  `potentialid` int NOT NULL DEFAULT 0,
  PRIMARY KEY (`potentialid`) USING BTREE,
  CONSTRAINT `fk_1_vtiger_potentialscf` FOREIGN KEY (`potentialid`) REFERENCES `vtiger_potential` (`potentialid`) ON DELETE CASCADE ON UPDATE RESTRICT
) ENGINE = InnoDB CHARACTER SET = utf8mb3 COLLATE = utf8mb3_general_ci ROW_FORMAT = Dynamic;

-- ----------------------------
-- Records of vtiger_potentialscf
-- ----------------------------

-- ----------------------------
-- Table structure for vtiger_potstagehistory
-- ----------------------------
DROP TABLE IF EXISTS `vtiger_potstagehistory`;
CREATE TABLE `vtiger_potstagehistory`  (
  `historyid` int NOT NULL AUTO_INCREMENT,
  `potentialid` int NOT NULL,
  `amount` decimal(10, 0) NULL DEFAULT NULL,
  `stage` varchar(100) CHARACTER SET utf8mb3 COLLATE utf8mb3_general_ci NULL DEFAULT NULL,
  `probability` decimal(7, 3) NULL DEFAULT NULL,
  `expectedrevenue` decimal(10, 0) NULL DEFAULT NULL,
  `closedate` date NULL DEFAULT NULL,
  `lastmodified` datetime NULL DEFAULT NULL,
  PRIMARY KEY (`historyid`) USING BTREE,
  INDEX `potstagehistory_potentialid_idx`(`potentialid` ASC) USING BTREE,
  CONSTRAINT `fk_1_vtiger_potstagehistory` FOREIGN KEY (`potentialid`) REFERENCES `vtiger_potential` (`potentialid`) ON DELETE CASCADE ON UPDATE RESTRICT
) ENGINE = InnoDB AUTO_INCREMENT = 1 CHARACTER SET = utf8mb3 COLLATE = utf8mb3_general_ci ROW_FORMAT = Dynamic;

-- ----------------------------
-- Records of vtiger_potstagehistory
-- ----------------------------

-- ----------------------------
-- Table structure for vtiger_pricebook
-- ----------------------------
DROP TABLE IF EXISTS `vtiger_pricebook`;
CREATE TABLE `vtiger_pricebook`  (
  `pricebookid` int NOT NULL DEFAULT 0,
  `pricebook_no` varchar(100) CHARACTER SET utf8mb3 COLLATE utf8mb3_general_ci NOT NULL,
  `bookname` varchar(100) CHARACTER SET utf8mb3 COLLATE utf8mb3_general_ci NULL DEFAULT NULL,
  `active` int NULL DEFAULT NULL,
  `currency_id` int NOT NULL DEFAULT 1,
  `tags` varchar(1) CHARACTER SET utf8mb3 COLLATE utf8mb3_general_ci NULL DEFAULT NULL,
  PRIMARY KEY (`pricebookid`) USING BTREE,
  CONSTRAINT `fk_1_vtiger_pricebook` FOREIGN KEY (`pricebookid`) REFERENCES `vtiger_crmentity` (`crmid`) ON DELETE CASCADE ON UPDATE RESTRICT
) ENGINE = InnoDB CHARACTER SET = utf8mb3 COLLATE = utf8mb3_general_ci ROW_FORMAT = Dynamic;

-- ----------------------------
-- Records of vtiger_pricebook
-- ----------------------------
INSERT INTO `vtiger_pricebook` VALUES (2, 'PB1', 'for friends', 1, 1, '');

-- ----------------------------
-- Table structure for vtiger_pricebookcf
-- ----------------------------
DROP TABLE IF EXISTS `vtiger_pricebookcf`;
CREATE TABLE `vtiger_pricebookcf`  (
  `pricebookid` int NOT NULL DEFAULT 0,
  PRIMARY KEY (`pricebookid`) USING BTREE,
  CONSTRAINT `fk_1_vtiger_pricebookcf` FOREIGN KEY (`pricebookid`) REFERENCES `vtiger_pricebook` (`pricebookid`) ON DELETE CASCADE ON UPDATE RESTRICT
) ENGINE = InnoDB CHARACTER SET = utf8mb3 COLLATE = utf8mb3_general_ci ROW_FORMAT = Dynamic;

-- ----------------------------
-- Records of vtiger_pricebookcf
-- ----------------------------
INSERT INTO `vtiger_pricebookcf` VALUES (2);

-- ----------------------------
-- Table structure for vtiger_pricebookproductrel
-- ----------------------------
DROP TABLE IF EXISTS `vtiger_pricebookproductrel`;
CREATE TABLE `vtiger_pricebookproductrel`  (
  `pricebookid` int NOT NULL,
  `productid` int NOT NULL,
  `listprice` decimal(27, 8) NULL DEFAULT NULL,
  `usedcurrency` int NOT NULL DEFAULT 1,
  PRIMARY KEY (`pricebookid`, `productid`) USING BTREE,
  INDEX `pricebookproductrel_pricebookid_idx`(`pricebookid` ASC) USING BTREE,
  INDEX `pricebookproductrel_productid_idx`(`productid` ASC) USING BTREE,
  CONSTRAINT `fk_1_vtiger_pricebookproductrel` FOREIGN KEY (`pricebookid`) REFERENCES `vtiger_pricebook` (`pricebookid`) ON DELETE CASCADE ON UPDATE RESTRICT
) ENGINE = InnoDB CHARACTER SET = utf8mb3 COLLATE = utf8mb3_general_ci ROW_FORMAT = Dynamic;

-- ----------------------------
-- Records of vtiger_pricebookproductrel
-- ----------------------------
INSERT INTO `vtiger_pricebookproductrel` VALUES (2, 3, 2000000.00000000, 1);

-- ----------------------------
-- Table structure for vtiger_priority
-- ----------------------------
DROP TABLE IF EXISTS `vtiger_priority`;
CREATE TABLE `vtiger_priority`  (
  `priorityid` int NOT NULL AUTO_INCREMENT,
  `priority` varchar(200) CHARACTER SET utf8mb3 COLLATE utf8mb3_general_ci NOT NULL,
  `sortorderid` int NOT NULL DEFAULT 0,
  `presence` int NOT NULL DEFAULT 1,
  PRIMARY KEY (`priorityid`) USING BTREE,
  UNIQUE INDEX `priority_priority_idx`(`priority` ASC) USING BTREE
) ENGINE = InnoDB CHARACTER SET = utf8mb3 COLLATE = utf8mb3_general_ci ROW_FORMAT = Dynamic;

-- ----------------------------
-- Records of vtiger_priority
-- ----------------------------

-- ----------------------------
-- Table structure for vtiger_productcategory
-- ----------------------------
DROP TABLE IF EXISTS `vtiger_productcategory`;
CREATE TABLE `vtiger_productcategory`  (
  `productcategoryid` int NOT NULL AUTO_INCREMENT,
  `productcategory` varchar(200) CHARACTER SET utf8mb3 COLLATE utf8mb3_general_ci NOT NULL,
  `presence` int NOT NULL DEFAULT 1,
  `picklist_valueid` int NOT NULL DEFAULT 0,
  `sortorderid` int NULL DEFAULT NULL,
  `color` varchar(10) CHARACTER SET utf8mb3 COLLATE utf8mb3_general_ci NULL DEFAULT NULL,
  PRIMARY KEY (`productcategoryid`) USING BTREE,
  UNIQUE INDEX `productcategory_productcategory_idx`(`productcategory` ASC) USING BTREE
) ENGINE = InnoDB AUTO_INCREMENT = 5 CHARACTER SET = utf8mb3 COLLATE = utf8mb3_general_ci ROW_FORMAT = Dynamic;

-- ----------------------------
-- Records of vtiger_productcategory
-- ----------------------------
INSERT INTO `vtiger_productcategory` VALUES (2, 'Hardware', 1, 136, 1, NULL);
INSERT INTO `vtiger_productcategory` VALUES (3, 'Software', 1, 137, 2, NULL);
INSERT INTO `vtiger_productcategory` VALUES (4, 'CRM Applications', 1, 138, 3, NULL);

-- ----------------------------
-- Table structure for vtiger_productcategory_seq
-- ----------------------------
DROP TABLE IF EXISTS `vtiger_productcategory_seq`;
CREATE TABLE `vtiger_productcategory_seq`  (
  `id` int NOT NULL
) ENGINE = InnoDB CHARACTER SET = utf8mb4 COLLATE = utf8mb4_0900_ai_ci ROW_FORMAT = Dynamic;

-- ----------------------------
-- Records of vtiger_productcategory_seq
-- ----------------------------
INSERT INTO `vtiger_productcategory_seq` VALUES (4);

-- ----------------------------
-- Table structure for vtiger_productcf
-- ----------------------------
DROP TABLE IF EXISTS `vtiger_productcf`;
CREATE TABLE `vtiger_productcf`  (
  `productid` int NOT NULL DEFAULT 0,
  PRIMARY KEY (`productid`) USING BTREE,
  CONSTRAINT `fk_1_vtiger_productcf` FOREIGN KEY (`productid`) REFERENCES `vtiger_products` (`productid`) ON DELETE CASCADE ON UPDATE RESTRICT
) ENGINE = InnoDB CHARACTER SET = utf8mb3 COLLATE = utf8mb3_general_ci ROW_FORMAT = Dynamic;

-- ----------------------------
-- Records of vtiger_productcf
-- ----------------------------
INSERT INTO `vtiger_productcf` VALUES (3);

-- ----------------------------
-- Table structure for vtiger_productcurrencyrel
-- ----------------------------
DROP TABLE IF EXISTS `vtiger_productcurrencyrel`;
CREATE TABLE `vtiger_productcurrencyrel`  (
  `productid` int NOT NULL,
  `currencyid` int NOT NULL,
  `converted_price` decimal(28, 8) NULL DEFAULT NULL,
  `actual_price` decimal(28, 8) NULL DEFAULT NULL
) ENGINE = InnoDB CHARACTER SET = utf8mb3 COLLATE = utf8mb3_general_ci ROW_FORMAT = Dynamic;

-- ----------------------------
-- Records of vtiger_productcurrencyrel
-- ----------------------------
INSERT INTO `vtiger_productcurrencyrel` VALUES (3, 1, 12000000.00000000, 12000000.00000000);

-- ----------------------------
-- Table structure for vtiger_products
-- ----------------------------
DROP TABLE IF EXISTS `vtiger_products`;
CREATE TABLE `vtiger_products`  (
  `productid` int NOT NULL,
  `product_no` varchar(100) CHARACTER SET utf8mb3 COLLATE utf8mb3_general_ci NOT NULL,
  `productname` varchar(255) CHARACTER SET utf8mb3 COLLATE utf8mb3_general_ci NULL DEFAULT NULL,
  `productcode` varchar(40) CHARACTER SET utf8mb3 COLLATE utf8mb3_general_ci NULL DEFAULT NULL,
  `productcategory` varchar(200) CHARACTER SET utf8mb3 COLLATE utf8mb3_general_ci NULL DEFAULT NULL,
  `manufacturer` varchar(200) CHARACTER SET utf8mb3 COLLATE utf8mb3_general_ci NULL DEFAULT NULL,
  `qty_per_unit` decimal(11, 2) NULL DEFAULT 0.00,
  `unit_price` decimal(25, 8) NULL DEFAULT NULL,
  `weight` decimal(11, 3) NULL DEFAULT NULL,
  `pack_size` int NULL DEFAULT NULL,
  `sales_start_date` date NULL DEFAULT NULL,
  `sales_end_date` date NULL DEFAULT NULL,
  `start_date` date NULL DEFAULT NULL,
  `expiry_date` date NULL DEFAULT NULL,
  `cost_factor` int NULL DEFAULT NULL,
  `commissionrate` decimal(7, 3) NULL DEFAULT NULL,
  `commissionmethod` varchar(50) CHARACTER SET utf8mb3 COLLATE utf8mb3_general_ci NULL DEFAULT NULL,
  `discontinued` int NOT NULL DEFAULT 0,
  `usageunit` varchar(200) CHARACTER SET utf8mb3 COLLATE utf8mb3_general_ci NULL DEFAULT NULL,
  `reorderlevel` int NULL DEFAULT NULL,
  `website` varchar(100) CHARACTER SET utf8mb3 COLLATE utf8mb3_general_ci NULL DEFAULT NULL,
  `taxclass` varchar(200) CHARACTER SET utf8mb3 COLLATE utf8mb3_general_ci NULL DEFAULT NULL,
  `mfr_part_no` varchar(200) CHARACTER SET utf8mb3 COLLATE utf8mb3_general_ci NULL DEFAULT NULL,
  `vendor_part_no` varchar(200) CHARACTER SET utf8mb3 COLLATE utf8mb3_general_ci NULL DEFAULT NULL,
  `serialno` varchar(200) CHARACTER SET utf8mb3 COLLATE utf8mb3_general_ci NULL DEFAULT NULL,
  `qtyinstock` decimal(25, 3) NULL DEFAULT NULL,
  `productsheet` varchar(200) CHARACTER SET utf8mb3 COLLATE utf8mb3_general_ci NULL DEFAULT NULL,
  `qtyindemand` int NULL DEFAULT NULL,
  `glacct` varchar(200) CHARACTER SET utf8mb3 COLLATE utf8mb3_general_ci NULL DEFAULT NULL,
  `vendor_id` int NULL DEFAULT NULL,
  `imagename` text CHARACTER SET utf8mb3 COLLATE utf8mb3_general_ci NULL,
  `currency_id` int NOT NULL DEFAULT 1,
  `is_subproducts_viewable` int NULL DEFAULT 1,
  `purchase_cost` decimal(27, 8) NULL DEFAULT NULL,
  `tags` varchar(1) CHARACTER SET utf8mb3 COLLATE utf8mb3_general_ci NULL DEFAULT NULL,
  PRIMARY KEY (`productid`) USING BTREE,
  CONSTRAINT `fk_1_vtiger_products` FOREIGN KEY (`productid`) REFERENCES `vtiger_crmentity` (`crmid`) ON DELETE CASCADE ON UPDATE RESTRICT
) ENGINE = InnoDB CHARACTER SET = utf8mb3 COLLATE = utf8mb3_general_ci ROW_FORMAT = Dynamic;

-- ----------------------------
-- Records of vtiger_products
-- ----------------------------
INSERT INTO `vtiger_products` VALUES (3, 'PRO1', 'Fortnite game', '', '', '', 0.00, 12000000.00000000, NULL, NULL, NULL, NULL, NULL, NULL, NULL, 0.000, NULL, 1, '', 0, '', '', '', '', '', 0.000, '', 0, '', 0, '', 1, 1, 0.00000000, '');

-- ----------------------------
-- Table structure for vtiger_producttaxrel
-- ----------------------------
DROP TABLE IF EXISTS `vtiger_producttaxrel`;
CREATE TABLE `vtiger_producttaxrel`  (
  `productid` int NOT NULL,
  `taxid` int NOT NULL,
  `taxpercentage` decimal(7, 3) NULL DEFAULT NULL,
  `regions` text CHARACTER SET utf8mb3 COLLATE utf8mb3_general_ci NULL,
  INDEX `producttaxrel_productid_idx`(`productid` ASC) USING BTREE,
  INDEX `producttaxrel_taxid_idx`(`taxid` ASC) USING BTREE,
  CONSTRAINT `fk_crmid_vtiger_producttaxrel` FOREIGN KEY (`productid`) REFERENCES `vtiger_crmentity` (`crmid`) ON DELETE CASCADE ON UPDATE RESTRICT
) ENGINE = InnoDB CHARACTER SET = utf8mb3 COLLATE = utf8mb3_general_ci ROW_FORMAT = Dynamic;

-- ----------------------------
-- Records of vtiger_producttaxrel
-- ----------------------------

-- ----------------------------
-- Table structure for vtiger_profile
-- ----------------------------
DROP TABLE IF EXISTS `vtiger_profile`;
CREATE TABLE `vtiger_profile`  (
  `profileid` int NOT NULL AUTO_INCREMENT,
  `profilename` varchar(50) CHARACTER SET utf8mb3 COLLATE utf8mb3_general_ci NOT NULL,
  `description` text CHARACTER SET utf8mb3 COLLATE utf8mb3_general_ci NULL,
  `directly_related_to_role` int NULL DEFAULT 0,
  PRIMARY KEY (`profileid`) USING BTREE
) ENGINE = InnoDB AUTO_INCREMENT = 5 CHARACTER SET = utf8mb3 COLLATE = utf8mb3_general_ci ROW_FORMAT = Dynamic;

-- ----------------------------
-- Records of vtiger_profile
-- ----------------------------
INSERT INTO `vtiger_profile` VALUES (1, 'Administrator', 'Admin Profile', 0);
INSERT INTO `vtiger_profile` VALUES (2, 'Sales Profile', 'Profile Related to Sales', 0);
INSERT INTO `vtiger_profile` VALUES (3, 'Support Profile', 'Profile Related to Support', 0);
INSERT INTO `vtiger_profile` VALUES (4, 'Guest Profile', 'Guest Profile for Test Users', 0);

-- ----------------------------
-- Table structure for vtiger_profile2field
-- ----------------------------
DROP TABLE IF EXISTS `vtiger_profile2field`;
CREATE TABLE `vtiger_profile2field`  (
  `profileid` int NOT NULL,
  `tabid` int NULL DEFAULT NULL,
  `fieldid` int NOT NULL,
  `visible` int NULL DEFAULT NULL,
  `readonly` int NULL DEFAULT NULL,
  PRIMARY KEY (`profileid`, `fieldid`) USING BTREE,
  INDEX `profile2field_profileid_tabid_fieldname_idx`(`profileid` ASC, `tabid` ASC) USING BTREE,
  INDEX `profile2field_tabid_profileid_idx`(`tabid` ASC, `profileid` ASC) USING BTREE,
  INDEX `profile2field_visible_profileid_idx`(`visible` ASC, `profileid` ASC) USING BTREE
) ENGINE = InnoDB CHARACTER SET = utf8mb3 COLLATE = utf8mb3_general_ci ROW_FORMAT = Dynamic;

-- ----------------------------
-- Records of vtiger_profile2field
-- ----------------------------
INSERT INTO `vtiger_profile2field` VALUES (1, 6, 1, 0, 0);
INSERT INTO `vtiger_profile2field` VALUES (1, 6, 2, 0, 0);
INSERT INTO `vtiger_profile2field` VALUES (1, 6, 3, 0, 0);
INSERT INTO `vtiger_profile2field` VALUES (1, 6, 4, 0, 0);
INSERT INTO `vtiger_profile2field` VALUES (1, 6, 5, 0, 0);
INSERT INTO `vtiger_profile2field` VALUES (1, 6, 6, 0, 0);
INSERT INTO `vtiger_profile2field` VALUES (1, 6, 7, 0, 0);
INSERT INTO `vtiger_profile2field` VALUES (1, 6, 8, 0, 0);
INSERT INTO `vtiger_profile2field` VALUES (1, 6, 9, 0, 0);
INSERT INTO `vtiger_profile2field` VALUES (1, 6, 10, 0, 0);
INSERT INTO `vtiger_profile2field` VALUES (1, 6, 11, 0, 0);
INSERT INTO `vtiger_profile2field` VALUES (1, 6, 12, 0, 0);
INSERT INTO `vtiger_profile2field` VALUES (1, 6, 13, 0, 0);
INSERT INTO `vtiger_profile2field` VALUES (1, 6, 14, 0, 0);
INSERT INTO `vtiger_profile2field` VALUES (1, 6, 15, 0, 0);
INSERT INTO `vtiger_profile2field` VALUES (1, 6, 16, 0, 0);
INSERT INTO `vtiger_profile2field` VALUES (1, 6, 17, 0, 0);
INSERT INTO `vtiger_profile2field` VALUES (1, 6, 18, 0, 0);
INSERT INTO `vtiger_profile2field` VALUES (1, 6, 19, 0, 0);
INSERT INTO `vtiger_profile2field` VALUES (1, 6, 20, 0, 0);
INSERT INTO `vtiger_profile2field` VALUES (1, 6, 21, 0, 0);
INSERT INTO `vtiger_profile2field` VALUES (1, 6, 22, 0, 0);
INSERT INTO `vtiger_profile2field` VALUES (1, 6, 23, 0, 0);
INSERT INTO `vtiger_profile2field` VALUES (1, 6, 24, 0, 0);
INSERT INTO `vtiger_profile2field` VALUES (1, 6, 25, 0, 0);
INSERT INTO `vtiger_profile2field` VALUES (1, 6, 26, 0, 0);
INSERT INTO `vtiger_profile2field` VALUES (1, 6, 27, 0, 0);
INSERT INTO `vtiger_profile2field` VALUES (1, 6, 28, 0, 0);
INSERT INTO `vtiger_profile2field` VALUES (1, 6, 29, 0, 0);
INSERT INTO `vtiger_profile2field` VALUES (1, 6, 30, 0, 0);
INSERT INTO `vtiger_profile2field` VALUES (1, 6, 31, 0, 0);
INSERT INTO `vtiger_profile2field` VALUES (1, 6, 32, 0, 0);
INSERT INTO `vtiger_profile2field` VALUES (1, 6, 33, 0, 0);
INSERT INTO `vtiger_profile2field` VALUES (1, 6, 34, 0, 0);
INSERT INTO `vtiger_profile2field` VALUES (1, 6, 35, 0, 0);
INSERT INTO `vtiger_profile2field` VALUES (1, 6, 36, 0, 0);
INSERT INTO `vtiger_profile2field` VALUES (1, 7, 37, 0, 0);
INSERT INTO `vtiger_profile2field` VALUES (1, 7, 38, 0, 0);
INSERT INTO `vtiger_profile2field` VALUES (1, 7, 39, 0, 0);
INSERT INTO `vtiger_profile2field` VALUES (1, 7, 40, 0, 0);
INSERT INTO `vtiger_profile2field` VALUES (1, 7, 41, 0, 0);
INSERT INTO `vtiger_profile2field` VALUES (1, 7, 42, 0, 0);
INSERT INTO `vtiger_profile2field` VALUES (1, 7, 43, 0, 0);
INSERT INTO `vtiger_profile2field` VALUES (1, 7, 44, 0, 0);
INSERT INTO `vtiger_profile2field` VALUES (1, 7, 45, 0, 0);
INSERT INTO `vtiger_profile2field` VALUES (1, 7, 46, 0, 0);
INSERT INTO `vtiger_profile2field` VALUES (1, 7, 47, 0, 0);
INSERT INTO `vtiger_profile2field` VALUES (1, 7, 48, 0, 0);
INSERT INTO `vtiger_profile2field` VALUES (1, 7, 49, 0, 0);
INSERT INTO `vtiger_profile2field` VALUES (1, 7, 50, 0, 0);
INSERT INTO `vtiger_profile2field` VALUES (1, 7, 51, 0, 0);
INSERT INTO `vtiger_profile2field` VALUES (1, 7, 52, 0, 0);
INSERT INTO `vtiger_profile2field` VALUES (1, 7, 53, 0, 0);
INSERT INTO `vtiger_profile2field` VALUES (1, 7, 54, 0, 0);
INSERT INTO `vtiger_profile2field` VALUES (1, 7, 55, 0, 0);
INSERT INTO `vtiger_profile2field` VALUES (1, 7, 56, 0, 0);
INSERT INTO `vtiger_profile2field` VALUES (1, 7, 57, 0, 0);
INSERT INTO `vtiger_profile2field` VALUES (1, 7, 58, 0, 0);
INSERT INTO `vtiger_profile2field` VALUES (1, 7, 59, 0, 0);
INSERT INTO `vtiger_profile2field` VALUES (1, 7, 60, 0, 0);
INSERT INTO `vtiger_profile2field` VALUES (1, 7, 61, 0, 0);
INSERT INTO `vtiger_profile2field` VALUES (1, 7, 62, 0, 0);
INSERT INTO `vtiger_profile2field` VALUES (1, 7, 63, 0, 0);
INSERT INTO `vtiger_profile2field` VALUES (1, 7, 64, 0, 0);
INSERT INTO `vtiger_profile2field` VALUES (1, 7, 65, 0, 0);
INSERT INTO `vtiger_profile2field` VALUES (1, 4, 66, 0, 0);
INSERT INTO `vtiger_profile2field` VALUES (1, 4, 67, 0, 0);
INSERT INTO `vtiger_profile2field` VALUES (1, 4, 68, 0, 0);
INSERT INTO `vtiger_profile2field` VALUES (1, 4, 69, 0, 0);
INSERT INTO `vtiger_profile2field` VALUES (1, 4, 70, 0, 0);
INSERT INTO `vtiger_profile2field` VALUES (1, 4, 71, 0, 0);
INSERT INTO `vtiger_profile2field` VALUES (1, 4, 72, 0, 0);
INSERT INTO `vtiger_profile2field` VALUES (1, 4, 73, 0, 0);
INSERT INTO `vtiger_profile2field` VALUES (1, 4, 74, 0, 0);
INSERT INTO `vtiger_profile2field` VALUES (1, 4, 75, 0, 0);
INSERT INTO `vtiger_profile2field` VALUES (1, 4, 76, 0, 0);
INSERT INTO `vtiger_profile2field` VALUES (1, 4, 77, 0, 0);
INSERT INTO `vtiger_profile2field` VALUES (1, 4, 78, 0, 0);
INSERT INTO `vtiger_profile2field` VALUES (1, 4, 79, 0, 0);
INSERT INTO `vtiger_profile2field` VALUES (1, 4, 80, 0, 0);
INSERT INTO `vtiger_profile2field` VALUES (1, 4, 81, 0, 0);
INSERT INTO `vtiger_profile2field` VALUES (1, 4, 82, 0, 0);
INSERT INTO `vtiger_profile2field` VALUES (1, 4, 83, 0, 0);
INSERT INTO `vtiger_profile2field` VALUES (1, 4, 84, 0, 0);
INSERT INTO `vtiger_profile2field` VALUES (1, 4, 85, 0, 0);
INSERT INTO `vtiger_profile2field` VALUES (1, 4, 86, 0, 0);
INSERT INTO `vtiger_profile2field` VALUES (1, 4, 87, 0, 0);
INSERT INTO `vtiger_profile2field` VALUES (1, 4, 88, 0, 0);
INSERT INTO `vtiger_profile2field` VALUES (1, 4, 89, 0, 0);
INSERT INTO `vtiger_profile2field` VALUES (1, 4, 90, 0, 0);
INSERT INTO `vtiger_profile2field` VALUES (1, 4, 91, 0, 0);
INSERT INTO `vtiger_profile2field` VALUES (1, 4, 92, 0, 0);
INSERT INTO `vtiger_profile2field` VALUES (1, 4, 93, 0, 0);
INSERT INTO `vtiger_profile2field` VALUES (1, 4, 94, 0, 0);
INSERT INTO `vtiger_profile2field` VALUES (1, 4, 95, 0, 0);
INSERT INTO `vtiger_profile2field` VALUES (1, 4, 96, 0, 0);
INSERT INTO `vtiger_profile2field` VALUES (1, 4, 97, 0, 0);
INSERT INTO `vtiger_profile2field` VALUES (1, 4, 98, 0, 0);
INSERT INTO `vtiger_profile2field` VALUES (1, 4, 99, 0, 0);
INSERT INTO `vtiger_profile2field` VALUES (1, 4, 100, 0, 0);
INSERT INTO `vtiger_profile2field` VALUES (1, 4, 101, 0, 0);
INSERT INTO `vtiger_profile2field` VALUES (1, 4, 102, 0, 0);
INSERT INTO `vtiger_profile2field` VALUES (1, 4, 103, 0, 0);
INSERT INTO `vtiger_profile2field` VALUES (1, 4, 104, 0, 0);
INSERT INTO `vtiger_profile2field` VALUES (1, 4, 105, 0, 0);
INSERT INTO `vtiger_profile2field` VALUES (1, 4, 106, 0, 0);
INSERT INTO `vtiger_profile2field` VALUES (1, 4, 107, 0, 0);
INSERT INTO `vtiger_profile2field` VALUES (1, 4, 108, 0, 0);
INSERT INTO `vtiger_profile2field` VALUES (1, 4, 109, 0, 0);
INSERT INTO `vtiger_profile2field` VALUES (1, 2, 110, 0, 0);
INSERT INTO `vtiger_profile2field` VALUES (1, 2, 111, 0, 0);
INSERT INTO `vtiger_profile2field` VALUES (1, 2, 112, 0, 0);
INSERT INTO `vtiger_profile2field` VALUES (1, 2, 113, 0, 0);
INSERT INTO `vtiger_profile2field` VALUES (1, 2, 114, 0, 0);
INSERT INTO `vtiger_profile2field` VALUES (1, 2, 115, 0, 0);
INSERT INTO `vtiger_profile2field` VALUES (1, 2, 116, 0, 0);
INSERT INTO `vtiger_profile2field` VALUES (1, 2, 117, 0, 0);
INSERT INTO `vtiger_profile2field` VALUES (1, 2, 118, 0, 0);
INSERT INTO `vtiger_profile2field` VALUES (1, 2, 119, 0, 0);
INSERT INTO `vtiger_profile2field` VALUES (1, 2, 120, 0, 0);
INSERT INTO `vtiger_profile2field` VALUES (1, 2, 121, 0, 0);
INSERT INTO `vtiger_profile2field` VALUES (1, 2, 122, 0, 0);
INSERT INTO `vtiger_profile2field` VALUES (1, 2, 123, 0, 0);
INSERT INTO `vtiger_profile2field` VALUES (1, 2, 124, 0, 0);
INSERT INTO `vtiger_profile2field` VALUES (1, 2, 125, 0, 0);
INSERT INTO `vtiger_profile2field` VALUES (1, 26, 126, 0, 0);
INSERT INTO `vtiger_profile2field` VALUES (1, 26, 127, 0, 0);
INSERT INTO `vtiger_profile2field` VALUES (1, 26, 128, 0, 0);
INSERT INTO `vtiger_profile2field` VALUES (1, 26, 129, 0, 0);
INSERT INTO `vtiger_profile2field` VALUES (1, 26, 130, 0, 0);
INSERT INTO `vtiger_profile2field` VALUES (1, 26, 131, 0, 0);
INSERT INTO `vtiger_profile2field` VALUES (1, 26, 132, 0, 0);
INSERT INTO `vtiger_profile2field` VALUES (1, 26, 133, 0, 0);
INSERT INTO `vtiger_profile2field` VALUES (1, 26, 134, 0, 0);
INSERT INTO `vtiger_profile2field` VALUES (1, 26, 135, 0, 0);
INSERT INTO `vtiger_profile2field` VALUES (1, 26, 136, 0, 0);
INSERT INTO `vtiger_profile2field` VALUES (1, 26, 137, 0, 0);
INSERT INTO `vtiger_profile2field` VALUES (1, 26, 138, 0, 0);
INSERT INTO `vtiger_profile2field` VALUES (1, 26, 139, 0, 0);
INSERT INTO `vtiger_profile2field` VALUES (1, 26, 140, 0, 0);
INSERT INTO `vtiger_profile2field` VALUES (1, 26, 141, 0, 0);
INSERT INTO `vtiger_profile2field` VALUES (1, 26, 142, 0, 0);
INSERT INTO `vtiger_profile2field` VALUES (1, 26, 143, 0, 0);
INSERT INTO `vtiger_profile2field` VALUES (1, 26, 144, 0, 0);
INSERT INTO `vtiger_profile2field` VALUES (1, 26, 145, 0, 0);
INSERT INTO `vtiger_profile2field` VALUES (1, 26, 146, 0, 0);
INSERT INTO `vtiger_profile2field` VALUES (1, 26, 147, 0, 0);
INSERT INTO `vtiger_profile2field` VALUES (1, 26, 148, 0, 0);
INSERT INTO `vtiger_profile2field` VALUES (1, 26, 149, 0, 0);
INSERT INTO `vtiger_profile2field` VALUES (1, 26, 150, 0, 0);
INSERT INTO `vtiger_profile2field` VALUES (1, 4, 151, 0, 0);
INSERT INTO `vtiger_profile2field` VALUES (1, 6, 152, 0, 0);
INSERT INTO `vtiger_profile2field` VALUES (1, 7, 153, 0, 0);
INSERT INTO `vtiger_profile2field` VALUES (1, 26, 154, 0, 0);
INSERT INTO `vtiger_profile2field` VALUES (1, 13, 155, 0, 0);
INSERT INTO `vtiger_profile2field` VALUES (1, 13, 156, 0, 0);
INSERT INTO `vtiger_profile2field` VALUES (1, 13, 157, 0, 0);
INSERT INTO `vtiger_profile2field` VALUES (1, 13, 158, 0, 0);
INSERT INTO `vtiger_profile2field` VALUES (1, 13, 159, 0, 0);
INSERT INTO `vtiger_profile2field` VALUES (1, 13, 160, 0, 0);
INSERT INTO `vtiger_profile2field` VALUES (1, 13, 161, 0, 0);
INSERT INTO `vtiger_profile2field` VALUES (1, 13, 162, 0, 0);
INSERT INTO `vtiger_profile2field` VALUES (1, 13, 163, 0, 0);
INSERT INTO `vtiger_profile2field` VALUES (1, 13, 164, 0, 0);
INSERT INTO `vtiger_profile2field` VALUES (1, 13, 165, 0, 0);
INSERT INTO `vtiger_profile2field` VALUES (1, 13, 166, 0, 0);
INSERT INTO `vtiger_profile2field` VALUES (1, 13, 167, 0, 0);
INSERT INTO `vtiger_profile2field` VALUES (1, 13, 168, 0, 0);
INSERT INTO `vtiger_profile2field` VALUES (1, 13, 169, 0, 0);
INSERT INTO `vtiger_profile2field` VALUES (1, 13, 170, 0, 0);
INSERT INTO `vtiger_profile2field` VALUES (1, 13, 171, 0, 0);
INSERT INTO `vtiger_profile2field` VALUES (1, 13, 172, 0, 0);
INSERT INTO `vtiger_profile2field` VALUES (1, 13, 173, 0, 0);
INSERT INTO `vtiger_profile2field` VALUES (1, 14, 174, 0, 0);
INSERT INTO `vtiger_profile2field` VALUES (1, 14, 175, 0, 0);
INSERT INTO `vtiger_profile2field` VALUES (1, 14, 176, 0, 0);
INSERT INTO `vtiger_profile2field` VALUES (1, 14, 177, 0, 0);
INSERT INTO `vtiger_profile2field` VALUES (1, 14, 178, 0, 0);
INSERT INTO `vtiger_profile2field` VALUES (1, 14, 179, 0, 0);
INSERT INTO `vtiger_profile2field` VALUES (1, 14, 180, 0, 0);
INSERT INTO `vtiger_profile2field` VALUES (1, 14, 181, 0, 0);
INSERT INTO `vtiger_profile2field` VALUES (1, 14, 182, 0, 0);
INSERT INTO `vtiger_profile2field` VALUES (1, 14, 183, 0, 0);
INSERT INTO `vtiger_profile2field` VALUES (1, 14, 184, 0, 0);
INSERT INTO `vtiger_profile2field` VALUES (1, 14, 185, 0, 0);
INSERT INTO `vtiger_profile2field` VALUES (1, 14, 186, 0, 0);
INSERT INTO `vtiger_profile2field` VALUES (1, 14, 187, 0, 0);
INSERT INTO `vtiger_profile2field` VALUES (1, 14, 188, 0, 0);
INSERT INTO `vtiger_profile2field` VALUES (1, 14, 189, 0, 0);
INSERT INTO `vtiger_profile2field` VALUES (1, 14, 190, 0, 0);
INSERT INTO `vtiger_profile2field` VALUES (1, 14, 191, 0, 0);
INSERT INTO `vtiger_profile2field` VALUES (1, 14, 192, 0, 0);
INSERT INTO `vtiger_profile2field` VALUES (1, 14, 193, 0, 0);
INSERT INTO `vtiger_profile2field` VALUES (1, 14, 194, 0, 0);
INSERT INTO `vtiger_profile2field` VALUES (1, 14, 195, 0, 0);
INSERT INTO `vtiger_profile2field` VALUES (1, 14, 196, 0, 0);
INSERT INTO `vtiger_profile2field` VALUES (1, 14, 197, 0, 0);
INSERT INTO `vtiger_profile2field` VALUES (1, 14, 198, 0, 0);
INSERT INTO `vtiger_profile2field` VALUES (1, 14, 199, 0, 0);
INSERT INTO `vtiger_profile2field` VALUES (1, 14, 200, 0, 0);
INSERT INTO `vtiger_profile2field` VALUES (1, 14, 201, 0, 0);
INSERT INTO `vtiger_profile2field` VALUES (1, 14, 202, 0, 0);
INSERT INTO `vtiger_profile2field` VALUES (1, 14, 203, 0, 0);
INSERT INTO `vtiger_profile2field` VALUES (1, 14, 204, 0, 0);
INSERT INTO `vtiger_profile2field` VALUES (1, 8, 205, 0, 0);
INSERT INTO `vtiger_profile2field` VALUES (1, 8, 206, 0, 0);
INSERT INTO `vtiger_profile2field` VALUES (1, 8, 207, 0, 0);
INSERT INTO `vtiger_profile2field` VALUES (1, 8, 208, 0, 0);
INSERT INTO `vtiger_profile2field` VALUES (1, 8, 209, 0, 0);
INSERT INTO `vtiger_profile2field` VALUES (1, 8, 210, 0, 0);
INSERT INTO `vtiger_profile2field` VALUES (1, 8, 211, 0, 0);
INSERT INTO `vtiger_profile2field` VALUES (1, 8, 212, 0, 0);
INSERT INTO `vtiger_profile2field` VALUES (1, 8, 213, 0, 0);
INSERT INTO `vtiger_profile2field` VALUES (1, 8, 214, 0, 0);
INSERT INTO `vtiger_profile2field` VALUES (1, 8, 215, 0, 0);
INSERT INTO `vtiger_profile2field` VALUES (1, 8, 216, 0, 0);
INSERT INTO `vtiger_profile2field` VALUES (1, 8, 217, 0, 0);
INSERT INTO `vtiger_profile2field` VALUES (1, 8, 218, 0, 0);
INSERT INTO `vtiger_profile2field` VALUES (1, 8, 219, 0, 0);
INSERT INTO `vtiger_profile2field` VALUES (1, 10, 220, 0, 0);
INSERT INTO `vtiger_profile2field` VALUES (1, 10, 221, 0, 0);
INSERT INTO `vtiger_profile2field` VALUES (1, 10, 222, 0, 0);
INSERT INTO `vtiger_profile2field` VALUES (1, 10, 223, 0, 0);
INSERT INTO `vtiger_profile2field` VALUES (1, 10, 224, 0, 0);
INSERT INTO `vtiger_profile2field` VALUES (1, 10, 225, 0, 0);
INSERT INTO `vtiger_profile2field` VALUES (1, 10, 226, 0, 0);
INSERT INTO `vtiger_profile2field` VALUES (1, 10, 227, 0, 0);
INSERT INTO `vtiger_profile2field` VALUES (1, 10, 228, 0, 0);
INSERT INTO `vtiger_profile2field` VALUES (1, 10, 229, 0, 0);
INSERT INTO `vtiger_profile2field` VALUES (1, 10, 230, 0, 0);
INSERT INTO `vtiger_profile2field` VALUES (1, 10, 231, 0, 0);
INSERT INTO `vtiger_profile2field` VALUES (1, 9, 232, 0, 0);
INSERT INTO `vtiger_profile2field` VALUES (1, 9, 233, 0, 0);
INSERT INTO `vtiger_profile2field` VALUES (1, 9, 234, 0, 0);
INSERT INTO `vtiger_profile2field` VALUES (1, 9, 235, 0, 0);
INSERT INTO `vtiger_profile2field` VALUES (1, 9, 236, 0, 0);
INSERT INTO `vtiger_profile2field` VALUES (1, 9, 237, 0, 0);
INSERT INTO `vtiger_profile2field` VALUES (1, 9, 238, 0, 0);
INSERT INTO `vtiger_profile2field` VALUES (1, 9, 239, 0, 0);
INSERT INTO `vtiger_profile2field` VALUES (1, 9, 240, 0, 0);
INSERT INTO `vtiger_profile2field` VALUES (1, 9, 241, 0, 0);
INSERT INTO `vtiger_profile2field` VALUES (1, 9, 242, 0, 0);
INSERT INTO `vtiger_profile2field` VALUES (1, 9, 243, 0, 0);
INSERT INTO `vtiger_profile2field` VALUES (1, 9, 244, 0, 0);
INSERT INTO `vtiger_profile2field` VALUES (1, 9, 245, 0, 0);
INSERT INTO `vtiger_profile2field` VALUES (1, 9, 246, 0, 0);
INSERT INTO `vtiger_profile2field` VALUES (1, 9, 247, 0, 0);
INSERT INTO `vtiger_profile2field` VALUES (1, 9, 248, 0, 0);
INSERT INTO `vtiger_profile2field` VALUES (1, 9, 249, 0, 0);
INSERT INTO `vtiger_profile2field` VALUES (1, 9, 250, 0, 0);
INSERT INTO `vtiger_profile2field` VALUES (1, 9, 251, 0, 0);
INSERT INTO `vtiger_profile2field` VALUES (1, 9, 252, 0, 0);
INSERT INTO `vtiger_profile2field` VALUES (1, 9, 253, 0, 0);
INSERT INTO `vtiger_profile2field` VALUES (1, 9, 254, 0, 0);
INSERT INTO `vtiger_profile2field` VALUES (1, 9, 255, 0, 0);
INSERT INTO `vtiger_profile2field` VALUES (1, 16, 256, 0, 0);
INSERT INTO `vtiger_profile2field` VALUES (1, 16, 257, 0, 0);
INSERT INTO `vtiger_profile2field` VALUES (1, 16, 258, 0, 0);
INSERT INTO `vtiger_profile2field` VALUES (1, 16, 259, 0, 0);
INSERT INTO `vtiger_profile2field` VALUES (1, 16, 260, 0, 0);
INSERT INTO `vtiger_profile2field` VALUES (1, 16, 261, 0, 0);
INSERT INTO `vtiger_profile2field` VALUES (1, 16, 262, 0, 0);
INSERT INTO `vtiger_profile2field` VALUES (1, 16, 263, 0, 0);
INSERT INTO `vtiger_profile2field` VALUES (1, 16, 264, 0, 0);
INSERT INTO `vtiger_profile2field` VALUES (1, 16, 265, 0, 0);
INSERT INTO `vtiger_profile2field` VALUES (1, 16, 266, 0, 0);
INSERT INTO `vtiger_profile2field` VALUES (1, 16, 267, 0, 0);
INSERT INTO `vtiger_profile2field` VALUES (1, 16, 268, 0, 0);
INSERT INTO `vtiger_profile2field` VALUES (1, 16, 269, 0, 0);
INSERT INTO `vtiger_profile2field` VALUES (1, 16, 270, 0, 0);
INSERT INTO `vtiger_profile2field` VALUES (1, 16, 271, 0, 0);
INSERT INTO `vtiger_profile2field` VALUES (1, 16, 272, 0, 0);
INSERT INTO `vtiger_profile2field` VALUES (1, 16, 273, 0, 0);
INSERT INTO `vtiger_profile2field` VALUES (1, 16, 274, 0, 0);
INSERT INTO `vtiger_profile2field` VALUES (1, 16, 275, 0, 0);
INSERT INTO `vtiger_profile2field` VALUES (1, 16, 276, 0, 0);
INSERT INTO `vtiger_profile2field` VALUES (1, 16, 277, 0, 0);
INSERT INTO `vtiger_profile2field` VALUES (1, 16, 278, 0, 0);
INSERT INTO `vtiger_profile2field` VALUES (1, 15, 279, 0, 0);
INSERT INTO `vtiger_profile2field` VALUES (1, 15, 280, 0, 0);
INSERT INTO `vtiger_profile2field` VALUES (1, 15, 281, 0, 0);
INSERT INTO `vtiger_profile2field` VALUES (1, 15, 282, 0, 0);
INSERT INTO `vtiger_profile2field` VALUES (1, 15, 283, 0, 0);
INSERT INTO `vtiger_profile2field` VALUES (1, 15, 284, 0, 0);
INSERT INTO `vtiger_profile2field` VALUES (1, 15, 285, 0, 0);
INSERT INTO `vtiger_profile2field` VALUES (1, 15, 286, 0, 0);
INSERT INTO `vtiger_profile2field` VALUES (1, 15, 287, 0, 0);
INSERT INTO `vtiger_profile2field` VALUES (1, 15, 288, 0, 0);
INSERT INTO `vtiger_profile2field` VALUES (1, 18, 289, 0, 0);
INSERT INTO `vtiger_profile2field` VALUES (1, 18, 290, 0, 0);
INSERT INTO `vtiger_profile2field` VALUES (1, 18, 291, 0, 0);
INSERT INTO `vtiger_profile2field` VALUES (1, 18, 292, 0, 0);
INSERT INTO `vtiger_profile2field` VALUES (1, 18, 293, 0, 0);
INSERT INTO `vtiger_profile2field` VALUES (1, 18, 294, 0, 0);
INSERT INTO `vtiger_profile2field` VALUES (1, 18, 295, 0, 0);
INSERT INTO `vtiger_profile2field` VALUES (1, 18, 296, 0, 0);
INSERT INTO `vtiger_profile2field` VALUES (1, 18, 297, 0, 0);
INSERT INTO `vtiger_profile2field` VALUES (1, 18, 298, 0, 0);
INSERT INTO `vtiger_profile2field` VALUES (1, 18, 299, 0, 0);
INSERT INTO `vtiger_profile2field` VALUES (1, 18, 300, 0, 0);
INSERT INTO `vtiger_profile2field` VALUES (1, 18, 301, 0, 0);
INSERT INTO `vtiger_profile2field` VALUES (1, 18, 302, 0, 0);
INSERT INTO `vtiger_profile2field` VALUES (1, 18, 303, 0, 0);
INSERT INTO `vtiger_profile2field` VALUES (1, 18, 304, 0, 0);
INSERT INTO `vtiger_profile2field` VALUES (1, 18, 305, 0, 0);
INSERT INTO `vtiger_profile2field` VALUES (1, 19, 306, 0, 0);
INSERT INTO `vtiger_profile2field` VALUES (1, 19, 307, 0, 0);
INSERT INTO `vtiger_profile2field` VALUES (1, 19, 308, 0, 0);
INSERT INTO `vtiger_profile2field` VALUES (1, 19, 309, 0, 0);
INSERT INTO `vtiger_profile2field` VALUES (1, 19, 310, 0, 0);
INSERT INTO `vtiger_profile2field` VALUES (1, 19, 311, 0, 0);
INSERT INTO `vtiger_profile2field` VALUES (1, 19, 312, 0, 0);
INSERT INTO `vtiger_profile2field` VALUES (1, 19, 313, 0, 0);
INSERT INTO `vtiger_profile2field` VALUES (1, 20, 314, 0, 0);
INSERT INTO `vtiger_profile2field` VALUES (1, 20, 315, 0, 0);
INSERT INTO `vtiger_profile2field` VALUES (1, 20, 316, 0, 0);
INSERT INTO `vtiger_profile2field` VALUES (1, 20, 317, 0, 0);
INSERT INTO `vtiger_profile2field` VALUES (1, 20, 318, 0, 0);
INSERT INTO `vtiger_profile2field` VALUES (1, 20, 319, 0, 0);
INSERT INTO `vtiger_profile2field` VALUES (1, 20, 320, 0, 0);
INSERT INTO `vtiger_profile2field` VALUES (1, 20, 321, 0, 0);
INSERT INTO `vtiger_profile2field` VALUES (1, 20, 322, 0, 0);
INSERT INTO `vtiger_profile2field` VALUES (1, 20, 323, 0, 0);
INSERT INTO `vtiger_profile2field` VALUES (1, 20, 324, 0, 0);
INSERT INTO `vtiger_profile2field` VALUES (1, 20, 325, 0, 0);
INSERT INTO `vtiger_profile2field` VALUES (1, 20, 326, 0, 0);
INSERT INTO `vtiger_profile2field` VALUES (1, 20, 327, 0, 0);
INSERT INTO `vtiger_profile2field` VALUES (1, 20, 328, 0, 0);
INSERT INTO `vtiger_profile2field` VALUES (1, 20, 329, 0, 0);
INSERT INTO `vtiger_profile2field` VALUES (1, 20, 330, 0, 0);
INSERT INTO `vtiger_profile2field` VALUES (1, 20, 331, 0, 0);
INSERT INTO `vtiger_profile2field` VALUES (1, 20, 332, 0, 0);
INSERT INTO `vtiger_profile2field` VALUES (1, 20, 333, 0, 0);
INSERT INTO `vtiger_profile2field` VALUES (1, 20, 334, 0, 0);
INSERT INTO `vtiger_profile2field` VALUES (1, 20, 335, 0, 0);
INSERT INTO `vtiger_profile2field` VALUES (1, 20, 336, 0, 0);
INSERT INTO `vtiger_profile2field` VALUES (1, 20, 337, 0, 0);
INSERT INTO `vtiger_profile2field` VALUES (1, 20, 338, 0, 0);
INSERT INTO `vtiger_profile2field` VALUES (1, 20, 339, 0, 0);
INSERT INTO `vtiger_profile2field` VALUES (1, 20, 340, 0, 0);
INSERT INTO `vtiger_profile2field` VALUES (1, 20, 341, 0, 0);
INSERT INTO `vtiger_profile2field` VALUES (1, 20, 342, 0, 0);
INSERT INTO `vtiger_profile2field` VALUES (1, 20, 343, 0, 0);
INSERT INTO `vtiger_profile2field` VALUES (1, 20, 344, 0, 0);
INSERT INTO `vtiger_profile2field` VALUES (1, 20, 345, 0, 0);
INSERT INTO `vtiger_profile2field` VALUES (1, 20, 346, 0, 0);
INSERT INTO `vtiger_profile2field` VALUES (1, 20, 347, 0, 0);
INSERT INTO `vtiger_profile2field` VALUES (1, 20, 348, 0, 0);
INSERT INTO `vtiger_profile2field` VALUES (1, 20, 349, 0, 0);
INSERT INTO `vtiger_profile2field` VALUES (1, 20, 350, 0, 0);
INSERT INTO `vtiger_profile2field` VALUES (1, 21, 351, 0, 0);
INSERT INTO `vtiger_profile2field` VALUES (1, 21, 352, 0, 0);
INSERT INTO `vtiger_profile2field` VALUES (1, 21, 353, 0, 0);
INSERT INTO `vtiger_profile2field` VALUES (1, 21, 354, 0, 0);
INSERT INTO `vtiger_profile2field` VALUES (1, 21, 355, 0, 0);
INSERT INTO `vtiger_profile2field` VALUES (1, 21, 356, 0, 0);
INSERT INTO `vtiger_profile2field` VALUES (1, 21, 357, 0, 0);
INSERT INTO `vtiger_profile2field` VALUES (1, 21, 358, 0, 0);
INSERT INTO `vtiger_profile2field` VALUES (1, 21, 359, 0, 0);
INSERT INTO `vtiger_profile2field` VALUES (1, 21, 360, 0, 0);
INSERT INTO `vtiger_profile2field` VALUES (1, 21, 361, 0, 0);
INSERT INTO `vtiger_profile2field` VALUES (1, 21, 362, 0, 0);
INSERT INTO `vtiger_profile2field` VALUES (1, 21, 363, 0, 0);
INSERT INTO `vtiger_profile2field` VALUES (1, 21, 364, 0, 0);
INSERT INTO `vtiger_profile2field` VALUES (1, 21, 365, 0, 0);
INSERT INTO `vtiger_profile2field` VALUES (1, 21, 366, 0, 0);
INSERT INTO `vtiger_profile2field` VALUES (1, 21, 367, 0, 0);
INSERT INTO `vtiger_profile2field` VALUES (1, 21, 368, 0, 0);
INSERT INTO `vtiger_profile2field` VALUES (1, 21, 369, 0, 0);
INSERT INTO `vtiger_profile2field` VALUES (1, 21, 370, 0, 0);
INSERT INTO `vtiger_profile2field` VALUES (1, 21, 371, 0, 0);
INSERT INTO `vtiger_profile2field` VALUES (1, 21, 372, 0, 0);
INSERT INTO `vtiger_profile2field` VALUES (1, 21, 373, 0, 0);
INSERT INTO `vtiger_profile2field` VALUES (1, 21, 374, 0, 0);
INSERT INTO `vtiger_profile2field` VALUES (1, 21, 375, 0, 0);
INSERT INTO `vtiger_profile2field` VALUES (1, 21, 376, 0, 0);
INSERT INTO `vtiger_profile2field` VALUES (1, 21, 377, 0, 0);
INSERT INTO `vtiger_profile2field` VALUES (1, 21, 378, 0, 0);
INSERT INTO `vtiger_profile2field` VALUES (1, 21, 379, 0, 0);
INSERT INTO `vtiger_profile2field` VALUES (1, 21, 380, 0, 0);
INSERT INTO `vtiger_profile2field` VALUES (1, 21, 381, 0, 0);
INSERT INTO `vtiger_profile2field` VALUES (1, 21, 382, 0, 0);
INSERT INTO `vtiger_profile2field` VALUES (1, 21, 383, 0, 0);
INSERT INTO `vtiger_profile2field` VALUES (1, 21, 384, 0, 0);
INSERT INTO `vtiger_profile2field` VALUES (1, 21, 385, 0, 0);
INSERT INTO `vtiger_profile2field` VALUES (1, 21, 386, 0, 0);
INSERT INTO `vtiger_profile2field` VALUES (1, 21, 387, 0, 0);
INSERT INTO `vtiger_profile2field` VALUES (1, 21, 388, 0, 0);
INSERT INTO `vtiger_profile2field` VALUES (1, 22, 389, 0, 0);
INSERT INTO `vtiger_profile2field` VALUES (1, 22, 390, 0, 0);
INSERT INTO `vtiger_profile2field` VALUES (1, 22, 391, 0, 0);
INSERT INTO `vtiger_profile2field` VALUES (1, 22, 392, 0, 0);
INSERT INTO `vtiger_profile2field` VALUES (1, 22, 393, 0, 0);
INSERT INTO `vtiger_profile2field` VALUES (1, 22, 394, 0, 0);
INSERT INTO `vtiger_profile2field` VALUES (1, 22, 395, 0, 0);
INSERT INTO `vtiger_profile2field` VALUES (1, 22, 396, 0, 0);
INSERT INTO `vtiger_profile2field` VALUES (1, 22, 397, 0, 0);
INSERT INTO `vtiger_profile2field` VALUES (1, 22, 398, 0, 0);
INSERT INTO `vtiger_profile2field` VALUES (1, 22, 399, 0, 0);
INSERT INTO `vtiger_profile2field` VALUES (1, 22, 400, 0, 0);
INSERT INTO `vtiger_profile2field` VALUES (1, 22, 401, 0, 0);
INSERT INTO `vtiger_profile2field` VALUES (1, 22, 402, 0, 0);
INSERT INTO `vtiger_profile2field` VALUES (1, 22, 403, 0, 0);
INSERT INTO `vtiger_profile2field` VALUES (1, 22, 404, 0, 0);
INSERT INTO `vtiger_profile2field` VALUES (1, 22, 405, 0, 0);
INSERT INTO `vtiger_profile2field` VALUES (1, 22, 406, 0, 0);
INSERT INTO `vtiger_profile2field` VALUES (1, 22, 407, 0, 0);
INSERT INTO `vtiger_profile2field` VALUES (1, 22, 408, 0, 0);
INSERT INTO `vtiger_profile2field` VALUES (1, 22, 409, 0, 0);
INSERT INTO `vtiger_profile2field` VALUES (1, 22, 410, 0, 0);
INSERT INTO `vtiger_profile2field` VALUES (1, 22, 411, 0, 0);
INSERT INTO `vtiger_profile2field` VALUES (1, 22, 412, 0, 0);
INSERT INTO `vtiger_profile2field` VALUES (1, 22, 413, 0, 0);
INSERT INTO `vtiger_profile2field` VALUES (1, 22, 414, 0, 0);
INSERT INTO `vtiger_profile2field` VALUES (1, 22, 415, 0, 0);
INSERT INTO `vtiger_profile2field` VALUES (1, 22, 416, 0, 0);
INSERT INTO `vtiger_profile2field` VALUES (1, 22, 417, 0, 0);
INSERT INTO `vtiger_profile2field` VALUES (1, 22, 418, 0, 0);
INSERT INTO `vtiger_profile2field` VALUES (1, 22, 419, 0, 0);
INSERT INTO `vtiger_profile2field` VALUES (1, 22, 420, 0, 0);
INSERT INTO `vtiger_profile2field` VALUES (1, 22, 421, 0, 0);
INSERT INTO `vtiger_profile2field` VALUES (1, 22, 422, 0, 0);
INSERT INTO `vtiger_profile2field` VALUES (1, 22, 423, 0, 0);
INSERT INTO `vtiger_profile2field` VALUES (1, 22, 424, 0, 0);
INSERT INTO `vtiger_profile2field` VALUES (1, 22, 425, 0, 0);
INSERT INTO `vtiger_profile2field` VALUES (1, 22, 426, 0, 0);
INSERT INTO `vtiger_profile2field` VALUES (1, 22, 427, 0, 0);
INSERT INTO `vtiger_profile2field` VALUES (1, 22, 428, 0, 0);
INSERT INTO `vtiger_profile2field` VALUES (1, 22, 429, 0, 0);
INSERT INTO `vtiger_profile2field` VALUES (1, 22, 430, 0, 0);
INSERT INTO `vtiger_profile2field` VALUES (1, 22, 431, 0, 0);
INSERT INTO `vtiger_profile2field` VALUES (1, 22, 432, 0, 0);
INSERT INTO `vtiger_profile2field` VALUES (1, 22, 433, 0, 0);
INSERT INTO `vtiger_profile2field` VALUES (1, 22, 434, 0, 0);
INSERT INTO `vtiger_profile2field` VALUES (1, 22, 435, 0, 0);
INSERT INTO `vtiger_profile2field` VALUES (1, 23, 436, 0, 0);
INSERT INTO `vtiger_profile2field` VALUES (1, 23, 437, 0, 0);
INSERT INTO `vtiger_profile2field` VALUES (1, 23, 438, 0, 0);
INSERT INTO `vtiger_profile2field` VALUES (1, 23, 439, 0, 0);
INSERT INTO `vtiger_profile2field` VALUES (1, 23, 440, 0, 0);
INSERT INTO `vtiger_profile2field` VALUES (1, 23, 441, 0, 0);
INSERT INTO `vtiger_profile2field` VALUES (1, 23, 442, 0, 0);
INSERT INTO `vtiger_profile2field` VALUES (1, 23, 443, 0, 0);
INSERT INTO `vtiger_profile2field` VALUES (1, 23, 444, 0, 0);
INSERT INTO `vtiger_profile2field` VALUES (1, 23, 445, 0, 0);
INSERT INTO `vtiger_profile2field` VALUES (1, 23, 446, 0, 0);
INSERT INTO `vtiger_profile2field` VALUES (1, 23, 447, 0, 0);
INSERT INTO `vtiger_profile2field` VALUES (1, 23, 448, 0, 0);
INSERT INTO `vtiger_profile2field` VALUES (1, 23, 449, 0, 0);
INSERT INTO `vtiger_profile2field` VALUES (1, 23, 450, 0, 0);
INSERT INTO `vtiger_profile2field` VALUES (1, 23, 451, 0, 0);
INSERT INTO `vtiger_profile2field` VALUES (1, 23, 452, 0, 0);
INSERT INTO `vtiger_profile2field` VALUES (1, 23, 453, 0, 0);
INSERT INTO `vtiger_profile2field` VALUES (1, 23, 454, 0, 0);
INSERT INTO `vtiger_profile2field` VALUES (1, 23, 455, 0, 0);
INSERT INTO `vtiger_profile2field` VALUES (1, 23, 456, 0, 0);
INSERT INTO `vtiger_profile2field` VALUES (1, 23, 457, 0, 0);
INSERT INTO `vtiger_profile2field` VALUES (1, 23, 458, 0, 0);
INSERT INTO `vtiger_profile2field` VALUES (1, 23, 459, 0, 0);
INSERT INTO `vtiger_profile2field` VALUES (1, 23, 460, 0, 0);
INSERT INTO `vtiger_profile2field` VALUES (1, 23, 461, 0, 0);
INSERT INTO `vtiger_profile2field` VALUES (1, 23, 462, 0, 0);
INSERT INTO `vtiger_profile2field` VALUES (1, 23, 463, 0, 0);
INSERT INTO `vtiger_profile2field` VALUES (1, 23, 464, 0, 0);
INSERT INTO `vtiger_profile2field` VALUES (1, 23, 465, 0, 0);
INSERT INTO `vtiger_profile2field` VALUES (1, 23, 466, 0, 0);
INSERT INTO `vtiger_profile2field` VALUES (1, 23, 467, 0, 0);
INSERT INTO `vtiger_profile2field` VALUES (1, 23, 468, 0, 0);
INSERT INTO `vtiger_profile2field` VALUES (1, 23, 469, 0, 0);
INSERT INTO `vtiger_profile2field` VALUES (1, 23, 470, 0, 0);
INSERT INTO `vtiger_profile2field` VALUES (1, 23, 471, 0, 0);
INSERT INTO `vtiger_profile2field` VALUES (1, 23, 472, 0, 0);
INSERT INTO `vtiger_profile2field` VALUES (1, 23, 473, 0, 0);
INSERT INTO `vtiger_profile2field` VALUES (1, 23, 474, 0, 0);
INSERT INTO `vtiger_profile2field` VALUES (1, 10, 520, 0, 0);
INSERT INTO `vtiger_profile2field` VALUES (1, 10, 521, 0, 0);
INSERT INTO `vtiger_profile2field` VALUES (1, 10, 522, 0, 0);
INSERT INTO `vtiger_profile2field` VALUES (1, 10, 523, 0, 0);
INSERT INTO `vtiger_profile2field` VALUES (1, 10, 524, 0, 0);
INSERT INTO `vtiger_profile2field` VALUES (1, 10, 525, 0, 0);
INSERT INTO `vtiger_profile2field` VALUES (1, 34, 526, 0, 0);
INSERT INTO `vtiger_profile2field` VALUES (1, 34, 527, 0, 0);
INSERT INTO `vtiger_profile2field` VALUES (1, 34, 528, 0, 0);
INSERT INTO `vtiger_profile2field` VALUES (1, 34, 529, 0, 0);
INSERT INTO `vtiger_profile2field` VALUES (1, 34, 530, 0, 0);
INSERT INTO `vtiger_profile2field` VALUES (1, 34, 531, 0, 0);
INSERT INTO `vtiger_profile2field` VALUES (1, 34, 532, 0, 0);
INSERT INTO `vtiger_profile2field` VALUES (1, 34, 533, 0, 0);
INSERT INTO `vtiger_profile2field` VALUES (1, 34, 534, 0, 0);
INSERT INTO `vtiger_profile2field` VALUES (1, 34, 535, 0, 0);
INSERT INTO `vtiger_profile2field` VALUES (1, 34, 536, 0, 0);
INSERT INTO `vtiger_profile2field` VALUES (1, 34, 537, 0, 0);
INSERT INTO `vtiger_profile2field` VALUES (1, 34, 538, 0, 0);
INSERT INTO `vtiger_profile2field` VALUES (1, 34, 539, 0, 0);
INSERT INTO `vtiger_profile2field` VALUES (1, 34, 540, 0, 0);
INSERT INTO `vtiger_profile2field` VALUES (1, 34, 541, 0, 0);
INSERT INTO `vtiger_profile2field` VALUES (1, 34, 542, 0, 0);
INSERT INTO `vtiger_profile2field` VALUES (1, 29, 543, 0, 0);
INSERT INTO `vtiger_profile2field` VALUES (1, 35, 544, 0, 0);
INSERT INTO `vtiger_profile2field` VALUES (1, 35, 545, 0, 0);
INSERT INTO `vtiger_profile2field` VALUES (1, 35, 546, 0, 0);
INSERT INTO `vtiger_profile2field` VALUES (1, 35, 547, 0, 0);
INSERT INTO `vtiger_profile2field` VALUES (1, 35, 548, 0, 0);
INSERT INTO `vtiger_profile2field` VALUES (1, 35, 549, 0, 0);
INSERT INTO `vtiger_profile2field` VALUES (1, 35, 550, 0, 0);
INSERT INTO `vtiger_profile2field` VALUES (1, 35, 551, 0, 0);
INSERT INTO `vtiger_profile2field` VALUES (1, 35, 552, 0, 0);
INSERT INTO `vtiger_profile2field` VALUES (1, 35, 553, 0, 0);
INSERT INTO `vtiger_profile2field` VALUES (1, 35, 554, 0, 0);
INSERT INTO `vtiger_profile2field` VALUES (1, 35, 555, 0, 0);
INSERT INTO `vtiger_profile2field` VALUES (1, 35, 556, 0, 0);
INSERT INTO `vtiger_profile2field` VALUES (1, 35, 557, 0, 0);
INSERT INTO `vtiger_profile2field` VALUES (1, 35, 558, 0, 0);
INSERT INTO `vtiger_profile2field` VALUES (1, 35, 559, 0, 0);
INSERT INTO `vtiger_profile2field` VALUES (1, 35, 560, 0, 0);
INSERT INTO `vtiger_profile2field` VALUES (1, 35, 561, 0, 0);
INSERT INTO `vtiger_profile2field` VALUES (1, 35, 562, 0, 0);
INSERT INTO `vtiger_profile2field` VALUES (1, 35, 563, 0, 0);
INSERT INTO `vtiger_profile2field` VALUES (1, 35, 564, 0, 0);
INSERT INTO `vtiger_profile2field` VALUES (1, 35, 565, 0, 0);
INSERT INTO `vtiger_profile2field` VALUES (1, 36, 566, 0, 0);
INSERT INTO `vtiger_profile2field` VALUES (1, 36, 567, 0, 0);
INSERT INTO `vtiger_profile2field` VALUES (1, 36, 568, 0, 0);
INSERT INTO `vtiger_profile2field` VALUES (1, 36, 569, 0, 0);
INSERT INTO `vtiger_profile2field` VALUES (1, 36, 570, 0, 0);
INSERT INTO `vtiger_profile2field` VALUES (1, 36, 571, 0, 0);
INSERT INTO `vtiger_profile2field` VALUES (1, 36, 572, 0, 0);
INSERT INTO `vtiger_profile2field` VALUES (1, 36, 573, 0, 0);
INSERT INTO `vtiger_profile2field` VALUES (1, 36, 574, 0, 0);
INSERT INTO `vtiger_profile2field` VALUES (1, 36, 575, 0, 0);
INSERT INTO `vtiger_profile2field` VALUES (1, 36, 576, 0, 0);
INSERT INTO `vtiger_profile2field` VALUES (1, 36, 577, 0, 0);
INSERT INTO `vtiger_profile2field` VALUES (1, 36, 578, 0, 0);
INSERT INTO `vtiger_profile2field` VALUES (1, 36, 579, 0, 0);
INSERT INTO `vtiger_profile2field` VALUES (1, 36, 580, 0, 0);
INSERT INTO `vtiger_profile2field` VALUES (1, 36, 581, 0, 0);
INSERT INTO `vtiger_profile2field` VALUES (1, 36, 582, 0, 0);
INSERT INTO `vtiger_profile2field` VALUES (1, 36, 583, 0, 0);
INSERT INTO `vtiger_profile2field` VALUES (1, 36, 584, 0, 0);
INSERT INTO `vtiger_profile2field` VALUES (1, 36, 585, 0, 0);
INSERT INTO `vtiger_profile2field` VALUES (1, 36, 586, 0, 0);
INSERT INTO `vtiger_profile2field` VALUES (1, 36, 587, 0, 0);
INSERT INTO `vtiger_profile2field` VALUES (1, 38, 588, 0, 0);
INSERT INTO `vtiger_profile2field` VALUES (1, 38, 589, 0, 0);
INSERT INTO `vtiger_profile2field` VALUES (1, 38, 590, 0, 0);
INSERT INTO `vtiger_profile2field` VALUES (1, 38, 591, 0, 0);
INSERT INTO `vtiger_profile2field` VALUES (1, 38, 592, 0, 0);
INSERT INTO `vtiger_profile2field` VALUES (1, 38, 593, 0, 0);
INSERT INTO `vtiger_profile2field` VALUES (1, 38, 594, 0, 0);
INSERT INTO `vtiger_profile2field` VALUES (1, 38, 595, 0, 0);
INSERT INTO `vtiger_profile2field` VALUES (1, 38, 596, 0, 0);
INSERT INTO `vtiger_profile2field` VALUES (1, 38, 597, 0, 0);
INSERT INTO `vtiger_profile2field` VALUES (1, 38, 598, 0, 0);
INSERT INTO `vtiger_profile2field` VALUES (1, 38, 599, 0, 0);
INSERT INTO `vtiger_profile2field` VALUES (1, 38, 600, 0, 0);
INSERT INTO `vtiger_profile2field` VALUES (1, 38, 601, 0, 0);
INSERT INTO `vtiger_profile2field` VALUES (1, 38, 602, 0, 0);
INSERT INTO `vtiger_profile2field` VALUES (1, 38, 603, 0, 0);
INSERT INTO `vtiger_profile2field` VALUES (1, 38, 604, 0, 0);
INSERT INTO `vtiger_profile2field` VALUES (1, 38, 605, 0, 0);
INSERT INTO `vtiger_profile2field` VALUES (1, 38, 606, 0, 0);
INSERT INTO `vtiger_profile2field` VALUES (1, 38, 607, 0, 0);
INSERT INTO `vtiger_profile2field` VALUES (1, 38, 608, 0, 0);
INSERT INTO `vtiger_profile2field` VALUES (1, 42, 609, 0, 0);
INSERT INTO `vtiger_profile2field` VALUES (1, 42, 610, 0, 0);
INSERT INTO `vtiger_profile2field` VALUES (1, 42, 611, 0, 0);
INSERT INTO `vtiger_profile2field` VALUES (1, 42, 612, 0, 0);
INSERT INTO `vtiger_profile2field` VALUES (1, 42, 613, 0, 0);
INSERT INTO `vtiger_profile2field` VALUES (1, 42, 614, 0, 0);
INSERT INTO `vtiger_profile2field` VALUES (1, 42, 615, 0, 0);
INSERT INTO `vtiger_profile2field` VALUES (1, 42, 616, 0, 0);
INSERT INTO `vtiger_profile2field` VALUES (1, 43, 617, 0, 0);
INSERT INTO `vtiger_profile2field` VALUES (1, 43, 618, 0, 0);
INSERT INTO `vtiger_profile2field` VALUES (1, 43, 619, 0, 0);
INSERT INTO `vtiger_profile2field` VALUES (1, 43, 620, 0, 0);
INSERT INTO `vtiger_profile2field` VALUES (1, 43, 621, 0, 0);
INSERT INTO `vtiger_profile2field` VALUES (1, 43, 622, 0, 0);
INSERT INTO `vtiger_profile2field` VALUES (1, 43, 623, 0, 0);
INSERT INTO `vtiger_profile2field` VALUES (1, 43, 624, 0, 0);
INSERT INTO `vtiger_profile2field` VALUES (1, 43, 625, 0, 0);
INSERT INTO `vtiger_profile2field` VALUES (1, 43, 626, 0, 0);
INSERT INTO `vtiger_profile2field` VALUES (1, 43, 627, 0, 0);
INSERT INTO `vtiger_profile2field` VALUES (1, 43, 628, 0, 0);
INSERT INTO `vtiger_profile2field` VALUES (1, 43, 629, 0, 0);
INSERT INTO `vtiger_profile2field` VALUES (1, 44, 630, 0, 0);
INSERT INTO `vtiger_profile2field` VALUES (1, 44, 631, 0, 0);
INSERT INTO `vtiger_profile2field` VALUES (1, 44, 632, 0, 0);
INSERT INTO `vtiger_profile2field` VALUES (1, 44, 633, 0, 0);
INSERT INTO `vtiger_profile2field` VALUES (1, 44, 634, 0, 0);
INSERT INTO `vtiger_profile2field` VALUES (1, 44, 635, 0, 0);
INSERT INTO `vtiger_profile2field` VALUES (1, 44, 636, 0, 0);
INSERT INTO `vtiger_profile2field` VALUES (1, 44, 637, 0, 0);
INSERT INTO `vtiger_profile2field` VALUES (1, 44, 638, 0, 0);
INSERT INTO `vtiger_profile2field` VALUES (1, 44, 639, 0, 0);
INSERT INTO `vtiger_profile2field` VALUES (1, 44, 640, 0, 0);
INSERT INTO `vtiger_profile2field` VALUES (1, 44, 641, 0, 0);
INSERT INTO `vtiger_profile2field` VALUES (1, 44, 642, 0, 0);
INSERT INTO `vtiger_profile2field` VALUES (1, 44, 643, 0, 0);
INSERT INTO `vtiger_profile2field` VALUES (1, 44, 644, 0, 0);
INSERT INTO `vtiger_profile2field` VALUES (1, 44, 645, 0, 0);
INSERT INTO `vtiger_profile2field` VALUES (1, 44, 646, 0, 0);
INSERT INTO `vtiger_profile2field` VALUES (1, 44, 647, 0, 0);
INSERT INTO `vtiger_profile2field` VALUES (1, 45, 648, 0, 0);
INSERT INTO `vtiger_profile2field` VALUES (1, 45, 649, 0, 0);
INSERT INTO `vtiger_profile2field` VALUES (1, 45, 650, 0, 0);
INSERT INTO `vtiger_profile2field` VALUES (1, 45, 651, 0, 0);
INSERT INTO `vtiger_profile2field` VALUES (1, 45, 652, 0, 0);
INSERT INTO `vtiger_profile2field` VALUES (1, 45, 653, 0, 0);
INSERT INTO `vtiger_profile2field` VALUES (1, 45, 654, 0, 0);
INSERT INTO `vtiger_profile2field` VALUES (1, 45, 655, 0, 0);
INSERT INTO `vtiger_profile2field` VALUES (1, 45, 656, 0, 0);
INSERT INTO `vtiger_profile2field` VALUES (1, 45, 657, 0, 0);
INSERT INTO `vtiger_profile2field` VALUES (1, 45, 658, 0, 0);
INSERT INTO `vtiger_profile2field` VALUES (1, 45, 659, 0, 0);
INSERT INTO `vtiger_profile2field` VALUES (1, 45, 660, 0, 0);
INSERT INTO `vtiger_profile2field` VALUES (1, 45, 661, 0, 0);
INSERT INTO `vtiger_profile2field` VALUES (1, 45, 662, 0, 0);
INSERT INTO `vtiger_profile2field` VALUES (1, 45, 663, 0, 0);
INSERT INTO `vtiger_profile2field` VALUES (1, 45, 664, 0, 0);
INSERT INTO `vtiger_profile2field` VALUES (1, 45, 665, 0, 0);
INSERT INTO `vtiger_profile2field` VALUES (1, 45, 666, 0, 0);
INSERT INTO `vtiger_profile2field` VALUES (1, 45, 667, 0, 0);
INSERT INTO `vtiger_profile2field` VALUES (1, 47, 668, 0, 0);
INSERT INTO `vtiger_profile2field` VALUES (1, 47, 669, 0, 0);
INSERT INTO `vtiger_profile2field` VALUES (1, 47, 670, 0, 0);
INSERT INTO `vtiger_profile2field` VALUES (1, 47, 671, 0, 0);
INSERT INTO `vtiger_profile2field` VALUES (1, 47, 672, 0, 0);
INSERT INTO `vtiger_profile2field` VALUES (1, 47, 673, 0, 0);
INSERT INTO `vtiger_profile2field` VALUES (1, 2, 674, 0, 0);
INSERT INTO `vtiger_profile2field` VALUES (1, 29, 675, 0, 0);
INSERT INTO `vtiger_profile2field` VALUES (1, 23, 676, 0, 0);
INSERT INTO `vtiger_profile2field` VALUES (1, 23, 677, 0, 0);
INSERT INTO `vtiger_profile2field` VALUES (1, 23, 678, 0, 0);
INSERT INTO `vtiger_profile2field` VALUES (1, 23, 679, 0, 0);
INSERT INTO `vtiger_profile2field` VALUES (1, 23, 680, 0, 0);
INSERT INTO `vtiger_profile2field` VALUES (1, 23, 681, 0, 0);
INSERT INTO `vtiger_profile2field` VALUES (1, 23, 682, 0, 0);
INSERT INTO `vtiger_profile2field` VALUES (1, 23, 683, 0, 0);
INSERT INTO `vtiger_profile2field` VALUES (1, 23, 684, 0, 0);
INSERT INTO `vtiger_profile2field` VALUES (1, 22, 685, 0, 0);
INSERT INTO `vtiger_profile2field` VALUES (1, 22, 686, 0, 0);
INSERT INTO `vtiger_profile2field` VALUES (1, 22, 687, 0, 0);
INSERT INTO `vtiger_profile2field` VALUES (1, 22, 688, 0, 0);
INSERT INTO `vtiger_profile2field` VALUES (1, 22, 689, 0, 0);
INSERT INTO `vtiger_profile2field` VALUES (1, 22, 690, 0, 0);
INSERT INTO `vtiger_profile2field` VALUES (1, 22, 691, 0, 0);
INSERT INTO `vtiger_profile2field` VALUES (1, 22, 692, 0, 0);
INSERT INTO `vtiger_profile2field` VALUES (1, 22, 693, 0, 0);
INSERT INTO `vtiger_profile2field` VALUES (1, 21, 694, 0, 0);
INSERT INTO `vtiger_profile2field` VALUES (1, 21, 695, 0, 0);
INSERT INTO `vtiger_profile2field` VALUES (1, 21, 696, 0, 0);
INSERT INTO `vtiger_profile2field` VALUES (1, 21, 697, 0, 0);
INSERT INTO `vtiger_profile2field` VALUES (1, 21, 698, 0, 0);
INSERT INTO `vtiger_profile2field` VALUES (1, 21, 699, 0, 0);
INSERT INTO `vtiger_profile2field` VALUES (1, 21, 700, 0, 0);
INSERT INTO `vtiger_profile2field` VALUES (1, 21, 701, 0, 0);
INSERT INTO `vtiger_profile2field` VALUES (1, 21, 702, 0, 0);
INSERT INTO `vtiger_profile2field` VALUES (1, 20, 703, 0, 0);
INSERT INTO `vtiger_profile2field` VALUES (1, 20, 704, 0, 0);
INSERT INTO `vtiger_profile2field` VALUES (1, 20, 705, 0, 0);
INSERT INTO `vtiger_profile2field` VALUES (1, 20, 706, 0, 0);
INSERT INTO `vtiger_profile2field` VALUES (1, 20, 707, 0, 0);
INSERT INTO `vtiger_profile2field` VALUES (1, 20, 708, 0, 0);
INSERT INTO `vtiger_profile2field` VALUES (1, 20, 709, 0, 0);
INSERT INTO `vtiger_profile2field` VALUES (1, 20, 710, 0, 0);
INSERT INTO `vtiger_profile2field` VALUES (1, 20, 711, 0, 0);
INSERT INTO `vtiger_profile2field` VALUES (1, 29, 712, 0, 0);
INSERT INTO `vtiger_profile2field` VALUES (1, 44, 713, 0, 0);
INSERT INTO `vtiger_profile2field` VALUES (1, 42, 714, 0, 0);
INSERT INTO `vtiger_profile2field` VALUES (1, 29, 715, 0, 0);
INSERT INTO `vtiger_profile2field` VALUES (1, 29, 716, 0, 0);
INSERT INTO `vtiger_profile2field` VALUES (1, 29, 717, 0, 0);
INSERT INTO `vtiger_profile2field` VALUES (1, 23, 718, 0, 0);
INSERT INTO `vtiger_profile2field` VALUES (1, 22, 719, 0, 0);
INSERT INTO `vtiger_profile2field` VALUES (1, 21, 720, 0, 0);
INSERT INTO `vtiger_profile2field` VALUES (1, 20, 721, 0, 0);
INSERT INTO `vtiger_profile2field` VALUES (1, 29, 722, 0, 0);
INSERT INTO `vtiger_profile2field` VALUES (1, 6, 723, 0, 0);
INSERT INTO `vtiger_profile2field` VALUES (1, 4, 724, 0, 0);
INSERT INTO `vtiger_profile2field` VALUES (1, 2, 725, 0, 0);
INSERT INTO `vtiger_profile2field` VALUES (1, 29, 726, 0, 0);
INSERT INTO `vtiger_profile2field` VALUES (1, 23, 727, 0, 0);
INSERT INTO `vtiger_profile2field` VALUES (1, 23, 728, 0, 0);
INSERT INTO `vtiger_profile2field` VALUES (1, 21, 729, 0, 0);
INSERT INTO `vtiger_profile2field` VALUES (1, 21, 730, 0, 0);
INSERT INTO `vtiger_profile2field` VALUES (1, 18, 731, 0, 0);
INSERT INTO `vtiger_profile2field` VALUES (1, 7, 732, 0, 0);
INSERT INTO `vtiger_profile2field` VALUES (1, 42, 733, 0, 0);
INSERT INTO `vtiger_profile2field` VALUES (1, 42, 734, 0, 0);
INSERT INTO `vtiger_profile2field` VALUES (1, 23, 735, 0, 0);
INSERT INTO `vtiger_profile2field` VALUES (1, 20, 736, 0, 0);
INSERT INTO `vtiger_profile2field` VALUES (1, 21, 737, 0, 0);
INSERT INTO `vtiger_profile2field` VALUES (1, 22, 738, 0, 0);
INSERT INTO `vtiger_profile2field` VALUES (1, 29, 739, 0, 0);
INSERT INTO `vtiger_profile2field` VALUES (1, 2, 740, 0, 0);
INSERT INTO `vtiger_profile2field` VALUES (1, 13, 741, 0, 0);
INSERT INTO `vtiger_profile2field` VALUES (1, 29, 742, 0, 0);
INSERT INTO `vtiger_profile2field` VALUES (1, 29, 743, 0, 0);
INSERT INTO `vtiger_profile2field` VALUES (1, 29, 744, 0, 0);
INSERT INTO `vtiger_profile2field` VALUES (1, 29, 745, 0, 0);
INSERT INTO `vtiger_profile2field` VALUES (1, 14, 772, 0, 0);
INSERT INTO `vtiger_profile2field` VALUES (1, 36, 773, 0, 0);
INSERT INTO `vtiger_profile2field` VALUES (1, 23, 774, 0, 0);
INSERT INTO `vtiger_profile2field` VALUES (1, 29, 775, 0, 0);
INSERT INTO `vtiger_profile2field` VALUES (1, 23, 776, 0, 0);
INSERT INTO `vtiger_profile2field` VALUES (1, 23, 777, 0, 0);
INSERT INTO `vtiger_profile2field` VALUES (1, 23, 778, 0, 0);
INSERT INTO `vtiger_profile2field` VALUES (1, 20, 779, 0, 0);
INSERT INTO `vtiger_profile2field` VALUES (1, 20, 780, 0, 0);
INSERT INTO `vtiger_profile2field` VALUES (1, 20, 781, 0, 0);
INSERT INTO `vtiger_profile2field` VALUES (1, 21, 782, 0, 0);
INSERT INTO `vtiger_profile2field` VALUES (1, 22, 783, 0, 0);
INSERT INTO `vtiger_profile2field` VALUES (1, 22, 784, 0, 0);
INSERT INTO `vtiger_profile2field` VALUES (1, 22, 785, 0, 0);
INSERT INTO `vtiger_profile2field` VALUES (1, 42, 786, 0, 0);
INSERT INTO `vtiger_profile2field` VALUES (1, 42, 787, 0, 0);
INSERT INTO `vtiger_profile2field` VALUES (1, 42, 788, 0, 0);
INSERT INTO `vtiger_profile2field` VALUES (1, 2, 789, 0, 0);
INSERT INTO `vtiger_profile2field` VALUES (1, 4, 790, 0, 0);
INSERT INTO `vtiger_profile2field` VALUES (1, 6, 791, 0, 0);
INSERT INTO `vtiger_profile2field` VALUES (1, 7, 792, 0, 0);
INSERT INTO `vtiger_profile2field` VALUES (1, 8, 793, 0, 0);
INSERT INTO `vtiger_profile2field` VALUES (1, 9, 794, 0, 0);
INSERT INTO `vtiger_profile2field` VALUES (1, 10, 795, 0, 0);
INSERT INTO `vtiger_profile2field` VALUES (1, 13, 796, 0, 0);
INSERT INTO `vtiger_profile2field` VALUES (1, 14, 797, 0, 0);
INSERT INTO `vtiger_profile2field` VALUES (1, 15, 798, 0, 0);
INSERT INTO `vtiger_profile2field` VALUES (1, 16, 799, 0, 0);
INSERT INTO `vtiger_profile2field` VALUES (1, 18, 800, 0, 0);
INSERT INTO `vtiger_profile2field` VALUES (1, 19, 801, 0, 0);
INSERT INTO `vtiger_profile2field` VALUES (1, 20, 802, 0, 0);
INSERT INTO `vtiger_profile2field` VALUES (1, 21, 803, 0, 0);
INSERT INTO `vtiger_profile2field` VALUES (1, 22, 804, 0, 0);
INSERT INTO `vtiger_profile2field` VALUES (1, 23, 805, 0, 0);
INSERT INTO `vtiger_profile2field` VALUES (1, 26, 806, 0, 0);
INSERT INTO `vtiger_profile2field` VALUES (1, 10, 807, 0, 0);
INSERT INTO `vtiger_profile2field` VALUES (1, 2, 808, 0, 0);
INSERT INTO `vtiger_profile2field` VALUES (1, 4, 809, 0, 0);
INSERT INTO `vtiger_profile2field` VALUES (1, 6, 810, 0, 0);
INSERT INTO `vtiger_profile2field` VALUES (1, 7, 811, 0, 0);
INSERT INTO `vtiger_profile2field` VALUES (1, 8, 812, 0, 0);
INSERT INTO `vtiger_profile2field` VALUES (1, 9, 813, 0, 0);
INSERT INTO `vtiger_profile2field` VALUES (1, 10, 814, 0, 0);
INSERT INTO `vtiger_profile2field` VALUES (1, 13, 815, 0, 0);
INSERT INTO `vtiger_profile2field` VALUES (1, 14, 816, 0, 0);
INSERT INTO `vtiger_profile2field` VALUES (1, 15, 817, 0, 0);
INSERT INTO `vtiger_profile2field` VALUES (1, 16, 818, 0, 0);
INSERT INTO `vtiger_profile2field` VALUES (1, 18, 819, 0, 0);
INSERT INTO `vtiger_profile2field` VALUES (1, 19, 820, 0, 0);
INSERT INTO `vtiger_profile2field` VALUES (1, 20, 821, 0, 0);
INSERT INTO `vtiger_profile2field` VALUES (1, 21, 822, 0, 0);
INSERT INTO `vtiger_profile2field` VALUES (1, 22, 823, 0, 0);
INSERT INTO `vtiger_profile2field` VALUES (1, 23, 824, 0, 0);
INSERT INTO `vtiger_profile2field` VALUES (1, 26, 825, 0, 0);
INSERT INTO `vtiger_profile2field` VALUES (1, 2, 826, 0, 0);
INSERT INTO `vtiger_profile2field` VALUES (1, 4, 827, 0, 0);
INSERT INTO `vtiger_profile2field` VALUES (1, 6, 828, 0, 0);
INSERT INTO `vtiger_profile2field` VALUES (1, 7, 829, 0, 0);
INSERT INTO `vtiger_profile2field` VALUES (1, 8, 830, 0, 0);
INSERT INTO `vtiger_profile2field` VALUES (1, 9, 831, 0, 0);
INSERT INTO `vtiger_profile2field` VALUES (1, 10, 832, 0, 0);
INSERT INTO `vtiger_profile2field` VALUES (1, 13, 833, 0, 0);
INSERT INTO `vtiger_profile2field` VALUES (1, 14, 834, 0, 0);
INSERT INTO `vtiger_profile2field` VALUES (1, 15, 835, 0, 0);
INSERT INTO `vtiger_profile2field` VALUES (1, 16, 836, 0, 0);
INSERT INTO `vtiger_profile2field` VALUES (1, 18, 837, 0, 0);
INSERT INTO `vtiger_profile2field` VALUES (1, 19, 838, 0, 0);
INSERT INTO `vtiger_profile2field` VALUES (1, 20, 839, 0, 0);
INSERT INTO `vtiger_profile2field` VALUES (1, 21, 840, 0, 0);
INSERT INTO `vtiger_profile2field` VALUES (1, 22, 841, 0, 0);
INSERT INTO `vtiger_profile2field` VALUES (1, 23, 842, 0, 0);
INSERT INTO `vtiger_profile2field` VALUES (1, 26, 843, 0, 0);
INSERT INTO `vtiger_profile2field` VALUES (1, 20, 844, 0, 0);
INSERT INTO `vtiger_profile2field` VALUES (1, 21, 845, 0, 0);
INSERT INTO `vtiger_profile2field` VALUES (1, 22, 846, 0, 0);
INSERT INTO `vtiger_profile2field` VALUES (1, 23, 847, 0, 0);
INSERT INTO `vtiger_profile2field` VALUES (1, 45, 848, 0, 0);
INSERT INTO `vtiger_profile2field` VALUES (1, 45, 849, 0, 0);
INSERT INTO `vtiger_profile2field` VALUES (1, 29, 850, 0, 0);
INSERT INTO `vtiger_profile2field` VALUES (1, 22, 851, 0, 0);
INSERT INTO `vtiger_profile2field` VALUES (1, 29, 852, 0, 0);
INSERT INTO `vtiger_profile2field` VALUES (2, 6, 1, 0, 0);
INSERT INTO `vtiger_profile2field` VALUES (2, 6, 2, 0, 0);
INSERT INTO `vtiger_profile2field` VALUES (2, 6, 3, 0, 0);
INSERT INTO `vtiger_profile2field` VALUES (2, 6, 4, 0, 0);
INSERT INTO `vtiger_profile2field` VALUES (2, 6, 5, 0, 0);
INSERT INTO `vtiger_profile2field` VALUES (2, 6, 6, 0, 0);
INSERT INTO `vtiger_profile2field` VALUES (2, 6, 7, 0, 0);
INSERT INTO `vtiger_profile2field` VALUES (2, 6, 8, 0, 0);
INSERT INTO `vtiger_profile2field` VALUES (2, 6, 9, 0, 0);
INSERT INTO `vtiger_profile2field` VALUES (2, 6, 10, 0, 0);
INSERT INTO `vtiger_profile2field` VALUES (2, 6, 11, 0, 0);
INSERT INTO `vtiger_profile2field` VALUES (2, 6, 12, 0, 0);
INSERT INTO `vtiger_profile2field` VALUES (2, 6, 13, 0, 0);
INSERT INTO `vtiger_profile2field` VALUES (2, 6, 14, 0, 0);
INSERT INTO `vtiger_profile2field` VALUES (2, 6, 15, 0, 0);
INSERT INTO `vtiger_profile2field` VALUES (2, 6, 16, 0, 0);
INSERT INTO `vtiger_profile2field` VALUES (2, 6, 17, 0, 0);
INSERT INTO `vtiger_profile2field` VALUES (2, 6, 18, 0, 0);
INSERT INTO `vtiger_profile2field` VALUES (2, 6, 19, 0, 0);
INSERT INTO `vtiger_profile2field` VALUES (2, 6, 20, 0, 0);
INSERT INTO `vtiger_profile2field` VALUES (2, 6, 21, 0, 0);
INSERT INTO `vtiger_profile2field` VALUES (2, 6, 22, 0, 0);
INSERT INTO `vtiger_profile2field` VALUES (2, 6, 23, 0, 0);
INSERT INTO `vtiger_profile2field` VALUES (2, 6, 24, 0, 0);
INSERT INTO `vtiger_profile2field` VALUES (2, 6, 25, 0, 0);
INSERT INTO `vtiger_profile2field` VALUES (2, 6, 26, 0, 0);
INSERT INTO `vtiger_profile2field` VALUES (2, 6, 27, 0, 0);
INSERT INTO `vtiger_profile2field` VALUES (2, 6, 28, 0, 0);
INSERT INTO `vtiger_profile2field` VALUES (2, 6, 29, 0, 0);
INSERT INTO `vtiger_profile2field` VALUES (2, 6, 30, 0, 0);
INSERT INTO `vtiger_profile2field` VALUES (2, 6, 31, 0, 0);
INSERT INTO `vtiger_profile2field` VALUES (2, 6, 32, 0, 0);
INSERT INTO `vtiger_profile2field` VALUES (2, 6, 33, 0, 0);
INSERT INTO `vtiger_profile2field` VALUES (2, 6, 34, 0, 0);
INSERT INTO `vtiger_profile2field` VALUES (2, 6, 35, 0, 0);
INSERT INTO `vtiger_profile2field` VALUES (2, 6, 36, 0, 0);
INSERT INTO `vtiger_profile2field` VALUES (2, 7, 37, 0, 0);
INSERT INTO `vtiger_profile2field` VALUES (2, 7, 38, 0, 0);
INSERT INTO `vtiger_profile2field` VALUES (2, 7, 39, 0, 0);
INSERT INTO `vtiger_profile2field` VALUES (2, 7, 40, 0, 0);
INSERT INTO `vtiger_profile2field` VALUES (2, 7, 41, 0, 0);
INSERT INTO `vtiger_profile2field` VALUES (2, 7, 42, 0, 0);
INSERT INTO `vtiger_profile2field` VALUES (2, 7, 43, 0, 0);
INSERT INTO `vtiger_profile2field` VALUES (2, 7, 44, 0, 0);
INSERT INTO `vtiger_profile2field` VALUES (2, 7, 45, 0, 0);
INSERT INTO `vtiger_profile2field` VALUES (2, 7, 46, 0, 0);
INSERT INTO `vtiger_profile2field` VALUES (2, 7, 47, 0, 0);
INSERT INTO `vtiger_profile2field` VALUES (2, 7, 48, 0, 0);
INSERT INTO `vtiger_profile2field` VALUES (2, 7, 49, 0, 0);
INSERT INTO `vtiger_profile2field` VALUES (2, 7, 50, 0, 0);
INSERT INTO `vtiger_profile2field` VALUES (2, 7, 51, 0, 0);
INSERT INTO `vtiger_profile2field` VALUES (2, 7, 52, 0, 0);
INSERT INTO `vtiger_profile2field` VALUES (2, 7, 53, 0, 0);
INSERT INTO `vtiger_profile2field` VALUES (2, 7, 54, 0, 0);
INSERT INTO `vtiger_profile2field` VALUES (2, 7, 55, 0, 0);
INSERT INTO `vtiger_profile2field` VALUES (2, 7, 56, 0, 0);
INSERT INTO `vtiger_profile2field` VALUES (2, 7, 57, 0, 0);
INSERT INTO `vtiger_profile2field` VALUES (2, 7, 58, 0, 0);
INSERT INTO `vtiger_profile2field` VALUES (2, 7, 59, 0, 0);
INSERT INTO `vtiger_profile2field` VALUES (2, 7, 60, 0, 0);
INSERT INTO `vtiger_profile2field` VALUES (2, 7, 61, 0, 0);
INSERT INTO `vtiger_profile2field` VALUES (2, 7, 62, 0, 0);
INSERT INTO `vtiger_profile2field` VALUES (2, 7, 63, 0, 0);
INSERT INTO `vtiger_profile2field` VALUES (2, 7, 64, 0, 0);
INSERT INTO `vtiger_profile2field` VALUES (2, 7, 65, 0, 0);
INSERT INTO `vtiger_profile2field` VALUES (2, 4, 66, 0, 0);
INSERT INTO `vtiger_profile2field` VALUES (2, 4, 67, 0, 0);
INSERT INTO `vtiger_profile2field` VALUES (2, 4, 68, 0, 0);
INSERT INTO `vtiger_profile2field` VALUES (2, 4, 69, 0, 0);
INSERT INTO `vtiger_profile2field` VALUES (2, 4, 70, 0, 0);
INSERT INTO `vtiger_profile2field` VALUES (2, 4, 71, 0, 0);
INSERT INTO `vtiger_profile2field` VALUES (2, 4, 72, 0, 0);
INSERT INTO `vtiger_profile2field` VALUES (2, 4, 73, 0, 0);
INSERT INTO `vtiger_profile2field` VALUES (2, 4, 74, 0, 0);
INSERT INTO `vtiger_profile2field` VALUES (2, 4, 75, 0, 0);
INSERT INTO `vtiger_profile2field` VALUES (2, 4, 76, 0, 0);
INSERT INTO `vtiger_profile2field` VALUES (2, 4, 77, 0, 0);
INSERT INTO `vtiger_profile2field` VALUES (2, 4, 78, 0, 0);
INSERT INTO `vtiger_profile2field` VALUES (2, 4, 79, 0, 0);
INSERT INTO `vtiger_profile2field` VALUES (2, 4, 80, 0, 0);
INSERT INTO `vtiger_profile2field` VALUES (2, 4, 81, 0, 0);
INSERT INTO `vtiger_profile2field` VALUES (2, 4, 82, 0, 0);
INSERT INTO `vtiger_profile2field` VALUES (2, 4, 83, 0, 0);
INSERT INTO `vtiger_profile2field` VALUES (2, 4, 84, 0, 0);
INSERT INTO `vtiger_profile2field` VALUES (2, 4, 85, 0, 0);
INSERT INTO `vtiger_profile2field` VALUES (2, 4, 86, 0, 0);
INSERT INTO `vtiger_profile2field` VALUES (2, 4, 87, 0, 0);
INSERT INTO `vtiger_profile2field` VALUES (2, 4, 88, 0, 0);
INSERT INTO `vtiger_profile2field` VALUES (2, 4, 89, 0, 0);
INSERT INTO `vtiger_profile2field` VALUES (2, 4, 90, 0, 0);
INSERT INTO `vtiger_profile2field` VALUES (2, 4, 91, 0, 0);
INSERT INTO `vtiger_profile2field` VALUES (2, 4, 92, 0, 0);
INSERT INTO `vtiger_profile2field` VALUES (2, 4, 93, 0, 0);
INSERT INTO `vtiger_profile2field` VALUES (2, 4, 94, 0, 0);
INSERT INTO `vtiger_profile2field` VALUES (2, 4, 95, 0, 0);
INSERT INTO `vtiger_profile2field` VALUES (2, 4, 96, 0, 0);
INSERT INTO `vtiger_profile2field` VALUES (2, 4, 97, 0, 0);
INSERT INTO `vtiger_profile2field` VALUES (2, 4, 98, 0, 0);
INSERT INTO `vtiger_profile2field` VALUES (2, 4, 99, 0, 0);
INSERT INTO `vtiger_profile2field` VALUES (2, 4, 100, 0, 0);
INSERT INTO `vtiger_profile2field` VALUES (2, 4, 101, 0, 0);
INSERT INTO `vtiger_profile2field` VALUES (2, 4, 102, 0, 0);
INSERT INTO `vtiger_profile2field` VALUES (2, 4, 103, 0, 0);
INSERT INTO `vtiger_profile2field` VALUES (2, 4, 104, 0, 0);
INSERT INTO `vtiger_profile2field` VALUES (2, 4, 105, 0, 0);
INSERT INTO `vtiger_profile2field` VALUES (2, 4, 106, 0, 0);
INSERT INTO `vtiger_profile2field` VALUES (2, 4, 107, 0, 0);
INSERT INTO `vtiger_profile2field` VALUES (2, 4, 108, 0, 0);
INSERT INTO `vtiger_profile2field` VALUES (2, 4, 109, 0, 0);
INSERT INTO `vtiger_profile2field` VALUES (2, 2, 110, 0, 0);
INSERT INTO `vtiger_profile2field` VALUES (2, 2, 111, 0, 0);
INSERT INTO `vtiger_profile2field` VALUES (2, 2, 112, 0, 0);
INSERT INTO `vtiger_profile2field` VALUES (2, 2, 113, 0, 0);
INSERT INTO `vtiger_profile2field` VALUES (2, 2, 114, 0, 0);
INSERT INTO `vtiger_profile2field` VALUES (2, 2, 115, 0, 0);
INSERT INTO `vtiger_profile2field` VALUES (2, 2, 116, 0, 0);
INSERT INTO `vtiger_profile2field` VALUES (2, 2, 117, 0, 0);
INSERT INTO `vtiger_profile2field` VALUES (2, 2, 118, 0, 0);
INSERT INTO `vtiger_profile2field` VALUES (2, 2, 119, 0, 0);
INSERT INTO `vtiger_profile2field` VALUES (2, 2, 120, 0, 0);
INSERT INTO `vtiger_profile2field` VALUES (2, 2, 121, 0, 0);
INSERT INTO `vtiger_profile2field` VALUES (2, 2, 122, 0, 0);
INSERT INTO `vtiger_profile2field` VALUES (2, 2, 123, 0, 0);
INSERT INTO `vtiger_profile2field` VALUES (2, 2, 124, 0, 0);
INSERT INTO `vtiger_profile2field` VALUES (2, 2, 125, 0, 0);
INSERT INTO `vtiger_profile2field` VALUES (2, 26, 126, 0, 0);
INSERT INTO `vtiger_profile2field` VALUES (2, 26, 127, 0, 0);
INSERT INTO `vtiger_profile2field` VALUES (2, 26, 128, 0, 0);
INSERT INTO `vtiger_profile2field` VALUES (2, 26, 129, 0, 0);
INSERT INTO `vtiger_profile2field` VALUES (2, 26, 130, 0, 0);
INSERT INTO `vtiger_profile2field` VALUES (2, 26, 131, 0, 0);
INSERT INTO `vtiger_profile2field` VALUES (2, 26, 132, 0, 0);
INSERT INTO `vtiger_profile2field` VALUES (2, 26, 133, 0, 0);
INSERT INTO `vtiger_profile2field` VALUES (2, 26, 134, 0, 0);
INSERT INTO `vtiger_profile2field` VALUES (2, 26, 135, 0, 0);
INSERT INTO `vtiger_profile2field` VALUES (2, 26, 136, 0, 0);
INSERT INTO `vtiger_profile2field` VALUES (2, 26, 137, 0, 0);
INSERT INTO `vtiger_profile2field` VALUES (2, 26, 138, 0, 0);
INSERT INTO `vtiger_profile2field` VALUES (2, 26, 139, 0, 0);
INSERT INTO `vtiger_profile2field` VALUES (2, 26, 140, 0, 0);
INSERT INTO `vtiger_profile2field` VALUES (2, 26, 141, 0, 0);
INSERT INTO `vtiger_profile2field` VALUES (2, 26, 142, 0, 0);
INSERT INTO `vtiger_profile2field` VALUES (2, 26, 143, 0, 0);
INSERT INTO `vtiger_profile2field` VALUES (2, 26, 144, 0, 0);
INSERT INTO `vtiger_profile2field` VALUES (2, 26, 145, 0, 0);
INSERT INTO `vtiger_profile2field` VALUES (2, 26, 146, 0, 0);
INSERT INTO `vtiger_profile2field` VALUES (2, 26, 147, 0, 0);
INSERT INTO `vtiger_profile2field` VALUES (2, 26, 148, 0, 0);
INSERT INTO `vtiger_profile2field` VALUES (2, 26, 149, 0, 0);
INSERT INTO `vtiger_profile2field` VALUES (2, 26, 150, 0, 0);
INSERT INTO `vtiger_profile2field` VALUES (2, 4, 151, 0, 0);
INSERT INTO `vtiger_profile2field` VALUES (2, 6, 152, 0, 0);
INSERT INTO `vtiger_profile2field` VALUES (2, 7, 153, 0, 0);
INSERT INTO `vtiger_profile2field` VALUES (2, 26, 154, 0, 0);
INSERT INTO `vtiger_profile2field` VALUES (2, 13, 155, 0, 0);
INSERT INTO `vtiger_profile2field` VALUES (2, 13, 156, 0, 0);
INSERT INTO `vtiger_profile2field` VALUES (2, 13, 157, 0, 0);
INSERT INTO `vtiger_profile2field` VALUES (2, 13, 158, 0, 0);
INSERT INTO `vtiger_profile2field` VALUES (2, 13, 159, 0, 0);
INSERT INTO `vtiger_profile2field` VALUES (2, 13, 160, 0, 0);
INSERT INTO `vtiger_profile2field` VALUES (2, 13, 161, 0, 0);
INSERT INTO `vtiger_profile2field` VALUES (2, 13, 162, 0, 0);
INSERT INTO `vtiger_profile2field` VALUES (2, 13, 163, 0, 0);
INSERT INTO `vtiger_profile2field` VALUES (2, 13, 164, 0, 0);
INSERT INTO `vtiger_profile2field` VALUES (2, 13, 165, 0, 0);
INSERT INTO `vtiger_profile2field` VALUES (2, 13, 166, 0, 0);
INSERT INTO `vtiger_profile2field` VALUES (2, 13, 167, 0, 0);
INSERT INTO `vtiger_profile2field` VALUES (2, 13, 168, 0, 0);
INSERT INTO `vtiger_profile2field` VALUES (2, 13, 169, 0, 0);
INSERT INTO `vtiger_profile2field` VALUES (2, 13, 170, 0, 0);
INSERT INTO `vtiger_profile2field` VALUES (2, 13, 171, 0, 0);
INSERT INTO `vtiger_profile2field` VALUES (2, 13, 172, 0, 0);
INSERT INTO `vtiger_profile2field` VALUES (2, 13, 173, 0, 0);
INSERT INTO `vtiger_profile2field` VALUES (2, 14, 174, 0, 0);
INSERT INTO `vtiger_profile2field` VALUES (2, 14, 175, 0, 0);
INSERT INTO `vtiger_profile2field` VALUES (2, 14, 176, 0, 0);
INSERT INTO `vtiger_profile2field` VALUES (2, 14, 177, 0, 0);
INSERT INTO `vtiger_profile2field` VALUES (2, 14, 178, 0, 0);
INSERT INTO `vtiger_profile2field` VALUES (2, 14, 179, 0, 0);
INSERT INTO `vtiger_profile2field` VALUES (2, 14, 180, 0, 0);
INSERT INTO `vtiger_profile2field` VALUES (2, 14, 181, 0, 0);
INSERT INTO `vtiger_profile2field` VALUES (2, 14, 182, 0, 0);
INSERT INTO `vtiger_profile2field` VALUES (2, 14, 183, 0, 0);
INSERT INTO `vtiger_profile2field` VALUES (2, 14, 184, 0, 0);
INSERT INTO `vtiger_profile2field` VALUES (2, 14, 185, 0, 0);
INSERT INTO `vtiger_profile2field` VALUES (2, 14, 186, 0, 0);
INSERT INTO `vtiger_profile2field` VALUES (2, 14, 187, 0, 0);
INSERT INTO `vtiger_profile2field` VALUES (2, 14, 188, 0, 0);
INSERT INTO `vtiger_profile2field` VALUES (2, 14, 189, 0, 0);
INSERT INTO `vtiger_profile2field` VALUES (2, 14, 190, 0, 0);
INSERT INTO `vtiger_profile2field` VALUES (2, 14, 191, 0, 0);
INSERT INTO `vtiger_profile2field` VALUES (2, 14, 192, 0, 0);
INSERT INTO `vtiger_profile2field` VALUES (2, 14, 193, 0, 0);
INSERT INTO `vtiger_profile2field` VALUES (2, 14, 194, 0, 0);
INSERT INTO `vtiger_profile2field` VALUES (2, 14, 195, 0, 0);
INSERT INTO `vtiger_profile2field` VALUES (2, 14, 196, 0, 0);
INSERT INTO `vtiger_profile2field` VALUES (2, 14, 197, 0, 0);
INSERT INTO `vtiger_profile2field` VALUES (2, 14, 198, 0, 0);
INSERT INTO `vtiger_profile2field` VALUES (2, 14, 199, 0, 0);
INSERT INTO `vtiger_profile2field` VALUES (2, 14, 200, 0, 0);
INSERT INTO `vtiger_profile2field` VALUES (2, 14, 201, 0, 0);
INSERT INTO `vtiger_profile2field` VALUES (2, 14, 202, 0, 0);
INSERT INTO `vtiger_profile2field` VALUES (2, 14, 203, 0, 0);
INSERT INTO `vtiger_profile2field` VALUES (2, 14, 204, 0, 0);
INSERT INTO `vtiger_profile2field` VALUES (2, 8, 205, 0, 0);
INSERT INTO `vtiger_profile2field` VALUES (2, 8, 206, 0, 0);
INSERT INTO `vtiger_profile2field` VALUES (2, 8, 207, 0, 0);
INSERT INTO `vtiger_profile2field` VALUES (2, 8, 208, 0, 0);
INSERT INTO `vtiger_profile2field` VALUES (2, 8, 209, 0, 0);
INSERT INTO `vtiger_profile2field` VALUES (2, 8, 210, 0, 0);
INSERT INTO `vtiger_profile2field` VALUES (2, 8, 211, 0, 0);
INSERT INTO `vtiger_profile2field` VALUES (2, 8, 212, 0, 0);
INSERT INTO `vtiger_profile2field` VALUES (2, 8, 213, 0, 0);
INSERT INTO `vtiger_profile2field` VALUES (2, 8, 214, 0, 0);
INSERT INTO `vtiger_profile2field` VALUES (2, 8, 215, 0, 0);
INSERT INTO `vtiger_profile2field` VALUES (2, 8, 216, 0, 0);
INSERT INTO `vtiger_profile2field` VALUES (2, 8, 217, 0, 0);
INSERT INTO `vtiger_profile2field` VALUES (2, 8, 218, 0, 0);
INSERT INTO `vtiger_profile2field` VALUES (2, 8, 219, 0, 0);
INSERT INTO `vtiger_profile2field` VALUES (2, 10, 220, 0, 0);
INSERT INTO `vtiger_profile2field` VALUES (2, 10, 221, 0, 0);
INSERT INTO `vtiger_profile2field` VALUES (2, 10, 222, 0, 0);
INSERT INTO `vtiger_profile2field` VALUES (2, 10, 223, 0, 0);
INSERT INTO `vtiger_profile2field` VALUES (2, 10, 224, 0, 0);
INSERT INTO `vtiger_profile2field` VALUES (2, 10, 225, 0, 0);
INSERT INTO `vtiger_profile2field` VALUES (2, 10, 226, 0, 0);
INSERT INTO `vtiger_profile2field` VALUES (2, 10, 227, 0, 0);
INSERT INTO `vtiger_profile2field` VALUES (2, 10, 228, 0, 0);
INSERT INTO `vtiger_profile2field` VALUES (2, 10, 229, 0, 0);
INSERT INTO `vtiger_profile2field` VALUES (2, 10, 230, 0, 0);
INSERT INTO `vtiger_profile2field` VALUES (2, 10, 231, 0, 0);
INSERT INTO `vtiger_profile2field` VALUES (2, 9, 232, 0, 0);
INSERT INTO `vtiger_profile2field` VALUES (2, 9, 233, 0, 0);
INSERT INTO `vtiger_profile2field` VALUES (2, 9, 234, 0, 0);
INSERT INTO `vtiger_profile2field` VALUES (2, 9, 235, 0, 0);
INSERT INTO `vtiger_profile2field` VALUES (2, 9, 236, 0, 0);
INSERT INTO `vtiger_profile2field` VALUES (2, 9, 237, 0, 0);
INSERT INTO `vtiger_profile2field` VALUES (2, 9, 238, 0, 0);
INSERT INTO `vtiger_profile2field` VALUES (2, 9, 239, 0, 0);
INSERT INTO `vtiger_profile2field` VALUES (2, 9, 240, 0, 0);
INSERT INTO `vtiger_profile2field` VALUES (2, 9, 241, 0, 0);
INSERT INTO `vtiger_profile2field` VALUES (2, 9, 242, 0, 0);
INSERT INTO `vtiger_profile2field` VALUES (2, 9, 243, 0, 0);
INSERT INTO `vtiger_profile2field` VALUES (2, 9, 244, 0, 0);
INSERT INTO `vtiger_profile2field` VALUES (2, 9, 245, 0, 0);
INSERT INTO `vtiger_profile2field` VALUES (2, 9, 246, 0, 0);
INSERT INTO `vtiger_profile2field` VALUES (2, 9, 247, 0, 0);
INSERT INTO `vtiger_profile2field` VALUES (2, 9, 248, 0, 0);
INSERT INTO `vtiger_profile2field` VALUES (2, 9, 249, 0, 0);
INSERT INTO `vtiger_profile2field` VALUES (2, 9, 250, 0, 0);
INSERT INTO `vtiger_profile2field` VALUES (2, 9, 251, 0, 0);
INSERT INTO `vtiger_profile2field` VALUES (2, 9, 252, 0, 0);
INSERT INTO `vtiger_profile2field` VALUES (2, 9, 253, 0, 0);
INSERT INTO `vtiger_profile2field` VALUES (2, 9, 254, 0, 0);
INSERT INTO `vtiger_profile2field` VALUES (2, 9, 255, 0, 0);
INSERT INTO `vtiger_profile2field` VALUES (2, 16, 256, 0, 0);
INSERT INTO `vtiger_profile2field` VALUES (2, 16, 257, 0, 0);
INSERT INTO `vtiger_profile2field` VALUES (2, 16, 258, 0, 0);
INSERT INTO `vtiger_profile2field` VALUES (2, 16, 259, 0, 0);
INSERT INTO `vtiger_profile2field` VALUES (2, 16, 260, 0, 0);
INSERT INTO `vtiger_profile2field` VALUES (2, 16, 261, 0, 0);
INSERT INTO `vtiger_profile2field` VALUES (2, 16, 262, 0, 0);
INSERT INTO `vtiger_profile2field` VALUES (2, 16, 263, 0, 0);
INSERT INTO `vtiger_profile2field` VALUES (2, 16, 264, 0, 0);
INSERT INTO `vtiger_profile2field` VALUES (2, 16, 265, 0, 0);
INSERT INTO `vtiger_profile2field` VALUES (2, 16, 266, 0, 0);
INSERT INTO `vtiger_profile2field` VALUES (2, 16, 267, 0, 0);
INSERT INTO `vtiger_profile2field` VALUES (2, 16, 268, 0, 0);
INSERT INTO `vtiger_profile2field` VALUES (2, 16, 269, 0, 0);
INSERT INTO `vtiger_profile2field` VALUES (2, 16, 270, 0, 0);
INSERT INTO `vtiger_profile2field` VALUES (2, 16, 271, 0, 0);
INSERT INTO `vtiger_profile2field` VALUES (2, 16, 272, 0, 0);
INSERT INTO `vtiger_profile2field` VALUES (2, 16, 273, 0, 0);
INSERT INTO `vtiger_profile2field` VALUES (2, 16, 274, 0, 0);
INSERT INTO `vtiger_profile2field` VALUES (2, 16, 275, 0, 0);
INSERT INTO `vtiger_profile2field` VALUES (2, 16, 276, 0, 0);
INSERT INTO `vtiger_profile2field` VALUES (2, 16, 277, 0, 0);
INSERT INTO `vtiger_profile2field` VALUES (2, 16, 278, 0, 0);
INSERT INTO `vtiger_profile2field` VALUES (2, 15, 279, 0, 0);
INSERT INTO `vtiger_profile2field` VALUES (2, 15, 280, 0, 0);
INSERT INTO `vtiger_profile2field` VALUES (2, 15, 281, 0, 0);
INSERT INTO `vtiger_profile2field` VALUES (2, 15, 282, 0, 0);
INSERT INTO `vtiger_profile2field` VALUES (2, 15, 283, 0, 0);
INSERT INTO `vtiger_profile2field` VALUES (2, 15, 284, 0, 0);
INSERT INTO `vtiger_profile2field` VALUES (2, 15, 285, 0, 0);
INSERT INTO `vtiger_profile2field` VALUES (2, 15, 286, 0, 0);
INSERT INTO `vtiger_profile2field` VALUES (2, 15, 287, 0, 0);
INSERT INTO `vtiger_profile2field` VALUES (2, 15, 288, 0, 0);
INSERT INTO `vtiger_profile2field` VALUES (2, 18, 289, 0, 0);
INSERT INTO `vtiger_profile2field` VALUES (2, 18, 290, 0, 0);
INSERT INTO `vtiger_profile2field` VALUES (2, 18, 291, 0, 0);
INSERT INTO `vtiger_profile2field` VALUES (2, 18, 292, 0, 0);
INSERT INTO `vtiger_profile2field` VALUES (2, 18, 293, 0, 0);
INSERT INTO `vtiger_profile2field` VALUES (2, 18, 294, 0, 0);
INSERT INTO `vtiger_profile2field` VALUES (2, 18, 295, 0, 0);
INSERT INTO `vtiger_profile2field` VALUES (2, 18, 296, 0, 0);
INSERT INTO `vtiger_profile2field` VALUES (2, 18, 297, 0, 0);
INSERT INTO `vtiger_profile2field` VALUES (2, 18, 298, 0, 0);
INSERT INTO `vtiger_profile2field` VALUES (2, 18, 299, 0, 0);
INSERT INTO `vtiger_profile2field` VALUES (2, 18, 300, 0, 0);
INSERT INTO `vtiger_profile2field` VALUES (2, 18, 301, 0, 0);
INSERT INTO `vtiger_profile2field` VALUES (2, 18, 302, 0, 0);
INSERT INTO `vtiger_profile2field` VALUES (2, 18, 303, 0, 0);
INSERT INTO `vtiger_profile2field` VALUES (2, 18, 304, 0, 0);
INSERT INTO `vtiger_profile2field` VALUES (2, 18, 305, 0, 0);
INSERT INTO `vtiger_profile2field` VALUES (2, 19, 306, 0, 0);
INSERT INTO `vtiger_profile2field` VALUES (2, 19, 307, 0, 0);
INSERT INTO `vtiger_profile2field` VALUES (2, 19, 308, 0, 0);
INSERT INTO `vtiger_profile2field` VALUES (2, 19, 309, 0, 0);
INSERT INTO `vtiger_profile2field` VALUES (2, 19, 310, 0, 0);
INSERT INTO `vtiger_profile2field` VALUES (2, 19, 311, 0, 0);
INSERT INTO `vtiger_profile2field` VALUES (2, 19, 312, 0, 0);
INSERT INTO `vtiger_profile2field` VALUES (2, 19, 313, 0, 0);
INSERT INTO `vtiger_profile2field` VALUES (2, 20, 314, 0, 0);
INSERT INTO `vtiger_profile2field` VALUES (2, 20, 315, 0, 0);
INSERT INTO `vtiger_profile2field` VALUES (2, 20, 316, 0, 0);
INSERT INTO `vtiger_profile2field` VALUES (2, 20, 317, 0, 0);
INSERT INTO `vtiger_profile2field` VALUES (2, 20, 318, 0, 0);
INSERT INTO `vtiger_profile2field` VALUES (2, 20, 319, 0, 0);
INSERT INTO `vtiger_profile2field` VALUES (2, 20, 320, 0, 0);
INSERT INTO `vtiger_profile2field` VALUES (2, 20, 321, 0, 0);
INSERT INTO `vtiger_profile2field` VALUES (2, 20, 322, 0, 0);
INSERT INTO `vtiger_profile2field` VALUES (2, 20, 323, 0, 0);
INSERT INTO `vtiger_profile2field` VALUES (2, 20, 324, 0, 0);
INSERT INTO `vtiger_profile2field` VALUES (2, 20, 325, 0, 0);
INSERT INTO `vtiger_profile2field` VALUES (2, 20, 326, 0, 0);
INSERT INTO `vtiger_profile2field` VALUES (2, 20, 327, 0, 0);
INSERT INTO `vtiger_profile2field` VALUES (2, 20, 328, 0, 0);
INSERT INTO `vtiger_profile2field` VALUES (2, 20, 329, 0, 0);
INSERT INTO `vtiger_profile2field` VALUES (2, 20, 330, 0, 0);
INSERT INTO `vtiger_profile2field` VALUES (2, 20, 331, 0, 0);
INSERT INTO `vtiger_profile2field` VALUES (2, 20, 332, 0, 0);
INSERT INTO `vtiger_profile2field` VALUES (2, 20, 333, 0, 0);
INSERT INTO `vtiger_profile2field` VALUES (2, 20, 334, 0, 0);
INSERT INTO `vtiger_profile2field` VALUES (2, 20, 335, 0, 0);
INSERT INTO `vtiger_profile2field` VALUES (2, 20, 336, 0, 0);
INSERT INTO `vtiger_profile2field` VALUES (2, 20, 337, 0, 0);
INSERT INTO `vtiger_profile2field` VALUES (2, 20, 338, 0, 0);
INSERT INTO `vtiger_profile2field` VALUES (2, 20, 339, 0, 0);
INSERT INTO `vtiger_profile2field` VALUES (2, 20, 340, 0, 0);
INSERT INTO `vtiger_profile2field` VALUES (2, 20, 341, 0, 0);
INSERT INTO `vtiger_profile2field` VALUES (2, 20, 342, 0, 0);
INSERT INTO `vtiger_profile2field` VALUES (2, 20, 343, 0, 0);
INSERT INTO `vtiger_profile2field` VALUES (2, 20, 344, 0, 0);
INSERT INTO `vtiger_profile2field` VALUES (2, 20, 345, 0, 0);
INSERT INTO `vtiger_profile2field` VALUES (2, 20, 346, 0, 0);
INSERT INTO `vtiger_profile2field` VALUES (2, 20, 347, 0, 0);
INSERT INTO `vtiger_profile2field` VALUES (2, 20, 348, 0, 0);
INSERT INTO `vtiger_profile2field` VALUES (2, 20, 349, 0, 0);
INSERT INTO `vtiger_profile2field` VALUES (2, 20, 350, 0, 0);
INSERT INTO `vtiger_profile2field` VALUES (2, 21, 351, 0, 0);
INSERT INTO `vtiger_profile2field` VALUES (2, 21, 352, 0, 0);
INSERT INTO `vtiger_profile2field` VALUES (2, 21, 353, 0, 0);
INSERT INTO `vtiger_profile2field` VALUES (2, 21, 354, 0, 0);
INSERT INTO `vtiger_profile2field` VALUES (2, 21, 355, 0, 0);
INSERT INTO `vtiger_profile2field` VALUES (2, 21, 356, 0, 0);
INSERT INTO `vtiger_profile2field` VALUES (2, 21, 357, 0, 0);
INSERT INTO `vtiger_profile2field` VALUES (2, 21, 358, 0, 0);
INSERT INTO `vtiger_profile2field` VALUES (2, 21, 359, 0, 0);
INSERT INTO `vtiger_profile2field` VALUES (2, 21, 360, 0, 0);
INSERT INTO `vtiger_profile2field` VALUES (2, 21, 361, 0, 0);
INSERT INTO `vtiger_profile2field` VALUES (2, 21, 362, 0, 0);
INSERT INTO `vtiger_profile2field` VALUES (2, 21, 363, 0, 0);
INSERT INTO `vtiger_profile2field` VALUES (2, 21, 364, 0, 0);
INSERT INTO `vtiger_profile2field` VALUES (2, 21, 365, 0, 0);
INSERT INTO `vtiger_profile2field` VALUES (2, 21, 366, 0, 0);
INSERT INTO `vtiger_profile2field` VALUES (2, 21, 367, 0, 0);
INSERT INTO `vtiger_profile2field` VALUES (2, 21, 368, 0, 0);
INSERT INTO `vtiger_profile2field` VALUES (2, 21, 369, 0, 0);
INSERT INTO `vtiger_profile2field` VALUES (2, 21, 370, 0, 0);
INSERT INTO `vtiger_profile2field` VALUES (2, 21, 371, 0, 0);
INSERT INTO `vtiger_profile2field` VALUES (2, 21, 372, 0, 0);
INSERT INTO `vtiger_profile2field` VALUES (2, 21, 373, 0, 0);
INSERT INTO `vtiger_profile2field` VALUES (2, 21, 374, 0, 0);
INSERT INTO `vtiger_profile2field` VALUES (2, 21, 375, 0, 0);
INSERT INTO `vtiger_profile2field` VALUES (2, 21, 376, 0, 0);
INSERT INTO `vtiger_profile2field` VALUES (2, 21, 377, 0, 0);
INSERT INTO `vtiger_profile2field` VALUES (2, 21, 378, 0, 0);
INSERT INTO `vtiger_profile2field` VALUES (2, 21, 379, 0, 0);
INSERT INTO `vtiger_profile2field` VALUES (2, 21, 380, 0, 0);
INSERT INTO `vtiger_profile2field` VALUES (2, 21, 381, 0, 0);
INSERT INTO `vtiger_profile2field` VALUES (2, 21, 382, 0, 0);
INSERT INTO `vtiger_profile2field` VALUES (2, 21, 383, 0, 0);
INSERT INTO `vtiger_profile2field` VALUES (2, 21, 384, 0, 0);
INSERT INTO `vtiger_profile2field` VALUES (2, 21, 385, 0, 0);
INSERT INTO `vtiger_profile2field` VALUES (2, 21, 386, 0, 0);
INSERT INTO `vtiger_profile2field` VALUES (2, 21, 387, 0, 0);
INSERT INTO `vtiger_profile2field` VALUES (2, 21, 388, 0, 0);
INSERT INTO `vtiger_profile2field` VALUES (2, 22, 389, 0, 0);
INSERT INTO `vtiger_profile2field` VALUES (2, 22, 390, 0, 0);
INSERT INTO `vtiger_profile2field` VALUES (2, 22, 391, 0, 0);
INSERT INTO `vtiger_profile2field` VALUES (2, 22, 392, 0, 0);
INSERT INTO `vtiger_profile2field` VALUES (2, 22, 393, 0, 0);
INSERT INTO `vtiger_profile2field` VALUES (2, 22, 394, 0, 0);
INSERT INTO `vtiger_profile2field` VALUES (2, 22, 395, 0, 0);
INSERT INTO `vtiger_profile2field` VALUES (2, 22, 396, 0, 0);
INSERT INTO `vtiger_profile2field` VALUES (2, 22, 397, 0, 0);
INSERT INTO `vtiger_profile2field` VALUES (2, 22, 398, 0, 0);
INSERT INTO `vtiger_profile2field` VALUES (2, 22, 399, 0, 0);
INSERT INTO `vtiger_profile2field` VALUES (2, 22, 400, 0, 0);
INSERT INTO `vtiger_profile2field` VALUES (2, 22, 401, 0, 0);
INSERT INTO `vtiger_profile2field` VALUES (2, 22, 402, 0, 0);
INSERT INTO `vtiger_profile2field` VALUES (2, 22, 403, 0, 0);
INSERT INTO `vtiger_profile2field` VALUES (2, 22, 404, 0, 0);
INSERT INTO `vtiger_profile2field` VALUES (2, 22, 405, 0, 0);
INSERT INTO `vtiger_profile2field` VALUES (2, 22, 406, 0, 0);
INSERT INTO `vtiger_profile2field` VALUES (2, 22, 407, 0, 0);
INSERT INTO `vtiger_profile2field` VALUES (2, 22, 408, 0, 0);
INSERT INTO `vtiger_profile2field` VALUES (2, 22, 409, 0, 0);
INSERT INTO `vtiger_profile2field` VALUES (2, 22, 410, 0, 0);
INSERT INTO `vtiger_profile2field` VALUES (2, 22, 411, 0, 0);
INSERT INTO `vtiger_profile2field` VALUES (2, 22, 412, 0, 0);
INSERT INTO `vtiger_profile2field` VALUES (2, 22, 413, 0, 0);
INSERT INTO `vtiger_profile2field` VALUES (2, 22, 414, 0, 0);
INSERT INTO `vtiger_profile2field` VALUES (2, 22, 415, 0, 0);
INSERT INTO `vtiger_profile2field` VALUES (2, 22, 416, 0, 0);
INSERT INTO `vtiger_profile2field` VALUES (2, 22, 417, 0, 0);
INSERT INTO `vtiger_profile2field` VALUES (2, 22, 418, 0, 0);
INSERT INTO `vtiger_profile2field` VALUES (2, 22, 419, 0, 0);
INSERT INTO `vtiger_profile2field` VALUES (2, 22, 420, 0, 0);
INSERT INTO `vtiger_profile2field` VALUES (2, 22, 421, 0, 0);
INSERT INTO `vtiger_profile2field` VALUES (2, 22, 422, 0, 0);
INSERT INTO `vtiger_profile2field` VALUES (2, 22, 423, 0, 0);
INSERT INTO `vtiger_profile2field` VALUES (2, 22, 424, 0, 0);
INSERT INTO `vtiger_profile2field` VALUES (2, 22, 425, 0, 0);
INSERT INTO `vtiger_profile2field` VALUES (2, 22, 426, 0, 0);
INSERT INTO `vtiger_profile2field` VALUES (2, 22, 427, 0, 0);
INSERT INTO `vtiger_profile2field` VALUES (2, 22, 428, 0, 0);
INSERT INTO `vtiger_profile2field` VALUES (2, 22, 429, 0, 0);
INSERT INTO `vtiger_profile2field` VALUES (2, 22, 430, 0, 0);
INSERT INTO `vtiger_profile2field` VALUES (2, 22, 431, 0, 0);
INSERT INTO `vtiger_profile2field` VALUES (2, 22, 432, 0, 0);
INSERT INTO `vtiger_profile2field` VALUES (2, 22, 433, 0, 0);
INSERT INTO `vtiger_profile2field` VALUES (2, 22, 434, 0, 0);
INSERT INTO `vtiger_profile2field` VALUES (2, 22, 435, 0, 0);
INSERT INTO `vtiger_profile2field` VALUES (2, 23, 436, 0, 0);
INSERT INTO `vtiger_profile2field` VALUES (2, 23, 437, 0, 0);
INSERT INTO `vtiger_profile2field` VALUES (2, 23, 438, 0, 0);
INSERT INTO `vtiger_profile2field` VALUES (2, 23, 439, 0, 0);
INSERT INTO `vtiger_profile2field` VALUES (2, 23, 440, 0, 0);
INSERT INTO `vtiger_profile2field` VALUES (2, 23, 441, 0, 0);
INSERT INTO `vtiger_profile2field` VALUES (2, 23, 442, 0, 0);
INSERT INTO `vtiger_profile2field` VALUES (2, 23, 443, 0, 0);
INSERT INTO `vtiger_profile2field` VALUES (2, 23, 444, 0, 0);
INSERT INTO `vtiger_profile2field` VALUES (2, 23, 445, 0, 0);
INSERT INTO `vtiger_profile2field` VALUES (2, 23, 446, 0, 0);
INSERT INTO `vtiger_profile2field` VALUES (2, 23, 447, 0, 0);
INSERT INTO `vtiger_profile2field` VALUES (2, 23, 448, 0, 0);
INSERT INTO `vtiger_profile2field` VALUES (2, 23, 449, 0, 0);
INSERT INTO `vtiger_profile2field` VALUES (2, 23, 450, 0, 0);
INSERT INTO `vtiger_profile2field` VALUES (2, 23, 451, 0, 0);
INSERT INTO `vtiger_profile2field` VALUES (2, 23, 452, 0, 0);
INSERT INTO `vtiger_profile2field` VALUES (2, 23, 453, 0, 0);
INSERT INTO `vtiger_profile2field` VALUES (2, 23, 454, 0, 0);
INSERT INTO `vtiger_profile2field` VALUES (2, 23, 455, 0, 0);
INSERT INTO `vtiger_profile2field` VALUES (2, 23, 456, 0, 0);
INSERT INTO `vtiger_profile2field` VALUES (2, 23, 457, 0, 0);
INSERT INTO `vtiger_profile2field` VALUES (2, 23, 458, 0, 0);
INSERT INTO `vtiger_profile2field` VALUES (2, 23, 459, 0, 0);
INSERT INTO `vtiger_profile2field` VALUES (2, 23, 460, 0, 0);
INSERT INTO `vtiger_profile2field` VALUES (2, 23, 461, 0, 0);
INSERT INTO `vtiger_profile2field` VALUES (2, 23, 462, 0, 0);
INSERT INTO `vtiger_profile2field` VALUES (2, 23, 463, 0, 0);
INSERT INTO `vtiger_profile2field` VALUES (2, 23, 464, 0, 0);
INSERT INTO `vtiger_profile2field` VALUES (2, 23, 465, 0, 0);
INSERT INTO `vtiger_profile2field` VALUES (2, 23, 466, 0, 0);
INSERT INTO `vtiger_profile2field` VALUES (2, 23, 467, 0, 0);
INSERT INTO `vtiger_profile2field` VALUES (2, 23, 468, 0, 0);
INSERT INTO `vtiger_profile2field` VALUES (2, 23, 469, 0, 0);
INSERT INTO `vtiger_profile2field` VALUES (2, 23, 470, 0, 0);
INSERT INTO `vtiger_profile2field` VALUES (2, 23, 471, 0, 0);
INSERT INTO `vtiger_profile2field` VALUES (2, 23, 472, 0, 0);
INSERT INTO `vtiger_profile2field` VALUES (2, 23, 473, 0, 0);
INSERT INTO `vtiger_profile2field` VALUES (2, 23, 474, 0, 0);
INSERT INTO `vtiger_profile2field` VALUES (2, 10, 520, 0, 0);
INSERT INTO `vtiger_profile2field` VALUES (2, 10, 521, 0, 0);
INSERT INTO `vtiger_profile2field` VALUES (2, 10, 522, 0, 0);
INSERT INTO `vtiger_profile2field` VALUES (2, 10, 523, 0, 0);
INSERT INTO `vtiger_profile2field` VALUES (2, 10, 524, 0, 0);
INSERT INTO `vtiger_profile2field` VALUES (2, 10, 525, 0, 0);
INSERT INTO `vtiger_profile2field` VALUES (2, 34, 526, 0, 0);
INSERT INTO `vtiger_profile2field` VALUES (2, 34, 527, 0, 0);
INSERT INTO `vtiger_profile2field` VALUES (2, 34, 528, 0, 0);
INSERT INTO `vtiger_profile2field` VALUES (2, 34, 529, 0, 0);
INSERT INTO `vtiger_profile2field` VALUES (2, 34, 530, 0, 0);
INSERT INTO `vtiger_profile2field` VALUES (2, 34, 531, 0, 0);
INSERT INTO `vtiger_profile2field` VALUES (2, 34, 532, 0, 0);
INSERT INTO `vtiger_profile2field` VALUES (2, 34, 533, 0, 0);
INSERT INTO `vtiger_profile2field` VALUES (2, 34, 534, 0, 0);
INSERT INTO `vtiger_profile2field` VALUES (2, 34, 535, 0, 0);
INSERT INTO `vtiger_profile2field` VALUES (2, 34, 536, 0, 0);
INSERT INTO `vtiger_profile2field` VALUES (2, 34, 537, 0, 0);
INSERT INTO `vtiger_profile2field` VALUES (2, 34, 538, 0, 0);
INSERT INTO `vtiger_profile2field` VALUES (2, 34, 539, 0, 0);
INSERT INTO `vtiger_profile2field` VALUES (2, 34, 540, 0, 0);
INSERT INTO `vtiger_profile2field` VALUES (2, 34, 541, 0, 0);
INSERT INTO `vtiger_profile2field` VALUES (2, 34, 542, 0, 0);
INSERT INTO `vtiger_profile2field` VALUES (2, 29, 543, 0, 0);
INSERT INTO `vtiger_profile2field` VALUES (2, 35, 544, 0, 0);
INSERT INTO `vtiger_profile2field` VALUES (2, 35, 545, 0, 0);
INSERT INTO `vtiger_profile2field` VALUES (2, 35, 546, 0, 0);
INSERT INTO `vtiger_profile2field` VALUES (2, 35, 547, 0, 0);
INSERT INTO `vtiger_profile2field` VALUES (2, 35, 548, 0, 0);
INSERT INTO `vtiger_profile2field` VALUES (2, 35, 549, 0, 0);
INSERT INTO `vtiger_profile2field` VALUES (2, 35, 550, 0, 0);
INSERT INTO `vtiger_profile2field` VALUES (2, 35, 551, 0, 0);
INSERT INTO `vtiger_profile2field` VALUES (2, 35, 552, 0, 0);
INSERT INTO `vtiger_profile2field` VALUES (2, 35, 553, 0, 0);
INSERT INTO `vtiger_profile2field` VALUES (2, 35, 554, 0, 0);
INSERT INTO `vtiger_profile2field` VALUES (2, 35, 555, 0, 0);
INSERT INTO `vtiger_profile2field` VALUES (2, 35, 556, 0, 0);
INSERT INTO `vtiger_profile2field` VALUES (2, 35, 557, 0, 0);
INSERT INTO `vtiger_profile2field` VALUES (2, 35, 558, 0, 0);
INSERT INTO `vtiger_profile2field` VALUES (2, 35, 559, 0, 0);
INSERT INTO `vtiger_profile2field` VALUES (2, 35, 560, 0, 0);
INSERT INTO `vtiger_profile2field` VALUES (2, 35, 561, 0, 0);
INSERT INTO `vtiger_profile2field` VALUES (2, 35, 562, 0, 0);
INSERT INTO `vtiger_profile2field` VALUES (2, 35, 563, 0, 0);
INSERT INTO `vtiger_profile2field` VALUES (2, 35, 564, 0, 0);
INSERT INTO `vtiger_profile2field` VALUES (2, 35, 565, 0, 0);
INSERT INTO `vtiger_profile2field` VALUES (2, 36, 566, 0, 0);
INSERT INTO `vtiger_profile2field` VALUES (2, 36, 567, 0, 0);
INSERT INTO `vtiger_profile2field` VALUES (2, 36, 568, 0, 0);
INSERT INTO `vtiger_profile2field` VALUES (2, 36, 569, 0, 0);
INSERT INTO `vtiger_profile2field` VALUES (2, 36, 570, 0, 0);
INSERT INTO `vtiger_profile2field` VALUES (2, 36, 571, 0, 0);
INSERT INTO `vtiger_profile2field` VALUES (2, 36, 572, 0, 0);
INSERT INTO `vtiger_profile2field` VALUES (2, 36, 573, 0, 0);
INSERT INTO `vtiger_profile2field` VALUES (2, 36, 574, 0, 0);
INSERT INTO `vtiger_profile2field` VALUES (2, 36, 575, 0, 0);
INSERT INTO `vtiger_profile2field` VALUES (2, 36, 576, 0, 0);
INSERT INTO `vtiger_profile2field` VALUES (2, 36, 577, 0, 0);
INSERT INTO `vtiger_profile2field` VALUES (2, 36, 578, 0, 0);
INSERT INTO `vtiger_profile2field` VALUES (2, 36, 579, 0, 0);
INSERT INTO `vtiger_profile2field` VALUES (2, 36, 580, 0, 0);
INSERT INTO `vtiger_profile2field` VALUES (2, 36, 581, 0, 0);
INSERT INTO `vtiger_profile2field` VALUES (2, 36, 582, 0, 0);
INSERT INTO `vtiger_profile2field` VALUES (2, 36, 583, 0, 0);
INSERT INTO `vtiger_profile2field` VALUES (2, 36, 584, 0, 0);
INSERT INTO `vtiger_profile2field` VALUES (2, 36, 585, 0, 0);
INSERT INTO `vtiger_profile2field` VALUES (2, 36, 586, 0, 0);
INSERT INTO `vtiger_profile2field` VALUES (2, 36, 587, 0, 0);
INSERT INTO `vtiger_profile2field` VALUES (2, 38, 588, 0, 0);
INSERT INTO `vtiger_profile2field` VALUES (2, 38, 589, 0, 0);
INSERT INTO `vtiger_profile2field` VALUES (2, 38, 590, 0, 0);
INSERT INTO `vtiger_profile2field` VALUES (2, 38, 591, 0, 0);
INSERT INTO `vtiger_profile2field` VALUES (2, 38, 592, 0, 0);
INSERT INTO `vtiger_profile2field` VALUES (2, 38, 593, 0, 0);
INSERT INTO `vtiger_profile2field` VALUES (2, 38, 594, 0, 0);
INSERT INTO `vtiger_profile2field` VALUES (2, 38, 595, 0, 0);
INSERT INTO `vtiger_profile2field` VALUES (2, 38, 596, 0, 0);
INSERT INTO `vtiger_profile2field` VALUES (2, 38, 597, 0, 0);
INSERT INTO `vtiger_profile2field` VALUES (2, 38, 598, 0, 0);
INSERT INTO `vtiger_profile2field` VALUES (2, 38, 599, 0, 0);
INSERT INTO `vtiger_profile2field` VALUES (2, 38, 600, 0, 0);
INSERT INTO `vtiger_profile2field` VALUES (2, 38, 601, 0, 0);
INSERT INTO `vtiger_profile2field` VALUES (2, 38, 602, 0, 0);
INSERT INTO `vtiger_profile2field` VALUES (2, 38, 603, 0, 0);
INSERT INTO `vtiger_profile2field` VALUES (2, 38, 604, 0, 0);
INSERT INTO `vtiger_profile2field` VALUES (2, 38, 605, 0, 0);
INSERT INTO `vtiger_profile2field` VALUES (2, 38, 606, 0, 0);
INSERT INTO `vtiger_profile2field` VALUES (2, 38, 607, 0, 0);
INSERT INTO `vtiger_profile2field` VALUES (2, 38, 608, 0, 0);
INSERT INTO `vtiger_profile2field` VALUES (2, 42, 609, 0, 0);
INSERT INTO `vtiger_profile2field` VALUES (2, 42, 610, 0, 0);
INSERT INTO `vtiger_profile2field` VALUES (2, 42, 611, 0, 0);
INSERT INTO `vtiger_profile2field` VALUES (2, 42, 612, 0, 0);
INSERT INTO `vtiger_profile2field` VALUES (2, 42, 613, 0, 0);
INSERT INTO `vtiger_profile2field` VALUES (2, 42, 614, 0, 0);
INSERT INTO `vtiger_profile2field` VALUES (2, 42, 615, 0, 0);
INSERT INTO `vtiger_profile2field` VALUES (2, 42, 616, 0, 0);
INSERT INTO `vtiger_profile2field` VALUES (2, 43, 617, 0, 0);
INSERT INTO `vtiger_profile2field` VALUES (2, 43, 618, 0, 0);
INSERT INTO `vtiger_profile2field` VALUES (2, 43, 619, 0, 0);
INSERT INTO `vtiger_profile2field` VALUES (2, 43, 620, 0, 0);
INSERT INTO `vtiger_profile2field` VALUES (2, 43, 621, 0, 0);
INSERT INTO `vtiger_profile2field` VALUES (2, 43, 622, 0, 0);
INSERT INTO `vtiger_profile2field` VALUES (2, 43, 623, 0, 0);
INSERT INTO `vtiger_profile2field` VALUES (2, 43, 624, 0, 0);
INSERT INTO `vtiger_profile2field` VALUES (2, 43, 625, 0, 0);
INSERT INTO `vtiger_profile2field` VALUES (2, 43, 626, 0, 0);
INSERT INTO `vtiger_profile2field` VALUES (2, 43, 627, 0, 0);
INSERT INTO `vtiger_profile2field` VALUES (2, 43, 628, 0, 0);
INSERT INTO `vtiger_profile2field` VALUES (2, 43, 629, 0, 0);
INSERT INTO `vtiger_profile2field` VALUES (2, 44, 630, 0, 0);
INSERT INTO `vtiger_profile2field` VALUES (2, 44, 631, 0, 0);
INSERT INTO `vtiger_profile2field` VALUES (2, 44, 632, 0, 0);
INSERT INTO `vtiger_profile2field` VALUES (2, 44, 633, 0, 0);
INSERT INTO `vtiger_profile2field` VALUES (2, 44, 634, 0, 0);
INSERT INTO `vtiger_profile2field` VALUES (2, 44, 635, 0, 0);
INSERT INTO `vtiger_profile2field` VALUES (2, 44, 636, 0, 0);
INSERT INTO `vtiger_profile2field` VALUES (2, 44, 637, 0, 0);
INSERT INTO `vtiger_profile2field` VALUES (2, 44, 638, 0, 0);
INSERT INTO `vtiger_profile2field` VALUES (2, 44, 639, 0, 0);
INSERT INTO `vtiger_profile2field` VALUES (2, 44, 640, 0, 0);
INSERT INTO `vtiger_profile2field` VALUES (2, 44, 641, 0, 0);
INSERT INTO `vtiger_profile2field` VALUES (2, 44, 642, 0, 0);
INSERT INTO `vtiger_profile2field` VALUES (2, 44, 643, 0, 0);
INSERT INTO `vtiger_profile2field` VALUES (2, 44, 644, 0, 0);
INSERT INTO `vtiger_profile2field` VALUES (2, 44, 645, 0, 0);
INSERT INTO `vtiger_profile2field` VALUES (2, 44, 646, 0, 0);
INSERT INTO `vtiger_profile2field` VALUES (2, 44, 647, 0, 0);
INSERT INTO `vtiger_profile2field` VALUES (2, 45, 648, 0, 0);
INSERT INTO `vtiger_profile2field` VALUES (2, 45, 649, 0, 0);
INSERT INTO `vtiger_profile2field` VALUES (2, 45, 650, 0, 0);
INSERT INTO `vtiger_profile2field` VALUES (2, 45, 651, 0, 0);
INSERT INTO `vtiger_profile2field` VALUES (2, 45, 652, 0, 0);
INSERT INTO `vtiger_profile2field` VALUES (2, 45, 653, 0, 0);
INSERT INTO `vtiger_profile2field` VALUES (2, 45, 654, 0, 0);
INSERT INTO `vtiger_profile2field` VALUES (2, 45, 655, 0, 0);
INSERT INTO `vtiger_profile2field` VALUES (2, 45, 656, 0, 0);
INSERT INTO `vtiger_profile2field` VALUES (2, 45, 657, 0, 0);
INSERT INTO `vtiger_profile2field` VALUES (2, 45, 658, 0, 0);
INSERT INTO `vtiger_profile2field` VALUES (2, 45, 659, 0, 0);
INSERT INTO `vtiger_profile2field` VALUES (2, 45, 660, 0, 0);
INSERT INTO `vtiger_profile2field` VALUES (2, 45, 661, 0, 0);
INSERT INTO `vtiger_profile2field` VALUES (2, 45, 662, 0, 0);
INSERT INTO `vtiger_profile2field` VALUES (2, 45, 663, 0, 0);
INSERT INTO `vtiger_profile2field` VALUES (2, 45, 664, 0, 0);
INSERT INTO `vtiger_profile2field` VALUES (2, 45, 665, 0, 0);
INSERT INTO `vtiger_profile2field` VALUES (2, 45, 666, 0, 0);
INSERT INTO `vtiger_profile2field` VALUES (2, 45, 667, 0, 0);
INSERT INTO `vtiger_profile2field` VALUES (2, 47, 668, 0, 0);
INSERT INTO `vtiger_profile2field` VALUES (2, 47, 669, 0, 0);
INSERT INTO `vtiger_profile2field` VALUES (2, 47, 670, 0, 0);
INSERT INTO `vtiger_profile2field` VALUES (2, 47, 671, 0, 0);
INSERT INTO `vtiger_profile2field` VALUES (2, 47, 672, 0, 0);
INSERT INTO `vtiger_profile2field` VALUES (2, 47, 673, 0, 0);
INSERT INTO `vtiger_profile2field` VALUES (2, 2, 674, 0, 0);
INSERT INTO `vtiger_profile2field` VALUES (2, 29, 675, 0, 0);
INSERT INTO `vtiger_profile2field` VALUES (2, 23, 676, 0, 0);
INSERT INTO `vtiger_profile2field` VALUES (2, 23, 677, 0, 0);
INSERT INTO `vtiger_profile2field` VALUES (2, 23, 678, 0, 0);
INSERT INTO `vtiger_profile2field` VALUES (2, 23, 679, 0, 0);
INSERT INTO `vtiger_profile2field` VALUES (2, 23, 680, 0, 0);
INSERT INTO `vtiger_profile2field` VALUES (2, 23, 681, 0, 0);
INSERT INTO `vtiger_profile2field` VALUES (2, 23, 682, 0, 0);
INSERT INTO `vtiger_profile2field` VALUES (2, 23, 683, 0, 0);
INSERT INTO `vtiger_profile2field` VALUES (2, 23, 684, 0, 0);
INSERT INTO `vtiger_profile2field` VALUES (2, 22, 685, 0, 0);
INSERT INTO `vtiger_profile2field` VALUES (2, 22, 686, 0, 0);
INSERT INTO `vtiger_profile2field` VALUES (2, 22, 687, 0, 0);
INSERT INTO `vtiger_profile2field` VALUES (2, 22, 688, 0, 0);
INSERT INTO `vtiger_profile2field` VALUES (2, 22, 689, 0, 0);
INSERT INTO `vtiger_profile2field` VALUES (2, 22, 690, 0, 0);
INSERT INTO `vtiger_profile2field` VALUES (2, 22, 691, 0, 0);
INSERT INTO `vtiger_profile2field` VALUES (2, 22, 692, 0, 0);
INSERT INTO `vtiger_profile2field` VALUES (2, 22, 693, 0, 0);
INSERT INTO `vtiger_profile2field` VALUES (2, 21, 694, 0, 0);
INSERT INTO `vtiger_profile2field` VALUES (2, 21, 695, 0, 0);
INSERT INTO `vtiger_profile2field` VALUES (2, 21, 696, 0, 0);
INSERT INTO `vtiger_profile2field` VALUES (2, 21, 697, 0, 0);
INSERT INTO `vtiger_profile2field` VALUES (2, 21, 698, 0, 0);
INSERT INTO `vtiger_profile2field` VALUES (2, 21, 699, 0, 0);
INSERT INTO `vtiger_profile2field` VALUES (2, 21, 700, 0, 0);
INSERT INTO `vtiger_profile2field` VALUES (2, 21, 701, 0, 0);
INSERT INTO `vtiger_profile2field` VALUES (2, 21, 702, 0, 0);
INSERT INTO `vtiger_profile2field` VALUES (2, 20, 703, 0, 0);
INSERT INTO `vtiger_profile2field` VALUES (2, 20, 704, 0, 0);
INSERT INTO `vtiger_profile2field` VALUES (2, 20, 705, 0, 0);
INSERT INTO `vtiger_profile2field` VALUES (2, 20, 706, 0, 0);
INSERT INTO `vtiger_profile2field` VALUES (2, 20, 707, 0, 0);
INSERT INTO `vtiger_profile2field` VALUES (2, 20, 708, 0, 0);
INSERT INTO `vtiger_profile2field` VALUES (2, 20, 709, 0, 0);
INSERT INTO `vtiger_profile2field` VALUES (2, 20, 710, 0, 0);
INSERT INTO `vtiger_profile2field` VALUES (2, 20, 711, 0, 0);
INSERT INTO `vtiger_profile2field` VALUES (2, 29, 712, 0, 0);
INSERT INTO `vtiger_profile2field` VALUES (2, 44, 713, 0, 0);
INSERT INTO `vtiger_profile2field` VALUES (2, 42, 714, 0, 0);
INSERT INTO `vtiger_profile2field` VALUES (2, 29, 715, 0, 0);
INSERT INTO `vtiger_profile2field` VALUES (2, 29, 716, 0, 0);
INSERT INTO `vtiger_profile2field` VALUES (2, 29, 717, 0, 0);
INSERT INTO `vtiger_profile2field` VALUES (2, 23, 718, 0, 0);
INSERT INTO `vtiger_profile2field` VALUES (2, 22, 719, 0, 0);
INSERT INTO `vtiger_profile2field` VALUES (2, 21, 720, 0, 0);
INSERT INTO `vtiger_profile2field` VALUES (2, 20, 721, 0, 0);
INSERT INTO `vtiger_profile2field` VALUES (2, 29, 722, 0, 0);
INSERT INTO `vtiger_profile2field` VALUES (2, 6, 723, 0, 0);
INSERT INTO `vtiger_profile2field` VALUES (2, 4, 724, 0, 0);
INSERT INTO `vtiger_profile2field` VALUES (2, 2, 725, 0, 0);
INSERT INTO `vtiger_profile2field` VALUES (2, 29, 726, 0, 0);
INSERT INTO `vtiger_profile2field` VALUES (2, 23, 727, 0, 0);
INSERT INTO `vtiger_profile2field` VALUES (2, 23, 728, 0, 0);
INSERT INTO `vtiger_profile2field` VALUES (2, 21, 729, 0, 0);
INSERT INTO `vtiger_profile2field` VALUES (2, 21, 730, 0, 0);
INSERT INTO `vtiger_profile2field` VALUES (2, 18, 731, 0, 0);
INSERT INTO `vtiger_profile2field` VALUES (2, 7, 732, 0, 0);
INSERT INTO `vtiger_profile2field` VALUES (2, 42, 733, 0, 0);
INSERT INTO `vtiger_profile2field` VALUES (2, 42, 734, 0, 0);
INSERT INTO `vtiger_profile2field` VALUES (2, 23, 735, 0, 0);
INSERT INTO `vtiger_profile2field` VALUES (2, 20, 736, 0, 0);
INSERT INTO `vtiger_profile2field` VALUES (2, 21, 737, 0, 0);
INSERT INTO `vtiger_profile2field` VALUES (2, 22, 738, 0, 0);
INSERT INTO `vtiger_profile2field` VALUES (2, 29, 739, 0, 0);
INSERT INTO `vtiger_profile2field` VALUES (2, 2, 740, 0, 0);
INSERT INTO `vtiger_profile2field` VALUES (2, 13, 741, 0, 0);
INSERT INTO `vtiger_profile2field` VALUES (2, 29, 742, 0, 0);
INSERT INTO `vtiger_profile2field` VALUES (2, 29, 743, 0, 0);
INSERT INTO `vtiger_profile2field` VALUES (2, 29, 744, 0, 0);
INSERT INTO `vtiger_profile2field` VALUES (2, 29, 745, 0, 0);
INSERT INTO `vtiger_profile2field` VALUES (2, 14, 772, 0, 0);
INSERT INTO `vtiger_profile2field` VALUES (2, 36, 773, 0, 0);
INSERT INTO `vtiger_profile2field` VALUES (2, 23, 774, 0, 0);
INSERT INTO `vtiger_profile2field` VALUES (2, 29, 775, 0, 0);
INSERT INTO `vtiger_profile2field` VALUES (2, 23, 776, 0, 0);
INSERT INTO `vtiger_profile2field` VALUES (2, 23, 777, 0, 0);
INSERT INTO `vtiger_profile2field` VALUES (2, 23, 778, 0, 0);
INSERT INTO `vtiger_profile2field` VALUES (2, 20, 779, 0, 0);
INSERT INTO `vtiger_profile2field` VALUES (2, 20, 780, 0, 0);
INSERT INTO `vtiger_profile2field` VALUES (2, 20, 781, 0, 0);
INSERT INTO `vtiger_profile2field` VALUES (2, 21, 782, 0, 0);
INSERT INTO `vtiger_profile2field` VALUES (2, 22, 783, 0, 0);
INSERT INTO `vtiger_profile2field` VALUES (2, 22, 784, 0, 0);
INSERT INTO `vtiger_profile2field` VALUES (2, 22, 785, 0, 0);
INSERT INTO `vtiger_profile2field` VALUES (2, 42, 786, 0, 0);
INSERT INTO `vtiger_profile2field` VALUES (2, 42, 787, 0, 0);
INSERT INTO `vtiger_profile2field` VALUES (2, 42, 788, 0, 0);
INSERT INTO `vtiger_profile2field` VALUES (2, 2, 789, 0, 0);
INSERT INTO `vtiger_profile2field` VALUES (2, 4, 790, 0, 0);
INSERT INTO `vtiger_profile2field` VALUES (2, 6, 791, 0, 0);
INSERT INTO `vtiger_profile2field` VALUES (2, 7, 792, 0, 0);
INSERT INTO `vtiger_profile2field` VALUES (2, 8, 793, 0, 0);
INSERT INTO `vtiger_profile2field` VALUES (2, 9, 794, 0, 0);
INSERT INTO `vtiger_profile2field` VALUES (2, 10, 795, 0, 0);
INSERT INTO `vtiger_profile2field` VALUES (2, 13, 796, 0, 0);
INSERT INTO `vtiger_profile2field` VALUES (2, 14, 797, 0, 0);
INSERT INTO `vtiger_profile2field` VALUES (2, 15, 798, 0, 0);
INSERT INTO `vtiger_profile2field` VALUES (2, 16, 799, 0, 0);
INSERT INTO `vtiger_profile2field` VALUES (2, 18, 800, 0, 0);
INSERT INTO `vtiger_profile2field` VALUES (2, 19, 801, 0, 0);
INSERT INTO `vtiger_profile2field` VALUES (2, 20, 802, 0, 0);
INSERT INTO `vtiger_profile2field` VALUES (2, 21, 803, 0, 0);
INSERT INTO `vtiger_profile2field` VALUES (2, 22, 804, 0, 0);
INSERT INTO `vtiger_profile2field` VALUES (2, 23, 805, 0, 0);
INSERT INTO `vtiger_profile2field` VALUES (2, 26, 806, 0, 0);
INSERT INTO `vtiger_profile2field` VALUES (2, 10, 807, 0, 0);
INSERT INTO `vtiger_profile2field` VALUES (2, 2, 808, 0, 0);
INSERT INTO `vtiger_profile2field` VALUES (2, 4, 809, 0, 0);
INSERT INTO `vtiger_profile2field` VALUES (2, 6, 810, 0, 0);
INSERT INTO `vtiger_profile2field` VALUES (2, 7, 811, 0, 0);
INSERT INTO `vtiger_profile2field` VALUES (2, 8, 812, 0, 0);
INSERT INTO `vtiger_profile2field` VALUES (2, 9, 813, 0, 0);
INSERT INTO `vtiger_profile2field` VALUES (2, 10, 814, 0, 0);
INSERT INTO `vtiger_profile2field` VALUES (2, 13, 815, 0, 0);
INSERT INTO `vtiger_profile2field` VALUES (2, 14, 816, 0, 0);
INSERT INTO `vtiger_profile2field` VALUES (2, 15, 817, 0, 0);
INSERT INTO `vtiger_profile2field` VALUES (2, 16, 818, 0, 0);
INSERT INTO `vtiger_profile2field` VALUES (2, 18, 819, 0, 0);
INSERT INTO `vtiger_profile2field` VALUES (2, 19, 820, 0, 0);
INSERT INTO `vtiger_profile2field` VALUES (2, 20, 821, 0, 0);
INSERT INTO `vtiger_profile2field` VALUES (2, 21, 822, 0, 0);
INSERT INTO `vtiger_profile2field` VALUES (2, 22, 823, 0, 0);
INSERT INTO `vtiger_profile2field` VALUES (2, 23, 824, 0, 0);
INSERT INTO `vtiger_profile2field` VALUES (2, 26, 825, 0, 0);
INSERT INTO `vtiger_profile2field` VALUES (2, 2, 826, 0, 0);
INSERT INTO `vtiger_profile2field` VALUES (2, 4, 827, 0, 0);
INSERT INTO `vtiger_profile2field` VALUES (2, 6, 828, 0, 0);
INSERT INTO `vtiger_profile2field` VALUES (2, 7, 829, 0, 0);
INSERT INTO `vtiger_profile2field` VALUES (2, 8, 830, 0, 0);
INSERT INTO `vtiger_profile2field` VALUES (2, 9, 831, 0, 0);
INSERT INTO `vtiger_profile2field` VALUES (2, 10, 832, 0, 0);
INSERT INTO `vtiger_profile2field` VALUES (2, 13, 833, 0, 0);
INSERT INTO `vtiger_profile2field` VALUES (2, 14, 834, 0, 0);
INSERT INTO `vtiger_profile2field` VALUES (2, 15, 835, 0, 0);
INSERT INTO `vtiger_profile2field` VALUES (2, 16, 836, 0, 0);
INSERT INTO `vtiger_profile2field` VALUES (2, 18, 837, 0, 0);
INSERT INTO `vtiger_profile2field` VALUES (2, 19, 838, 0, 0);
INSERT INTO `vtiger_profile2field` VALUES (2, 20, 839, 0, 0);
INSERT INTO `vtiger_profile2field` VALUES (2, 21, 840, 0, 0);
INSERT INTO `vtiger_profile2field` VALUES (2, 22, 841, 0, 0);
INSERT INTO `vtiger_profile2field` VALUES (2, 23, 842, 0, 0);
INSERT INTO `vtiger_profile2field` VALUES (2, 26, 843, 0, 0);
INSERT INTO `vtiger_profile2field` VALUES (2, 20, 844, 0, 0);
INSERT INTO `vtiger_profile2field` VALUES (2, 21, 845, 0, 0);
INSERT INTO `vtiger_profile2field` VALUES (2, 22, 846, 0, 0);
INSERT INTO `vtiger_profile2field` VALUES (2, 23, 847, 0, 0);
INSERT INTO `vtiger_profile2field` VALUES (2, 45, 848, 0, 0);
INSERT INTO `vtiger_profile2field` VALUES (2, 45, 849, 0, 0);
INSERT INTO `vtiger_profile2field` VALUES (2, 29, 850, 0, 0);
INSERT INTO `vtiger_profile2field` VALUES (2, 22, 851, 0, 0);
INSERT INTO `vtiger_profile2field` VALUES (2, 29, 852, 0, 0);
INSERT INTO `vtiger_profile2field` VALUES (3, 6, 1, 0, 0);
INSERT INTO `vtiger_profile2field` VALUES (3, 6, 2, 0, 0);
INSERT INTO `vtiger_profile2field` VALUES (3, 6, 3, 0, 0);
INSERT INTO `vtiger_profile2field` VALUES (3, 6, 4, 0, 0);
INSERT INTO `vtiger_profile2field` VALUES (3, 6, 5, 0, 0);
INSERT INTO `vtiger_profile2field` VALUES (3, 6, 6, 0, 0);
INSERT INTO `vtiger_profile2field` VALUES (3, 6, 7, 0, 0);
INSERT INTO `vtiger_profile2field` VALUES (3, 6, 8, 0, 0);
INSERT INTO `vtiger_profile2field` VALUES (3, 6, 9, 0, 0);
INSERT INTO `vtiger_profile2field` VALUES (3, 6, 10, 0, 0);
INSERT INTO `vtiger_profile2field` VALUES (3, 6, 11, 0, 0);
INSERT INTO `vtiger_profile2field` VALUES (3, 6, 12, 0, 0);
INSERT INTO `vtiger_profile2field` VALUES (3, 6, 13, 0, 0);
INSERT INTO `vtiger_profile2field` VALUES (3, 6, 14, 0, 0);
INSERT INTO `vtiger_profile2field` VALUES (3, 6, 15, 0, 0);
INSERT INTO `vtiger_profile2field` VALUES (3, 6, 16, 0, 0);
INSERT INTO `vtiger_profile2field` VALUES (3, 6, 17, 0, 0);
INSERT INTO `vtiger_profile2field` VALUES (3, 6, 18, 0, 0);
INSERT INTO `vtiger_profile2field` VALUES (3, 6, 19, 0, 0);
INSERT INTO `vtiger_profile2field` VALUES (3, 6, 20, 0, 0);
INSERT INTO `vtiger_profile2field` VALUES (3, 6, 21, 0, 0);
INSERT INTO `vtiger_profile2field` VALUES (3, 6, 22, 0, 0);
INSERT INTO `vtiger_profile2field` VALUES (3, 6, 23, 0, 0);
INSERT INTO `vtiger_profile2field` VALUES (3, 6, 24, 0, 0);
INSERT INTO `vtiger_profile2field` VALUES (3, 6, 25, 0, 0);
INSERT INTO `vtiger_profile2field` VALUES (3, 6, 26, 0, 0);
INSERT INTO `vtiger_profile2field` VALUES (3, 6, 27, 0, 0);
INSERT INTO `vtiger_profile2field` VALUES (3, 6, 28, 0, 0);
INSERT INTO `vtiger_profile2field` VALUES (3, 6, 29, 0, 0);
INSERT INTO `vtiger_profile2field` VALUES (3, 6, 30, 0, 0);
INSERT INTO `vtiger_profile2field` VALUES (3, 6, 31, 0, 0);
INSERT INTO `vtiger_profile2field` VALUES (3, 6, 32, 0, 0);
INSERT INTO `vtiger_profile2field` VALUES (3, 6, 33, 0, 0);
INSERT INTO `vtiger_profile2field` VALUES (3, 6, 34, 0, 0);
INSERT INTO `vtiger_profile2field` VALUES (3, 6, 35, 0, 0);
INSERT INTO `vtiger_profile2field` VALUES (3, 6, 36, 0, 0);
INSERT INTO `vtiger_profile2field` VALUES (3, 7, 37, 0, 0);
INSERT INTO `vtiger_profile2field` VALUES (3, 7, 38, 0, 0);
INSERT INTO `vtiger_profile2field` VALUES (3, 7, 39, 0, 0);
INSERT INTO `vtiger_profile2field` VALUES (3, 7, 40, 0, 0);
INSERT INTO `vtiger_profile2field` VALUES (3, 7, 41, 0, 0);
INSERT INTO `vtiger_profile2field` VALUES (3, 7, 42, 0, 0);
INSERT INTO `vtiger_profile2field` VALUES (3, 7, 43, 0, 0);
INSERT INTO `vtiger_profile2field` VALUES (3, 7, 44, 0, 0);
INSERT INTO `vtiger_profile2field` VALUES (3, 7, 45, 0, 0);
INSERT INTO `vtiger_profile2field` VALUES (3, 7, 46, 0, 0);
INSERT INTO `vtiger_profile2field` VALUES (3, 7, 47, 0, 0);
INSERT INTO `vtiger_profile2field` VALUES (3, 7, 48, 0, 0);
INSERT INTO `vtiger_profile2field` VALUES (3, 7, 49, 0, 0);
INSERT INTO `vtiger_profile2field` VALUES (3, 7, 50, 0, 0);
INSERT INTO `vtiger_profile2field` VALUES (3, 7, 51, 0, 0);
INSERT INTO `vtiger_profile2field` VALUES (3, 7, 52, 0, 0);
INSERT INTO `vtiger_profile2field` VALUES (3, 7, 53, 0, 0);
INSERT INTO `vtiger_profile2field` VALUES (3, 7, 54, 0, 0);
INSERT INTO `vtiger_profile2field` VALUES (3, 7, 55, 0, 0);
INSERT INTO `vtiger_profile2field` VALUES (3, 7, 56, 0, 0);
INSERT INTO `vtiger_profile2field` VALUES (3, 7, 57, 0, 0);
INSERT INTO `vtiger_profile2field` VALUES (3, 7, 58, 0, 0);
INSERT INTO `vtiger_profile2field` VALUES (3, 7, 59, 0, 0);
INSERT INTO `vtiger_profile2field` VALUES (3, 7, 60, 0, 0);
INSERT INTO `vtiger_profile2field` VALUES (3, 7, 61, 0, 0);
INSERT INTO `vtiger_profile2field` VALUES (3, 7, 62, 0, 0);
INSERT INTO `vtiger_profile2field` VALUES (3, 7, 63, 0, 0);
INSERT INTO `vtiger_profile2field` VALUES (3, 7, 64, 0, 0);
INSERT INTO `vtiger_profile2field` VALUES (3, 7, 65, 0, 0);
INSERT INTO `vtiger_profile2field` VALUES (3, 4, 66, 0, 0);
INSERT INTO `vtiger_profile2field` VALUES (3, 4, 67, 0, 0);
INSERT INTO `vtiger_profile2field` VALUES (3, 4, 68, 0, 0);
INSERT INTO `vtiger_profile2field` VALUES (3, 4, 69, 0, 0);
INSERT INTO `vtiger_profile2field` VALUES (3, 4, 70, 0, 0);
INSERT INTO `vtiger_profile2field` VALUES (3, 4, 71, 0, 0);
INSERT INTO `vtiger_profile2field` VALUES (3, 4, 72, 0, 0);
INSERT INTO `vtiger_profile2field` VALUES (3, 4, 73, 0, 0);
INSERT INTO `vtiger_profile2field` VALUES (3, 4, 74, 0, 0);
INSERT INTO `vtiger_profile2field` VALUES (3, 4, 75, 0, 0);
INSERT INTO `vtiger_profile2field` VALUES (3, 4, 76, 0, 0);
INSERT INTO `vtiger_profile2field` VALUES (3, 4, 77, 0, 0);
INSERT INTO `vtiger_profile2field` VALUES (3, 4, 78, 0, 0);
INSERT INTO `vtiger_profile2field` VALUES (3, 4, 79, 0, 0);
INSERT INTO `vtiger_profile2field` VALUES (3, 4, 80, 0, 0);
INSERT INTO `vtiger_profile2field` VALUES (3, 4, 81, 0, 0);
INSERT INTO `vtiger_profile2field` VALUES (3, 4, 82, 0, 0);
INSERT INTO `vtiger_profile2field` VALUES (3, 4, 83, 0, 0);
INSERT INTO `vtiger_profile2field` VALUES (3, 4, 84, 0, 0);
INSERT INTO `vtiger_profile2field` VALUES (3, 4, 85, 0, 0);
INSERT INTO `vtiger_profile2field` VALUES (3, 4, 86, 0, 0);
INSERT INTO `vtiger_profile2field` VALUES (3, 4, 87, 0, 0);
INSERT INTO `vtiger_profile2field` VALUES (3, 4, 88, 0, 0);
INSERT INTO `vtiger_profile2field` VALUES (3, 4, 89, 0, 0);
INSERT INTO `vtiger_profile2field` VALUES (3, 4, 90, 0, 0);
INSERT INTO `vtiger_profile2field` VALUES (3, 4, 91, 0, 0);
INSERT INTO `vtiger_profile2field` VALUES (3, 4, 92, 0, 0);
INSERT INTO `vtiger_profile2field` VALUES (3, 4, 93, 0, 0);
INSERT INTO `vtiger_profile2field` VALUES (3, 4, 94, 0, 0);
INSERT INTO `vtiger_profile2field` VALUES (3, 4, 95, 0, 0);
INSERT INTO `vtiger_profile2field` VALUES (3, 4, 96, 0, 0);
INSERT INTO `vtiger_profile2field` VALUES (3, 4, 97, 0, 0);
INSERT INTO `vtiger_profile2field` VALUES (3, 4, 98, 0, 0);
INSERT INTO `vtiger_profile2field` VALUES (3, 4, 99, 0, 0);
INSERT INTO `vtiger_profile2field` VALUES (3, 4, 100, 0, 0);
INSERT INTO `vtiger_profile2field` VALUES (3, 4, 101, 0, 0);
INSERT INTO `vtiger_profile2field` VALUES (3, 4, 102, 0, 0);
INSERT INTO `vtiger_profile2field` VALUES (3, 4, 103, 0, 0);
INSERT INTO `vtiger_profile2field` VALUES (3, 4, 104, 0, 0);
INSERT INTO `vtiger_profile2field` VALUES (3, 4, 105, 0, 0);
INSERT INTO `vtiger_profile2field` VALUES (3, 4, 106, 0, 0);
INSERT INTO `vtiger_profile2field` VALUES (3, 4, 107, 0, 0);
INSERT INTO `vtiger_profile2field` VALUES (3, 4, 108, 0, 0);
INSERT INTO `vtiger_profile2field` VALUES (3, 4, 109, 0, 0);
INSERT INTO `vtiger_profile2field` VALUES (3, 2, 110, 0, 0);
INSERT INTO `vtiger_profile2field` VALUES (3, 2, 111, 0, 0);
INSERT INTO `vtiger_profile2field` VALUES (3, 2, 112, 0, 0);
INSERT INTO `vtiger_profile2field` VALUES (3, 2, 113, 0, 0);
INSERT INTO `vtiger_profile2field` VALUES (3, 2, 114, 0, 0);
INSERT INTO `vtiger_profile2field` VALUES (3, 2, 115, 0, 0);
INSERT INTO `vtiger_profile2field` VALUES (3, 2, 116, 0, 0);
INSERT INTO `vtiger_profile2field` VALUES (3, 2, 117, 0, 0);
INSERT INTO `vtiger_profile2field` VALUES (3, 2, 118, 0, 0);
INSERT INTO `vtiger_profile2field` VALUES (3, 2, 119, 0, 0);
INSERT INTO `vtiger_profile2field` VALUES (3, 2, 120, 0, 0);
INSERT INTO `vtiger_profile2field` VALUES (3, 2, 121, 0, 0);
INSERT INTO `vtiger_profile2field` VALUES (3, 2, 122, 0, 0);
INSERT INTO `vtiger_profile2field` VALUES (3, 2, 123, 0, 0);
INSERT INTO `vtiger_profile2field` VALUES (3, 2, 124, 0, 0);
INSERT INTO `vtiger_profile2field` VALUES (3, 2, 125, 0, 0);
INSERT INTO `vtiger_profile2field` VALUES (3, 26, 126, 0, 0);
INSERT INTO `vtiger_profile2field` VALUES (3, 26, 127, 0, 0);
INSERT INTO `vtiger_profile2field` VALUES (3, 26, 128, 0, 0);
INSERT INTO `vtiger_profile2field` VALUES (3, 26, 129, 0, 0);
INSERT INTO `vtiger_profile2field` VALUES (3, 26, 130, 0, 0);
INSERT INTO `vtiger_profile2field` VALUES (3, 26, 131, 0, 0);
INSERT INTO `vtiger_profile2field` VALUES (3, 26, 132, 0, 0);
INSERT INTO `vtiger_profile2field` VALUES (3, 26, 133, 0, 0);
INSERT INTO `vtiger_profile2field` VALUES (3, 26, 134, 0, 0);
INSERT INTO `vtiger_profile2field` VALUES (3, 26, 135, 0, 0);
INSERT INTO `vtiger_profile2field` VALUES (3, 26, 136, 0, 0);
INSERT INTO `vtiger_profile2field` VALUES (3, 26, 137, 0, 0);
INSERT INTO `vtiger_profile2field` VALUES (3, 26, 138, 0, 0);
INSERT INTO `vtiger_profile2field` VALUES (3, 26, 139, 0, 0);
INSERT INTO `vtiger_profile2field` VALUES (3, 26, 140, 0, 0);
INSERT INTO `vtiger_profile2field` VALUES (3, 26, 141, 0, 0);
INSERT INTO `vtiger_profile2field` VALUES (3, 26, 142, 0, 0);
INSERT INTO `vtiger_profile2field` VALUES (3, 26, 143, 0, 0);
INSERT INTO `vtiger_profile2field` VALUES (3, 26, 144, 0, 0);
INSERT INTO `vtiger_profile2field` VALUES (3, 26, 145, 0, 0);
INSERT INTO `vtiger_profile2field` VALUES (3, 26, 146, 0, 0);
INSERT INTO `vtiger_profile2field` VALUES (3, 26, 147, 0, 0);
INSERT INTO `vtiger_profile2field` VALUES (3, 26, 148, 0, 0);
INSERT INTO `vtiger_profile2field` VALUES (3, 26, 149, 0, 0);
INSERT INTO `vtiger_profile2field` VALUES (3, 26, 150, 0, 0);
INSERT INTO `vtiger_profile2field` VALUES (3, 4, 151, 0, 0);
INSERT INTO `vtiger_profile2field` VALUES (3, 6, 152, 0, 0);
INSERT INTO `vtiger_profile2field` VALUES (3, 7, 153, 0, 0);
INSERT INTO `vtiger_profile2field` VALUES (3, 26, 154, 0, 0);
INSERT INTO `vtiger_profile2field` VALUES (3, 13, 155, 0, 0);
INSERT INTO `vtiger_profile2field` VALUES (3, 13, 156, 0, 0);
INSERT INTO `vtiger_profile2field` VALUES (3, 13, 157, 0, 0);
INSERT INTO `vtiger_profile2field` VALUES (3, 13, 158, 0, 0);
INSERT INTO `vtiger_profile2field` VALUES (3, 13, 159, 0, 0);
INSERT INTO `vtiger_profile2field` VALUES (3, 13, 160, 0, 0);
INSERT INTO `vtiger_profile2field` VALUES (3, 13, 161, 0, 0);
INSERT INTO `vtiger_profile2field` VALUES (3, 13, 162, 0, 0);
INSERT INTO `vtiger_profile2field` VALUES (3, 13, 163, 0, 0);
INSERT INTO `vtiger_profile2field` VALUES (3, 13, 164, 0, 0);
INSERT INTO `vtiger_profile2field` VALUES (3, 13, 165, 0, 0);
INSERT INTO `vtiger_profile2field` VALUES (3, 13, 166, 0, 0);
INSERT INTO `vtiger_profile2field` VALUES (3, 13, 167, 0, 0);
INSERT INTO `vtiger_profile2field` VALUES (3, 13, 168, 0, 0);
INSERT INTO `vtiger_profile2field` VALUES (3, 13, 169, 0, 0);
INSERT INTO `vtiger_profile2field` VALUES (3, 13, 170, 0, 0);
INSERT INTO `vtiger_profile2field` VALUES (3, 13, 171, 0, 0);
INSERT INTO `vtiger_profile2field` VALUES (3, 13, 172, 0, 0);
INSERT INTO `vtiger_profile2field` VALUES (3, 13, 173, 0, 0);
INSERT INTO `vtiger_profile2field` VALUES (3, 14, 174, 0, 0);
INSERT INTO `vtiger_profile2field` VALUES (3, 14, 175, 0, 0);
INSERT INTO `vtiger_profile2field` VALUES (3, 14, 176, 0, 0);
INSERT INTO `vtiger_profile2field` VALUES (3, 14, 177, 0, 0);
INSERT INTO `vtiger_profile2field` VALUES (3, 14, 178, 0, 0);
INSERT INTO `vtiger_profile2field` VALUES (3, 14, 179, 0, 0);
INSERT INTO `vtiger_profile2field` VALUES (3, 14, 180, 0, 0);
INSERT INTO `vtiger_profile2field` VALUES (3, 14, 181, 0, 0);
INSERT INTO `vtiger_profile2field` VALUES (3, 14, 182, 0, 0);
INSERT INTO `vtiger_profile2field` VALUES (3, 14, 183, 0, 0);
INSERT INTO `vtiger_profile2field` VALUES (3, 14, 184, 0, 0);
INSERT INTO `vtiger_profile2field` VALUES (3, 14, 185, 0, 0);
INSERT INTO `vtiger_profile2field` VALUES (3, 14, 186, 0, 0);
INSERT INTO `vtiger_profile2field` VALUES (3, 14, 187, 0, 0);
INSERT INTO `vtiger_profile2field` VALUES (3, 14, 188, 0, 0);
INSERT INTO `vtiger_profile2field` VALUES (3, 14, 189, 0, 0);
INSERT INTO `vtiger_profile2field` VALUES (3, 14, 190, 0, 0);
INSERT INTO `vtiger_profile2field` VALUES (3, 14, 191, 0, 0);
INSERT INTO `vtiger_profile2field` VALUES (3, 14, 192, 0, 0);
INSERT INTO `vtiger_profile2field` VALUES (3, 14, 193, 0, 0);
INSERT INTO `vtiger_profile2field` VALUES (3, 14, 194, 0, 0);
INSERT INTO `vtiger_profile2field` VALUES (3, 14, 195, 0, 0);
INSERT INTO `vtiger_profile2field` VALUES (3, 14, 196, 0, 0);
INSERT INTO `vtiger_profile2field` VALUES (3, 14, 197, 0, 0);
INSERT INTO `vtiger_profile2field` VALUES (3, 14, 198, 0, 0);
INSERT INTO `vtiger_profile2field` VALUES (3, 14, 199, 0, 0);
INSERT INTO `vtiger_profile2field` VALUES (3, 14, 200, 0, 0);
INSERT INTO `vtiger_profile2field` VALUES (3, 14, 201, 0, 0);
INSERT INTO `vtiger_profile2field` VALUES (3, 14, 202, 0, 0);
INSERT INTO `vtiger_profile2field` VALUES (3, 14, 203, 0, 0);
INSERT INTO `vtiger_profile2field` VALUES (3, 14, 204, 0, 0);
INSERT INTO `vtiger_profile2field` VALUES (3, 8, 205, 0, 0);
INSERT INTO `vtiger_profile2field` VALUES (3, 8, 206, 0, 0);
INSERT INTO `vtiger_profile2field` VALUES (3, 8, 207, 0, 0);
INSERT INTO `vtiger_profile2field` VALUES (3, 8, 208, 0, 0);
INSERT INTO `vtiger_profile2field` VALUES (3, 8, 209, 0, 0);
INSERT INTO `vtiger_profile2field` VALUES (3, 8, 210, 0, 0);
INSERT INTO `vtiger_profile2field` VALUES (3, 8, 211, 0, 0);
INSERT INTO `vtiger_profile2field` VALUES (3, 8, 212, 0, 0);
INSERT INTO `vtiger_profile2field` VALUES (3, 8, 213, 0, 0);
INSERT INTO `vtiger_profile2field` VALUES (3, 8, 214, 0, 0);
INSERT INTO `vtiger_profile2field` VALUES (3, 8, 215, 0, 0);
INSERT INTO `vtiger_profile2field` VALUES (3, 8, 216, 0, 0);
INSERT INTO `vtiger_profile2field` VALUES (3, 8, 217, 0, 0);
INSERT INTO `vtiger_profile2field` VALUES (3, 8, 218, 0, 0);
INSERT INTO `vtiger_profile2field` VALUES (3, 8, 219, 0, 0);
INSERT INTO `vtiger_profile2field` VALUES (3, 10, 220, 0, 0);
INSERT INTO `vtiger_profile2field` VALUES (3, 10, 221, 0, 0);
INSERT INTO `vtiger_profile2field` VALUES (3, 10, 222, 0, 0);
INSERT INTO `vtiger_profile2field` VALUES (3, 10, 223, 0, 0);
INSERT INTO `vtiger_profile2field` VALUES (3, 10, 224, 0, 0);
INSERT INTO `vtiger_profile2field` VALUES (3, 10, 225, 0, 0);
INSERT INTO `vtiger_profile2field` VALUES (3, 10, 226, 0, 0);
INSERT INTO `vtiger_profile2field` VALUES (3, 10, 227, 0, 0);
INSERT INTO `vtiger_profile2field` VALUES (3, 10, 228, 0, 0);
INSERT INTO `vtiger_profile2field` VALUES (3, 10, 229, 0, 0);
INSERT INTO `vtiger_profile2field` VALUES (3, 10, 230, 0, 0);
INSERT INTO `vtiger_profile2field` VALUES (3, 10, 231, 0, 0);
INSERT INTO `vtiger_profile2field` VALUES (3, 9, 232, 0, 0);
INSERT INTO `vtiger_profile2field` VALUES (3, 9, 233, 0, 0);
INSERT INTO `vtiger_profile2field` VALUES (3, 9, 234, 0, 0);
INSERT INTO `vtiger_profile2field` VALUES (3, 9, 235, 0, 0);
INSERT INTO `vtiger_profile2field` VALUES (3, 9, 236, 0, 0);
INSERT INTO `vtiger_profile2field` VALUES (3, 9, 237, 0, 0);
INSERT INTO `vtiger_profile2field` VALUES (3, 9, 238, 0, 0);
INSERT INTO `vtiger_profile2field` VALUES (3, 9, 239, 0, 0);
INSERT INTO `vtiger_profile2field` VALUES (3, 9, 240, 0, 0);
INSERT INTO `vtiger_profile2field` VALUES (3, 9, 241, 0, 0);
INSERT INTO `vtiger_profile2field` VALUES (3, 9, 242, 0, 0);
INSERT INTO `vtiger_profile2field` VALUES (3, 9, 243, 0, 0);
INSERT INTO `vtiger_profile2field` VALUES (3, 9, 244, 0, 0);
INSERT INTO `vtiger_profile2field` VALUES (3, 9, 245, 0, 0);
INSERT INTO `vtiger_profile2field` VALUES (3, 9, 246, 0, 0);
INSERT INTO `vtiger_profile2field` VALUES (3, 9, 247, 0, 0);
INSERT INTO `vtiger_profile2field` VALUES (3, 9, 248, 0, 0);
INSERT INTO `vtiger_profile2field` VALUES (3, 9, 249, 0, 0);
INSERT INTO `vtiger_profile2field` VALUES (3, 9, 250, 0, 0);
INSERT INTO `vtiger_profile2field` VALUES (3, 9, 251, 0, 0);
INSERT INTO `vtiger_profile2field` VALUES (3, 9, 252, 0, 0);
INSERT INTO `vtiger_profile2field` VALUES (3, 9, 253, 0, 0);
INSERT INTO `vtiger_profile2field` VALUES (3, 9, 254, 0, 0);
INSERT INTO `vtiger_profile2field` VALUES (3, 9, 255, 0, 0);
INSERT INTO `vtiger_profile2field` VALUES (3, 16, 256, 0, 0);
INSERT INTO `vtiger_profile2field` VALUES (3, 16, 257, 0, 0);
INSERT INTO `vtiger_profile2field` VALUES (3, 16, 258, 0, 0);
INSERT INTO `vtiger_profile2field` VALUES (3, 16, 259, 0, 0);
INSERT INTO `vtiger_profile2field` VALUES (3, 16, 260, 0, 0);
INSERT INTO `vtiger_profile2field` VALUES (3, 16, 261, 0, 0);
INSERT INTO `vtiger_profile2field` VALUES (3, 16, 262, 0, 0);
INSERT INTO `vtiger_profile2field` VALUES (3, 16, 263, 0, 0);
INSERT INTO `vtiger_profile2field` VALUES (3, 16, 264, 0, 0);
INSERT INTO `vtiger_profile2field` VALUES (3, 16, 265, 0, 0);
INSERT INTO `vtiger_profile2field` VALUES (3, 16, 266, 0, 0);
INSERT INTO `vtiger_profile2field` VALUES (3, 16, 267, 0, 0);
INSERT INTO `vtiger_profile2field` VALUES (3, 16, 268, 0, 0);
INSERT INTO `vtiger_profile2field` VALUES (3, 16, 269, 0, 0);
INSERT INTO `vtiger_profile2field` VALUES (3, 16, 270, 0, 0);
INSERT INTO `vtiger_profile2field` VALUES (3, 16, 271, 0, 0);
INSERT INTO `vtiger_profile2field` VALUES (3, 16, 272, 0, 0);
INSERT INTO `vtiger_profile2field` VALUES (3, 16, 273, 0, 0);
INSERT INTO `vtiger_profile2field` VALUES (3, 16, 274, 0, 0);
INSERT INTO `vtiger_profile2field` VALUES (3, 16, 275, 0, 0);
INSERT INTO `vtiger_profile2field` VALUES (3, 16, 276, 0, 0);
INSERT INTO `vtiger_profile2field` VALUES (3, 16, 277, 0, 0);
INSERT INTO `vtiger_profile2field` VALUES (3, 16, 278, 0, 0);
INSERT INTO `vtiger_profile2field` VALUES (3, 15, 279, 0, 0);
INSERT INTO `vtiger_profile2field` VALUES (3, 15, 280, 0, 0);
INSERT INTO `vtiger_profile2field` VALUES (3, 15, 281, 0, 0);
INSERT INTO `vtiger_profile2field` VALUES (3, 15, 282, 0, 0);
INSERT INTO `vtiger_profile2field` VALUES (3, 15, 283, 0, 0);
INSERT INTO `vtiger_profile2field` VALUES (3, 15, 284, 0, 0);
INSERT INTO `vtiger_profile2field` VALUES (3, 15, 285, 0, 0);
INSERT INTO `vtiger_profile2field` VALUES (3, 15, 286, 0, 0);
INSERT INTO `vtiger_profile2field` VALUES (3, 15, 287, 0, 0);
INSERT INTO `vtiger_profile2field` VALUES (3, 15, 288, 0, 0);
INSERT INTO `vtiger_profile2field` VALUES (3, 18, 289, 0, 0);
INSERT INTO `vtiger_profile2field` VALUES (3, 18, 290, 0, 0);
INSERT INTO `vtiger_profile2field` VALUES (3, 18, 291, 0, 0);
INSERT INTO `vtiger_profile2field` VALUES (3, 18, 292, 0, 0);
INSERT INTO `vtiger_profile2field` VALUES (3, 18, 293, 0, 0);
INSERT INTO `vtiger_profile2field` VALUES (3, 18, 294, 0, 0);
INSERT INTO `vtiger_profile2field` VALUES (3, 18, 295, 0, 0);
INSERT INTO `vtiger_profile2field` VALUES (3, 18, 296, 0, 0);
INSERT INTO `vtiger_profile2field` VALUES (3, 18, 297, 0, 0);
INSERT INTO `vtiger_profile2field` VALUES (3, 18, 298, 0, 0);
INSERT INTO `vtiger_profile2field` VALUES (3, 18, 299, 0, 0);
INSERT INTO `vtiger_profile2field` VALUES (3, 18, 300, 0, 0);
INSERT INTO `vtiger_profile2field` VALUES (3, 18, 301, 0, 0);
INSERT INTO `vtiger_profile2field` VALUES (3, 18, 302, 0, 0);
INSERT INTO `vtiger_profile2field` VALUES (3, 18, 303, 0, 0);
INSERT INTO `vtiger_profile2field` VALUES (3, 18, 304, 0, 0);
INSERT INTO `vtiger_profile2field` VALUES (3, 18, 305, 0, 0);
INSERT INTO `vtiger_profile2field` VALUES (3, 19, 306, 0, 0);
INSERT INTO `vtiger_profile2field` VALUES (3, 19, 307, 0, 0);
INSERT INTO `vtiger_profile2field` VALUES (3, 19, 308, 0, 0);
INSERT INTO `vtiger_profile2field` VALUES (3, 19, 309, 0, 0);
INSERT INTO `vtiger_profile2field` VALUES (3, 19, 310, 0, 0);
INSERT INTO `vtiger_profile2field` VALUES (3, 19, 311, 0, 0);
INSERT INTO `vtiger_profile2field` VALUES (3, 19, 312, 0, 0);
INSERT INTO `vtiger_profile2field` VALUES (3, 19, 313, 0, 0);
INSERT INTO `vtiger_profile2field` VALUES (3, 20, 314, 0, 0);
INSERT INTO `vtiger_profile2field` VALUES (3, 20, 315, 0, 0);
INSERT INTO `vtiger_profile2field` VALUES (3, 20, 316, 0, 0);
INSERT INTO `vtiger_profile2field` VALUES (3, 20, 317, 0, 0);
INSERT INTO `vtiger_profile2field` VALUES (3, 20, 318, 0, 0);
INSERT INTO `vtiger_profile2field` VALUES (3, 20, 319, 0, 0);
INSERT INTO `vtiger_profile2field` VALUES (3, 20, 320, 0, 0);
INSERT INTO `vtiger_profile2field` VALUES (3, 20, 321, 0, 0);
INSERT INTO `vtiger_profile2field` VALUES (3, 20, 322, 0, 0);
INSERT INTO `vtiger_profile2field` VALUES (3, 20, 323, 0, 0);
INSERT INTO `vtiger_profile2field` VALUES (3, 20, 324, 0, 0);
INSERT INTO `vtiger_profile2field` VALUES (3, 20, 325, 0, 0);
INSERT INTO `vtiger_profile2field` VALUES (3, 20, 326, 0, 0);
INSERT INTO `vtiger_profile2field` VALUES (3, 20, 327, 0, 0);
INSERT INTO `vtiger_profile2field` VALUES (3, 20, 328, 0, 0);
INSERT INTO `vtiger_profile2field` VALUES (3, 20, 329, 0, 0);
INSERT INTO `vtiger_profile2field` VALUES (3, 20, 330, 0, 0);
INSERT INTO `vtiger_profile2field` VALUES (3, 20, 331, 0, 0);
INSERT INTO `vtiger_profile2field` VALUES (3, 20, 332, 0, 0);
INSERT INTO `vtiger_profile2field` VALUES (3, 20, 333, 0, 0);
INSERT INTO `vtiger_profile2field` VALUES (3, 20, 334, 0, 0);
INSERT INTO `vtiger_profile2field` VALUES (3, 20, 335, 0, 0);
INSERT INTO `vtiger_profile2field` VALUES (3, 20, 336, 0, 0);
INSERT INTO `vtiger_profile2field` VALUES (3, 20, 337, 0, 0);
INSERT INTO `vtiger_profile2field` VALUES (3, 20, 338, 0, 0);
INSERT INTO `vtiger_profile2field` VALUES (3, 20, 339, 0, 0);
INSERT INTO `vtiger_profile2field` VALUES (3, 20, 340, 0, 0);
INSERT INTO `vtiger_profile2field` VALUES (3, 20, 341, 0, 0);
INSERT INTO `vtiger_profile2field` VALUES (3, 20, 342, 0, 0);
INSERT INTO `vtiger_profile2field` VALUES (3, 20, 343, 0, 0);
INSERT INTO `vtiger_profile2field` VALUES (3, 20, 344, 0, 0);
INSERT INTO `vtiger_profile2field` VALUES (3, 20, 345, 0, 0);
INSERT INTO `vtiger_profile2field` VALUES (3, 20, 346, 0, 0);
INSERT INTO `vtiger_profile2field` VALUES (3, 20, 347, 0, 0);
INSERT INTO `vtiger_profile2field` VALUES (3, 20, 348, 0, 0);
INSERT INTO `vtiger_profile2field` VALUES (3, 20, 349, 0, 0);
INSERT INTO `vtiger_profile2field` VALUES (3, 20, 350, 0, 0);
INSERT INTO `vtiger_profile2field` VALUES (3, 21, 351, 0, 0);
INSERT INTO `vtiger_profile2field` VALUES (3, 21, 352, 0, 0);
INSERT INTO `vtiger_profile2field` VALUES (3, 21, 353, 0, 0);
INSERT INTO `vtiger_profile2field` VALUES (3, 21, 354, 0, 0);
INSERT INTO `vtiger_profile2field` VALUES (3, 21, 355, 0, 0);
INSERT INTO `vtiger_profile2field` VALUES (3, 21, 356, 0, 0);
INSERT INTO `vtiger_profile2field` VALUES (3, 21, 357, 0, 0);
INSERT INTO `vtiger_profile2field` VALUES (3, 21, 358, 0, 0);
INSERT INTO `vtiger_profile2field` VALUES (3, 21, 359, 0, 0);
INSERT INTO `vtiger_profile2field` VALUES (3, 21, 360, 0, 0);
INSERT INTO `vtiger_profile2field` VALUES (3, 21, 361, 0, 0);
INSERT INTO `vtiger_profile2field` VALUES (3, 21, 362, 0, 0);
INSERT INTO `vtiger_profile2field` VALUES (3, 21, 363, 0, 0);
INSERT INTO `vtiger_profile2field` VALUES (3, 21, 364, 0, 0);
INSERT INTO `vtiger_profile2field` VALUES (3, 21, 365, 0, 0);
INSERT INTO `vtiger_profile2field` VALUES (3, 21, 366, 0, 0);
INSERT INTO `vtiger_profile2field` VALUES (3, 21, 367, 0, 0);
INSERT INTO `vtiger_profile2field` VALUES (3, 21, 368, 0, 0);
INSERT INTO `vtiger_profile2field` VALUES (3, 21, 369, 0, 0);
INSERT INTO `vtiger_profile2field` VALUES (3, 21, 370, 0, 0);
INSERT INTO `vtiger_profile2field` VALUES (3, 21, 371, 0, 0);
INSERT INTO `vtiger_profile2field` VALUES (3, 21, 372, 0, 0);
INSERT INTO `vtiger_profile2field` VALUES (3, 21, 373, 0, 0);
INSERT INTO `vtiger_profile2field` VALUES (3, 21, 374, 0, 0);
INSERT INTO `vtiger_profile2field` VALUES (3, 21, 375, 0, 0);
INSERT INTO `vtiger_profile2field` VALUES (3, 21, 376, 0, 0);
INSERT INTO `vtiger_profile2field` VALUES (3, 21, 377, 0, 0);
INSERT INTO `vtiger_profile2field` VALUES (3, 21, 378, 0, 0);
INSERT INTO `vtiger_profile2field` VALUES (3, 21, 379, 0, 0);
INSERT INTO `vtiger_profile2field` VALUES (3, 21, 380, 0, 0);
INSERT INTO `vtiger_profile2field` VALUES (3, 21, 381, 0, 0);
INSERT INTO `vtiger_profile2field` VALUES (3, 21, 382, 0, 0);
INSERT INTO `vtiger_profile2field` VALUES (3, 21, 383, 0, 0);
INSERT INTO `vtiger_profile2field` VALUES (3, 21, 384, 0, 0);
INSERT INTO `vtiger_profile2field` VALUES (3, 21, 385, 0, 0);
INSERT INTO `vtiger_profile2field` VALUES (3, 21, 386, 0, 0);
INSERT INTO `vtiger_profile2field` VALUES (3, 21, 387, 0, 0);
INSERT INTO `vtiger_profile2field` VALUES (3, 21, 388, 0, 0);
INSERT INTO `vtiger_profile2field` VALUES (3, 22, 389, 0, 0);
INSERT INTO `vtiger_profile2field` VALUES (3, 22, 390, 0, 0);
INSERT INTO `vtiger_profile2field` VALUES (3, 22, 391, 0, 0);
INSERT INTO `vtiger_profile2field` VALUES (3, 22, 392, 0, 0);
INSERT INTO `vtiger_profile2field` VALUES (3, 22, 393, 0, 0);
INSERT INTO `vtiger_profile2field` VALUES (3, 22, 394, 0, 0);
INSERT INTO `vtiger_profile2field` VALUES (3, 22, 395, 0, 0);
INSERT INTO `vtiger_profile2field` VALUES (3, 22, 396, 0, 0);
INSERT INTO `vtiger_profile2field` VALUES (3, 22, 397, 0, 0);
INSERT INTO `vtiger_profile2field` VALUES (3, 22, 398, 0, 0);
INSERT INTO `vtiger_profile2field` VALUES (3, 22, 399, 0, 0);
INSERT INTO `vtiger_profile2field` VALUES (3, 22, 400, 0, 0);
INSERT INTO `vtiger_profile2field` VALUES (3, 22, 401, 0, 0);
INSERT INTO `vtiger_profile2field` VALUES (3, 22, 402, 0, 0);
INSERT INTO `vtiger_profile2field` VALUES (3, 22, 403, 0, 0);
INSERT INTO `vtiger_profile2field` VALUES (3, 22, 404, 0, 0);
INSERT INTO `vtiger_profile2field` VALUES (3, 22, 405, 0, 0);
INSERT INTO `vtiger_profile2field` VALUES (3, 22, 406, 0, 0);
INSERT INTO `vtiger_profile2field` VALUES (3, 22, 407, 0, 0);
INSERT INTO `vtiger_profile2field` VALUES (3, 22, 408, 0, 0);
INSERT INTO `vtiger_profile2field` VALUES (3, 22, 409, 0, 0);
INSERT INTO `vtiger_profile2field` VALUES (3, 22, 410, 0, 0);
INSERT INTO `vtiger_profile2field` VALUES (3, 22, 411, 0, 0);
INSERT INTO `vtiger_profile2field` VALUES (3, 22, 412, 0, 0);
INSERT INTO `vtiger_profile2field` VALUES (3, 22, 413, 0, 0);
INSERT INTO `vtiger_profile2field` VALUES (3, 22, 414, 0, 0);
INSERT INTO `vtiger_profile2field` VALUES (3, 22, 415, 0, 0);
INSERT INTO `vtiger_profile2field` VALUES (3, 22, 416, 0, 0);
INSERT INTO `vtiger_profile2field` VALUES (3, 22, 417, 0, 0);
INSERT INTO `vtiger_profile2field` VALUES (3, 22, 418, 0, 0);
INSERT INTO `vtiger_profile2field` VALUES (3, 22, 419, 0, 0);
INSERT INTO `vtiger_profile2field` VALUES (3, 22, 420, 0, 0);
INSERT INTO `vtiger_profile2field` VALUES (3, 22, 421, 0, 0);
INSERT INTO `vtiger_profile2field` VALUES (3, 22, 422, 0, 0);
INSERT INTO `vtiger_profile2field` VALUES (3, 22, 423, 0, 0);
INSERT INTO `vtiger_profile2field` VALUES (3, 22, 424, 0, 0);
INSERT INTO `vtiger_profile2field` VALUES (3, 22, 425, 0, 0);
INSERT INTO `vtiger_profile2field` VALUES (3, 22, 426, 0, 0);
INSERT INTO `vtiger_profile2field` VALUES (3, 22, 427, 0, 0);
INSERT INTO `vtiger_profile2field` VALUES (3, 22, 428, 0, 0);
INSERT INTO `vtiger_profile2field` VALUES (3, 22, 429, 0, 0);
INSERT INTO `vtiger_profile2field` VALUES (3, 22, 430, 0, 0);
INSERT INTO `vtiger_profile2field` VALUES (3, 22, 431, 0, 0);
INSERT INTO `vtiger_profile2field` VALUES (3, 22, 432, 0, 0);
INSERT INTO `vtiger_profile2field` VALUES (3, 22, 433, 0, 0);
INSERT INTO `vtiger_profile2field` VALUES (3, 22, 434, 0, 0);
INSERT INTO `vtiger_profile2field` VALUES (3, 22, 435, 0, 0);
INSERT INTO `vtiger_profile2field` VALUES (3, 23, 436, 0, 0);
INSERT INTO `vtiger_profile2field` VALUES (3, 23, 437, 0, 0);
INSERT INTO `vtiger_profile2field` VALUES (3, 23, 438, 0, 0);
INSERT INTO `vtiger_profile2field` VALUES (3, 23, 439, 0, 0);
INSERT INTO `vtiger_profile2field` VALUES (3, 23, 440, 0, 0);
INSERT INTO `vtiger_profile2field` VALUES (3, 23, 441, 0, 0);
INSERT INTO `vtiger_profile2field` VALUES (3, 23, 442, 0, 0);
INSERT INTO `vtiger_profile2field` VALUES (3, 23, 443, 0, 0);
INSERT INTO `vtiger_profile2field` VALUES (3, 23, 444, 0, 0);
INSERT INTO `vtiger_profile2field` VALUES (3, 23, 445, 0, 0);
INSERT INTO `vtiger_profile2field` VALUES (3, 23, 446, 0, 0);
INSERT INTO `vtiger_profile2field` VALUES (3, 23, 447, 0, 0);
INSERT INTO `vtiger_profile2field` VALUES (3, 23, 448, 0, 0);
INSERT INTO `vtiger_profile2field` VALUES (3, 23, 449, 0, 0);
INSERT INTO `vtiger_profile2field` VALUES (3, 23, 450, 0, 0);
INSERT INTO `vtiger_profile2field` VALUES (3, 23, 451, 0, 0);
INSERT INTO `vtiger_profile2field` VALUES (3, 23, 452, 0, 0);
INSERT INTO `vtiger_profile2field` VALUES (3, 23, 453, 0, 0);
INSERT INTO `vtiger_profile2field` VALUES (3, 23, 454, 0, 0);
INSERT INTO `vtiger_profile2field` VALUES (3, 23, 455, 0, 0);
INSERT INTO `vtiger_profile2field` VALUES (3, 23, 456, 0, 0);
INSERT INTO `vtiger_profile2field` VALUES (3, 23, 457, 0, 0);
INSERT INTO `vtiger_profile2field` VALUES (3, 23, 458, 0, 0);
INSERT INTO `vtiger_profile2field` VALUES (3, 23, 459, 0, 0);
INSERT INTO `vtiger_profile2field` VALUES (3, 23, 460, 0, 0);
INSERT INTO `vtiger_profile2field` VALUES (3, 23, 461, 0, 0);
INSERT INTO `vtiger_profile2field` VALUES (3, 23, 462, 0, 0);
INSERT INTO `vtiger_profile2field` VALUES (3, 23, 463, 0, 0);
INSERT INTO `vtiger_profile2field` VALUES (3, 23, 464, 0, 0);
INSERT INTO `vtiger_profile2field` VALUES (3, 23, 465, 0, 0);
INSERT INTO `vtiger_profile2field` VALUES (3, 23, 466, 0, 0);
INSERT INTO `vtiger_profile2field` VALUES (3, 23, 467, 0, 0);
INSERT INTO `vtiger_profile2field` VALUES (3, 23, 468, 0, 0);
INSERT INTO `vtiger_profile2field` VALUES (3, 23, 469, 0, 0);
INSERT INTO `vtiger_profile2field` VALUES (3, 23, 470, 0, 0);
INSERT INTO `vtiger_profile2field` VALUES (3, 23, 471, 0, 0);
INSERT INTO `vtiger_profile2field` VALUES (3, 23, 472, 0, 0);
INSERT INTO `vtiger_profile2field` VALUES (3, 23, 473, 0, 0);
INSERT INTO `vtiger_profile2field` VALUES (3, 23, 474, 0, 0);
INSERT INTO `vtiger_profile2field` VALUES (3, 10, 520, 0, 0);
INSERT INTO `vtiger_profile2field` VALUES (3, 10, 521, 0, 0);
INSERT INTO `vtiger_profile2field` VALUES (3, 10, 522, 0, 0);
INSERT INTO `vtiger_profile2field` VALUES (3, 10, 523, 0, 0);
INSERT INTO `vtiger_profile2field` VALUES (3, 10, 524, 0, 0);
INSERT INTO `vtiger_profile2field` VALUES (3, 10, 525, 0, 0);
INSERT INTO `vtiger_profile2field` VALUES (3, 34, 526, 0, 0);
INSERT INTO `vtiger_profile2field` VALUES (3, 34, 527, 0, 0);
INSERT INTO `vtiger_profile2field` VALUES (3, 34, 528, 0, 0);
INSERT INTO `vtiger_profile2field` VALUES (3, 34, 529, 0, 0);
INSERT INTO `vtiger_profile2field` VALUES (3, 34, 530, 0, 0);
INSERT INTO `vtiger_profile2field` VALUES (3, 34, 531, 0, 0);
INSERT INTO `vtiger_profile2field` VALUES (3, 34, 532, 0, 0);
INSERT INTO `vtiger_profile2field` VALUES (3, 34, 533, 0, 0);
INSERT INTO `vtiger_profile2field` VALUES (3, 34, 534, 0, 0);
INSERT INTO `vtiger_profile2field` VALUES (3, 34, 535, 0, 0);
INSERT INTO `vtiger_profile2field` VALUES (3, 34, 536, 0, 0);
INSERT INTO `vtiger_profile2field` VALUES (3, 34, 537, 0, 0);
INSERT INTO `vtiger_profile2field` VALUES (3, 34, 538, 0, 0);
INSERT INTO `vtiger_profile2field` VALUES (3, 34, 539, 0, 0);
INSERT INTO `vtiger_profile2field` VALUES (3, 34, 540, 0, 0);
INSERT INTO `vtiger_profile2field` VALUES (3, 34, 541, 0, 0);
INSERT INTO `vtiger_profile2field` VALUES (3, 34, 542, 0, 0);
INSERT INTO `vtiger_profile2field` VALUES (3, 29, 543, 0, 0);
INSERT INTO `vtiger_profile2field` VALUES (3, 35, 544, 0, 0);
INSERT INTO `vtiger_profile2field` VALUES (3, 35, 545, 0, 0);
INSERT INTO `vtiger_profile2field` VALUES (3, 35, 546, 0, 0);
INSERT INTO `vtiger_profile2field` VALUES (3, 35, 547, 0, 0);
INSERT INTO `vtiger_profile2field` VALUES (3, 35, 548, 0, 0);
INSERT INTO `vtiger_profile2field` VALUES (3, 35, 549, 0, 0);
INSERT INTO `vtiger_profile2field` VALUES (3, 35, 550, 0, 0);
INSERT INTO `vtiger_profile2field` VALUES (3, 35, 551, 0, 0);
INSERT INTO `vtiger_profile2field` VALUES (3, 35, 552, 0, 0);
INSERT INTO `vtiger_profile2field` VALUES (3, 35, 553, 0, 0);
INSERT INTO `vtiger_profile2field` VALUES (3, 35, 554, 0, 0);
INSERT INTO `vtiger_profile2field` VALUES (3, 35, 555, 0, 0);
INSERT INTO `vtiger_profile2field` VALUES (3, 35, 556, 0, 0);
INSERT INTO `vtiger_profile2field` VALUES (3, 35, 557, 0, 0);
INSERT INTO `vtiger_profile2field` VALUES (3, 35, 558, 0, 0);
INSERT INTO `vtiger_profile2field` VALUES (3, 35, 559, 0, 0);
INSERT INTO `vtiger_profile2field` VALUES (3, 35, 560, 0, 0);
INSERT INTO `vtiger_profile2field` VALUES (3, 35, 561, 0, 0);
INSERT INTO `vtiger_profile2field` VALUES (3, 35, 562, 0, 0);
INSERT INTO `vtiger_profile2field` VALUES (3, 35, 563, 0, 0);
INSERT INTO `vtiger_profile2field` VALUES (3, 35, 564, 0, 0);
INSERT INTO `vtiger_profile2field` VALUES (3, 35, 565, 0, 0);
INSERT INTO `vtiger_profile2field` VALUES (3, 36, 566, 0, 0);
INSERT INTO `vtiger_profile2field` VALUES (3, 36, 567, 0, 0);
INSERT INTO `vtiger_profile2field` VALUES (3, 36, 568, 0, 0);
INSERT INTO `vtiger_profile2field` VALUES (3, 36, 569, 0, 0);
INSERT INTO `vtiger_profile2field` VALUES (3, 36, 570, 0, 0);
INSERT INTO `vtiger_profile2field` VALUES (3, 36, 571, 0, 0);
INSERT INTO `vtiger_profile2field` VALUES (3, 36, 572, 0, 0);
INSERT INTO `vtiger_profile2field` VALUES (3, 36, 573, 0, 0);
INSERT INTO `vtiger_profile2field` VALUES (3, 36, 574, 0, 0);
INSERT INTO `vtiger_profile2field` VALUES (3, 36, 575, 0, 0);
INSERT INTO `vtiger_profile2field` VALUES (3, 36, 576, 0, 0);
INSERT INTO `vtiger_profile2field` VALUES (3, 36, 577, 0, 0);
INSERT INTO `vtiger_profile2field` VALUES (3, 36, 578, 0, 0);
INSERT INTO `vtiger_profile2field` VALUES (3, 36, 579, 0, 0);
INSERT INTO `vtiger_profile2field` VALUES (3, 36, 580, 0, 0);
INSERT INTO `vtiger_profile2field` VALUES (3, 36, 581, 0, 0);
INSERT INTO `vtiger_profile2field` VALUES (3, 36, 582, 0, 0);
INSERT INTO `vtiger_profile2field` VALUES (3, 36, 583, 0, 0);
INSERT INTO `vtiger_profile2field` VALUES (3, 36, 584, 0, 0);
INSERT INTO `vtiger_profile2field` VALUES (3, 36, 585, 0, 0);
INSERT INTO `vtiger_profile2field` VALUES (3, 36, 586, 0, 0);
INSERT INTO `vtiger_profile2field` VALUES (3, 36, 587, 0, 0);
INSERT INTO `vtiger_profile2field` VALUES (3, 38, 588, 0, 0);
INSERT INTO `vtiger_profile2field` VALUES (3, 38, 589, 0, 0);
INSERT INTO `vtiger_profile2field` VALUES (3, 38, 590, 0, 0);
INSERT INTO `vtiger_profile2field` VALUES (3, 38, 591, 0, 0);
INSERT INTO `vtiger_profile2field` VALUES (3, 38, 592, 0, 0);
INSERT INTO `vtiger_profile2field` VALUES (3, 38, 593, 0, 0);
INSERT INTO `vtiger_profile2field` VALUES (3, 38, 594, 0, 0);
INSERT INTO `vtiger_profile2field` VALUES (3, 38, 595, 0, 0);
INSERT INTO `vtiger_profile2field` VALUES (3, 38, 596, 0, 0);
INSERT INTO `vtiger_profile2field` VALUES (3, 38, 597, 0, 0);
INSERT INTO `vtiger_profile2field` VALUES (3, 38, 598, 0, 0);
INSERT INTO `vtiger_profile2field` VALUES (3, 38, 599, 0, 0);
INSERT INTO `vtiger_profile2field` VALUES (3, 38, 600, 0, 0);
INSERT INTO `vtiger_profile2field` VALUES (3, 38, 601, 0, 0);
INSERT INTO `vtiger_profile2field` VALUES (3, 38, 602, 0, 0);
INSERT INTO `vtiger_profile2field` VALUES (3, 38, 603, 0, 0);
INSERT INTO `vtiger_profile2field` VALUES (3, 38, 604, 0, 0);
INSERT INTO `vtiger_profile2field` VALUES (3, 38, 605, 0, 0);
INSERT INTO `vtiger_profile2field` VALUES (3, 38, 606, 0, 0);
INSERT INTO `vtiger_profile2field` VALUES (3, 38, 607, 0, 0);
INSERT INTO `vtiger_profile2field` VALUES (3, 38, 608, 0, 0);
INSERT INTO `vtiger_profile2field` VALUES (3, 42, 609, 0, 0);
INSERT INTO `vtiger_profile2field` VALUES (3, 42, 610, 0, 0);
INSERT INTO `vtiger_profile2field` VALUES (3, 42, 611, 0, 0);
INSERT INTO `vtiger_profile2field` VALUES (3, 42, 612, 0, 0);
INSERT INTO `vtiger_profile2field` VALUES (3, 42, 613, 0, 0);
INSERT INTO `vtiger_profile2field` VALUES (3, 42, 614, 0, 0);
INSERT INTO `vtiger_profile2field` VALUES (3, 42, 615, 0, 0);
INSERT INTO `vtiger_profile2field` VALUES (3, 42, 616, 0, 0);
INSERT INTO `vtiger_profile2field` VALUES (3, 43, 617, 0, 0);
INSERT INTO `vtiger_profile2field` VALUES (3, 43, 618, 0, 0);
INSERT INTO `vtiger_profile2field` VALUES (3, 43, 619, 0, 0);
INSERT INTO `vtiger_profile2field` VALUES (3, 43, 620, 0, 0);
INSERT INTO `vtiger_profile2field` VALUES (3, 43, 621, 0, 0);
INSERT INTO `vtiger_profile2field` VALUES (3, 43, 622, 0, 0);
INSERT INTO `vtiger_profile2field` VALUES (3, 43, 623, 0, 0);
INSERT INTO `vtiger_profile2field` VALUES (3, 43, 624, 0, 0);
INSERT INTO `vtiger_profile2field` VALUES (3, 43, 625, 0, 0);
INSERT INTO `vtiger_profile2field` VALUES (3, 43, 626, 0, 0);
INSERT INTO `vtiger_profile2field` VALUES (3, 43, 627, 0, 0);
INSERT INTO `vtiger_profile2field` VALUES (3, 43, 628, 0, 0);
INSERT INTO `vtiger_profile2field` VALUES (3, 43, 629, 0, 0);
INSERT INTO `vtiger_profile2field` VALUES (3, 44, 630, 0, 0);
INSERT INTO `vtiger_profile2field` VALUES (3, 44, 631, 0, 0);
INSERT INTO `vtiger_profile2field` VALUES (3, 44, 632, 0, 0);
INSERT INTO `vtiger_profile2field` VALUES (3, 44, 633, 0, 0);
INSERT INTO `vtiger_profile2field` VALUES (3, 44, 634, 0, 0);
INSERT INTO `vtiger_profile2field` VALUES (3, 44, 635, 0, 0);
INSERT INTO `vtiger_profile2field` VALUES (3, 44, 636, 0, 0);
INSERT INTO `vtiger_profile2field` VALUES (3, 44, 637, 0, 0);
INSERT INTO `vtiger_profile2field` VALUES (3, 44, 638, 0, 0);
INSERT INTO `vtiger_profile2field` VALUES (3, 44, 639, 0, 0);
INSERT INTO `vtiger_profile2field` VALUES (3, 44, 640, 0, 0);
INSERT INTO `vtiger_profile2field` VALUES (3, 44, 641, 0, 0);
INSERT INTO `vtiger_profile2field` VALUES (3, 44, 642, 0, 0);
INSERT INTO `vtiger_profile2field` VALUES (3, 44, 643, 0, 0);
INSERT INTO `vtiger_profile2field` VALUES (3, 44, 644, 0, 0);
INSERT INTO `vtiger_profile2field` VALUES (3, 44, 645, 0, 0);
INSERT INTO `vtiger_profile2field` VALUES (3, 44, 646, 0, 0);
INSERT INTO `vtiger_profile2field` VALUES (3, 44, 647, 0, 0);
INSERT INTO `vtiger_profile2field` VALUES (3, 45, 648, 0, 0);
INSERT INTO `vtiger_profile2field` VALUES (3, 45, 649, 0, 0);
INSERT INTO `vtiger_profile2field` VALUES (3, 45, 650, 0, 0);
INSERT INTO `vtiger_profile2field` VALUES (3, 45, 651, 0, 0);
INSERT INTO `vtiger_profile2field` VALUES (3, 45, 652, 0, 0);
INSERT INTO `vtiger_profile2field` VALUES (3, 45, 653, 0, 0);
INSERT INTO `vtiger_profile2field` VALUES (3, 45, 654, 0, 0);
INSERT INTO `vtiger_profile2field` VALUES (3, 45, 655, 0, 0);
INSERT INTO `vtiger_profile2field` VALUES (3, 45, 656, 0, 0);
INSERT INTO `vtiger_profile2field` VALUES (3, 45, 657, 0, 0);
INSERT INTO `vtiger_profile2field` VALUES (3, 45, 658, 0, 0);
INSERT INTO `vtiger_profile2field` VALUES (3, 45, 659, 0, 0);
INSERT INTO `vtiger_profile2field` VALUES (3, 45, 660, 0, 0);
INSERT INTO `vtiger_profile2field` VALUES (3, 45, 661, 0, 0);
INSERT INTO `vtiger_profile2field` VALUES (3, 45, 662, 0, 0);
INSERT INTO `vtiger_profile2field` VALUES (3, 45, 663, 0, 0);
INSERT INTO `vtiger_profile2field` VALUES (3, 45, 664, 0, 0);
INSERT INTO `vtiger_profile2field` VALUES (3, 45, 665, 0, 0);
INSERT INTO `vtiger_profile2field` VALUES (3, 45, 666, 0, 0);
INSERT INTO `vtiger_profile2field` VALUES (3, 45, 667, 0, 0);
INSERT INTO `vtiger_profile2field` VALUES (3, 47, 668, 0, 0);
INSERT INTO `vtiger_profile2field` VALUES (3, 47, 669, 0, 0);
INSERT INTO `vtiger_profile2field` VALUES (3, 47, 670, 0, 0);
INSERT INTO `vtiger_profile2field` VALUES (3, 47, 671, 0, 0);
INSERT INTO `vtiger_profile2field` VALUES (3, 47, 672, 0, 0);
INSERT INTO `vtiger_profile2field` VALUES (3, 47, 673, 0, 0);
INSERT INTO `vtiger_profile2field` VALUES (3, 2, 674, 0, 0);
INSERT INTO `vtiger_profile2field` VALUES (3, 29, 675, 0, 0);
INSERT INTO `vtiger_profile2field` VALUES (3, 23, 676, 0, 0);
INSERT INTO `vtiger_profile2field` VALUES (3, 23, 677, 0, 0);
INSERT INTO `vtiger_profile2field` VALUES (3, 23, 678, 0, 0);
INSERT INTO `vtiger_profile2field` VALUES (3, 23, 679, 0, 0);
INSERT INTO `vtiger_profile2field` VALUES (3, 23, 680, 0, 0);
INSERT INTO `vtiger_profile2field` VALUES (3, 23, 681, 0, 0);
INSERT INTO `vtiger_profile2field` VALUES (3, 23, 682, 0, 0);
INSERT INTO `vtiger_profile2field` VALUES (3, 23, 683, 0, 0);
INSERT INTO `vtiger_profile2field` VALUES (3, 23, 684, 0, 0);
INSERT INTO `vtiger_profile2field` VALUES (3, 22, 685, 0, 0);
INSERT INTO `vtiger_profile2field` VALUES (3, 22, 686, 0, 0);
INSERT INTO `vtiger_profile2field` VALUES (3, 22, 687, 0, 0);
INSERT INTO `vtiger_profile2field` VALUES (3, 22, 688, 0, 0);
INSERT INTO `vtiger_profile2field` VALUES (3, 22, 689, 0, 0);
INSERT INTO `vtiger_profile2field` VALUES (3, 22, 690, 0, 0);
INSERT INTO `vtiger_profile2field` VALUES (3, 22, 691, 0, 0);
INSERT INTO `vtiger_profile2field` VALUES (3, 22, 692, 0, 0);
INSERT INTO `vtiger_profile2field` VALUES (3, 22, 693, 0, 0);
INSERT INTO `vtiger_profile2field` VALUES (3, 21, 694, 0, 0);
INSERT INTO `vtiger_profile2field` VALUES (3, 21, 695, 0, 0);
INSERT INTO `vtiger_profile2field` VALUES (3, 21, 696, 0, 0);
INSERT INTO `vtiger_profile2field` VALUES (3, 21, 697, 0, 0);
INSERT INTO `vtiger_profile2field` VALUES (3, 21, 698, 0, 0);
INSERT INTO `vtiger_profile2field` VALUES (3, 21, 699, 0, 0);
INSERT INTO `vtiger_profile2field` VALUES (3, 21, 700, 0, 0);
INSERT INTO `vtiger_profile2field` VALUES (3, 21, 701, 0, 0);
INSERT INTO `vtiger_profile2field` VALUES (3, 21, 702, 0, 0);
INSERT INTO `vtiger_profile2field` VALUES (3, 20, 703, 0, 0);
INSERT INTO `vtiger_profile2field` VALUES (3, 20, 704, 0, 0);
INSERT INTO `vtiger_profile2field` VALUES (3, 20, 705, 0, 0);
INSERT INTO `vtiger_profile2field` VALUES (3, 20, 706, 0, 0);
INSERT INTO `vtiger_profile2field` VALUES (3, 20, 707, 0, 0);
INSERT INTO `vtiger_profile2field` VALUES (3, 20, 708, 0, 0);
INSERT INTO `vtiger_profile2field` VALUES (3, 20, 709, 0, 0);
INSERT INTO `vtiger_profile2field` VALUES (3, 20, 710, 0, 0);
INSERT INTO `vtiger_profile2field` VALUES (3, 20, 711, 0, 0);
INSERT INTO `vtiger_profile2field` VALUES (3, 29, 712, 0, 0);
INSERT INTO `vtiger_profile2field` VALUES (3, 44, 713, 0, 0);
INSERT INTO `vtiger_profile2field` VALUES (3, 42, 714, 0, 0);
INSERT INTO `vtiger_profile2field` VALUES (3, 29, 715, 0, 0);
INSERT INTO `vtiger_profile2field` VALUES (3, 29, 716, 0, 0);
INSERT INTO `vtiger_profile2field` VALUES (3, 29, 717, 0, 0);
INSERT INTO `vtiger_profile2field` VALUES (3, 23, 718, 0, 0);
INSERT INTO `vtiger_profile2field` VALUES (3, 22, 719, 0, 0);
INSERT INTO `vtiger_profile2field` VALUES (3, 21, 720, 0, 0);
INSERT INTO `vtiger_profile2field` VALUES (3, 20, 721, 0, 0);
INSERT INTO `vtiger_profile2field` VALUES (3, 29, 722, 0, 0);
INSERT INTO `vtiger_profile2field` VALUES (3, 6, 723, 0, 0);
INSERT INTO `vtiger_profile2field` VALUES (3, 4, 724, 0, 0);
INSERT INTO `vtiger_profile2field` VALUES (3, 2, 725, 0, 0);
INSERT INTO `vtiger_profile2field` VALUES (3, 29, 726, 0, 0);
INSERT INTO `vtiger_profile2field` VALUES (3, 23, 727, 0, 0);
INSERT INTO `vtiger_profile2field` VALUES (3, 23, 728, 0, 0);
INSERT INTO `vtiger_profile2field` VALUES (3, 21, 729, 0, 0);
INSERT INTO `vtiger_profile2field` VALUES (3, 21, 730, 0, 0);
INSERT INTO `vtiger_profile2field` VALUES (3, 18, 731, 0, 0);
INSERT INTO `vtiger_profile2field` VALUES (3, 7, 732, 0, 0);
INSERT INTO `vtiger_profile2field` VALUES (3, 42, 733, 0, 0);
INSERT INTO `vtiger_profile2field` VALUES (3, 42, 734, 0, 0);
INSERT INTO `vtiger_profile2field` VALUES (3, 23, 735, 0, 0);
INSERT INTO `vtiger_profile2field` VALUES (3, 20, 736, 0, 0);
INSERT INTO `vtiger_profile2field` VALUES (3, 21, 737, 0, 0);
INSERT INTO `vtiger_profile2field` VALUES (3, 22, 738, 0, 0);
INSERT INTO `vtiger_profile2field` VALUES (3, 29, 739, 0, 0);
INSERT INTO `vtiger_profile2field` VALUES (3, 2, 740, 0, 0);
INSERT INTO `vtiger_profile2field` VALUES (3, 13, 741, 0, 0);
INSERT INTO `vtiger_profile2field` VALUES (3, 29, 742, 0, 0);
INSERT INTO `vtiger_profile2field` VALUES (3, 29, 743, 0, 0);
INSERT INTO `vtiger_profile2field` VALUES (3, 29, 744, 0, 0);
INSERT INTO `vtiger_profile2field` VALUES (3, 29, 745, 0, 0);
INSERT INTO `vtiger_profile2field` VALUES (3, 14, 772, 0, 0);
INSERT INTO `vtiger_profile2field` VALUES (3, 36, 773, 0, 0);
INSERT INTO `vtiger_profile2field` VALUES (3, 23, 774, 0, 0);
INSERT INTO `vtiger_profile2field` VALUES (3, 29, 775, 0, 0);
INSERT INTO `vtiger_profile2field` VALUES (3, 23, 776, 0, 0);
INSERT INTO `vtiger_profile2field` VALUES (3, 23, 777, 0, 0);
INSERT INTO `vtiger_profile2field` VALUES (3, 23, 778, 0, 0);
INSERT INTO `vtiger_profile2field` VALUES (3, 20, 779, 0, 0);
INSERT INTO `vtiger_profile2field` VALUES (3, 20, 780, 0, 0);
INSERT INTO `vtiger_profile2field` VALUES (3, 20, 781, 0, 0);
INSERT INTO `vtiger_profile2field` VALUES (3, 21, 782, 0, 0);
INSERT INTO `vtiger_profile2field` VALUES (3, 22, 783, 0, 0);
INSERT INTO `vtiger_profile2field` VALUES (3, 22, 784, 0, 0);
INSERT INTO `vtiger_profile2field` VALUES (3, 22, 785, 0, 0);
INSERT INTO `vtiger_profile2field` VALUES (3, 42, 786, 0, 0);
INSERT INTO `vtiger_profile2field` VALUES (3, 42, 787, 0, 0);
INSERT INTO `vtiger_profile2field` VALUES (3, 42, 788, 0, 0);
INSERT INTO `vtiger_profile2field` VALUES (3, 2, 789, 0, 0);
INSERT INTO `vtiger_profile2field` VALUES (3, 4, 790, 0, 0);
INSERT INTO `vtiger_profile2field` VALUES (3, 6, 791, 0, 0);
INSERT INTO `vtiger_profile2field` VALUES (3, 7, 792, 0, 0);
INSERT INTO `vtiger_profile2field` VALUES (3, 8, 793, 0, 0);
INSERT INTO `vtiger_profile2field` VALUES (3, 9, 794, 0, 0);
INSERT INTO `vtiger_profile2field` VALUES (3, 10, 795, 0, 0);
INSERT INTO `vtiger_profile2field` VALUES (3, 13, 796, 0, 0);
INSERT INTO `vtiger_profile2field` VALUES (3, 14, 797, 0, 0);
INSERT INTO `vtiger_profile2field` VALUES (3, 15, 798, 0, 0);
INSERT INTO `vtiger_profile2field` VALUES (3, 16, 799, 0, 0);
INSERT INTO `vtiger_profile2field` VALUES (3, 18, 800, 0, 0);
INSERT INTO `vtiger_profile2field` VALUES (3, 19, 801, 0, 0);
INSERT INTO `vtiger_profile2field` VALUES (3, 20, 802, 0, 0);
INSERT INTO `vtiger_profile2field` VALUES (3, 21, 803, 0, 0);
INSERT INTO `vtiger_profile2field` VALUES (3, 22, 804, 0, 0);
INSERT INTO `vtiger_profile2field` VALUES (3, 23, 805, 0, 0);
INSERT INTO `vtiger_profile2field` VALUES (3, 26, 806, 0, 0);
INSERT INTO `vtiger_profile2field` VALUES (3, 10, 807, 0, 0);
INSERT INTO `vtiger_profile2field` VALUES (3, 2, 808, 0, 0);
INSERT INTO `vtiger_profile2field` VALUES (3, 4, 809, 0, 0);
INSERT INTO `vtiger_profile2field` VALUES (3, 6, 810, 0, 0);
INSERT INTO `vtiger_profile2field` VALUES (3, 7, 811, 0, 0);
INSERT INTO `vtiger_profile2field` VALUES (3, 8, 812, 0, 0);
INSERT INTO `vtiger_profile2field` VALUES (3, 9, 813, 0, 0);
INSERT INTO `vtiger_profile2field` VALUES (3, 10, 814, 0, 0);
INSERT INTO `vtiger_profile2field` VALUES (3, 13, 815, 0, 0);
INSERT INTO `vtiger_profile2field` VALUES (3, 14, 816, 0, 0);
INSERT INTO `vtiger_profile2field` VALUES (3, 15, 817, 0, 0);
INSERT INTO `vtiger_profile2field` VALUES (3, 16, 818, 0, 0);
INSERT INTO `vtiger_profile2field` VALUES (3, 18, 819, 0, 0);
INSERT INTO `vtiger_profile2field` VALUES (3, 19, 820, 0, 0);
INSERT INTO `vtiger_profile2field` VALUES (3, 20, 821, 0, 0);
INSERT INTO `vtiger_profile2field` VALUES (3, 21, 822, 0, 0);
INSERT INTO `vtiger_profile2field` VALUES (3, 22, 823, 0, 0);
INSERT INTO `vtiger_profile2field` VALUES (3, 23, 824, 0, 0);
INSERT INTO `vtiger_profile2field` VALUES (3, 26, 825, 0, 0);
INSERT INTO `vtiger_profile2field` VALUES (3, 2, 826, 0, 0);
INSERT INTO `vtiger_profile2field` VALUES (3, 4, 827, 0, 0);
INSERT INTO `vtiger_profile2field` VALUES (3, 6, 828, 0, 0);
INSERT INTO `vtiger_profile2field` VALUES (3, 7, 829, 0, 0);
INSERT INTO `vtiger_profile2field` VALUES (3, 8, 830, 0, 0);
INSERT INTO `vtiger_profile2field` VALUES (3, 9, 831, 0, 0);
INSERT INTO `vtiger_profile2field` VALUES (3, 10, 832, 0, 0);
INSERT INTO `vtiger_profile2field` VALUES (3, 13, 833, 0, 0);
INSERT INTO `vtiger_profile2field` VALUES (3, 14, 834, 0, 0);
INSERT INTO `vtiger_profile2field` VALUES (3, 15, 835, 0, 0);
INSERT INTO `vtiger_profile2field` VALUES (3, 16, 836, 0, 0);
INSERT INTO `vtiger_profile2field` VALUES (3, 18, 837, 0, 0);
INSERT INTO `vtiger_profile2field` VALUES (3, 19, 838, 0, 0);
INSERT INTO `vtiger_profile2field` VALUES (3, 20, 839, 0, 0);
INSERT INTO `vtiger_profile2field` VALUES (3, 21, 840, 0, 0);
INSERT INTO `vtiger_profile2field` VALUES (3, 22, 841, 0, 0);
INSERT INTO `vtiger_profile2field` VALUES (3, 23, 842, 0, 0);
INSERT INTO `vtiger_profile2field` VALUES (3, 26, 843, 0, 0);
INSERT INTO `vtiger_profile2field` VALUES (3, 20, 844, 0, 0);
INSERT INTO `vtiger_profile2field` VALUES (3, 21, 845, 0, 0);
INSERT INTO `vtiger_profile2field` VALUES (3, 22, 846, 0, 0);
INSERT INTO `vtiger_profile2field` VALUES (3, 23, 847, 0, 0);
INSERT INTO `vtiger_profile2field` VALUES (3, 45, 848, 0, 0);
INSERT INTO `vtiger_profile2field` VALUES (3, 45, 849, 0, 0);
INSERT INTO `vtiger_profile2field` VALUES (3, 29, 850, 0, 0);
INSERT INTO `vtiger_profile2field` VALUES (3, 22, 851, 0, 0);
INSERT INTO `vtiger_profile2field` VALUES (3, 29, 852, 0, 0);
INSERT INTO `vtiger_profile2field` VALUES (4, 6, 1, 0, 0);
INSERT INTO `vtiger_profile2field` VALUES (4, 6, 2, 0, 0);
INSERT INTO `vtiger_profile2field` VALUES (4, 6, 3, 0, 0);
INSERT INTO `vtiger_profile2field` VALUES (4, 6, 4, 0, 0);
INSERT INTO `vtiger_profile2field` VALUES (4, 6, 5, 0, 0);
INSERT INTO `vtiger_profile2field` VALUES (4, 6, 6, 0, 0);
INSERT INTO `vtiger_profile2field` VALUES (4, 6, 7, 0, 0);
INSERT INTO `vtiger_profile2field` VALUES (4, 6, 8, 0, 0);
INSERT INTO `vtiger_profile2field` VALUES (4, 6, 9, 0, 0);
INSERT INTO `vtiger_profile2field` VALUES (4, 6, 10, 0, 0);
INSERT INTO `vtiger_profile2field` VALUES (4, 6, 11, 0, 0);
INSERT INTO `vtiger_profile2field` VALUES (4, 6, 12, 0, 0);
INSERT INTO `vtiger_profile2field` VALUES (4, 6, 13, 0, 0);
INSERT INTO `vtiger_profile2field` VALUES (4, 6, 14, 0, 0);
INSERT INTO `vtiger_profile2field` VALUES (4, 6, 15, 0, 0);
INSERT INTO `vtiger_profile2field` VALUES (4, 6, 16, 0, 0);
INSERT INTO `vtiger_profile2field` VALUES (4, 6, 17, 0, 0);
INSERT INTO `vtiger_profile2field` VALUES (4, 6, 18, 0, 0);
INSERT INTO `vtiger_profile2field` VALUES (4, 6, 19, 0, 0);
INSERT INTO `vtiger_profile2field` VALUES (4, 6, 20, 0, 0);
INSERT INTO `vtiger_profile2field` VALUES (4, 6, 21, 0, 0);
INSERT INTO `vtiger_profile2field` VALUES (4, 6, 22, 0, 0);
INSERT INTO `vtiger_profile2field` VALUES (4, 6, 23, 0, 0);
INSERT INTO `vtiger_profile2field` VALUES (4, 6, 24, 0, 0);
INSERT INTO `vtiger_profile2field` VALUES (4, 6, 25, 0, 0);
INSERT INTO `vtiger_profile2field` VALUES (4, 6, 26, 0, 0);
INSERT INTO `vtiger_profile2field` VALUES (4, 6, 27, 0, 0);
INSERT INTO `vtiger_profile2field` VALUES (4, 6, 28, 0, 0);
INSERT INTO `vtiger_profile2field` VALUES (4, 6, 29, 0, 0);
INSERT INTO `vtiger_profile2field` VALUES (4, 6, 30, 0, 0);
INSERT INTO `vtiger_profile2field` VALUES (4, 6, 31, 0, 0);
INSERT INTO `vtiger_profile2field` VALUES (4, 6, 32, 0, 0);
INSERT INTO `vtiger_profile2field` VALUES (4, 6, 33, 0, 0);
INSERT INTO `vtiger_profile2field` VALUES (4, 6, 34, 0, 0);
INSERT INTO `vtiger_profile2field` VALUES (4, 6, 35, 0, 0);
INSERT INTO `vtiger_profile2field` VALUES (4, 6, 36, 0, 0);
INSERT INTO `vtiger_profile2field` VALUES (4, 7, 37, 0, 0);
INSERT INTO `vtiger_profile2field` VALUES (4, 7, 38, 0, 0);
INSERT INTO `vtiger_profile2field` VALUES (4, 7, 39, 0, 0);
INSERT INTO `vtiger_profile2field` VALUES (4, 7, 40, 0, 0);
INSERT INTO `vtiger_profile2field` VALUES (4, 7, 41, 0, 0);
INSERT INTO `vtiger_profile2field` VALUES (4, 7, 42, 0, 0);
INSERT INTO `vtiger_profile2field` VALUES (4, 7, 43, 0, 0);
INSERT INTO `vtiger_profile2field` VALUES (4, 7, 44, 0, 0);
INSERT INTO `vtiger_profile2field` VALUES (4, 7, 45, 0, 0);
INSERT INTO `vtiger_profile2field` VALUES (4, 7, 46, 0, 0);
INSERT INTO `vtiger_profile2field` VALUES (4, 7, 47, 0, 0);
INSERT INTO `vtiger_profile2field` VALUES (4, 7, 48, 0, 0);
INSERT INTO `vtiger_profile2field` VALUES (4, 7, 49, 0, 0);
INSERT INTO `vtiger_profile2field` VALUES (4, 7, 50, 0, 0);
INSERT INTO `vtiger_profile2field` VALUES (4, 7, 51, 0, 0);
INSERT INTO `vtiger_profile2field` VALUES (4, 7, 52, 0, 0);
INSERT INTO `vtiger_profile2field` VALUES (4, 7, 53, 0, 0);
INSERT INTO `vtiger_profile2field` VALUES (4, 7, 54, 0, 0);
INSERT INTO `vtiger_profile2field` VALUES (4, 7, 55, 0, 0);
INSERT INTO `vtiger_profile2field` VALUES (4, 7, 56, 0, 0);
INSERT INTO `vtiger_profile2field` VALUES (4, 7, 57, 0, 0);
INSERT INTO `vtiger_profile2field` VALUES (4, 7, 58, 0, 0);
INSERT INTO `vtiger_profile2field` VALUES (4, 7, 59, 0, 0);
INSERT INTO `vtiger_profile2field` VALUES (4, 7, 60, 0, 0);
INSERT INTO `vtiger_profile2field` VALUES (4, 7, 61, 0, 0);
INSERT INTO `vtiger_profile2field` VALUES (4, 7, 62, 0, 0);
INSERT INTO `vtiger_profile2field` VALUES (4, 7, 63, 0, 0);
INSERT INTO `vtiger_profile2field` VALUES (4, 7, 64, 0, 0);
INSERT INTO `vtiger_profile2field` VALUES (4, 7, 65, 0, 0);
INSERT INTO `vtiger_profile2field` VALUES (4, 4, 66, 0, 0);
INSERT INTO `vtiger_profile2field` VALUES (4, 4, 67, 0, 0);
INSERT INTO `vtiger_profile2field` VALUES (4, 4, 68, 0, 0);
INSERT INTO `vtiger_profile2field` VALUES (4, 4, 69, 0, 0);
INSERT INTO `vtiger_profile2field` VALUES (4, 4, 70, 0, 0);
INSERT INTO `vtiger_profile2field` VALUES (4, 4, 71, 0, 0);
INSERT INTO `vtiger_profile2field` VALUES (4, 4, 72, 0, 0);
INSERT INTO `vtiger_profile2field` VALUES (4, 4, 73, 0, 0);
INSERT INTO `vtiger_profile2field` VALUES (4, 4, 74, 0, 0);
INSERT INTO `vtiger_profile2field` VALUES (4, 4, 75, 0, 0);
INSERT INTO `vtiger_profile2field` VALUES (4, 4, 76, 0, 0);
INSERT INTO `vtiger_profile2field` VALUES (4, 4, 77, 0, 0);
INSERT INTO `vtiger_profile2field` VALUES (4, 4, 78, 0, 0);
INSERT INTO `vtiger_profile2field` VALUES (4, 4, 79, 0, 0);
INSERT INTO `vtiger_profile2field` VALUES (4, 4, 80, 0, 0);
INSERT INTO `vtiger_profile2field` VALUES (4, 4, 81, 0, 0);
INSERT INTO `vtiger_profile2field` VALUES (4, 4, 82, 0, 0);
INSERT INTO `vtiger_profile2field` VALUES (4, 4, 83, 0, 0);
INSERT INTO `vtiger_profile2field` VALUES (4, 4, 84, 0, 0);
INSERT INTO `vtiger_profile2field` VALUES (4, 4, 85, 0, 0);
INSERT INTO `vtiger_profile2field` VALUES (4, 4, 86, 0, 0);
INSERT INTO `vtiger_profile2field` VALUES (4, 4, 87, 0, 0);
INSERT INTO `vtiger_profile2field` VALUES (4, 4, 88, 0, 0);
INSERT INTO `vtiger_profile2field` VALUES (4, 4, 89, 0, 0);
INSERT INTO `vtiger_profile2field` VALUES (4, 4, 90, 0, 0);
INSERT INTO `vtiger_profile2field` VALUES (4, 4, 91, 0, 0);
INSERT INTO `vtiger_profile2field` VALUES (4, 4, 92, 0, 0);
INSERT INTO `vtiger_profile2field` VALUES (4, 4, 93, 0, 0);
INSERT INTO `vtiger_profile2field` VALUES (4, 4, 94, 0, 0);
INSERT INTO `vtiger_profile2field` VALUES (4, 4, 95, 0, 0);
INSERT INTO `vtiger_profile2field` VALUES (4, 4, 96, 0, 0);
INSERT INTO `vtiger_profile2field` VALUES (4, 4, 97, 0, 0);
INSERT INTO `vtiger_profile2field` VALUES (4, 4, 98, 0, 0);
INSERT INTO `vtiger_profile2field` VALUES (4, 4, 99, 0, 0);
INSERT INTO `vtiger_profile2field` VALUES (4, 4, 100, 0, 0);
INSERT INTO `vtiger_profile2field` VALUES (4, 4, 101, 0, 0);
INSERT INTO `vtiger_profile2field` VALUES (4, 4, 102, 0, 0);
INSERT INTO `vtiger_profile2field` VALUES (4, 4, 103, 0, 0);
INSERT INTO `vtiger_profile2field` VALUES (4, 4, 104, 0, 0);
INSERT INTO `vtiger_profile2field` VALUES (4, 4, 105, 0, 0);
INSERT INTO `vtiger_profile2field` VALUES (4, 4, 106, 0, 0);
INSERT INTO `vtiger_profile2field` VALUES (4, 4, 107, 0, 0);
INSERT INTO `vtiger_profile2field` VALUES (4, 4, 108, 0, 0);
INSERT INTO `vtiger_profile2field` VALUES (4, 4, 109, 0, 0);
INSERT INTO `vtiger_profile2field` VALUES (4, 2, 110, 0, 0);
INSERT INTO `vtiger_profile2field` VALUES (4, 2, 111, 0, 0);
INSERT INTO `vtiger_profile2field` VALUES (4, 2, 112, 0, 0);
INSERT INTO `vtiger_profile2field` VALUES (4, 2, 113, 0, 0);
INSERT INTO `vtiger_profile2field` VALUES (4, 2, 114, 0, 0);
INSERT INTO `vtiger_profile2field` VALUES (4, 2, 115, 0, 0);
INSERT INTO `vtiger_profile2field` VALUES (4, 2, 116, 0, 0);
INSERT INTO `vtiger_profile2field` VALUES (4, 2, 117, 0, 0);
INSERT INTO `vtiger_profile2field` VALUES (4, 2, 118, 0, 0);
INSERT INTO `vtiger_profile2field` VALUES (4, 2, 119, 0, 0);
INSERT INTO `vtiger_profile2field` VALUES (4, 2, 120, 0, 0);
INSERT INTO `vtiger_profile2field` VALUES (4, 2, 121, 0, 0);
INSERT INTO `vtiger_profile2field` VALUES (4, 2, 122, 0, 0);
INSERT INTO `vtiger_profile2field` VALUES (4, 2, 123, 0, 0);
INSERT INTO `vtiger_profile2field` VALUES (4, 2, 124, 0, 0);
INSERT INTO `vtiger_profile2field` VALUES (4, 2, 125, 0, 0);
INSERT INTO `vtiger_profile2field` VALUES (4, 26, 126, 0, 0);
INSERT INTO `vtiger_profile2field` VALUES (4, 26, 127, 0, 0);
INSERT INTO `vtiger_profile2field` VALUES (4, 26, 128, 0, 0);
INSERT INTO `vtiger_profile2field` VALUES (4, 26, 129, 0, 0);
INSERT INTO `vtiger_profile2field` VALUES (4, 26, 130, 0, 0);
INSERT INTO `vtiger_profile2field` VALUES (4, 26, 131, 0, 0);
INSERT INTO `vtiger_profile2field` VALUES (4, 26, 132, 0, 0);
INSERT INTO `vtiger_profile2field` VALUES (4, 26, 133, 0, 0);
INSERT INTO `vtiger_profile2field` VALUES (4, 26, 134, 0, 0);
INSERT INTO `vtiger_profile2field` VALUES (4, 26, 135, 0, 0);
INSERT INTO `vtiger_profile2field` VALUES (4, 26, 136, 0, 0);
INSERT INTO `vtiger_profile2field` VALUES (4, 26, 137, 0, 0);
INSERT INTO `vtiger_profile2field` VALUES (4, 26, 138, 0, 0);
INSERT INTO `vtiger_profile2field` VALUES (4, 26, 139, 0, 0);
INSERT INTO `vtiger_profile2field` VALUES (4, 26, 140, 0, 0);
INSERT INTO `vtiger_profile2field` VALUES (4, 26, 141, 0, 0);
INSERT INTO `vtiger_profile2field` VALUES (4, 26, 142, 0, 0);
INSERT INTO `vtiger_profile2field` VALUES (4, 26, 143, 0, 0);
INSERT INTO `vtiger_profile2field` VALUES (4, 26, 144, 0, 0);
INSERT INTO `vtiger_profile2field` VALUES (4, 26, 145, 0, 0);
INSERT INTO `vtiger_profile2field` VALUES (4, 26, 146, 0, 0);
INSERT INTO `vtiger_profile2field` VALUES (4, 26, 147, 0, 0);
INSERT INTO `vtiger_profile2field` VALUES (4, 26, 148, 0, 0);
INSERT INTO `vtiger_profile2field` VALUES (4, 26, 149, 0, 0);
INSERT INTO `vtiger_profile2field` VALUES (4, 26, 150, 0, 0);
INSERT INTO `vtiger_profile2field` VALUES (4, 4, 151, 0, 0);
INSERT INTO `vtiger_profile2field` VALUES (4, 6, 152, 0, 0);
INSERT INTO `vtiger_profile2field` VALUES (4, 7, 153, 0, 0);
INSERT INTO `vtiger_profile2field` VALUES (4, 26, 154, 0, 0);
INSERT INTO `vtiger_profile2field` VALUES (4, 13, 155, 0, 0);
INSERT INTO `vtiger_profile2field` VALUES (4, 13, 156, 0, 0);
INSERT INTO `vtiger_profile2field` VALUES (4, 13, 157, 0, 0);
INSERT INTO `vtiger_profile2field` VALUES (4, 13, 158, 0, 0);
INSERT INTO `vtiger_profile2field` VALUES (4, 13, 159, 0, 0);
INSERT INTO `vtiger_profile2field` VALUES (4, 13, 160, 0, 0);
INSERT INTO `vtiger_profile2field` VALUES (4, 13, 161, 0, 0);
INSERT INTO `vtiger_profile2field` VALUES (4, 13, 162, 0, 0);
INSERT INTO `vtiger_profile2field` VALUES (4, 13, 163, 0, 0);
INSERT INTO `vtiger_profile2field` VALUES (4, 13, 164, 0, 0);
INSERT INTO `vtiger_profile2field` VALUES (4, 13, 165, 0, 0);
INSERT INTO `vtiger_profile2field` VALUES (4, 13, 166, 0, 0);
INSERT INTO `vtiger_profile2field` VALUES (4, 13, 167, 0, 0);
INSERT INTO `vtiger_profile2field` VALUES (4, 13, 168, 0, 0);
INSERT INTO `vtiger_profile2field` VALUES (4, 13, 169, 0, 0);
INSERT INTO `vtiger_profile2field` VALUES (4, 13, 170, 0, 0);
INSERT INTO `vtiger_profile2field` VALUES (4, 13, 171, 0, 0);
INSERT INTO `vtiger_profile2field` VALUES (4, 13, 172, 0, 0);
INSERT INTO `vtiger_profile2field` VALUES (4, 13, 173, 0, 0);
INSERT INTO `vtiger_profile2field` VALUES (4, 14, 174, 0, 0);
INSERT INTO `vtiger_profile2field` VALUES (4, 14, 175, 0, 0);
INSERT INTO `vtiger_profile2field` VALUES (4, 14, 176, 0, 0);
INSERT INTO `vtiger_profile2field` VALUES (4, 14, 177, 0, 0);
INSERT INTO `vtiger_profile2field` VALUES (4, 14, 178, 0, 0);
INSERT INTO `vtiger_profile2field` VALUES (4, 14, 179, 0, 0);
INSERT INTO `vtiger_profile2field` VALUES (4, 14, 180, 0, 0);
INSERT INTO `vtiger_profile2field` VALUES (4, 14, 181, 0, 0);
INSERT INTO `vtiger_profile2field` VALUES (4, 14, 182, 0, 0);
INSERT INTO `vtiger_profile2field` VALUES (4, 14, 183, 0, 0);
INSERT INTO `vtiger_profile2field` VALUES (4, 14, 184, 0, 0);
INSERT INTO `vtiger_profile2field` VALUES (4, 14, 185, 0, 0);
INSERT INTO `vtiger_profile2field` VALUES (4, 14, 186, 0, 0);
INSERT INTO `vtiger_profile2field` VALUES (4, 14, 187, 0, 0);
INSERT INTO `vtiger_profile2field` VALUES (4, 14, 188, 0, 0);
INSERT INTO `vtiger_profile2field` VALUES (4, 14, 189, 0, 0);
INSERT INTO `vtiger_profile2field` VALUES (4, 14, 190, 0, 0);
INSERT INTO `vtiger_profile2field` VALUES (4, 14, 191, 0, 0);
INSERT INTO `vtiger_profile2field` VALUES (4, 14, 192, 0, 0);
INSERT INTO `vtiger_profile2field` VALUES (4, 14, 193, 0, 0);
INSERT INTO `vtiger_profile2field` VALUES (4, 14, 194, 0, 0);
INSERT INTO `vtiger_profile2field` VALUES (4, 14, 195, 0, 0);
INSERT INTO `vtiger_profile2field` VALUES (4, 14, 196, 0, 0);
INSERT INTO `vtiger_profile2field` VALUES (4, 14, 197, 0, 0);
INSERT INTO `vtiger_profile2field` VALUES (4, 14, 198, 0, 0);
INSERT INTO `vtiger_profile2field` VALUES (4, 14, 199, 0, 0);
INSERT INTO `vtiger_profile2field` VALUES (4, 14, 200, 0, 0);
INSERT INTO `vtiger_profile2field` VALUES (4, 14, 201, 0, 0);
INSERT INTO `vtiger_profile2field` VALUES (4, 14, 202, 0, 0);
INSERT INTO `vtiger_profile2field` VALUES (4, 14, 203, 0, 0);
INSERT INTO `vtiger_profile2field` VALUES (4, 14, 204, 0, 0);
INSERT INTO `vtiger_profile2field` VALUES (4, 8, 205, 0, 0);
INSERT INTO `vtiger_profile2field` VALUES (4, 8, 206, 0, 0);
INSERT INTO `vtiger_profile2field` VALUES (4, 8, 207, 0, 0);
INSERT INTO `vtiger_profile2field` VALUES (4, 8, 208, 0, 0);
INSERT INTO `vtiger_profile2field` VALUES (4, 8, 209, 0, 0);
INSERT INTO `vtiger_profile2field` VALUES (4, 8, 210, 0, 0);
INSERT INTO `vtiger_profile2field` VALUES (4, 8, 211, 0, 0);
INSERT INTO `vtiger_profile2field` VALUES (4, 8, 212, 0, 0);
INSERT INTO `vtiger_profile2field` VALUES (4, 8, 213, 0, 0);
INSERT INTO `vtiger_profile2field` VALUES (4, 8, 214, 0, 0);
INSERT INTO `vtiger_profile2field` VALUES (4, 8, 215, 0, 0);
INSERT INTO `vtiger_profile2field` VALUES (4, 8, 216, 0, 0);
INSERT INTO `vtiger_profile2field` VALUES (4, 8, 217, 0, 0);
INSERT INTO `vtiger_profile2field` VALUES (4, 8, 218, 0, 0);
INSERT INTO `vtiger_profile2field` VALUES (4, 8, 219, 0, 0);
INSERT INTO `vtiger_profile2field` VALUES (4, 10, 220, 0, 0);
INSERT INTO `vtiger_profile2field` VALUES (4, 10, 221, 0, 0);
INSERT INTO `vtiger_profile2field` VALUES (4, 10, 222, 0, 0);
INSERT INTO `vtiger_profile2field` VALUES (4, 10, 223, 0, 0);
INSERT INTO `vtiger_profile2field` VALUES (4, 10, 224, 0, 0);
INSERT INTO `vtiger_profile2field` VALUES (4, 10, 225, 0, 0);
INSERT INTO `vtiger_profile2field` VALUES (4, 10, 226, 0, 0);
INSERT INTO `vtiger_profile2field` VALUES (4, 10, 227, 0, 0);
INSERT INTO `vtiger_profile2field` VALUES (4, 10, 228, 0, 0);
INSERT INTO `vtiger_profile2field` VALUES (4, 10, 229, 0, 0);
INSERT INTO `vtiger_profile2field` VALUES (4, 10, 230, 0, 0);
INSERT INTO `vtiger_profile2field` VALUES (4, 10, 231, 0, 0);
INSERT INTO `vtiger_profile2field` VALUES (4, 9, 232, 0, 0);
INSERT INTO `vtiger_profile2field` VALUES (4, 9, 233, 0, 0);
INSERT INTO `vtiger_profile2field` VALUES (4, 9, 234, 0, 0);
INSERT INTO `vtiger_profile2field` VALUES (4, 9, 235, 0, 0);
INSERT INTO `vtiger_profile2field` VALUES (4, 9, 236, 0, 0);
INSERT INTO `vtiger_profile2field` VALUES (4, 9, 237, 0, 0);
INSERT INTO `vtiger_profile2field` VALUES (4, 9, 238, 0, 0);
INSERT INTO `vtiger_profile2field` VALUES (4, 9, 239, 0, 0);
INSERT INTO `vtiger_profile2field` VALUES (4, 9, 240, 0, 0);
INSERT INTO `vtiger_profile2field` VALUES (4, 9, 241, 0, 0);
INSERT INTO `vtiger_profile2field` VALUES (4, 9, 242, 0, 0);
INSERT INTO `vtiger_profile2field` VALUES (4, 9, 243, 0, 0);
INSERT INTO `vtiger_profile2field` VALUES (4, 9, 244, 0, 0);
INSERT INTO `vtiger_profile2field` VALUES (4, 9, 245, 0, 0);
INSERT INTO `vtiger_profile2field` VALUES (4, 9, 246, 0, 0);
INSERT INTO `vtiger_profile2field` VALUES (4, 9, 247, 0, 0);
INSERT INTO `vtiger_profile2field` VALUES (4, 9, 248, 0, 0);
INSERT INTO `vtiger_profile2field` VALUES (4, 9, 249, 0, 0);
INSERT INTO `vtiger_profile2field` VALUES (4, 9, 250, 0, 0);
INSERT INTO `vtiger_profile2field` VALUES (4, 9, 251, 0, 0);
INSERT INTO `vtiger_profile2field` VALUES (4, 9, 252, 0, 0);
INSERT INTO `vtiger_profile2field` VALUES (4, 9, 253, 0, 0);
INSERT INTO `vtiger_profile2field` VALUES (4, 9, 254, 0, 0);
INSERT INTO `vtiger_profile2field` VALUES (4, 9, 255, 0, 0);
INSERT INTO `vtiger_profile2field` VALUES (4, 16, 256, 0, 0);
INSERT INTO `vtiger_profile2field` VALUES (4, 16, 257, 0, 0);
INSERT INTO `vtiger_profile2field` VALUES (4, 16, 258, 0, 0);
INSERT INTO `vtiger_profile2field` VALUES (4, 16, 259, 0, 0);
INSERT INTO `vtiger_profile2field` VALUES (4, 16, 260, 0, 0);
INSERT INTO `vtiger_profile2field` VALUES (4, 16, 261, 0, 0);
INSERT INTO `vtiger_profile2field` VALUES (4, 16, 262, 0, 0);
INSERT INTO `vtiger_profile2field` VALUES (4, 16, 263, 0, 0);
INSERT INTO `vtiger_profile2field` VALUES (4, 16, 264, 0, 0);
INSERT INTO `vtiger_profile2field` VALUES (4, 16, 265, 0, 0);
INSERT INTO `vtiger_profile2field` VALUES (4, 16, 266, 0, 0);
INSERT INTO `vtiger_profile2field` VALUES (4, 16, 267, 0, 0);
INSERT INTO `vtiger_profile2field` VALUES (4, 16, 268, 0, 0);
INSERT INTO `vtiger_profile2field` VALUES (4, 16, 269, 0, 0);
INSERT INTO `vtiger_profile2field` VALUES (4, 16, 270, 0, 0);
INSERT INTO `vtiger_profile2field` VALUES (4, 16, 271, 0, 0);
INSERT INTO `vtiger_profile2field` VALUES (4, 16, 272, 0, 0);
INSERT INTO `vtiger_profile2field` VALUES (4, 16, 273, 0, 0);
INSERT INTO `vtiger_profile2field` VALUES (4, 16, 274, 0, 0);
INSERT INTO `vtiger_profile2field` VALUES (4, 16, 275, 0, 0);
INSERT INTO `vtiger_profile2field` VALUES (4, 16, 276, 0, 0);
INSERT INTO `vtiger_profile2field` VALUES (4, 16, 277, 0, 0);
INSERT INTO `vtiger_profile2field` VALUES (4, 16, 278, 0, 0);
INSERT INTO `vtiger_profile2field` VALUES (4, 15, 279, 0, 0);
INSERT INTO `vtiger_profile2field` VALUES (4, 15, 280, 0, 0);
INSERT INTO `vtiger_profile2field` VALUES (4, 15, 281, 0, 0);
INSERT INTO `vtiger_profile2field` VALUES (4, 15, 282, 0, 0);
INSERT INTO `vtiger_profile2field` VALUES (4, 15, 283, 0, 0);
INSERT INTO `vtiger_profile2field` VALUES (4, 15, 284, 0, 0);
INSERT INTO `vtiger_profile2field` VALUES (4, 15, 285, 0, 0);
INSERT INTO `vtiger_profile2field` VALUES (4, 15, 286, 0, 0);
INSERT INTO `vtiger_profile2field` VALUES (4, 15, 287, 0, 0);
INSERT INTO `vtiger_profile2field` VALUES (4, 15, 288, 0, 0);
INSERT INTO `vtiger_profile2field` VALUES (4, 18, 289, 0, 0);
INSERT INTO `vtiger_profile2field` VALUES (4, 18, 290, 0, 0);
INSERT INTO `vtiger_profile2field` VALUES (4, 18, 291, 0, 0);
INSERT INTO `vtiger_profile2field` VALUES (4, 18, 292, 0, 0);
INSERT INTO `vtiger_profile2field` VALUES (4, 18, 293, 0, 0);
INSERT INTO `vtiger_profile2field` VALUES (4, 18, 294, 0, 0);
INSERT INTO `vtiger_profile2field` VALUES (4, 18, 295, 0, 0);
INSERT INTO `vtiger_profile2field` VALUES (4, 18, 296, 0, 0);
INSERT INTO `vtiger_profile2field` VALUES (4, 18, 297, 0, 0);
INSERT INTO `vtiger_profile2field` VALUES (4, 18, 298, 0, 0);
INSERT INTO `vtiger_profile2field` VALUES (4, 18, 299, 0, 0);
INSERT INTO `vtiger_profile2field` VALUES (4, 18, 300, 0, 0);
INSERT INTO `vtiger_profile2field` VALUES (4, 18, 301, 0, 0);
INSERT INTO `vtiger_profile2field` VALUES (4, 18, 302, 0, 0);
INSERT INTO `vtiger_profile2field` VALUES (4, 18, 303, 0, 0);
INSERT INTO `vtiger_profile2field` VALUES (4, 18, 304, 0, 0);
INSERT INTO `vtiger_profile2field` VALUES (4, 18, 305, 0, 0);
INSERT INTO `vtiger_profile2field` VALUES (4, 19, 306, 0, 0);
INSERT INTO `vtiger_profile2field` VALUES (4, 19, 307, 0, 0);
INSERT INTO `vtiger_profile2field` VALUES (4, 19, 308, 0, 0);
INSERT INTO `vtiger_profile2field` VALUES (4, 19, 309, 0, 0);
INSERT INTO `vtiger_profile2field` VALUES (4, 19, 310, 0, 0);
INSERT INTO `vtiger_profile2field` VALUES (4, 19, 311, 0, 0);
INSERT INTO `vtiger_profile2field` VALUES (4, 19, 312, 0, 0);
INSERT INTO `vtiger_profile2field` VALUES (4, 19, 313, 0, 0);
INSERT INTO `vtiger_profile2field` VALUES (4, 20, 314, 0, 0);
INSERT INTO `vtiger_profile2field` VALUES (4, 20, 315, 0, 0);
INSERT INTO `vtiger_profile2field` VALUES (4, 20, 316, 0, 0);
INSERT INTO `vtiger_profile2field` VALUES (4, 20, 317, 0, 0);
INSERT INTO `vtiger_profile2field` VALUES (4, 20, 318, 0, 0);
INSERT INTO `vtiger_profile2field` VALUES (4, 20, 319, 0, 0);
INSERT INTO `vtiger_profile2field` VALUES (4, 20, 320, 0, 0);
INSERT INTO `vtiger_profile2field` VALUES (4, 20, 321, 0, 0);
INSERT INTO `vtiger_profile2field` VALUES (4, 20, 322, 0, 0);
INSERT INTO `vtiger_profile2field` VALUES (4, 20, 323, 0, 0);
INSERT INTO `vtiger_profile2field` VALUES (4, 20, 324, 0, 0);
INSERT INTO `vtiger_profile2field` VALUES (4, 20, 325, 0, 0);
INSERT INTO `vtiger_profile2field` VALUES (4, 20, 326, 0, 0);
INSERT INTO `vtiger_profile2field` VALUES (4, 20, 327, 0, 0);
INSERT INTO `vtiger_profile2field` VALUES (4, 20, 328, 0, 0);
INSERT INTO `vtiger_profile2field` VALUES (4, 20, 329, 0, 0);
INSERT INTO `vtiger_profile2field` VALUES (4, 20, 330, 0, 0);
INSERT INTO `vtiger_profile2field` VALUES (4, 20, 331, 0, 0);
INSERT INTO `vtiger_profile2field` VALUES (4, 20, 332, 0, 0);
INSERT INTO `vtiger_profile2field` VALUES (4, 20, 333, 0, 0);
INSERT INTO `vtiger_profile2field` VALUES (4, 20, 334, 0, 0);
INSERT INTO `vtiger_profile2field` VALUES (4, 20, 335, 0, 0);
INSERT INTO `vtiger_profile2field` VALUES (4, 20, 336, 0, 0);
INSERT INTO `vtiger_profile2field` VALUES (4, 20, 337, 0, 0);
INSERT INTO `vtiger_profile2field` VALUES (4, 20, 338, 0, 0);
INSERT INTO `vtiger_profile2field` VALUES (4, 20, 339, 0, 0);
INSERT INTO `vtiger_profile2field` VALUES (4, 20, 340, 0, 0);
INSERT INTO `vtiger_profile2field` VALUES (4, 20, 341, 0, 0);
INSERT INTO `vtiger_profile2field` VALUES (4, 20, 342, 0, 0);
INSERT INTO `vtiger_profile2field` VALUES (4, 20, 343, 0, 0);
INSERT INTO `vtiger_profile2field` VALUES (4, 20, 344, 0, 0);
INSERT INTO `vtiger_profile2field` VALUES (4, 20, 345, 0, 0);
INSERT INTO `vtiger_profile2field` VALUES (4, 20, 346, 0, 0);
INSERT INTO `vtiger_profile2field` VALUES (4, 20, 347, 0, 0);
INSERT INTO `vtiger_profile2field` VALUES (4, 20, 348, 0, 0);
INSERT INTO `vtiger_profile2field` VALUES (4, 20, 349, 0, 0);
INSERT INTO `vtiger_profile2field` VALUES (4, 20, 350, 0, 0);
INSERT INTO `vtiger_profile2field` VALUES (4, 21, 351, 0, 0);
INSERT INTO `vtiger_profile2field` VALUES (4, 21, 352, 0, 0);
INSERT INTO `vtiger_profile2field` VALUES (4, 21, 353, 0, 0);
INSERT INTO `vtiger_profile2field` VALUES (4, 21, 354, 0, 0);
INSERT INTO `vtiger_profile2field` VALUES (4, 21, 355, 0, 0);
INSERT INTO `vtiger_profile2field` VALUES (4, 21, 356, 0, 0);
INSERT INTO `vtiger_profile2field` VALUES (4, 21, 357, 0, 0);
INSERT INTO `vtiger_profile2field` VALUES (4, 21, 358, 0, 0);
INSERT INTO `vtiger_profile2field` VALUES (4, 21, 359, 0, 0);
INSERT INTO `vtiger_profile2field` VALUES (4, 21, 360, 0, 0);
INSERT INTO `vtiger_profile2field` VALUES (4, 21, 361, 0, 0);
INSERT INTO `vtiger_profile2field` VALUES (4, 21, 362, 0, 0);
INSERT INTO `vtiger_profile2field` VALUES (4, 21, 363, 0, 0);
INSERT INTO `vtiger_profile2field` VALUES (4, 21, 364, 0, 0);
INSERT INTO `vtiger_profile2field` VALUES (4, 21, 365, 0, 0);
INSERT INTO `vtiger_profile2field` VALUES (4, 21, 366, 0, 0);
INSERT INTO `vtiger_profile2field` VALUES (4, 21, 367, 0, 0);
INSERT INTO `vtiger_profile2field` VALUES (4, 21, 368, 0, 0);
INSERT INTO `vtiger_profile2field` VALUES (4, 21, 369, 0, 0);
INSERT INTO `vtiger_profile2field` VALUES (4, 21, 370, 0, 0);
INSERT INTO `vtiger_profile2field` VALUES (4, 21, 371, 0, 0);
INSERT INTO `vtiger_profile2field` VALUES (4, 21, 372, 0, 0);
INSERT INTO `vtiger_profile2field` VALUES (4, 21, 373, 0, 0);
INSERT INTO `vtiger_profile2field` VALUES (4, 21, 374, 0, 0);
INSERT INTO `vtiger_profile2field` VALUES (4, 21, 375, 0, 0);
INSERT INTO `vtiger_profile2field` VALUES (4, 21, 376, 0, 0);
INSERT INTO `vtiger_profile2field` VALUES (4, 21, 377, 0, 0);
INSERT INTO `vtiger_profile2field` VALUES (4, 21, 378, 0, 0);
INSERT INTO `vtiger_profile2field` VALUES (4, 21, 379, 0, 0);
INSERT INTO `vtiger_profile2field` VALUES (4, 21, 380, 0, 0);
INSERT INTO `vtiger_profile2field` VALUES (4, 21, 381, 0, 0);
INSERT INTO `vtiger_profile2field` VALUES (4, 21, 382, 0, 0);
INSERT INTO `vtiger_profile2field` VALUES (4, 21, 383, 0, 0);
INSERT INTO `vtiger_profile2field` VALUES (4, 21, 384, 0, 0);
INSERT INTO `vtiger_profile2field` VALUES (4, 21, 385, 0, 0);
INSERT INTO `vtiger_profile2field` VALUES (4, 21, 386, 0, 0);
INSERT INTO `vtiger_profile2field` VALUES (4, 21, 387, 0, 0);
INSERT INTO `vtiger_profile2field` VALUES (4, 21, 388, 0, 0);
INSERT INTO `vtiger_profile2field` VALUES (4, 22, 389, 0, 0);
INSERT INTO `vtiger_profile2field` VALUES (4, 22, 390, 0, 0);
INSERT INTO `vtiger_profile2field` VALUES (4, 22, 391, 0, 0);
INSERT INTO `vtiger_profile2field` VALUES (4, 22, 392, 0, 0);
INSERT INTO `vtiger_profile2field` VALUES (4, 22, 393, 0, 0);
INSERT INTO `vtiger_profile2field` VALUES (4, 22, 394, 0, 0);
INSERT INTO `vtiger_profile2field` VALUES (4, 22, 395, 0, 0);
INSERT INTO `vtiger_profile2field` VALUES (4, 22, 396, 0, 0);
INSERT INTO `vtiger_profile2field` VALUES (4, 22, 397, 0, 0);
INSERT INTO `vtiger_profile2field` VALUES (4, 22, 398, 0, 0);
INSERT INTO `vtiger_profile2field` VALUES (4, 22, 399, 0, 0);
INSERT INTO `vtiger_profile2field` VALUES (4, 22, 400, 0, 0);
INSERT INTO `vtiger_profile2field` VALUES (4, 22, 401, 0, 0);
INSERT INTO `vtiger_profile2field` VALUES (4, 22, 402, 0, 0);
INSERT INTO `vtiger_profile2field` VALUES (4, 22, 403, 0, 0);
INSERT INTO `vtiger_profile2field` VALUES (4, 22, 404, 0, 0);
INSERT INTO `vtiger_profile2field` VALUES (4, 22, 405, 0, 0);
INSERT INTO `vtiger_profile2field` VALUES (4, 22, 406, 0, 0);
INSERT INTO `vtiger_profile2field` VALUES (4, 22, 407, 0, 0);
INSERT INTO `vtiger_profile2field` VALUES (4, 22, 408, 0, 0);
INSERT INTO `vtiger_profile2field` VALUES (4, 22, 409, 0, 0);
INSERT INTO `vtiger_profile2field` VALUES (4, 22, 410, 0, 0);
INSERT INTO `vtiger_profile2field` VALUES (4, 22, 411, 0, 0);
INSERT INTO `vtiger_profile2field` VALUES (4, 22, 412, 0, 0);
INSERT INTO `vtiger_profile2field` VALUES (4, 22, 413, 0, 0);
INSERT INTO `vtiger_profile2field` VALUES (4, 22, 414, 0, 0);
INSERT INTO `vtiger_profile2field` VALUES (4, 22, 415, 0, 0);
INSERT INTO `vtiger_profile2field` VALUES (4, 22, 416, 0, 0);
INSERT INTO `vtiger_profile2field` VALUES (4, 22, 417, 0, 0);
INSERT INTO `vtiger_profile2field` VALUES (4, 22, 418, 0, 0);
INSERT INTO `vtiger_profile2field` VALUES (4, 22, 419, 0, 0);
INSERT INTO `vtiger_profile2field` VALUES (4, 22, 420, 0, 0);
INSERT INTO `vtiger_profile2field` VALUES (4, 22, 421, 0, 0);
INSERT INTO `vtiger_profile2field` VALUES (4, 22, 422, 0, 0);
INSERT INTO `vtiger_profile2field` VALUES (4, 22, 423, 0, 0);
INSERT INTO `vtiger_profile2field` VALUES (4, 22, 424, 0, 0);
INSERT INTO `vtiger_profile2field` VALUES (4, 22, 425, 0, 0);
INSERT INTO `vtiger_profile2field` VALUES (4, 22, 426, 0, 0);
INSERT INTO `vtiger_profile2field` VALUES (4, 22, 427, 0, 0);
INSERT INTO `vtiger_profile2field` VALUES (4, 22, 428, 0, 0);
INSERT INTO `vtiger_profile2field` VALUES (4, 22, 429, 0, 0);
INSERT INTO `vtiger_profile2field` VALUES (4, 22, 430, 0, 0);
INSERT INTO `vtiger_profile2field` VALUES (4, 22, 431, 0, 0);
INSERT INTO `vtiger_profile2field` VALUES (4, 22, 432, 0, 0);
INSERT INTO `vtiger_profile2field` VALUES (4, 22, 433, 0, 0);
INSERT INTO `vtiger_profile2field` VALUES (4, 22, 434, 0, 0);
INSERT INTO `vtiger_profile2field` VALUES (4, 22, 435, 0, 0);
INSERT INTO `vtiger_profile2field` VALUES (4, 23, 436, 0, 0);
INSERT INTO `vtiger_profile2field` VALUES (4, 23, 437, 0, 0);
INSERT INTO `vtiger_profile2field` VALUES (4, 23, 438, 0, 0);
INSERT INTO `vtiger_profile2field` VALUES (4, 23, 439, 0, 0);
INSERT INTO `vtiger_profile2field` VALUES (4, 23, 440, 0, 0);
INSERT INTO `vtiger_profile2field` VALUES (4, 23, 441, 0, 0);
INSERT INTO `vtiger_profile2field` VALUES (4, 23, 442, 0, 0);
INSERT INTO `vtiger_profile2field` VALUES (4, 23, 443, 0, 0);
INSERT INTO `vtiger_profile2field` VALUES (4, 23, 444, 0, 0);
INSERT INTO `vtiger_profile2field` VALUES (4, 23, 445, 0, 0);
INSERT INTO `vtiger_profile2field` VALUES (4, 23, 446, 0, 0);
INSERT INTO `vtiger_profile2field` VALUES (4, 23, 447, 0, 0);
INSERT INTO `vtiger_profile2field` VALUES (4, 23, 448, 0, 0);
INSERT INTO `vtiger_profile2field` VALUES (4, 23, 449, 0, 0);
INSERT INTO `vtiger_profile2field` VALUES (4, 23, 450, 0, 0);
INSERT INTO `vtiger_profile2field` VALUES (4, 23, 451, 0, 0);
INSERT INTO `vtiger_profile2field` VALUES (4, 23, 452, 0, 0);
INSERT INTO `vtiger_profile2field` VALUES (4, 23, 453, 0, 0);
INSERT INTO `vtiger_profile2field` VALUES (4, 23, 454, 0, 0);
INSERT INTO `vtiger_profile2field` VALUES (4, 23, 455, 0, 0);
INSERT INTO `vtiger_profile2field` VALUES (4, 23, 456, 0, 0);
INSERT INTO `vtiger_profile2field` VALUES (4, 23, 457, 0, 0);
INSERT INTO `vtiger_profile2field` VALUES (4, 23, 458, 0, 0);
INSERT INTO `vtiger_profile2field` VALUES (4, 23, 459, 0, 0);
INSERT INTO `vtiger_profile2field` VALUES (4, 23, 460, 0, 0);
INSERT INTO `vtiger_profile2field` VALUES (4, 23, 461, 0, 0);
INSERT INTO `vtiger_profile2field` VALUES (4, 23, 462, 0, 0);
INSERT INTO `vtiger_profile2field` VALUES (4, 23, 463, 0, 0);
INSERT INTO `vtiger_profile2field` VALUES (4, 23, 464, 0, 0);
INSERT INTO `vtiger_profile2field` VALUES (4, 23, 465, 0, 0);
INSERT INTO `vtiger_profile2field` VALUES (4, 23, 466, 0, 0);
INSERT INTO `vtiger_profile2field` VALUES (4, 23, 467, 0, 0);
INSERT INTO `vtiger_profile2field` VALUES (4, 23, 468, 0, 0);
INSERT INTO `vtiger_profile2field` VALUES (4, 23, 469, 0, 0);
INSERT INTO `vtiger_profile2field` VALUES (4, 23, 470, 0, 0);
INSERT INTO `vtiger_profile2field` VALUES (4, 23, 471, 0, 0);
INSERT INTO `vtiger_profile2field` VALUES (4, 23, 472, 0, 0);
INSERT INTO `vtiger_profile2field` VALUES (4, 23, 473, 0, 0);
INSERT INTO `vtiger_profile2field` VALUES (4, 23, 474, 0, 0);
INSERT INTO `vtiger_profile2field` VALUES (4, 10, 520, 0, 0);
INSERT INTO `vtiger_profile2field` VALUES (4, 10, 521, 0, 0);
INSERT INTO `vtiger_profile2field` VALUES (4, 10, 522, 0, 0);
INSERT INTO `vtiger_profile2field` VALUES (4, 10, 523, 0, 0);
INSERT INTO `vtiger_profile2field` VALUES (4, 10, 524, 0, 0);
INSERT INTO `vtiger_profile2field` VALUES (4, 10, 525, 0, 0);
INSERT INTO `vtiger_profile2field` VALUES (4, 34, 526, 0, 0);
INSERT INTO `vtiger_profile2field` VALUES (4, 34, 527, 0, 0);
INSERT INTO `vtiger_profile2field` VALUES (4, 34, 528, 0, 0);
INSERT INTO `vtiger_profile2field` VALUES (4, 34, 529, 0, 0);
INSERT INTO `vtiger_profile2field` VALUES (4, 34, 530, 0, 0);
INSERT INTO `vtiger_profile2field` VALUES (4, 34, 531, 0, 0);
INSERT INTO `vtiger_profile2field` VALUES (4, 34, 532, 0, 0);
INSERT INTO `vtiger_profile2field` VALUES (4, 34, 533, 0, 0);
INSERT INTO `vtiger_profile2field` VALUES (4, 34, 534, 0, 0);
INSERT INTO `vtiger_profile2field` VALUES (4, 34, 535, 0, 0);
INSERT INTO `vtiger_profile2field` VALUES (4, 34, 536, 0, 0);
INSERT INTO `vtiger_profile2field` VALUES (4, 34, 537, 0, 0);
INSERT INTO `vtiger_profile2field` VALUES (4, 34, 538, 0, 0);
INSERT INTO `vtiger_profile2field` VALUES (4, 34, 539, 0, 0);
INSERT INTO `vtiger_profile2field` VALUES (4, 34, 540, 0, 0);
INSERT INTO `vtiger_profile2field` VALUES (4, 34, 541, 0, 0);
INSERT INTO `vtiger_profile2field` VALUES (4, 34, 542, 0, 0);
INSERT INTO `vtiger_profile2field` VALUES (4, 29, 543, 0, 0);
INSERT INTO `vtiger_profile2field` VALUES (4, 35, 544, 0, 0);
INSERT INTO `vtiger_profile2field` VALUES (4, 35, 545, 0, 0);
INSERT INTO `vtiger_profile2field` VALUES (4, 35, 546, 0, 0);
INSERT INTO `vtiger_profile2field` VALUES (4, 35, 547, 0, 0);
INSERT INTO `vtiger_profile2field` VALUES (4, 35, 548, 0, 0);
INSERT INTO `vtiger_profile2field` VALUES (4, 35, 549, 0, 0);
INSERT INTO `vtiger_profile2field` VALUES (4, 35, 550, 0, 0);
INSERT INTO `vtiger_profile2field` VALUES (4, 35, 551, 0, 0);
INSERT INTO `vtiger_profile2field` VALUES (4, 35, 552, 0, 0);
INSERT INTO `vtiger_profile2field` VALUES (4, 35, 553, 0, 0);
INSERT INTO `vtiger_profile2field` VALUES (4, 35, 554, 0, 0);
INSERT INTO `vtiger_profile2field` VALUES (4, 35, 555, 0, 0);
INSERT INTO `vtiger_profile2field` VALUES (4, 35, 556, 0, 0);
INSERT INTO `vtiger_profile2field` VALUES (4, 35, 557, 0, 0);
INSERT INTO `vtiger_profile2field` VALUES (4, 35, 558, 0, 0);
INSERT INTO `vtiger_profile2field` VALUES (4, 35, 559, 0, 0);
INSERT INTO `vtiger_profile2field` VALUES (4, 35, 560, 0, 0);
INSERT INTO `vtiger_profile2field` VALUES (4, 35, 561, 0, 0);
INSERT INTO `vtiger_profile2field` VALUES (4, 35, 562, 0, 0);
INSERT INTO `vtiger_profile2field` VALUES (4, 35, 563, 0, 0);
INSERT INTO `vtiger_profile2field` VALUES (4, 35, 564, 0, 0);
INSERT INTO `vtiger_profile2field` VALUES (4, 35, 565, 0, 0);
INSERT INTO `vtiger_profile2field` VALUES (4, 36, 566, 0, 0);
INSERT INTO `vtiger_profile2field` VALUES (4, 36, 567, 0, 0);
INSERT INTO `vtiger_profile2field` VALUES (4, 36, 568, 0, 0);
INSERT INTO `vtiger_profile2field` VALUES (4, 36, 569, 0, 0);
INSERT INTO `vtiger_profile2field` VALUES (4, 36, 570, 0, 0);
INSERT INTO `vtiger_profile2field` VALUES (4, 36, 571, 0, 0);
INSERT INTO `vtiger_profile2field` VALUES (4, 36, 572, 0, 0);
INSERT INTO `vtiger_profile2field` VALUES (4, 36, 573, 0, 0);
INSERT INTO `vtiger_profile2field` VALUES (4, 36, 574, 0, 0);
INSERT INTO `vtiger_profile2field` VALUES (4, 36, 575, 0, 0);
INSERT INTO `vtiger_profile2field` VALUES (4, 36, 576, 0, 0);
INSERT INTO `vtiger_profile2field` VALUES (4, 36, 577, 0, 0);
INSERT INTO `vtiger_profile2field` VALUES (4, 36, 578, 0, 0);
INSERT INTO `vtiger_profile2field` VALUES (4, 36, 579, 0, 0);
INSERT INTO `vtiger_profile2field` VALUES (4, 36, 580, 0, 0);
INSERT INTO `vtiger_profile2field` VALUES (4, 36, 581, 0, 0);
INSERT INTO `vtiger_profile2field` VALUES (4, 36, 582, 0, 0);
INSERT INTO `vtiger_profile2field` VALUES (4, 36, 583, 0, 0);
INSERT INTO `vtiger_profile2field` VALUES (4, 36, 584, 0, 0);
INSERT INTO `vtiger_profile2field` VALUES (4, 36, 585, 0, 0);
INSERT INTO `vtiger_profile2field` VALUES (4, 36, 586, 0, 0);
INSERT INTO `vtiger_profile2field` VALUES (4, 36, 587, 0, 0);
INSERT INTO `vtiger_profile2field` VALUES (4, 38, 588, 0, 0);
INSERT INTO `vtiger_profile2field` VALUES (4, 38, 589, 0, 0);
INSERT INTO `vtiger_profile2field` VALUES (4, 38, 590, 0, 0);
INSERT INTO `vtiger_profile2field` VALUES (4, 38, 591, 0, 0);
INSERT INTO `vtiger_profile2field` VALUES (4, 38, 592, 0, 0);
INSERT INTO `vtiger_profile2field` VALUES (4, 38, 593, 0, 0);
INSERT INTO `vtiger_profile2field` VALUES (4, 38, 594, 0, 0);
INSERT INTO `vtiger_profile2field` VALUES (4, 38, 595, 0, 0);
INSERT INTO `vtiger_profile2field` VALUES (4, 38, 596, 0, 0);
INSERT INTO `vtiger_profile2field` VALUES (4, 38, 597, 0, 0);
INSERT INTO `vtiger_profile2field` VALUES (4, 38, 598, 0, 0);
INSERT INTO `vtiger_profile2field` VALUES (4, 38, 599, 0, 0);
INSERT INTO `vtiger_profile2field` VALUES (4, 38, 600, 0, 0);
INSERT INTO `vtiger_profile2field` VALUES (4, 38, 601, 0, 0);
INSERT INTO `vtiger_profile2field` VALUES (4, 38, 602, 0, 0);
INSERT INTO `vtiger_profile2field` VALUES (4, 38, 603, 0, 0);
INSERT INTO `vtiger_profile2field` VALUES (4, 38, 604, 0, 0);
INSERT INTO `vtiger_profile2field` VALUES (4, 38, 605, 0, 0);
INSERT INTO `vtiger_profile2field` VALUES (4, 38, 606, 0, 0);
INSERT INTO `vtiger_profile2field` VALUES (4, 38, 607, 0, 0);
INSERT INTO `vtiger_profile2field` VALUES (4, 38, 608, 0, 0);
INSERT INTO `vtiger_profile2field` VALUES (4, 42, 609, 0, 0);
INSERT INTO `vtiger_profile2field` VALUES (4, 42, 610, 0, 0);
INSERT INTO `vtiger_profile2field` VALUES (4, 42, 611, 0, 0);
INSERT INTO `vtiger_profile2field` VALUES (4, 42, 612, 0, 0);
INSERT INTO `vtiger_profile2field` VALUES (4, 42, 613, 0, 0);
INSERT INTO `vtiger_profile2field` VALUES (4, 42, 614, 0, 0);
INSERT INTO `vtiger_profile2field` VALUES (4, 42, 615, 0, 0);
INSERT INTO `vtiger_profile2field` VALUES (4, 42, 616, 0, 0);
INSERT INTO `vtiger_profile2field` VALUES (4, 43, 617, 0, 0);
INSERT INTO `vtiger_profile2field` VALUES (4, 43, 618, 0, 0);
INSERT INTO `vtiger_profile2field` VALUES (4, 43, 619, 0, 0);
INSERT INTO `vtiger_profile2field` VALUES (4, 43, 620, 0, 0);
INSERT INTO `vtiger_profile2field` VALUES (4, 43, 621, 0, 0);
INSERT INTO `vtiger_profile2field` VALUES (4, 43, 622, 0, 0);
INSERT INTO `vtiger_profile2field` VALUES (4, 43, 623, 0, 0);
INSERT INTO `vtiger_profile2field` VALUES (4, 43, 624, 0, 0);
INSERT INTO `vtiger_profile2field` VALUES (4, 43, 625, 0, 0);
INSERT INTO `vtiger_profile2field` VALUES (4, 43, 626, 0, 0);
INSERT INTO `vtiger_profile2field` VALUES (4, 43, 627, 0, 0);
INSERT INTO `vtiger_profile2field` VALUES (4, 43, 628, 0, 0);
INSERT INTO `vtiger_profile2field` VALUES (4, 43, 629, 0, 0);
INSERT INTO `vtiger_profile2field` VALUES (4, 44, 630, 0, 0);
INSERT INTO `vtiger_profile2field` VALUES (4, 44, 631, 0, 0);
INSERT INTO `vtiger_profile2field` VALUES (4, 44, 632, 0, 0);
INSERT INTO `vtiger_profile2field` VALUES (4, 44, 633, 0, 0);
INSERT INTO `vtiger_profile2field` VALUES (4, 44, 634, 0, 0);
INSERT INTO `vtiger_profile2field` VALUES (4, 44, 635, 0, 0);
INSERT INTO `vtiger_profile2field` VALUES (4, 44, 636, 0, 0);
INSERT INTO `vtiger_profile2field` VALUES (4, 44, 637, 0, 0);
INSERT INTO `vtiger_profile2field` VALUES (4, 44, 638, 0, 0);
INSERT INTO `vtiger_profile2field` VALUES (4, 44, 639, 0, 0);
INSERT INTO `vtiger_profile2field` VALUES (4, 44, 640, 0, 0);
INSERT INTO `vtiger_profile2field` VALUES (4, 44, 641, 0, 0);
INSERT INTO `vtiger_profile2field` VALUES (4, 44, 642, 0, 0);
INSERT INTO `vtiger_profile2field` VALUES (4, 44, 643, 0, 0);
INSERT INTO `vtiger_profile2field` VALUES (4, 44, 644, 0, 0);
INSERT INTO `vtiger_profile2field` VALUES (4, 44, 645, 0, 0);
INSERT INTO `vtiger_profile2field` VALUES (4, 44, 646, 0, 0);
INSERT INTO `vtiger_profile2field` VALUES (4, 44, 647, 0, 0);
INSERT INTO `vtiger_profile2field` VALUES (4, 45, 648, 0, 0);
INSERT INTO `vtiger_profile2field` VALUES (4, 45, 649, 0, 0);
INSERT INTO `vtiger_profile2field` VALUES (4, 45, 650, 0, 0);
INSERT INTO `vtiger_profile2field` VALUES (4, 45, 651, 0, 0);
INSERT INTO `vtiger_profile2field` VALUES (4, 45, 652, 0, 0);
INSERT INTO `vtiger_profile2field` VALUES (4, 45, 653, 0, 0);
INSERT INTO `vtiger_profile2field` VALUES (4, 45, 654, 0, 0);
INSERT INTO `vtiger_profile2field` VALUES (4, 45, 655, 0, 0);
INSERT INTO `vtiger_profile2field` VALUES (4, 45, 656, 0, 0);
INSERT INTO `vtiger_profile2field` VALUES (4, 45, 657, 0, 0);
INSERT INTO `vtiger_profile2field` VALUES (4, 45, 658, 0, 0);
INSERT INTO `vtiger_profile2field` VALUES (4, 45, 659, 0, 0);
INSERT INTO `vtiger_profile2field` VALUES (4, 45, 660, 0, 0);
INSERT INTO `vtiger_profile2field` VALUES (4, 45, 661, 0, 0);
INSERT INTO `vtiger_profile2field` VALUES (4, 45, 662, 0, 0);
INSERT INTO `vtiger_profile2field` VALUES (4, 45, 663, 0, 0);
INSERT INTO `vtiger_profile2field` VALUES (4, 45, 664, 0, 0);
INSERT INTO `vtiger_profile2field` VALUES (4, 45, 665, 0, 0);
INSERT INTO `vtiger_profile2field` VALUES (4, 45, 666, 0, 0);
INSERT INTO `vtiger_profile2field` VALUES (4, 45, 667, 0, 0);
INSERT INTO `vtiger_profile2field` VALUES (4, 47, 668, 0, 0);
INSERT INTO `vtiger_profile2field` VALUES (4, 47, 669, 0, 0);
INSERT INTO `vtiger_profile2field` VALUES (4, 47, 670, 0, 0);
INSERT INTO `vtiger_profile2field` VALUES (4, 47, 671, 0, 0);
INSERT INTO `vtiger_profile2field` VALUES (4, 47, 672, 0, 0);
INSERT INTO `vtiger_profile2field` VALUES (4, 47, 673, 0, 0);
INSERT INTO `vtiger_profile2field` VALUES (4, 2, 674, 0, 0);
INSERT INTO `vtiger_profile2field` VALUES (4, 29, 675, 0, 0);
INSERT INTO `vtiger_profile2field` VALUES (4, 23, 676, 0, 0);
INSERT INTO `vtiger_profile2field` VALUES (4, 23, 677, 0, 0);
INSERT INTO `vtiger_profile2field` VALUES (4, 23, 678, 0, 0);
INSERT INTO `vtiger_profile2field` VALUES (4, 23, 679, 0, 0);
INSERT INTO `vtiger_profile2field` VALUES (4, 23, 680, 0, 0);
INSERT INTO `vtiger_profile2field` VALUES (4, 23, 681, 0, 0);
INSERT INTO `vtiger_profile2field` VALUES (4, 23, 682, 0, 0);
INSERT INTO `vtiger_profile2field` VALUES (4, 23, 683, 0, 0);
INSERT INTO `vtiger_profile2field` VALUES (4, 23, 684, 0, 0);
INSERT INTO `vtiger_profile2field` VALUES (4, 22, 685, 0, 0);
INSERT INTO `vtiger_profile2field` VALUES (4, 22, 686, 0, 0);
INSERT INTO `vtiger_profile2field` VALUES (4, 22, 687, 0, 0);
INSERT INTO `vtiger_profile2field` VALUES (4, 22, 688, 0, 0);
INSERT INTO `vtiger_profile2field` VALUES (4, 22, 689, 0, 0);
INSERT INTO `vtiger_profile2field` VALUES (4, 22, 690, 0, 0);
INSERT INTO `vtiger_profile2field` VALUES (4, 22, 691, 0, 0);
INSERT INTO `vtiger_profile2field` VALUES (4, 22, 692, 0, 0);
INSERT INTO `vtiger_profile2field` VALUES (4, 22, 693, 0, 0);
INSERT INTO `vtiger_profile2field` VALUES (4, 21, 694, 0, 0);
INSERT INTO `vtiger_profile2field` VALUES (4, 21, 695, 0, 0);
INSERT INTO `vtiger_profile2field` VALUES (4, 21, 696, 0, 0);
INSERT INTO `vtiger_profile2field` VALUES (4, 21, 697, 0, 0);
INSERT INTO `vtiger_profile2field` VALUES (4, 21, 698, 0, 0);
INSERT INTO `vtiger_profile2field` VALUES (4, 21, 699, 0, 0);
INSERT INTO `vtiger_profile2field` VALUES (4, 21, 700, 0, 0);
INSERT INTO `vtiger_profile2field` VALUES (4, 21, 701, 0, 0);
INSERT INTO `vtiger_profile2field` VALUES (4, 21, 702, 0, 0);
INSERT INTO `vtiger_profile2field` VALUES (4, 20, 703, 0, 0);
INSERT INTO `vtiger_profile2field` VALUES (4, 20, 704, 0, 0);
INSERT INTO `vtiger_profile2field` VALUES (4, 20, 705, 0, 0);
INSERT INTO `vtiger_profile2field` VALUES (4, 20, 706, 0, 0);
INSERT INTO `vtiger_profile2field` VALUES (4, 20, 707, 0, 0);
INSERT INTO `vtiger_profile2field` VALUES (4, 20, 708, 0, 0);
INSERT INTO `vtiger_profile2field` VALUES (4, 20, 709, 0, 0);
INSERT INTO `vtiger_profile2field` VALUES (4, 20, 710, 0, 0);
INSERT INTO `vtiger_profile2field` VALUES (4, 20, 711, 0, 0);
INSERT INTO `vtiger_profile2field` VALUES (4, 29, 712, 0, 0);
INSERT INTO `vtiger_profile2field` VALUES (4, 44, 713, 0, 0);
INSERT INTO `vtiger_profile2field` VALUES (4, 42, 714, 0, 0);
INSERT INTO `vtiger_profile2field` VALUES (4, 29, 715, 0, 0);
INSERT INTO `vtiger_profile2field` VALUES (4, 29, 716, 0, 0);
INSERT INTO `vtiger_profile2field` VALUES (4, 29, 717, 0, 0);
INSERT INTO `vtiger_profile2field` VALUES (4, 23, 718, 0, 0);
INSERT INTO `vtiger_profile2field` VALUES (4, 22, 719, 0, 0);
INSERT INTO `vtiger_profile2field` VALUES (4, 21, 720, 0, 0);
INSERT INTO `vtiger_profile2field` VALUES (4, 20, 721, 0, 0);
INSERT INTO `vtiger_profile2field` VALUES (4, 29, 722, 0, 0);
INSERT INTO `vtiger_profile2field` VALUES (4, 6, 723, 0, 0);
INSERT INTO `vtiger_profile2field` VALUES (4, 4, 724, 0, 0);
INSERT INTO `vtiger_profile2field` VALUES (4, 2, 725, 0, 0);
INSERT INTO `vtiger_profile2field` VALUES (4, 29, 726, 0, 0);
INSERT INTO `vtiger_profile2field` VALUES (4, 23, 727, 0, 0);
INSERT INTO `vtiger_profile2field` VALUES (4, 23, 728, 0, 0);
INSERT INTO `vtiger_profile2field` VALUES (4, 21, 729, 0, 0);
INSERT INTO `vtiger_profile2field` VALUES (4, 21, 730, 0, 0);
INSERT INTO `vtiger_profile2field` VALUES (4, 18, 731, 0, 0);
INSERT INTO `vtiger_profile2field` VALUES (4, 7, 732, 0, 0);
INSERT INTO `vtiger_profile2field` VALUES (4, 42, 733, 0, 0);
INSERT INTO `vtiger_profile2field` VALUES (4, 42, 734, 0, 0);
INSERT INTO `vtiger_profile2field` VALUES (4, 23, 735, 0, 0);
INSERT INTO `vtiger_profile2field` VALUES (4, 20, 736, 0, 0);
INSERT INTO `vtiger_profile2field` VALUES (4, 21, 737, 0, 0);
INSERT INTO `vtiger_profile2field` VALUES (4, 22, 738, 0, 0);
INSERT INTO `vtiger_profile2field` VALUES (4, 29, 739, 0, 0);
INSERT INTO `vtiger_profile2field` VALUES (4, 2, 740, 0, 0);
INSERT INTO `vtiger_profile2field` VALUES (4, 13, 741, 0, 0);
INSERT INTO `vtiger_profile2field` VALUES (4, 29, 742, 0, 0);
INSERT INTO `vtiger_profile2field` VALUES (4, 29, 743, 0, 0);
INSERT INTO `vtiger_profile2field` VALUES (4, 29, 744, 0, 0);
INSERT INTO `vtiger_profile2field` VALUES (4, 29, 745, 0, 0);
INSERT INTO `vtiger_profile2field` VALUES (4, 14, 772, 0, 0);
INSERT INTO `vtiger_profile2field` VALUES (4, 36, 773, 0, 0);
INSERT INTO `vtiger_profile2field` VALUES (4, 23, 774, 0, 0);
INSERT INTO `vtiger_profile2field` VALUES (4, 29, 775, 0, 0);
INSERT INTO `vtiger_profile2field` VALUES (4, 23, 776, 0, 0);
INSERT INTO `vtiger_profile2field` VALUES (4, 23, 777, 0, 0);
INSERT INTO `vtiger_profile2field` VALUES (4, 23, 778, 0, 0);
INSERT INTO `vtiger_profile2field` VALUES (4, 20, 779, 0, 0);
INSERT INTO `vtiger_profile2field` VALUES (4, 20, 780, 0, 0);
INSERT INTO `vtiger_profile2field` VALUES (4, 20, 781, 0, 0);
INSERT INTO `vtiger_profile2field` VALUES (4, 21, 782, 0, 0);
INSERT INTO `vtiger_profile2field` VALUES (4, 22, 783, 0, 0);
INSERT INTO `vtiger_profile2field` VALUES (4, 22, 784, 0, 0);
INSERT INTO `vtiger_profile2field` VALUES (4, 22, 785, 0, 0);
INSERT INTO `vtiger_profile2field` VALUES (4, 42, 786, 0, 0);
INSERT INTO `vtiger_profile2field` VALUES (4, 42, 787, 0, 0);
INSERT INTO `vtiger_profile2field` VALUES (4, 42, 788, 0, 0);
INSERT INTO `vtiger_profile2field` VALUES (4, 2, 789, 0, 0);
INSERT INTO `vtiger_profile2field` VALUES (4, 4, 790, 0, 0);
INSERT INTO `vtiger_profile2field` VALUES (4, 6, 791, 0, 0);
INSERT INTO `vtiger_profile2field` VALUES (4, 7, 792, 0, 0);
INSERT INTO `vtiger_profile2field` VALUES (4, 8, 793, 0, 0);
INSERT INTO `vtiger_profile2field` VALUES (4, 9, 794, 0, 0);
INSERT INTO `vtiger_profile2field` VALUES (4, 10, 795, 0, 0);
INSERT INTO `vtiger_profile2field` VALUES (4, 13, 796, 0, 0);
INSERT INTO `vtiger_profile2field` VALUES (4, 14, 797, 0, 0);
INSERT INTO `vtiger_profile2field` VALUES (4, 15, 798, 0, 0);
INSERT INTO `vtiger_profile2field` VALUES (4, 16, 799, 0, 0);
INSERT INTO `vtiger_profile2field` VALUES (4, 18, 800, 0, 0);
INSERT INTO `vtiger_profile2field` VALUES (4, 19, 801, 0, 0);
INSERT INTO `vtiger_profile2field` VALUES (4, 20, 802, 0, 0);
INSERT INTO `vtiger_profile2field` VALUES (4, 21, 803, 0, 0);
INSERT INTO `vtiger_profile2field` VALUES (4, 22, 804, 0, 0);
INSERT INTO `vtiger_profile2field` VALUES (4, 23, 805, 0, 0);
INSERT INTO `vtiger_profile2field` VALUES (4, 26, 806, 0, 0);
INSERT INTO `vtiger_profile2field` VALUES (4, 10, 807, 0, 0);
INSERT INTO `vtiger_profile2field` VALUES (4, 2, 808, 0, 0);
INSERT INTO `vtiger_profile2field` VALUES (4, 4, 809, 0, 0);
INSERT INTO `vtiger_profile2field` VALUES (4, 6, 810, 0, 0);
INSERT INTO `vtiger_profile2field` VALUES (4, 7, 811, 0, 0);
INSERT INTO `vtiger_profile2field` VALUES (4, 8, 812, 0, 0);
INSERT INTO `vtiger_profile2field` VALUES (4, 9, 813, 0, 0);
INSERT INTO `vtiger_profile2field` VALUES (4, 10, 814, 0, 0);
INSERT INTO `vtiger_profile2field` VALUES (4, 13, 815, 0, 0);
INSERT INTO `vtiger_profile2field` VALUES (4, 14, 816, 0, 0);
INSERT INTO `vtiger_profile2field` VALUES (4, 15, 817, 0, 0);
INSERT INTO `vtiger_profile2field` VALUES (4, 16, 818, 0, 0);
INSERT INTO `vtiger_profile2field` VALUES (4, 18, 819, 0, 0);
INSERT INTO `vtiger_profile2field` VALUES (4, 19, 820, 0, 0);
INSERT INTO `vtiger_profile2field` VALUES (4, 20, 821, 0, 0);
INSERT INTO `vtiger_profile2field` VALUES (4, 21, 822, 0, 0);
INSERT INTO `vtiger_profile2field` VALUES (4, 22, 823, 0, 0);
INSERT INTO `vtiger_profile2field` VALUES (4, 23, 824, 0, 0);
INSERT INTO `vtiger_profile2field` VALUES (4, 26, 825, 0, 0);
INSERT INTO `vtiger_profile2field` VALUES (4, 2, 826, 0, 0);
INSERT INTO `vtiger_profile2field` VALUES (4, 4, 827, 0, 0);
INSERT INTO `vtiger_profile2field` VALUES (4, 6, 828, 0, 0);
INSERT INTO `vtiger_profile2field` VALUES (4, 7, 829, 0, 0);
INSERT INTO `vtiger_profile2field` VALUES (4, 8, 830, 0, 0);
INSERT INTO `vtiger_profile2field` VALUES (4, 9, 831, 0, 0);
INSERT INTO `vtiger_profile2field` VALUES (4, 10, 832, 0, 0);
INSERT INTO `vtiger_profile2field` VALUES (4, 13, 833, 0, 0);
INSERT INTO `vtiger_profile2field` VALUES (4, 14, 834, 0, 0);
INSERT INTO `vtiger_profile2field` VALUES (4, 15, 835, 0, 0);
INSERT INTO `vtiger_profile2field` VALUES (4, 16, 836, 0, 0);
INSERT INTO `vtiger_profile2field` VALUES (4, 18, 837, 0, 0);
INSERT INTO `vtiger_profile2field` VALUES (4, 19, 838, 0, 0);
INSERT INTO `vtiger_profile2field` VALUES (4, 20, 839, 0, 0);
INSERT INTO `vtiger_profile2field` VALUES (4, 21, 840, 0, 0);
INSERT INTO `vtiger_profile2field` VALUES (4, 22, 841, 0, 0);
INSERT INTO `vtiger_profile2field` VALUES (4, 23, 842, 0, 0);
INSERT INTO `vtiger_profile2field` VALUES (4, 26, 843, 0, 0);
INSERT INTO `vtiger_profile2field` VALUES (4, 20, 844, 0, 0);
INSERT INTO `vtiger_profile2field` VALUES (4, 21, 845, 0, 0);
INSERT INTO `vtiger_profile2field` VALUES (4, 22, 846, 0, 0);
INSERT INTO `vtiger_profile2field` VALUES (4, 23, 847, 0, 0);
INSERT INTO `vtiger_profile2field` VALUES (4, 45, 848, 0, 0);
INSERT INTO `vtiger_profile2field` VALUES (4, 45, 849, 0, 0);
INSERT INTO `vtiger_profile2field` VALUES (4, 29, 850, 0, 0);
INSERT INTO `vtiger_profile2field` VALUES (4, 22, 851, 0, 0);
INSERT INTO `vtiger_profile2field` VALUES (4, 29, 852, 0, 0);

-- ----------------------------
-- Table structure for vtiger_profile2globalpermissions
-- ----------------------------
DROP TABLE IF EXISTS `vtiger_profile2globalpermissions`;
CREATE TABLE `vtiger_profile2globalpermissions`  (
  `profileid` int NOT NULL,
  `globalactionid` int NOT NULL,
  `globalactionpermission` int NULL DEFAULT NULL,
  PRIMARY KEY (`profileid`, `globalactionid`) USING BTREE,
  INDEX `idx_profile2globalpermissions`(`profileid` ASC, `globalactionid` ASC) USING BTREE,
  CONSTRAINT `fk_1_vtiger_profile2globalpermissions` FOREIGN KEY (`profileid`) REFERENCES `vtiger_profile` (`profileid`) ON DELETE CASCADE ON UPDATE RESTRICT
) ENGINE = InnoDB CHARACTER SET = utf8mb3 COLLATE = utf8mb3_general_ci ROW_FORMAT = Dynamic;

-- ----------------------------
-- Records of vtiger_profile2globalpermissions
-- ----------------------------
INSERT INTO `vtiger_profile2globalpermissions` VALUES (1, 1, 0);
INSERT INTO `vtiger_profile2globalpermissions` VALUES (1, 2, 0);
INSERT INTO `vtiger_profile2globalpermissions` VALUES (2, 1, 1);
INSERT INTO `vtiger_profile2globalpermissions` VALUES (2, 2, 1);
INSERT INTO `vtiger_profile2globalpermissions` VALUES (3, 1, 1);
INSERT INTO `vtiger_profile2globalpermissions` VALUES (3, 2, 1);
INSERT INTO `vtiger_profile2globalpermissions` VALUES (4, 1, 1);
INSERT INTO `vtiger_profile2globalpermissions` VALUES (4, 2, 1);

-- ----------------------------
-- Table structure for vtiger_profile2standardpermissions
-- ----------------------------
DROP TABLE IF EXISTS `vtiger_profile2standardpermissions`;
CREATE TABLE `vtiger_profile2standardpermissions`  (
  `profileid` int NOT NULL,
  `tabid` int NOT NULL,
  `operation` int NOT NULL,
  `permissions` int NULL DEFAULT NULL,
  PRIMARY KEY (`profileid`, `tabid`, `operation`) USING BTREE,
  INDEX `profile2standardpermissions_profileid_tabid_operation_idx`(`profileid` ASC, `tabid` ASC, `operation` ASC) USING BTREE
) ENGINE = InnoDB CHARACTER SET = utf8mb3 COLLATE = utf8mb3_general_ci ROW_FORMAT = Dynamic;

-- ----------------------------
-- Records of vtiger_profile2standardpermissions
-- ----------------------------
INSERT INTO `vtiger_profile2standardpermissions` VALUES (1, 2, 0, 0);
INSERT INTO `vtiger_profile2standardpermissions` VALUES (1, 2, 1, 0);
INSERT INTO `vtiger_profile2standardpermissions` VALUES (1, 2, 2, 0);
INSERT INTO `vtiger_profile2standardpermissions` VALUES (1, 2, 3, 0);
INSERT INTO `vtiger_profile2standardpermissions` VALUES (1, 2, 4, 0);
INSERT INTO `vtiger_profile2standardpermissions` VALUES (1, 2, 7, 0);
INSERT INTO `vtiger_profile2standardpermissions` VALUES (1, 4, 0, 0);
INSERT INTO `vtiger_profile2standardpermissions` VALUES (1, 4, 1, 0);
INSERT INTO `vtiger_profile2standardpermissions` VALUES (1, 4, 2, 0);
INSERT INTO `vtiger_profile2standardpermissions` VALUES (1, 4, 3, 0);
INSERT INTO `vtiger_profile2standardpermissions` VALUES (1, 4, 4, 0);
INSERT INTO `vtiger_profile2standardpermissions` VALUES (1, 4, 7, 0);
INSERT INTO `vtiger_profile2standardpermissions` VALUES (1, 6, 0, 0);
INSERT INTO `vtiger_profile2standardpermissions` VALUES (1, 6, 1, 0);
INSERT INTO `vtiger_profile2standardpermissions` VALUES (1, 6, 2, 0);
INSERT INTO `vtiger_profile2standardpermissions` VALUES (1, 6, 3, 0);
INSERT INTO `vtiger_profile2standardpermissions` VALUES (1, 6, 4, 0);
INSERT INTO `vtiger_profile2standardpermissions` VALUES (1, 6, 7, 0);
INSERT INTO `vtiger_profile2standardpermissions` VALUES (1, 7, 0, 0);
INSERT INTO `vtiger_profile2standardpermissions` VALUES (1, 7, 1, 0);
INSERT INTO `vtiger_profile2standardpermissions` VALUES (1, 7, 2, 0);
INSERT INTO `vtiger_profile2standardpermissions` VALUES (1, 7, 3, 0);
INSERT INTO `vtiger_profile2standardpermissions` VALUES (1, 7, 4, 0);
INSERT INTO `vtiger_profile2standardpermissions` VALUES (1, 7, 7, 0);
INSERT INTO `vtiger_profile2standardpermissions` VALUES (1, 8, 0, 0);
INSERT INTO `vtiger_profile2standardpermissions` VALUES (1, 8, 1, 0);
INSERT INTO `vtiger_profile2standardpermissions` VALUES (1, 8, 2, 0);
INSERT INTO `vtiger_profile2standardpermissions` VALUES (1, 8, 3, 0);
INSERT INTO `vtiger_profile2standardpermissions` VALUES (1, 8, 4, 0);
INSERT INTO `vtiger_profile2standardpermissions` VALUES (1, 8, 7, 0);
INSERT INTO `vtiger_profile2standardpermissions` VALUES (1, 9, 0, 0);
INSERT INTO `vtiger_profile2standardpermissions` VALUES (1, 9, 1, 0);
INSERT INTO `vtiger_profile2standardpermissions` VALUES (1, 9, 2, 0);
INSERT INTO `vtiger_profile2standardpermissions` VALUES (1, 9, 3, 0);
INSERT INTO `vtiger_profile2standardpermissions` VALUES (1, 9, 4, 0);
INSERT INTO `vtiger_profile2standardpermissions` VALUES (1, 9, 7, 0);
INSERT INTO `vtiger_profile2standardpermissions` VALUES (1, 10, 0, 0);
INSERT INTO `vtiger_profile2standardpermissions` VALUES (1, 10, 1, 0);
INSERT INTO `vtiger_profile2standardpermissions` VALUES (1, 10, 2, 0);
INSERT INTO `vtiger_profile2standardpermissions` VALUES (1, 10, 4, 0);
INSERT INTO `vtiger_profile2standardpermissions` VALUES (1, 13, 0, 0);
INSERT INTO `vtiger_profile2standardpermissions` VALUES (1, 13, 1, 0);
INSERT INTO `vtiger_profile2standardpermissions` VALUES (1, 13, 2, 0);
INSERT INTO `vtiger_profile2standardpermissions` VALUES (1, 13, 3, 0);
INSERT INTO `vtiger_profile2standardpermissions` VALUES (1, 13, 4, 0);
INSERT INTO `vtiger_profile2standardpermissions` VALUES (1, 13, 7, 0);
INSERT INTO `vtiger_profile2standardpermissions` VALUES (1, 14, 0, 0);
INSERT INTO `vtiger_profile2standardpermissions` VALUES (1, 14, 1, 0);
INSERT INTO `vtiger_profile2standardpermissions` VALUES (1, 14, 2, 0);
INSERT INTO `vtiger_profile2standardpermissions` VALUES (1, 14, 3, 0);
INSERT INTO `vtiger_profile2standardpermissions` VALUES (1, 14, 4, 0);
INSERT INTO `vtiger_profile2standardpermissions` VALUES (1, 14, 7, 0);
INSERT INTO `vtiger_profile2standardpermissions` VALUES (1, 15, 0, 0);
INSERT INTO `vtiger_profile2standardpermissions` VALUES (1, 15, 1, 0);
INSERT INTO `vtiger_profile2standardpermissions` VALUES (1, 15, 2, 0);
INSERT INTO `vtiger_profile2standardpermissions` VALUES (1, 15, 3, 0);
INSERT INTO `vtiger_profile2standardpermissions` VALUES (1, 15, 4, 0);
INSERT INTO `vtiger_profile2standardpermissions` VALUES (1, 15, 7, 0);
INSERT INTO `vtiger_profile2standardpermissions` VALUES (1, 16, 0, 0);
INSERT INTO `vtiger_profile2standardpermissions` VALUES (1, 16, 1, 0);
INSERT INTO `vtiger_profile2standardpermissions` VALUES (1, 16, 2, 0);
INSERT INTO `vtiger_profile2standardpermissions` VALUES (1, 16, 3, 0);
INSERT INTO `vtiger_profile2standardpermissions` VALUES (1, 16, 4, 0);
INSERT INTO `vtiger_profile2standardpermissions` VALUES (1, 16, 7, 0);
INSERT INTO `vtiger_profile2standardpermissions` VALUES (1, 18, 0, 0);
INSERT INTO `vtiger_profile2standardpermissions` VALUES (1, 18, 1, 0);
INSERT INTO `vtiger_profile2standardpermissions` VALUES (1, 18, 2, 0);
INSERT INTO `vtiger_profile2standardpermissions` VALUES (1, 18, 3, 0);
INSERT INTO `vtiger_profile2standardpermissions` VALUES (1, 18, 4, 0);
INSERT INTO `vtiger_profile2standardpermissions` VALUES (1, 18, 7, 0);
INSERT INTO `vtiger_profile2standardpermissions` VALUES (1, 19, 0, 0);
INSERT INTO `vtiger_profile2standardpermissions` VALUES (1, 19, 1, 0);
INSERT INTO `vtiger_profile2standardpermissions` VALUES (1, 19, 2, 0);
INSERT INTO `vtiger_profile2standardpermissions` VALUES (1, 19, 3, 0);
INSERT INTO `vtiger_profile2standardpermissions` VALUES (1, 19, 4, 0);
INSERT INTO `vtiger_profile2standardpermissions` VALUES (1, 19, 7, 0);
INSERT INTO `vtiger_profile2standardpermissions` VALUES (1, 20, 0, 0);
INSERT INTO `vtiger_profile2standardpermissions` VALUES (1, 20, 1, 0);
INSERT INTO `vtiger_profile2standardpermissions` VALUES (1, 20, 2, 0);
INSERT INTO `vtiger_profile2standardpermissions` VALUES (1, 20, 3, 0);
INSERT INTO `vtiger_profile2standardpermissions` VALUES (1, 20, 4, 0);
INSERT INTO `vtiger_profile2standardpermissions` VALUES (1, 20, 7, 0);
INSERT INTO `vtiger_profile2standardpermissions` VALUES (1, 21, 0, 0);
INSERT INTO `vtiger_profile2standardpermissions` VALUES (1, 21, 1, 0);
INSERT INTO `vtiger_profile2standardpermissions` VALUES (1, 21, 2, 0);
INSERT INTO `vtiger_profile2standardpermissions` VALUES (1, 21, 3, 0);
INSERT INTO `vtiger_profile2standardpermissions` VALUES (1, 21, 4, 0);
INSERT INTO `vtiger_profile2standardpermissions` VALUES (1, 21, 7, 0);
INSERT INTO `vtiger_profile2standardpermissions` VALUES (1, 22, 0, 0);
INSERT INTO `vtiger_profile2standardpermissions` VALUES (1, 22, 1, 0);
INSERT INTO `vtiger_profile2standardpermissions` VALUES (1, 22, 2, 0);
INSERT INTO `vtiger_profile2standardpermissions` VALUES (1, 22, 3, 0);
INSERT INTO `vtiger_profile2standardpermissions` VALUES (1, 22, 4, 0);
INSERT INTO `vtiger_profile2standardpermissions` VALUES (1, 22, 7, 0);
INSERT INTO `vtiger_profile2standardpermissions` VALUES (1, 23, 0, 0);
INSERT INTO `vtiger_profile2standardpermissions` VALUES (1, 23, 1, 0);
INSERT INTO `vtiger_profile2standardpermissions` VALUES (1, 23, 2, 0);
INSERT INTO `vtiger_profile2standardpermissions` VALUES (1, 23, 3, 0);
INSERT INTO `vtiger_profile2standardpermissions` VALUES (1, 23, 4, 0);
INSERT INTO `vtiger_profile2standardpermissions` VALUES (1, 23, 7, 0);
INSERT INTO `vtiger_profile2standardpermissions` VALUES (1, 25, 0, 1);
INSERT INTO `vtiger_profile2standardpermissions` VALUES (1, 25, 1, 1);
INSERT INTO `vtiger_profile2standardpermissions` VALUES (1, 25, 2, 1);
INSERT INTO `vtiger_profile2standardpermissions` VALUES (1, 25, 3, 0);
INSERT INTO `vtiger_profile2standardpermissions` VALUES (1, 25, 4, 0);
INSERT INTO `vtiger_profile2standardpermissions` VALUES (1, 25, 7, 1);
INSERT INTO `vtiger_profile2standardpermissions` VALUES (1, 26, 0, 0);
INSERT INTO `vtiger_profile2standardpermissions` VALUES (1, 26, 1, 0);
INSERT INTO `vtiger_profile2standardpermissions` VALUES (1, 26, 2, 0);
INSERT INTO `vtiger_profile2standardpermissions` VALUES (1, 26, 3, 0);
INSERT INTO `vtiger_profile2standardpermissions` VALUES (1, 26, 4, 0);
INSERT INTO `vtiger_profile2standardpermissions` VALUES (1, 26, 7, 0);
INSERT INTO `vtiger_profile2standardpermissions` VALUES (1, 34, 0, 0);
INSERT INTO `vtiger_profile2standardpermissions` VALUES (1, 34, 1, 0);
INSERT INTO `vtiger_profile2standardpermissions` VALUES (1, 34, 2, 0);
INSERT INTO `vtiger_profile2standardpermissions` VALUES (1, 34, 3, 0);
INSERT INTO `vtiger_profile2standardpermissions` VALUES (1, 34, 4, 0);
INSERT INTO `vtiger_profile2standardpermissions` VALUES (1, 34, 7, 0);
INSERT INTO `vtiger_profile2standardpermissions` VALUES (1, 35, 0, 0);
INSERT INTO `vtiger_profile2standardpermissions` VALUES (1, 35, 1, 0);
INSERT INTO `vtiger_profile2standardpermissions` VALUES (1, 35, 2, 0);
INSERT INTO `vtiger_profile2standardpermissions` VALUES (1, 35, 3, 0);
INSERT INTO `vtiger_profile2standardpermissions` VALUES (1, 35, 4, 0);
INSERT INTO `vtiger_profile2standardpermissions` VALUES (1, 35, 7, 0);
INSERT INTO `vtiger_profile2standardpermissions` VALUES (1, 36, 0, 0);
INSERT INTO `vtiger_profile2standardpermissions` VALUES (1, 36, 1, 0);
INSERT INTO `vtiger_profile2standardpermissions` VALUES (1, 36, 2, 0);
INSERT INTO `vtiger_profile2standardpermissions` VALUES (1, 36, 3, 0);
INSERT INTO `vtiger_profile2standardpermissions` VALUES (1, 36, 4, 0);
INSERT INTO `vtiger_profile2standardpermissions` VALUES (1, 36, 7, 0);
INSERT INTO `vtiger_profile2standardpermissions` VALUES (1, 38, 0, 0);
INSERT INTO `vtiger_profile2standardpermissions` VALUES (1, 38, 1, 0);
INSERT INTO `vtiger_profile2standardpermissions` VALUES (1, 38, 2, 0);
INSERT INTO `vtiger_profile2standardpermissions` VALUES (1, 38, 3, 0);
INSERT INTO `vtiger_profile2standardpermissions` VALUES (1, 38, 4, 0);
INSERT INTO `vtiger_profile2standardpermissions` VALUES (1, 38, 7, 0);
INSERT INTO `vtiger_profile2standardpermissions` VALUES (1, 42, 0, 0);
INSERT INTO `vtiger_profile2standardpermissions` VALUES (1, 42, 1, 0);
INSERT INTO `vtiger_profile2standardpermissions` VALUES (1, 42, 2, 0);
INSERT INTO `vtiger_profile2standardpermissions` VALUES (1, 42, 3, 0);
INSERT INTO `vtiger_profile2standardpermissions` VALUES (1, 42, 4, 0);
INSERT INTO `vtiger_profile2standardpermissions` VALUES (1, 42, 7, 0);
INSERT INTO `vtiger_profile2standardpermissions` VALUES (1, 43, 0, 0);
INSERT INTO `vtiger_profile2standardpermissions` VALUES (1, 43, 1, 0);
INSERT INTO `vtiger_profile2standardpermissions` VALUES (1, 43, 2, 0);
INSERT INTO `vtiger_profile2standardpermissions` VALUES (1, 43, 3, 0);
INSERT INTO `vtiger_profile2standardpermissions` VALUES (1, 43, 4, 0);
INSERT INTO `vtiger_profile2standardpermissions` VALUES (1, 43, 7, 0);
INSERT INTO `vtiger_profile2standardpermissions` VALUES (1, 44, 0, 0);
INSERT INTO `vtiger_profile2standardpermissions` VALUES (1, 44, 1, 0);
INSERT INTO `vtiger_profile2standardpermissions` VALUES (1, 44, 2, 0);
INSERT INTO `vtiger_profile2standardpermissions` VALUES (1, 44, 3, 0);
INSERT INTO `vtiger_profile2standardpermissions` VALUES (1, 44, 4, 0);
INSERT INTO `vtiger_profile2standardpermissions` VALUES (1, 44, 7, 0);
INSERT INTO `vtiger_profile2standardpermissions` VALUES (1, 45, 0, 0);
INSERT INTO `vtiger_profile2standardpermissions` VALUES (1, 45, 1, 0);
INSERT INTO `vtiger_profile2standardpermissions` VALUES (1, 45, 2, 0);
INSERT INTO `vtiger_profile2standardpermissions` VALUES (1, 45, 3, 0);
INSERT INTO `vtiger_profile2standardpermissions` VALUES (1, 45, 4, 0);
INSERT INTO `vtiger_profile2standardpermissions` VALUES (1, 45, 7, 0);
INSERT INTO `vtiger_profile2standardpermissions` VALUES (1, 47, 0, 0);
INSERT INTO `vtiger_profile2standardpermissions` VALUES (1, 47, 1, 0);
INSERT INTO `vtiger_profile2standardpermissions` VALUES (1, 47, 2, 0);
INSERT INTO `vtiger_profile2standardpermissions` VALUES (1, 47, 3, 0);
INSERT INTO `vtiger_profile2standardpermissions` VALUES (1, 47, 4, 0);
INSERT INTO `vtiger_profile2standardpermissions` VALUES (1, 47, 7, 0);
INSERT INTO `vtiger_profile2standardpermissions` VALUES (1, 50, 0, 0);
INSERT INTO `vtiger_profile2standardpermissions` VALUES (1, 50, 1, 0);
INSERT INTO `vtiger_profile2standardpermissions` VALUES (1, 50, 2, 0);
INSERT INTO `vtiger_profile2standardpermissions` VALUES (1, 50, 3, 0);
INSERT INTO `vtiger_profile2standardpermissions` VALUES (1, 50, 4, 0);
INSERT INTO `vtiger_profile2standardpermissions` VALUES (1, 50, 7, 0);
INSERT INTO `vtiger_profile2standardpermissions` VALUES (2, 2, 0, 0);
INSERT INTO `vtiger_profile2standardpermissions` VALUES (2, 2, 1, 0);
INSERT INTO `vtiger_profile2standardpermissions` VALUES (2, 2, 2, 0);
INSERT INTO `vtiger_profile2standardpermissions` VALUES (2, 2, 3, 0);
INSERT INTO `vtiger_profile2standardpermissions` VALUES (2, 2, 4, 0);
INSERT INTO `vtiger_profile2standardpermissions` VALUES (2, 2, 7, 0);
INSERT INTO `vtiger_profile2standardpermissions` VALUES (2, 4, 0, 0);
INSERT INTO `vtiger_profile2standardpermissions` VALUES (2, 4, 1, 0);
INSERT INTO `vtiger_profile2standardpermissions` VALUES (2, 4, 2, 0);
INSERT INTO `vtiger_profile2standardpermissions` VALUES (2, 4, 3, 0);
INSERT INTO `vtiger_profile2standardpermissions` VALUES (2, 4, 4, 0);
INSERT INTO `vtiger_profile2standardpermissions` VALUES (2, 4, 7, 0);
INSERT INTO `vtiger_profile2standardpermissions` VALUES (2, 6, 0, 0);
INSERT INTO `vtiger_profile2standardpermissions` VALUES (2, 6, 1, 0);
INSERT INTO `vtiger_profile2standardpermissions` VALUES (2, 6, 2, 0);
INSERT INTO `vtiger_profile2standardpermissions` VALUES (2, 6, 3, 0);
INSERT INTO `vtiger_profile2standardpermissions` VALUES (2, 6, 4, 0);
INSERT INTO `vtiger_profile2standardpermissions` VALUES (2, 6, 7, 0);
INSERT INTO `vtiger_profile2standardpermissions` VALUES (2, 7, 0, 0);
INSERT INTO `vtiger_profile2standardpermissions` VALUES (2, 7, 1, 0);
INSERT INTO `vtiger_profile2standardpermissions` VALUES (2, 7, 2, 0);
INSERT INTO `vtiger_profile2standardpermissions` VALUES (2, 7, 3, 0);
INSERT INTO `vtiger_profile2standardpermissions` VALUES (2, 7, 4, 0);
INSERT INTO `vtiger_profile2standardpermissions` VALUES (2, 7, 7, 0);
INSERT INTO `vtiger_profile2standardpermissions` VALUES (2, 8, 0, 0);
INSERT INTO `vtiger_profile2standardpermissions` VALUES (2, 8, 1, 0);
INSERT INTO `vtiger_profile2standardpermissions` VALUES (2, 8, 2, 0);
INSERT INTO `vtiger_profile2standardpermissions` VALUES (2, 8, 3, 0);
INSERT INTO `vtiger_profile2standardpermissions` VALUES (2, 8, 4, 0);
INSERT INTO `vtiger_profile2standardpermissions` VALUES (2, 8, 7, 0);
INSERT INTO `vtiger_profile2standardpermissions` VALUES (2, 9, 0, 0);
INSERT INTO `vtiger_profile2standardpermissions` VALUES (2, 9, 1, 0);
INSERT INTO `vtiger_profile2standardpermissions` VALUES (2, 9, 2, 0);
INSERT INTO `vtiger_profile2standardpermissions` VALUES (2, 9, 3, 0);
INSERT INTO `vtiger_profile2standardpermissions` VALUES (2, 9, 4, 0);
INSERT INTO `vtiger_profile2standardpermissions` VALUES (2, 9, 7, 0);
INSERT INTO `vtiger_profile2standardpermissions` VALUES (2, 10, 0, 0);
INSERT INTO `vtiger_profile2standardpermissions` VALUES (2, 10, 1, 0);
INSERT INTO `vtiger_profile2standardpermissions` VALUES (2, 10, 2, 0);
INSERT INTO `vtiger_profile2standardpermissions` VALUES (2, 10, 4, 0);
INSERT INTO `vtiger_profile2standardpermissions` VALUES (2, 13, 0, 1);
INSERT INTO `vtiger_profile2standardpermissions` VALUES (2, 13, 1, 1);
INSERT INTO `vtiger_profile2standardpermissions` VALUES (2, 13, 2, 1);
INSERT INTO `vtiger_profile2standardpermissions` VALUES (2, 13, 3, 0);
INSERT INTO `vtiger_profile2standardpermissions` VALUES (2, 13, 4, 0);
INSERT INTO `vtiger_profile2standardpermissions` VALUES (2, 13, 7, 1);
INSERT INTO `vtiger_profile2standardpermissions` VALUES (2, 14, 0, 0);
INSERT INTO `vtiger_profile2standardpermissions` VALUES (2, 14, 1, 0);
INSERT INTO `vtiger_profile2standardpermissions` VALUES (2, 14, 2, 0);
INSERT INTO `vtiger_profile2standardpermissions` VALUES (2, 14, 3, 0);
INSERT INTO `vtiger_profile2standardpermissions` VALUES (2, 14, 4, 0);
INSERT INTO `vtiger_profile2standardpermissions` VALUES (2, 14, 7, 0);
INSERT INTO `vtiger_profile2standardpermissions` VALUES (2, 15, 0, 0);
INSERT INTO `vtiger_profile2standardpermissions` VALUES (2, 15, 1, 0);
INSERT INTO `vtiger_profile2standardpermissions` VALUES (2, 15, 2, 0);
INSERT INTO `vtiger_profile2standardpermissions` VALUES (2, 15, 3, 0);
INSERT INTO `vtiger_profile2standardpermissions` VALUES (2, 15, 4, 0);
INSERT INTO `vtiger_profile2standardpermissions` VALUES (2, 15, 7, 0);
INSERT INTO `vtiger_profile2standardpermissions` VALUES (2, 16, 0, 0);
INSERT INTO `vtiger_profile2standardpermissions` VALUES (2, 16, 1, 0);
INSERT INTO `vtiger_profile2standardpermissions` VALUES (2, 16, 2, 0);
INSERT INTO `vtiger_profile2standardpermissions` VALUES (2, 16, 3, 0);
INSERT INTO `vtiger_profile2standardpermissions` VALUES (2, 16, 4, 0);
INSERT INTO `vtiger_profile2standardpermissions` VALUES (2, 16, 7, 0);
INSERT INTO `vtiger_profile2standardpermissions` VALUES (2, 18, 0, 0);
INSERT INTO `vtiger_profile2standardpermissions` VALUES (2, 18, 1, 0);
INSERT INTO `vtiger_profile2standardpermissions` VALUES (2, 18, 2, 0);
INSERT INTO `vtiger_profile2standardpermissions` VALUES (2, 18, 3, 0);
INSERT INTO `vtiger_profile2standardpermissions` VALUES (2, 18, 4, 0);
INSERT INTO `vtiger_profile2standardpermissions` VALUES (2, 18, 7, 0);
INSERT INTO `vtiger_profile2standardpermissions` VALUES (2, 19, 0, 0);
INSERT INTO `vtiger_profile2standardpermissions` VALUES (2, 19, 1, 0);
INSERT INTO `vtiger_profile2standardpermissions` VALUES (2, 19, 2, 0);
INSERT INTO `vtiger_profile2standardpermissions` VALUES (2, 19, 3, 0);
INSERT INTO `vtiger_profile2standardpermissions` VALUES (2, 19, 4, 0);
INSERT INTO `vtiger_profile2standardpermissions` VALUES (2, 19, 7, 0);
INSERT INTO `vtiger_profile2standardpermissions` VALUES (2, 20, 0, 0);
INSERT INTO `vtiger_profile2standardpermissions` VALUES (2, 20, 1, 0);
INSERT INTO `vtiger_profile2standardpermissions` VALUES (2, 20, 2, 0);
INSERT INTO `vtiger_profile2standardpermissions` VALUES (2, 20, 3, 0);
INSERT INTO `vtiger_profile2standardpermissions` VALUES (2, 20, 4, 0);
INSERT INTO `vtiger_profile2standardpermissions` VALUES (2, 20, 7, 0);
INSERT INTO `vtiger_profile2standardpermissions` VALUES (2, 21, 0, 0);
INSERT INTO `vtiger_profile2standardpermissions` VALUES (2, 21, 1, 0);
INSERT INTO `vtiger_profile2standardpermissions` VALUES (2, 21, 2, 0);
INSERT INTO `vtiger_profile2standardpermissions` VALUES (2, 21, 3, 0);
INSERT INTO `vtiger_profile2standardpermissions` VALUES (2, 21, 4, 0);
INSERT INTO `vtiger_profile2standardpermissions` VALUES (2, 21, 7, 0);
INSERT INTO `vtiger_profile2standardpermissions` VALUES (2, 22, 0, 0);
INSERT INTO `vtiger_profile2standardpermissions` VALUES (2, 22, 1, 0);
INSERT INTO `vtiger_profile2standardpermissions` VALUES (2, 22, 2, 0);
INSERT INTO `vtiger_profile2standardpermissions` VALUES (2, 22, 3, 0);
INSERT INTO `vtiger_profile2standardpermissions` VALUES (2, 22, 4, 0);
INSERT INTO `vtiger_profile2standardpermissions` VALUES (2, 22, 7, 0);
INSERT INTO `vtiger_profile2standardpermissions` VALUES (2, 23, 0, 0);
INSERT INTO `vtiger_profile2standardpermissions` VALUES (2, 23, 1, 0);
INSERT INTO `vtiger_profile2standardpermissions` VALUES (2, 23, 2, 0);
INSERT INTO `vtiger_profile2standardpermissions` VALUES (2, 23, 3, 0);
INSERT INTO `vtiger_profile2standardpermissions` VALUES (2, 23, 4, 0);
INSERT INTO `vtiger_profile2standardpermissions` VALUES (2, 23, 7, 0);
INSERT INTO `vtiger_profile2standardpermissions` VALUES (2, 25, 0, 1);
INSERT INTO `vtiger_profile2standardpermissions` VALUES (2, 25, 1, 1);
INSERT INTO `vtiger_profile2standardpermissions` VALUES (2, 25, 2, 1);
INSERT INTO `vtiger_profile2standardpermissions` VALUES (2, 25, 3, 0);
INSERT INTO `vtiger_profile2standardpermissions` VALUES (2, 25, 4, 0);
INSERT INTO `vtiger_profile2standardpermissions` VALUES (2, 25, 7, 1);
INSERT INTO `vtiger_profile2standardpermissions` VALUES (2, 26, 0, 0);
INSERT INTO `vtiger_profile2standardpermissions` VALUES (2, 26, 1, 0);
INSERT INTO `vtiger_profile2standardpermissions` VALUES (2, 26, 2, 0);
INSERT INTO `vtiger_profile2standardpermissions` VALUES (2, 26, 3, 0);
INSERT INTO `vtiger_profile2standardpermissions` VALUES (2, 26, 4, 0);
INSERT INTO `vtiger_profile2standardpermissions` VALUES (2, 26, 7, 0);
INSERT INTO `vtiger_profile2standardpermissions` VALUES (2, 34, 0, 0);
INSERT INTO `vtiger_profile2standardpermissions` VALUES (2, 34, 1, 0);
INSERT INTO `vtiger_profile2standardpermissions` VALUES (2, 34, 2, 0);
INSERT INTO `vtiger_profile2standardpermissions` VALUES (2, 34, 3, 0);
INSERT INTO `vtiger_profile2standardpermissions` VALUES (2, 34, 4, 0);
INSERT INTO `vtiger_profile2standardpermissions` VALUES (2, 34, 7, 0);
INSERT INTO `vtiger_profile2standardpermissions` VALUES (2, 35, 0, 0);
INSERT INTO `vtiger_profile2standardpermissions` VALUES (2, 35, 1, 0);
INSERT INTO `vtiger_profile2standardpermissions` VALUES (2, 35, 2, 0);
INSERT INTO `vtiger_profile2standardpermissions` VALUES (2, 35, 3, 0);
INSERT INTO `vtiger_profile2standardpermissions` VALUES (2, 35, 4, 0);
INSERT INTO `vtiger_profile2standardpermissions` VALUES (2, 35, 7, 0);
INSERT INTO `vtiger_profile2standardpermissions` VALUES (2, 36, 0, 0);
INSERT INTO `vtiger_profile2standardpermissions` VALUES (2, 36, 1, 0);
INSERT INTO `vtiger_profile2standardpermissions` VALUES (2, 36, 2, 0);
INSERT INTO `vtiger_profile2standardpermissions` VALUES (2, 36, 3, 0);
INSERT INTO `vtiger_profile2standardpermissions` VALUES (2, 36, 4, 0);
INSERT INTO `vtiger_profile2standardpermissions` VALUES (2, 36, 7, 0);
INSERT INTO `vtiger_profile2standardpermissions` VALUES (2, 38, 0, 0);
INSERT INTO `vtiger_profile2standardpermissions` VALUES (2, 38, 1, 0);
INSERT INTO `vtiger_profile2standardpermissions` VALUES (2, 38, 2, 0);
INSERT INTO `vtiger_profile2standardpermissions` VALUES (2, 38, 3, 0);
INSERT INTO `vtiger_profile2standardpermissions` VALUES (2, 38, 4, 0);
INSERT INTO `vtiger_profile2standardpermissions` VALUES (2, 38, 7, 0);
INSERT INTO `vtiger_profile2standardpermissions` VALUES (2, 42, 0, 0);
INSERT INTO `vtiger_profile2standardpermissions` VALUES (2, 42, 1, 0);
INSERT INTO `vtiger_profile2standardpermissions` VALUES (2, 42, 2, 0);
INSERT INTO `vtiger_profile2standardpermissions` VALUES (2, 42, 3, 0);
INSERT INTO `vtiger_profile2standardpermissions` VALUES (2, 42, 4, 0);
INSERT INTO `vtiger_profile2standardpermissions` VALUES (2, 42, 7, 0);
INSERT INTO `vtiger_profile2standardpermissions` VALUES (2, 43, 0, 0);
INSERT INTO `vtiger_profile2standardpermissions` VALUES (2, 43, 1, 0);
INSERT INTO `vtiger_profile2standardpermissions` VALUES (2, 43, 2, 0);
INSERT INTO `vtiger_profile2standardpermissions` VALUES (2, 43, 3, 0);
INSERT INTO `vtiger_profile2standardpermissions` VALUES (2, 43, 4, 0);
INSERT INTO `vtiger_profile2standardpermissions` VALUES (2, 43, 7, 0);
INSERT INTO `vtiger_profile2standardpermissions` VALUES (2, 44, 0, 0);
INSERT INTO `vtiger_profile2standardpermissions` VALUES (2, 44, 1, 0);
INSERT INTO `vtiger_profile2standardpermissions` VALUES (2, 44, 2, 0);
INSERT INTO `vtiger_profile2standardpermissions` VALUES (2, 44, 3, 0);
INSERT INTO `vtiger_profile2standardpermissions` VALUES (2, 44, 4, 0);
INSERT INTO `vtiger_profile2standardpermissions` VALUES (2, 44, 7, 0);
INSERT INTO `vtiger_profile2standardpermissions` VALUES (2, 45, 0, 0);
INSERT INTO `vtiger_profile2standardpermissions` VALUES (2, 45, 1, 0);
INSERT INTO `vtiger_profile2standardpermissions` VALUES (2, 45, 2, 0);
INSERT INTO `vtiger_profile2standardpermissions` VALUES (2, 45, 3, 0);
INSERT INTO `vtiger_profile2standardpermissions` VALUES (2, 45, 4, 0);
INSERT INTO `vtiger_profile2standardpermissions` VALUES (2, 45, 7, 0);
INSERT INTO `vtiger_profile2standardpermissions` VALUES (2, 47, 0, 0);
INSERT INTO `vtiger_profile2standardpermissions` VALUES (2, 47, 1, 0);
INSERT INTO `vtiger_profile2standardpermissions` VALUES (2, 47, 2, 0);
INSERT INTO `vtiger_profile2standardpermissions` VALUES (2, 47, 3, 0);
INSERT INTO `vtiger_profile2standardpermissions` VALUES (2, 47, 4, 0);
INSERT INTO `vtiger_profile2standardpermissions` VALUES (2, 47, 7, 0);
INSERT INTO `vtiger_profile2standardpermissions` VALUES (2, 50, 0, 0);
INSERT INTO `vtiger_profile2standardpermissions` VALUES (2, 50, 1, 0);
INSERT INTO `vtiger_profile2standardpermissions` VALUES (2, 50, 2, 0);
INSERT INTO `vtiger_profile2standardpermissions` VALUES (2, 50, 3, 0);
INSERT INTO `vtiger_profile2standardpermissions` VALUES (2, 50, 4, 0);
INSERT INTO `vtiger_profile2standardpermissions` VALUES (2, 50, 7, 0);
INSERT INTO `vtiger_profile2standardpermissions` VALUES (3, 2, 0, 1);
INSERT INTO `vtiger_profile2standardpermissions` VALUES (3, 2, 1, 1);
INSERT INTO `vtiger_profile2standardpermissions` VALUES (3, 2, 2, 1);
INSERT INTO `vtiger_profile2standardpermissions` VALUES (3, 2, 3, 0);
INSERT INTO `vtiger_profile2standardpermissions` VALUES (3, 2, 4, 0);
INSERT INTO `vtiger_profile2standardpermissions` VALUES (3, 2, 7, 1);
INSERT INTO `vtiger_profile2standardpermissions` VALUES (3, 4, 0, 0);
INSERT INTO `vtiger_profile2standardpermissions` VALUES (3, 4, 1, 0);
INSERT INTO `vtiger_profile2standardpermissions` VALUES (3, 4, 2, 0);
INSERT INTO `vtiger_profile2standardpermissions` VALUES (3, 4, 3, 0);
INSERT INTO `vtiger_profile2standardpermissions` VALUES (3, 4, 4, 0);
INSERT INTO `vtiger_profile2standardpermissions` VALUES (3, 4, 7, 0);
INSERT INTO `vtiger_profile2standardpermissions` VALUES (3, 6, 0, 0);
INSERT INTO `vtiger_profile2standardpermissions` VALUES (3, 6, 1, 0);
INSERT INTO `vtiger_profile2standardpermissions` VALUES (3, 6, 2, 0);
INSERT INTO `vtiger_profile2standardpermissions` VALUES (3, 6, 3, 0);
INSERT INTO `vtiger_profile2standardpermissions` VALUES (3, 6, 4, 0);
INSERT INTO `vtiger_profile2standardpermissions` VALUES (3, 6, 7, 0);
INSERT INTO `vtiger_profile2standardpermissions` VALUES (3, 7, 0, 0);
INSERT INTO `vtiger_profile2standardpermissions` VALUES (3, 7, 1, 0);
INSERT INTO `vtiger_profile2standardpermissions` VALUES (3, 7, 2, 0);
INSERT INTO `vtiger_profile2standardpermissions` VALUES (3, 7, 3, 0);
INSERT INTO `vtiger_profile2standardpermissions` VALUES (3, 7, 4, 0);
INSERT INTO `vtiger_profile2standardpermissions` VALUES (3, 7, 7, 0);
INSERT INTO `vtiger_profile2standardpermissions` VALUES (3, 8, 0, 0);
INSERT INTO `vtiger_profile2standardpermissions` VALUES (3, 8, 1, 0);
INSERT INTO `vtiger_profile2standardpermissions` VALUES (3, 8, 2, 0);
INSERT INTO `vtiger_profile2standardpermissions` VALUES (3, 8, 3, 0);
INSERT INTO `vtiger_profile2standardpermissions` VALUES (3, 8, 4, 0);
INSERT INTO `vtiger_profile2standardpermissions` VALUES (3, 8, 7, 0);
INSERT INTO `vtiger_profile2standardpermissions` VALUES (3, 9, 0, 0);
INSERT INTO `vtiger_profile2standardpermissions` VALUES (3, 9, 1, 0);
INSERT INTO `vtiger_profile2standardpermissions` VALUES (3, 9, 2, 0);
INSERT INTO `vtiger_profile2standardpermissions` VALUES (3, 9, 3, 0);
INSERT INTO `vtiger_profile2standardpermissions` VALUES (3, 9, 4, 0);
INSERT INTO `vtiger_profile2standardpermissions` VALUES (3, 9, 7, 0);
INSERT INTO `vtiger_profile2standardpermissions` VALUES (3, 10, 0, 0);
INSERT INTO `vtiger_profile2standardpermissions` VALUES (3, 10, 1, 0);
INSERT INTO `vtiger_profile2standardpermissions` VALUES (3, 10, 2, 0);
INSERT INTO `vtiger_profile2standardpermissions` VALUES (3, 10, 4, 0);
INSERT INTO `vtiger_profile2standardpermissions` VALUES (3, 13, 0, 0);
INSERT INTO `vtiger_profile2standardpermissions` VALUES (3, 13, 1, 0);
INSERT INTO `vtiger_profile2standardpermissions` VALUES (3, 13, 2, 0);
INSERT INTO `vtiger_profile2standardpermissions` VALUES (3, 13, 3, 0);
INSERT INTO `vtiger_profile2standardpermissions` VALUES (3, 13, 4, 0);
INSERT INTO `vtiger_profile2standardpermissions` VALUES (3, 13, 7, 0);
INSERT INTO `vtiger_profile2standardpermissions` VALUES (3, 14, 0, 0);
INSERT INTO `vtiger_profile2standardpermissions` VALUES (3, 14, 1, 0);
INSERT INTO `vtiger_profile2standardpermissions` VALUES (3, 14, 2, 0);
INSERT INTO `vtiger_profile2standardpermissions` VALUES (3, 14, 3, 0);
INSERT INTO `vtiger_profile2standardpermissions` VALUES (3, 14, 4, 0);
INSERT INTO `vtiger_profile2standardpermissions` VALUES (3, 14, 7, 0);
INSERT INTO `vtiger_profile2standardpermissions` VALUES (3, 15, 0, 0);
INSERT INTO `vtiger_profile2standardpermissions` VALUES (3, 15, 1, 0);
INSERT INTO `vtiger_profile2standardpermissions` VALUES (3, 15, 2, 0);
INSERT INTO `vtiger_profile2standardpermissions` VALUES (3, 15, 3, 0);
INSERT INTO `vtiger_profile2standardpermissions` VALUES (3, 15, 4, 0);
INSERT INTO `vtiger_profile2standardpermissions` VALUES (3, 15, 7, 0);
INSERT INTO `vtiger_profile2standardpermissions` VALUES (3, 16, 0, 0);
INSERT INTO `vtiger_profile2standardpermissions` VALUES (3, 16, 1, 0);
INSERT INTO `vtiger_profile2standardpermissions` VALUES (3, 16, 2, 0);
INSERT INTO `vtiger_profile2standardpermissions` VALUES (3, 16, 3, 0);
INSERT INTO `vtiger_profile2standardpermissions` VALUES (3, 16, 4, 0);
INSERT INTO `vtiger_profile2standardpermissions` VALUES (3, 16, 7, 0);
INSERT INTO `vtiger_profile2standardpermissions` VALUES (3, 18, 0, 0);
INSERT INTO `vtiger_profile2standardpermissions` VALUES (3, 18, 1, 0);
INSERT INTO `vtiger_profile2standardpermissions` VALUES (3, 18, 2, 0);
INSERT INTO `vtiger_profile2standardpermissions` VALUES (3, 18, 3, 0);
INSERT INTO `vtiger_profile2standardpermissions` VALUES (3, 18, 4, 0);
INSERT INTO `vtiger_profile2standardpermissions` VALUES (3, 18, 7, 0);
INSERT INTO `vtiger_profile2standardpermissions` VALUES (3, 19, 0, 0);
INSERT INTO `vtiger_profile2standardpermissions` VALUES (3, 19, 1, 0);
INSERT INTO `vtiger_profile2standardpermissions` VALUES (3, 19, 2, 0);
INSERT INTO `vtiger_profile2standardpermissions` VALUES (3, 19, 3, 0);
INSERT INTO `vtiger_profile2standardpermissions` VALUES (3, 19, 4, 0);
INSERT INTO `vtiger_profile2standardpermissions` VALUES (3, 19, 7, 0);
INSERT INTO `vtiger_profile2standardpermissions` VALUES (3, 20, 0, 0);
INSERT INTO `vtiger_profile2standardpermissions` VALUES (3, 20, 1, 0);
INSERT INTO `vtiger_profile2standardpermissions` VALUES (3, 20, 2, 0);
INSERT INTO `vtiger_profile2standardpermissions` VALUES (3, 20, 3, 0);
INSERT INTO `vtiger_profile2standardpermissions` VALUES (3, 20, 4, 0);
INSERT INTO `vtiger_profile2standardpermissions` VALUES (3, 20, 7, 0);
INSERT INTO `vtiger_profile2standardpermissions` VALUES (3, 21, 0, 0);
INSERT INTO `vtiger_profile2standardpermissions` VALUES (3, 21, 1, 0);
INSERT INTO `vtiger_profile2standardpermissions` VALUES (3, 21, 2, 0);
INSERT INTO `vtiger_profile2standardpermissions` VALUES (3, 21, 3, 0);
INSERT INTO `vtiger_profile2standardpermissions` VALUES (3, 21, 4, 0);
INSERT INTO `vtiger_profile2standardpermissions` VALUES (3, 21, 7, 0);
INSERT INTO `vtiger_profile2standardpermissions` VALUES (3, 22, 0, 0);
INSERT INTO `vtiger_profile2standardpermissions` VALUES (3, 22, 1, 0);
INSERT INTO `vtiger_profile2standardpermissions` VALUES (3, 22, 2, 0);
INSERT INTO `vtiger_profile2standardpermissions` VALUES (3, 22, 3, 0);
INSERT INTO `vtiger_profile2standardpermissions` VALUES (3, 22, 4, 0);
INSERT INTO `vtiger_profile2standardpermissions` VALUES (3, 22, 7, 0);
INSERT INTO `vtiger_profile2standardpermissions` VALUES (3, 23, 0, 0);
INSERT INTO `vtiger_profile2standardpermissions` VALUES (3, 23, 1, 0);
INSERT INTO `vtiger_profile2standardpermissions` VALUES (3, 23, 2, 0);
INSERT INTO `vtiger_profile2standardpermissions` VALUES (3, 23, 3, 0);
INSERT INTO `vtiger_profile2standardpermissions` VALUES (3, 23, 4, 0);
INSERT INTO `vtiger_profile2standardpermissions` VALUES (3, 23, 7, 0);
INSERT INTO `vtiger_profile2standardpermissions` VALUES (3, 25, 0, 1);
INSERT INTO `vtiger_profile2standardpermissions` VALUES (3, 25, 1, 1);
INSERT INTO `vtiger_profile2standardpermissions` VALUES (3, 25, 2, 1);
INSERT INTO `vtiger_profile2standardpermissions` VALUES (3, 25, 3, 0);
INSERT INTO `vtiger_profile2standardpermissions` VALUES (3, 25, 4, 0);
INSERT INTO `vtiger_profile2standardpermissions` VALUES (3, 25, 7, 1);
INSERT INTO `vtiger_profile2standardpermissions` VALUES (3, 26, 0, 0);
INSERT INTO `vtiger_profile2standardpermissions` VALUES (3, 26, 1, 0);
INSERT INTO `vtiger_profile2standardpermissions` VALUES (3, 26, 2, 0);
INSERT INTO `vtiger_profile2standardpermissions` VALUES (3, 26, 3, 0);
INSERT INTO `vtiger_profile2standardpermissions` VALUES (3, 26, 4, 0);
INSERT INTO `vtiger_profile2standardpermissions` VALUES (3, 26, 7, 0);
INSERT INTO `vtiger_profile2standardpermissions` VALUES (3, 34, 0, 0);
INSERT INTO `vtiger_profile2standardpermissions` VALUES (3, 34, 1, 0);
INSERT INTO `vtiger_profile2standardpermissions` VALUES (3, 34, 2, 0);
INSERT INTO `vtiger_profile2standardpermissions` VALUES (3, 34, 3, 0);
INSERT INTO `vtiger_profile2standardpermissions` VALUES (3, 34, 4, 0);
INSERT INTO `vtiger_profile2standardpermissions` VALUES (3, 34, 7, 0);
INSERT INTO `vtiger_profile2standardpermissions` VALUES (3, 35, 0, 0);
INSERT INTO `vtiger_profile2standardpermissions` VALUES (3, 35, 1, 0);
INSERT INTO `vtiger_profile2standardpermissions` VALUES (3, 35, 2, 0);
INSERT INTO `vtiger_profile2standardpermissions` VALUES (3, 35, 3, 0);
INSERT INTO `vtiger_profile2standardpermissions` VALUES (3, 35, 4, 0);
INSERT INTO `vtiger_profile2standardpermissions` VALUES (3, 35, 7, 0);
INSERT INTO `vtiger_profile2standardpermissions` VALUES (3, 36, 0, 0);
INSERT INTO `vtiger_profile2standardpermissions` VALUES (3, 36, 1, 0);
INSERT INTO `vtiger_profile2standardpermissions` VALUES (3, 36, 2, 0);
INSERT INTO `vtiger_profile2standardpermissions` VALUES (3, 36, 3, 0);
INSERT INTO `vtiger_profile2standardpermissions` VALUES (3, 36, 4, 0);
INSERT INTO `vtiger_profile2standardpermissions` VALUES (3, 36, 7, 0);
INSERT INTO `vtiger_profile2standardpermissions` VALUES (3, 38, 0, 0);
INSERT INTO `vtiger_profile2standardpermissions` VALUES (3, 38, 1, 0);
INSERT INTO `vtiger_profile2standardpermissions` VALUES (3, 38, 2, 0);
INSERT INTO `vtiger_profile2standardpermissions` VALUES (3, 38, 3, 0);
INSERT INTO `vtiger_profile2standardpermissions` VALUES (3, 38, 4, 0);
INSERT INTO `vtiger_profile2standardpermissions` VALUES (3, 38, 7, 0);
INSERT INTO `vtiger_profile2standardpermissions` VALUES (3, 42, 0, 0);
INSERT INTO `vtiger_profile2standardpermissions` VALUES (3, 42, 1, 0);
INSERT INTO `vtiger_profile2standardpermissions` VALUES (3, 42, 2, 0);
INSERT INTO `vtiger_profile2standardpermissions` VALUES (3, 42, 3, 0);
INSERT INTO `vtiger_profile2standardpermissions` VALUES (3, 42, 4, 0);
INSERT INTO `vtiger_profile2standardpermissions` VALUES (3, 42, 7, 0);
INSERT INTO `vtiger_profile2standardpermissions` VALUES (3, 43, 0, 0);
INSERT INTO `vtiger_profile2standardpermissions` VALUES (3, 43, 1, 0);
INSERT INTO `vtiger_profile2standardpermissions` VALUES (3, 43, 2, 0);
INSERT INTO `vtiger_profile2standardpermissions` VALUES (3, 43, 3, 0);
INSERT INTO `vtiger_profile2standardpermissions` VALUES (3, 43, 4, 0);
INSERT INTO `vtiger_profile2standardpermissions` VALUES (3, 43, 7, 0);
INSERT INTO `vtiger_profile2standardpermissions` VALUES (3, 44, 0, 0);
INSERT INTO `vtiger_profile2standardpermissions` VALUES (3, 44, 1, 0);
INSERT INTO `vtiger_profile2standardpermissions` VALUES (3, 44, 2, 0);
INSERT INTO `vtiger_profile2standardpermissions` VALUES (3, 44, 3, 0);
INSERT INTO `vtiger_profile2standardpermissions` VALUES (3, 44, 4, 0);
INSERT INTO `vtiger_profile2standardpermissions` VALUES (3, 44, 7, 0);
INSERT INTO `vtiger_profile2standardpermissions` VALUES (3, 45, 0, 0);
INSERT INTO `vtiger_profile2standardpermissions` VALUES (3, 45, 1, 0);
INSERT INTO `vtiger_profile2standardpermissions` VALUES (3, 45, 2, 0);
INSERT INTO `vtiger_profile2standardpermissions` VALUES (3, 45, 3, 0);
INSERT INTO `vtiger_profile2standardpermissions` VALUES (3, 45, 4, 0);
INSERT INTO `vtiger_profile2standardpermissions` VALUES (3, 45, 7, 0);
INSERT INTO `vtiger_profile2standardpermissions` VALUES (3, 47, 0, 0);
INSERT INTO `vtiger_profile2standardpermissions` VALUES (3, 47, 1, 0);
INSERT INTO `vtiger_profile2standardpermissions` VALUES (3, 47, 2, 0);
INSERT INTO `vtiger_profile2standardpermissions` VALUES (3, 47, 3, 0);
INSERT INTO `vtiger_profile2standardpermissions` VALUES (3, 47, 4, 0);
INSERT INTO `vtiger_profile2standardpermissions` VALUES (3, 47, 7, 0);
INSERT INTO `vtiger_profile2standardpermissions` VALUES (3, 50, 0, 0);
INSERT INTO `vtiger_profile2standardpermissions` VALUES (3, 50, 1, 0);
INSERT INTO `vtiger_profile2standardpermissions` VALUES (3, 50, 2, 0);
INSERT INTO `vtiger_profile2standardpermissions` VALUES (3, 50, 3, 0);
INSERT INTO `vtiger_profile2standardpermissions` VALUES (3, 50, 4, 0);
INSERT INTO `vtiger_profile2standardpermissions` VALUES (3, 50, 7, 0);
INSERT INTO `vtiger_profile2standardpermissions` VALUES (4, 2, 0, 1);
INSERT INTO `vtiger_profile2standardpermissions` VALUES (4, 2, 1, 1);
INSERT INTO `vtiger_profile2standardpermissions` VALUES (4, 2, 2, 1);
INSERT INTO `vtiger_profile2standardpermissions` VALUES (4, 2, 3, 0);
INSERT INTO `vtiger_profile2standardpermissions` VALUES (4, 2, 4, 0);
INSERT INTO `vtiger_profile2standardpermissions` VALUES (4, 2, 7, 1);
INSERT INTO `vtiger_profile2standardpermissions` VALUES (4, 4, 0, 1);
INSERT INTO `vtiger_profile2standardpermissions` VALUES (4, 4, 1, 1);
INSERT INTO `vtiger_profile2standardpermissions` VALUES (4, 4, 2, 1);
INSERT INTO `vtiger_profile2standardpermissions` VALUES (4, 4, 3, 0);
INSERT INTO `vtiger_profile2standardpermissions` VALUES (4, 4, 4, 0);
INSERT INTO `vtiger_profile2standardpermissions` VALUES (4, 4, 7, 1);
INSERT INTO `vtiger_profile2standardpermissions` VALUES (4, 6, 0, 1);
INSERT INTO `vtiger_profile2standardpermissions` VALUES (4, 6, 1, 1);
INSERT INTO `vtiger_profile2standardpermissions` VALUES (4, 6, 2, 1);
INSERT INTO `vtiger_profile2standardpermissions` VALUES (4, 6, 3, 0);
INSERT INTO `vtiger_profile2standardpermissions` VALUES (4, 6, 4, 0);
INSERT INTO `vtiger_profile2standardpermissions` VALUES (4, 6, 7, 1);
INSERT INTO `vtiger_profile2standardpermissions` VALUES (4, 7, 0, 1);
INSERT INTO `vtiger_profile2standardpermissions` VALUES (4, 7, 1, 1);
INSERT INTO `vtiger_profile2standardpermissions` VALUES (4, 7, 2, 1);
INSERT INTO `vtiger_profile2standardpermissions` VALUES (4, 7, 3, 0);
INSERT INTO `vtiger_profile2standardpermissions` VALUES (4, 7, 4, 0);
INSERT INTO `vtiger_profile2standardpermissions` VALUES (4, 7, 7, 1);
INSERT INTO `vtiger_profile2standardpermissions` VALUES (4, 8, 0, 1);
INSERT INTO `vtiger_profile2standardpermissions` VALUES (4, 8, 1, 1);
INSERT INTO `vtiger_profile2standardpermissions` VALUES (4, 8, 2, 1);
INSERT INTO `vtiger_profile2standardpermissions` VALUES (4, 8, 3, 0);
INSERT INTO `vtiger_profile2standardpermissions` VALUES (4, 8, 4, 0);
INSERT INTO `vtiger_profile2standardpermissions` VALUES (4, 8, 7, 1);
INSERT INTO `vtiger_profile2standardpermissions` VALUES (4, 9, 0, 1);
INSERT INTO `vtiger_profile2standardpermissions` VALUES (4, 9, 1, 1);
INSERT INTO `vtiger_profile2standardpermissions` VALUES (4, 9, 2, 1);
INSERT INTO `vtiger_profile2standardpermissions` VALUES (4, 9, 3, 0);
INSERT INTO `vtiger_profile2standardpermissions` VALUES (4, 9, 4, 0);
INSERT INTO `vtiger_profile2standardpermissions` VALUES (4, 9, 7, 1);
INSERT INTO `vtiger_profile2standardpermissions` VALUES (4, 10, 0, 0);
INSERT INTO `vtiger_profile2standardpermissions` VALUES (4, 10, 1, 0);
INSERT INTO `vtiger_profile2standardpermissions` VALUES (4, 10, 2, 0);
INSERT INTO `vtiger_profile2standardpermissions` VALUES (4, 10, 4, 0);
INSERT INTO `vtiger_profile2standardpermissions` VALUES (4, 13, 0, 1);
INSERT INTO `vtiger_profile2standardpermissions` VALUES (4, 13, 1, 1);
INSERT INTO `vtiger_profile2standardpermissions` VALUES (4, 13, 2, 1);
INSERT INTO `vtiger_profile2standardpermissions` VALUES (4, 13, 3, 0);
INSERT INTO `vtiger_profile2standardpermissions` VALUES (4, 13, 4, 0);
INSERT INTO `vtiger_profile2standardpermissions` VALUES (4, 13, 7, 1);
INSERT INTO `vtiger_profile2standardpermissions` VALUES (4, 14, 0, 1);
INSERT INTO `vtiger_profile2standardpermissions` VALUES (4, 14, 1, 1);
INSERT INTO `vtiger_profile2standardpermissions` VALUES (4, 14, 2, 1);
INSERT INTO `vtiger_profile2standardpermissions` VALUES (4, 14, 3, 0);
INSERT INTO `vtiger_profile2standardpermissions` VALUES (4, 14, 4, 0);
INSERT INTO `vtiger_profile2standardpermissions` VALUES (4, 14, 7, 1);
INSERT INTO `vtiger_profile2standardpermissions` VALUES (4, 15, 0, 1);
INSERT INTO `vtiger_profile2standardpermissions` VALUES (4, 15, 1, 1);
INSERT INTO `vtiger_profile2standardpermissions` VALUES (4, 15, 2, 1);
INSERT INTO `vtiger_profile2standardpermissions` VALUES (4, 15, 3, 0);
INSERT INTO `vtiger_profile2standardpermissions` VALUES (4, 15, 4, 0);
INSERT INTO `vtiger_profile2standardpermissions` VALUES (4, 15, 7, 1);
INSERT INTO `vtiger_profile2standardpermissions` VALUES (4, 16, 0, 1);
INSERT INTO `vtiger_profile2standardpermissions` VALUES (4, 16, 1, 1);
INSERT INTO `vtiger_profile2standardpermissions` VALUES (4, 16, 2, 1);
INSERT INTO `vtiger_profile2standardpermissions` VALUES (4, 16, 3, 0);
INSERT INTO `vtiger_profile2standardpermissions` VALUES (4, 16, 4, 0);
INSERT INTO `vtiger_profile2standardpermissions` VALUES (4, 16, 7, 1);
INSERT INTO `vtiger_profile2standardpermissions` VALUES (4, 18, 0, 1);
INSERT INTO `vtiger_profile2standardpermissions` VALUES (4, 18, 1, 1);
INSERT INTO `vtiger_profile2standardpermissions` VALUES (4, 18, 2, 1);
INSERT INTO `vtiger_profile2standardpermissions` VALUES (4, 18, 3, 0);
INSERT INTO `vtiger_profile2standardpermissions` VALUES (4, 18, 4, 0);
INSERT INTO `vtiger_profile2standardpermissions` VALUES (4, 18, 7, 1);
INSERT INTO `vtiger_profile2standardpermissions` VALUES (4, 19, 0, 1);
INSERT INTO `vtiger_profile2standardpermissions` VALUES (4, 19, 1, 1);
INSERT INTO `vtiger_profile2standardpermissions` VALUES (4, 19, 2, 1);
INSERT INTO `vtiger_profile2standardpermissions` VALUES (4, 19, 3, 0);
INSERT INTO `vtiger_profile2standardpermissions` VALUES (4, 19, 4, 0);
INSERT INTO `vtiger_profile2standardpermissions` VALUES (4, 19, 7, 1);
INSERT INTO `vtiger_profile2standardpermissions` VALUES (4, 20, 0, 1);
INSERT INTO `vtiger_profile2standardpermissions` VALUES (4, 20, 1, 1);
INSERT INTO `vtiger_profile2standardpermissions` VALUES (4, 20, 2, 1);
INSERT INTO `vtiger_profile2standardpermissions` VALUES (4, 20, 3, 0);
INSERT INTO `vtiger_profile2standardpermissions` VALUES (4, 20, 4, 0);
INSERT INTO `vtiger_profile2standardpermissions` VALUES (4, 20, 7, 1);
INSERT INTO `vtiger_profile2standardpermissions` VALUES (4, 21, 0, 1);
INSERT INTO `vtiger_profile2standardpermissions` VALUES (4, 21, 1, 1);
INSERT INTO `vtiger_profile2standardpermissions` VALUES (4, 21, 2, 1);
INSERT INTO `vtiger_profile2standardpermissions` VALUES (4, 21, 3, 0);
INSERT INTO `vtiger_profile2standardpermissions` VALUES (4, 21, 4, 0);
INSERT INTO `vtiger_profile2standardpermissions` VALUES (4, 21, 7, 1);
INSERT INTO `vtiger_profile2standardpermissions` VALUES (4, 22, 0, 1);
INSERT INTO `vtiger_profile2standardpermissions` VALUES (4, 22, 1, 1);
INSERT INTO `vtiger_profile2standardpermissions` VALUES (4, 22, 2, 1);
INSERT INTO `vtiger_profile2standardpermissions` VALUES (4, 22, 3, 0);
INSERT INTO `vtiger_profile2standardpermissions` VALUES (4, 22, 4, 0);
INSERT INTO `vtiger_profile2standardpermissions` VALUES (4, 22, 7, 1);
INSERT INTO `vtiger_profile2standardpermissions` VALUES (4, 23, 0, 1);
INSERT INTO `vtiger_profile2standardpermissions` VALUES (4, 23, 1, 1);
INSERT INTO `vtiger_profile2standardpermissions` VALUES (4, 23, 2, 1);
INSERT INTO `vtiger_profile2standardpermissions` VALUES (4, 23, 3, 0);
INSERT INTO `vtiger_profile2standardpermissions` VALUES (4, 23, 4, 0);
INSERT INTO `vtiger_profile2standardpermissions` VALUES (4, 23, 7, 1);
INSERT INTO `vtiger_profile2standardpermissions` VALUES (4, 25, 0, 1);
INSERT INTO `vtiger_profile2standardpermissions` VALUES (4, 25, 1, 1);
INSERT INTO `vtiger_profile2standardpermissions` VALUES (4, 25, 2, 1);
INSERT INTO `vtiger_profile2standardpermissions` VALUES (4, 25, 3, 0);
INSERT INTO `vtiger_profile2standardpermissions` VALUES (4, 25, 4, 0);
INSERT INTO `vtiger_profile2standardpermissions` VALUES (4, 25, 7, 1);
INSERT INTO `vtiger_profile2standardpermissions` VALUES (4, 26, 0, 1);
INSERT INTO `vtiger_profile2standardpermissions` VALUES (4, 26, 1, 1);
INSERT INTO `vtiger_profile2standardpermissions` VALUES (4, 26, 2, 1);
INSERT INTO `vtiger_profile2standardpermissions` VALUES (4, 26, 3, 0);
INSERT INTO `vtiger_profile2standardpermissions` VALUES (4, 26, 4, 0);
INSERT INTO `vtiger_profile2standardpermissions` VALUES (4, 26, 7, 1);
INSERT INTO `vtiger_profile2standardpermissions` VALUES (4, 34, 0, 0);
INSERT INTO `vtiger_profile2standardpermissions` VALUES (4, 34, 1, 0);
INSERT INTO `vtiger_profile2standardpermissions` VALUES (4, 34, 2, 0);
INSERT INTO `vtiger_profile2standardpermissions` VALUES (4, 34, 3, 0);
INSERT INTO `vtiger_profile2standardpermissions` VALUES (4, 34, 4, 0);
INSERT INTO `vtiger_profile2standardpermissions` VALUES (4, 34, 7, 0);
INSERT INTO `vtiger_profile2standardpermissions` VALUES (4, 35, 0, 0);
INSERT INTO `vtiger_profile2standardpermissions` VALUES (4, 35, 1, 0);
INSERT INTO `vtiger_profile2standardpermissions` VALUES (4, 35, 2, 0);
INSERT INTO `vtiger_profile2standardpermissions` VALUES (4, 35, 3, 0);
INSERT INTO `vtiger_profile2standardpermissions` VALUES (4, 35, 4, 0);
INSERT INTO `vtiger_profile2standardpermissions` VALUES (4, 35, 7, 0);
INSERT INTO `vtiger_profile2standardpermissions` VALUES (4, 36, 0, 0);
INSERT INTO `vtiger_profile2standardpermissions` VALUES (4, 36, 1, 0);
INSERT INTO `vtiger_profile2standardpermissions` VALUES (4, 36, 2, 0);
INSERT INTO `vtiger_profile2standardpermissions` VALUES (4, 36, 3, 0);
INSERT INTO `vtiger_profile2standardpermissions` VALUES (4, 36, 4, 0);
INSERT INTO `vtiger_profile2standardpermissions` VALUES (4, 36, 7, 0);
INSERT INTO `vtiger_profile2standardpermissions` VALUES (4, 38, 0, 0);
INSERT INTO `vtiger_profile2standardpermissions` VALUES (4, 38, 1, 0);
INSERT INTO `vtiger_profile2standardpermissions` VALUES (4, 38, 2, 0);
INSERT INTO `vtiger_profile2standardpermissions` VALUES (4, 38, 3, 0);
INSERT INTO `vtiger_profile2standardpermissions` VALUES (4, 38, 4, 0);
INSERT INTO `vtiger_profile2standardpermissions` VALUES (4, 38, 7, 0);
INSERT INTO `vtiger_profile2standardpermissions` VALUES (4, 42, 0, 0);
INSERT INTO `vtiger_profile2standardpermissions` VALUES (4, 42, 1, 0);
INSERT INTO `vtiger_profile2standardpermissions` VALUES (4, 42, 2, 0);
INSERT INTO `vtiger_profile2standardpermissions` VALUES (4, 42, 3, 0);
INSERT INTO `vtiger_profile2standardpermissions` VALUES (4, 42, 4, 0);
INSERT INTO `vtiger_profile2standardpermissions` VALUES (4, 42, 7, 0);
INSERT INTO `vtiger_profile2standardpermissions` VALUES (4, 43, 0, 0);
INSERT INTO `vtiger_profile2standardpermissions` VALUES (4, 43, 1, 0);
INSERT INTO `vtiger_profile2standardpermissions` VALUES (4, 43, 2, 0);
INSERT INTO `vtiger_profile2standardpermissions` VALUES (4, 43, 3, 0);
INSERT INTO `vtiger_profile2standardpermissions` VALUES (4, 43, 4, 0);
INSERT INTO `vtiger_profile2standardpermissions` VALUES (4, 43, 7, 0);
INSERT INTO `vtiger_profile2standardpermissions` VALUES (4, 44, 0, 0);
INSERT INTO `vtiger_profile2standardpermissions` VALUES (4, 44, 1, 0);
INSERT INTO `vtiger_profile2standardpermissions` VALUES (4, 44, 2, 0);
INSERT INTO `vtiger_profile2standardpermissions` VALUES (4, 44, 3, 0);
INSERT INTO `vtiger_profile2standardpermissions` VALUES (4, 44, 4, 0);
INSERT INTO `vtiger_profile2standardpermissions` VALUES (4, 44, 7, 0);
INSERT INTO `vtiger_profile2standardpermissions` VALUES (4, 45, 0, 0);
INSERT INTO `vtiger_profile2standardpermissions` VALUES (4, 45, 1, 0);
INSERT INTO `vtiger_profile2standardpermissions` VALUES (4, 45, 2, 0);
INSERT INTO `vtiger_profile2standardpermissions` VALUES (4, 45, 3, 0);
INSERT INTO `vtiger_profile2standardpermissions` VALUES (4, 45, 4, 0);
INSERT INTO `vtiger_profile2standardpermissions` VALUES (4, 45, 7, 0);
INSERT INTO `vtiger_profile2standardpermissions` VALUES (4, 47, 0, 0);
INSERT INTO `vtiger_profile2standardpermissions` VALUES (4, 47, 1, 0);
INSERT INTO `vtiger_profile2standardpermissions` VALUES (4, 47, 2, 0);
INSERT INTO `vtiger_profile2standardpermissions` VALUES (4, 47, 3, 0);
INSERT INTO `vtiger_profile2standardpermissions` VALUES (4, 47, 4, 0);
INSERT INTO `vtiger_profile2standardpermissions` VALUES (4, 47, 7, 0);
INSERT INTO `vtiger_profile2standardpermissions` VALUES (4, 50, 0, 0);
INSERT INTO `vtiger_profile2standardpermissions` VALUES (4, 50, 1, 0);
INSERT INTO `vtiger_profile2standardpermissions` VALUES (4, 50, 2, 0);
INSERT INTO `vtiger_profile2standardpermissions` VALUES (4, 50, 3, 0);
INSERT INTO `vtiger_profile2standardpermissions` VALUES (4, 50, 4, 0);
INSERT INTO `vtiger_profile2standardpermissions` VALUES (4, 50, 7, 0);

-- ----------------------------
-- Table structure for vtiger_profile2tab
-- ----------------------------
DROP TABLE IF EXISTS `vtiger_profile2tab`;
CREATE TABLE `vtiger_profile2tab`  (
  `profileid` int NULL DEFAULT NULL,
  `tabid` int NULL DEFAULT NULL,
  `permissions` int NOT NULL DEFAULT 0,
  INDEX `profile2tab_profileid_tabid_idx`(`profileid` ASC, `tabid` ASC) USING BTREE
) ENGINE = InnoDB CHARACTER SET = utf8mb3 COLLATE = utf8mb3_general_ci ROW_FORMAT = Dynamic;

-- ----------------------------
-- Records of vtiger_profile2tab
-- ----------------------------
INSERT INTO `vtiger_profile2tab` VALUES (1, 1, 0);
INSERT INTO `vtiger_profile2tab` VALUES (1, 2, 0);
INSERT INTO `vtiger_profile2tab` VALUES (1, 3, 0);
INSERT INTO `vtiger_profile2tab` VALUES (1, 4, 0);
INSERT INTO `vtiger_profile2tab` VALUES (1, 6, 0);
INSERT INTO `vtiger_profile2tab` VALUES (1, 7, 0);
INSERT INTO `vtiger_profile2tab` VALUES (1, 8, 0);
INSERT INTO `vtiger_profile2tab` VALUES (1, 9, 0);
INSERT INTO `vtiger_profile2tab` VALUES (1, 10, 0);
INSERT INTO `vtiger_profile2tab` VALUES (1, 13, 0);
INSERT INTO `vtiger_profile2tab` VALUES (1, 14, 0);
INSERT INTO `vtiger_profile2tab` VALUES (1, 15, 0);
INSERT INTO `vtiger_profile2tab` VALUES (1, 16, 0);
INSERT INTO `vtiger_profile2tab` VALUES (1, 18, 0);
INSERT INTO `vtiger_profile2tab` VALUES (1, 19, 0);
INSERT INTO `vtiger_profile2tab` VALUES (1, 20, 0);
INSERT INTO `vtiger_profile2tab` VALUES (1, 21, 0);
INSERT INTO `vtiger_profile2tab` VALUES (1, 22, 0);
INSERT INTO `vtiger_profile2tab` VALUES (1, 23, 0);
INSERT INTO `vtiger_profile2tab` VALUES (1, 24, 0);
INSERT INTO `vtiger_profile2tab` VALUES (1, 25, 0);
INSERT INTO `vtiger_profile2tab` VALUES (1, 26, 0);
INSERT INTO `vtiger_profile2tab` VALUES (1, 27, 0);
INSERT INTO `vtiger_profile2tab` VALUES (2, 1, 0);
INSERT INTO `vtiger_profile2tab` VALUES (2, 2, 0);
INSERT INTO `vtiger_profile2tab` VALUES (2, 3, 0);
INSERT INTO `vtiger_profile2tab` VALUES (2, 4, 0);
INSERT INTO `vtiger_profile2tab` VALUES (2, 6, 0);
INSERT INTO `vtiger_profile2tab` VALUES (2, 7, 0);
INSERT INTO `vtiger_profile2tab` VALUES (2, 8, 0);
INSERT INTO `vtiger_profile2tab` VALUES (2, 9, 0);
INSERT INTO `vtiger_profile2tab` VALUES (2, 10, 0);
INSERT INTO `vtiger_profile2tab` VALUES (2, 13, 0);
INSERT INTO `vtiger_profile2tab` VALUES (2, 14, 0);
INSERT INTO `vtiger_profile2tab` VALUES (2, 15, 0);
INSERT INTO `vtiger_profile2tab` VALUES (2, 16, 0);
INSERT INTO `vtiger_profile2tab` VALUES (2, 18, 0);
INSERT INTO `vtiger_profile2tab` VALUES (2, 19, 0);
INSERT INTO `vtiger_profile2tab` VALUES (2, 20, 0);
INSERT INTO `vtiger_profile2tab` VALUES (2, 21, 0);
INSERT INTO `vtiger_profile2tab` VALUES (2, 22, 0);
INSERT INTO `vtiger_profile2tab` VALUES (2, 23, 0);
INSERT INTO `vtiger_profile2tab` VALUES (2, 24, 0);
INSERT INTO `vtiger_profile2tab` VALUES (2, 25, 0);
INSERT INTO `vtiger_profile2tab` VALUES (2, 26, 0);
INSERT INTO `vtiger_profile2tab` VALUES (2, 27, 0);
INSERT INTO `vtiger_profile2tab` VALUES (3, 1, 0);
INSERT INTO `vtiger_profile2tab` VALUES (3, 2, 0);
INSERT INTO `vtiger_profile2tab` VALUES (3, 3, 0);
INSERT INTO `vtiger_profile2tab` VALUES (3, 4, 0);
INSERT INTO `vtiger_profile2tab` VALUES (3, 6, 0);
INSERT INTO `vtiger_profile2tab` VALUES (3, 7, 0);
INSERT INTO `vtiger_profile2tab` VALUES (3, 8, 0);
INSERT INTO `vtiger_profile2tab` VALUES (3, 9, 0);
INSERT INTO `vtiger_profile2tab` VALUES (3, 10, 0);
INSERT INTO `vtiger_profile2tab` VALUES (3, 13, 0);
INSERT INTO `vtiger_profile2tab` VALUES (3, 14, 0);
INSERT INTO `vtiger_profile2tab` VALUES (3, 15, 0);
INSERT INTO `vtiger_profile2tab` VALUES (3, 16, 0);
INSERT INTO `vtiger_profile2tab` VALUES (3, 18, 0);
INSERT INTO `vtiger_profile2tab` VALUES (3, 19, 0);
INSERT INTO `vtiger_profile2tab` VALUES (3, 20, 0);
INSERT INTO `vtiger_profile2tab` VALUES (3, 21, 0);
INSERT INTO `vtiger_profile2tab` VALUES (3, 22, 0);
INSERT INTO `vtiger_profile2tab` VALUES (3, 23, 0);
INSERT INTO `vtiger_profile2tab` VALUES (3, 24, 0);
INSERT INTO `vtiger_profile2tab` VALUES (3, 25, 0);
INSERT INTO `vtiger_profile2tab` VALUES (3, 26, 0);
INSERT INTO `vtiger_profile2tab` VALUES (3, 27, 0);
INSERT INTO `vtiger_profile2tab` VALUES (4, 1, 0);
INSERT INTO `vtiger_profile2tab` VALUES (4, 2, 0);
INSERT INTO `vtiger_profile2tab` VALUES (4, 3, 0);
INSERT INTO `vtiger_profile2tab` VALUES (4, 4, 0);
INSERT INTO `vtiger_profile2tab` VALUES (4, 6, 0);
INSERT INTO `vtiger_profile2tab` VALUES (4, 7, 0);
INSERT INTO `vtiger_profile2tab` VALUES (4, 8, 0);
INSERT INTO `vtiger_profile2tab` VALUES (4, 9, 0);
INSERT INTO `vtiger_profile2tab` VALUES (4, 10, 0);
INSERT INTO `vtiger_profile2tab` VALUES (4, 13, 0);
INSERT INTO `vtiger_profile2tab` VALUES (4, 14, 0);
INSERT INTO `vtiger_profile2tab` VALUES (4, 15, 0);
INSERT INTO `vtiger_profile2tab` VALUES (4, 16, 0);
INSERT INTO `vtiger_profile2tab` VALUES (4, 18, 0);
INSERT INTO `vtiger_profile2tab` VALUES (4, 19, 0);
INSERT INTO `vtiger_profile2tab` VALUES (4, 20, 0);
INSERT INTO `vtiger_profile2tab` VALUES (4, 21, 0);
INSERT INTO `vtiger_profile2tab` VALUES (4, 22, 0);
INSERT INTO `vtiger_profile2tab` VALUES (4, 23, 0);
INSERT INTO `vtiger_profile2tab` VALUES (4, 24, 0);
INSERT INTO `vtiger_profile2tab` VALUES (4, 25, 0);
INSERT INTO `vtiger_profile2tab` VALUES (4, 26, 0);
INSERT INTO `vtiger_profile2tab` VALUES (4, 27, 0);
INSERT INTO `vtiger_profile2tab` VALUES (1, 30, 0);
INSERT INTO `vtiger_profile2tab` VALUES (2, 30, 0);
INSERT INTO `vtiger_profile2tab` VALUES (3, 30, 0);
INSERT INTO `vtiger_profile2tab` VALUES (4, 30, 0);
INSERT INTO `vtiger_profile2tab` VALUES (1, 31, 0);
INSERT INTO `vtiger_profile2tab` VALUES (2, 31, 0);
INSERT INTO `vtiger_profile2tab` VALUES (3, 31, 0);
INSERT INTO `vtiger_profile2tab` VALUES (4, 31, 0);
INSERT INTO `vtiger_profile2tab` VALUES (1, 32, 0);
INSERT INTO `vtiger_profile2tab` VALUES (2, 32, 0);
INSERT INTO `vtiger_profile2tab` VALUES (3, 32, 0);
INSERT INTO `vtiger_profile2tab` VALUES (4, 32, 0);
INSERT INTO `vtiger_profile2tab` VALUES (1, 33, 0);
INSERT INTO `vtiger_profile2tab` VALUES (2, 33, 0);
INSERT INTO `vtiger_profile2tab` VALUES (3, 33, 0);
INSERT INTO `vtiger_profile2tab` VALUES (4, 33, 0);
INSERT INTO `vtiger_profile2tab` VALUES (1, 34, 0);
INSERT INTO `vtiger_profile2tab` VALUES (2, 34, 0);
INSERT INTO `vtiger_profile2tab` VALUES (3, 34, 0);
INSERT INTO `vtiger_profile2tab` VALUES (4, 34, 0);
INSERT INTO `vtiger_profile2tab` VALUES (1, 35, 0);
INSERT INTO `vtiger_profile2tab` VALUES (2, 35, 0);
INSERT INTO `vtiger_profile2tab` VALUES (3, 35, 0);
INSERT INTO `vtiger_profile2tab` VALUES (4, 35, 0);
INSERT INTO `vtiger_profile2tab` VALUES (1, 36, 0);
INSERT INTO `vtiger_profile2tab` VALUES (2, 36, 0);
INSERT INTO `vtiger_profile2tab` VALUES (3, 36, 0);
INSERT INTO `vtiger_profile2tab` VALUES (4, 36, 0);
INSERT INTO `vtiger_profile2tab` VALUES (1, 37, 0);
INSERT INTO `vtiger_profile2tab` VALUES (2, 37, 0);
INSERT INTO `vtiger_profile2tab` VALUES (3, 37, 0);
INSERT INTO `vtiger_profile2tab` VALUES (4, 37, 0);
INSERT INTO `vtiger_profile2tab` VALUES (1, 38, 0);
INSERT INTO `vtiger_profile2tab` VALUES (2, 38, 0);
INSERT INTO `vtiger_profile2tab` VALUES (3, 38, 0);
INSERT INTO `vtiger_profile2tab` VALUES (4, 38, 0);
INSERT INTO `vtiger_profile2tab` VALUES (1, 39, 0);
INSERT INTO `vtiger_profile2tab` VALUES (2, 39, 0);
INSERT INTO `vtiger_profile2tab` VALUES (3, 39, 0);
INSERT INTO `vtiger_profile2tab` VALUES (4, 39, 0);
INSERT INTO `vtiger_profile2tab` VALUES (1, 40, 0);
INSERT INTO `vtiger_profile2tab` VALUES (2, 40, 0);
INSERT INTO `vtiger_profile2tab` VALUES (3, 40, 0);
INSERT INTO `vtiger_profile2tab` VALUES (4, 40, 0);
INSERT INTO `vtiger_profile2tab` VALUES (1, 41, 0);
INSERT INTO `vtiger_profile2tab` VALUES (2, 41, 0);
INSERT INTO `vtiger_profile2tab` VALUES (3, 41, 0);
INSERT INTO `vtiger_profile2tab` VALUES (4, 41, 0);
INSERT INTO `vtiger_profile2tab` VALUES (1, 42, 0);
INSERT INTO `vtiger_profile2tab` VALUES (2, 42, 0);
INSERT INTO `vtiger_profile2tab` VALUES (3, 42, 0);
INSERT INTO `vtiger_profile2tab` VALUES (4, 42, 0);
INSERT INTO `vtiger_profile2tab` VALUES (1, 43, 0);
INSERT INTO `vtiger_profile2tab` VALUES (2, 43, 0);
INSERT INTO `vtiger_profile2tab` VALUES (3, 43, 0);
INSERT INTO `vtiger_profile2tab` VALUES (4, 43, 0);
INSERT INTO `vtiger_profile2tab` VALUES (1, 44, 0);
INSERT INTO `vtiger_profile2tab` VALUES (2, 44, 0);
INSERT INTO `vtiger_profile2tab` VALUES (3, 44, 0);
INSERT INTO `vtiger_profile2tab` VALUES (4, 44, 0);
INSERT INTO `vtiger_profile2tab` VALUES (1, 45, 0);
INSERT INTO `vtiger_profile2tab` VALUES (2, 45, 0);
INSERT INTO `vtiger_profile2tab` VALUES (3, 45, 0);
INSERT INTO `vtiger_profile2tab` VALUES (4, 45, 0);
INSERT INTO `vtiger_profile2tab` VALUES (1, 46, 0);
INSERT INTO `vtiger_profile2tab` VALUES (2, 46, 0);
INSERT INTO `vtiger_profile2tab` VALUES (3, 46, 0);
INSERT INTO `vtiger_profile2tab` VALUES (4, 46, 0);
INSERT INTO `vtiger_profile2tab` VALUES (1, 47, 0);
INSERT INTO `vtiger_profile2tab` VALUES (2, 47, 0);
INSERT INTO `vtiger_profile2tab` VALUES (3, 47, 0);
INSERT INTO `vtiger_profile2tab` VALUES (4, 47, 0);
INSERT INTO `vtiger_profile2tab` VALUES (1, 48, 0);
INSERT INTO `vtiger_profile2tab` VALUES (2, 48, 0);
INSERT INTO `vtiger_profile2tab` VALUES (3, 48, 0);
INSERT INTO `vtiger_profile2tab` VALUES (4, 48, 0);
INSERT INTO `vtiger_profile2tab` VALUES (1, 49, 0);
INSERT INTO `vtiger_profile2tab` VALUES (2, 49, 0);
INSERT INTO `vtiger_profile2tab` VALUES (3, 49, 0);
INSERT INTO `vtiger_profile2tab` VALUES (4, 49, 0);
INSERT INTO `vtiger_profile2tab` VALUES (1, 50, 0);
INSERT INTO `vtiger_profile2tab` VALUES (2, 50, 0);
INSERT INTO `vtiger_profile2tab` VALUES (3, 50, 0);
INSERT INTO `vtiger_profile2tab` VALUES (4, 50, 0);

-- ----------------------------
-- Table structure for vtiger_profile2utility
-- ----------------------------
DROP TABLE IF EXISTS `vtiger_profile2utility`;
CREATE TABLE `vtiger_profile2utility`  (
  `profileid` int NOT NULL,
  `tabid` int NOT NULL,
  `activityid` int NOT NULL,
  `permission` int NULL DEFAULT NULL,
  PRIMARY KEY (`profileid`, `tabid`, `activityid`) USING BTREE,
  INDEX `profile2utility_profileid_tabid_activityid_idx`(`profileid` ASC, `tabid` ASC, `activityid` ASC) USING BTREE
) ENGINE = InnoDB CHARACTER SET = utf8mb3 COLLATE = utf8mb3_general_ci ROW_FORMAT = Dynamic;

-- ----------------------------
-- Records of vtiger_profile2utility
-- ----------------------------
INSERT INTO `vtiger_profile2utility` VALUES (1, 2, 5, 0);
INSERT INTO `vtiger_profile2utility` VALUES (1, 2, 6, 0);
INSERT INTO `vtiger_profile2utility` VALUES (1, 2, 10, 0);
INSERT INTO `vtiger_profile2utility` VALUES (1, 4, 5, 0);
INSERT INTO `vtiger_profile2utility` VALUES (1, 4, 6, 0);
INSERT INTO `vtiger_profile2utility` VALUES (1, 4, 8, 0);
INSERT INTO `vtiger_profile2utility` VALUES (1, 4, 10, 0);
INSERT INTO `vtiger_profile2utility` VALUES (1, 6, 5, 0);
INSERT INTO `vtiger_profile2utility` VALUES (1, 6, 6, 0);
INSERT INTO `vtiger_profile2utility` VALUES (1, 6, 8, 0);
INSERT INTO `vtiger_profile2utility` VALUES (1, 6, 10, 0);
INSERT INTO `vtiger_profile2utility` VALUES (1, 7, 5, 0);
INSERT INTO `vtiger_profile2utility` VALUES (1, 7, 6, 0);
INSERT INTO `vtiger_profile2utility` VALUES (1, 7, 8, 0);
INSERT INTO `vtiger_profile2utility` VALUES (1, 7, 9, 0);
INSERT INTO `vtiger_profile2utility` VALUES (1, 7, 10, 0);
INSERT INTO `vtiger_profile2utility` VALUES (1, 8, 6, 0);
INSERT INTO `vtiger_profile2utility` VALUES (1, 9, 5, 0);
INSERT INTO `vtiger_profile2utility` VALUES (1, 9, 6, 0);
INSERT INTO `vtiger_profile2utility` VALUES (1, 13, 5, 0);
INSERT INTO `vtiger_profile2utility` VALUES (1, 13, 6, 0);
INSERT INTO `vtiger_profile2utility` VALUES (1, 13, 8, 0);
INSERT INTO `vtiger_profile2utility` VALUES (1, 13, 10, 0);
INSERT INTO `vtiger_profile2utility` VALUES (1, 14, 5, 0);
INSERT INTO `vtiger_profile2utility` VALUES (1, 14, 6, 0);
INSERT INTO `vtiger_profile2utility` VALUES (1, 14, 10, 0);
INSERT INTO `vtiger_profile2utility` VALUES (1, 18, 5, 0);
INSERT INTO `vtiger_profile2utility` VALUES (1, 18, 6, 0);
INSERT INTO `vtiger_profile2utility` VALUES (1, 18, 10, 0);
INSERT INTO `vtiger_profile2utility` VALUES (1, 19, 5, 1);
INSERT INTO `vtiger_profile2utility` VALUES (1, 19, 6, 1);
INSERT INTO `vtiger_profile2utility` VALUES (1, 19, 10, 1);
INSERT INTO `vtiger_profile2utility` VALUES (1, 20, 5, 0);
INSERT INTO `vtiger_profile2utility` VALUES (1, 20, 6, 0);
INSERT INTO `vtiger_profile2utility` VALUES (1, 21, 5, 0);
INSERT INTO `vtiger_profile2utility` VALUES (1, 21, 6, 0);
INSERT INTO `vtiger_profile2utility` VALUES (1, 22, 5, 0);
INSERT INTO `vtiger_profile2utility` VALUES (1, 22, 6, 0);
INSERT INTO `vtiger_profile2utility` VALUES (1, 23, 5, 0);
INSERT INTO `vtiger_profile2utility` VALUES (1, 23, 6, 0);
INSERT INTO `vtiger_profile2utility` VALUES (1, 25, 6, 0);
INSERT INTO `vtiger_profile2utility` VALUES (1, 25, 13, 0);
INSERT INTO `vtiger_profile2utility` VALUES (1, 34, 11, 0);
INSERT INTO `vtiger_profile2utility` VALUES (1, 34, 12, 0);
INSERT INTO `vtiger_profile2utility` VALUES (1, 35, 5, 0);
INSERT INTO `vtiger_profile2utility` VALUES (1, 35, 6, 0);
INSERT INTO `vtiger_profile2utility` VALUES (1, 35, 10, 0);
INSERT INTO `vtiger_profile2utility` VALUES (1, 36, 5, 0);
INSERT INTO `vtiger_profile2utility` VALUES (1, 36, 6, 0);
INSERT INTO `vtiger_profile2utility` VALUES (1, 36, 10, 0);
INSERT INTO `vtiger_profile2utility` VALUES (1, 43, 5, 1);
INSERT INTO `vtiger_profile2utility` VALUES (1, 43, 6, 1);
INSERT INTO `vtiger_profile2utility` VALUES (1, 43, 10, 1);
INSERT INTO `vtiger_profile2utility` VALUES (1, 44, 5, 0);
INSERT INTO `vtiger_profile2utility` VALUES (1, 44, 6, 0);
INSERT INTO `vtiger_profile2utility` VALUES (1, 44, 10, 0);
INSERT INTO `vtiger_profile2utility` VALUES (1, 45, 5, 0);
INSERT INTO `vtiger_profile2utility` VALUES (1, 45, 6, 0);
INSERT INTO `vtiger_profile2utility` VALUES (1, 45, 10, 0);
INSERT INTO `vtiger_profile2utility` VALUES (2, 2, 5, 1);
INSERT INTO `vtiger_profile2utility` VALUES (2, 2, 6, 1);
INSERT INTO `vtiger_profile2utility` VALUES (2, 2, 10, 0);
INSERT INTO `vtiger_profile2utility` VALUES (2, 4, 5, 1);
INSERT INTO `vtiger_profile2utility` VALUES (2, 4, 6, 1);
INSERT INTO `vtiger_profile2utility` VALUES (2, 4, 8, 0);
INSERT INTO `vtiger_profile2utility` VALUES (2, 4, 10, 0);
INSERT INTO `vtiger_profile2utility` VALUES (2, 6, 5, 1);
INSERT INTO `vtiger_profile2utility` VALUES (2, 6, 6, 1);
INSERT INTO `vtiger_profile2utility` VALUES (2, 6, 8, 0);
INSERT INTO `vtiger_profile2utility` VALUES (2, 6, 10, 0);
INSERT INTO `vtiger_profile2utility` VALUES (2, 7, 5, 1);
INSERT INTO `vtiger_profile2utility` VALUES (2, 7, 6, 1);
INSERT INTO `vtiger_profile2utility` VALUES (2, 7, 8, 0);
INSERT INTO `vtiger_profile2utility` VALUES (2, 7, 9, 0);
INSERT INTO `vtiger_profile2utility` VALUES (2, 7, 10, 0);
INSERT INTO `vtiger_profile2utility` VALUES (2, 8, 6, 1);
INSERT INTO `vtiger_profile2utility` VALUES (2, 9, 5, 0);
INSERT INTO `vtiger_profile2utility` VALUES (2, 9, 6, 0);
INSERT INTO `vtiger_profile2utility` VALUES (2, 13, 5, 1);
INSERT INTO `vtiger_profile2utility` VALUES (2, 13, 6, 1);
INSERT INTO `vtiger_profile2utility` VALUES (2, 13, 8, 0);
INSERT INTO `vtiger_profile2utility` VALUES (2, 13, 10, 0);
INSERT INTO `vtiger_profile2utility` VALUES (2, 14, 5, 1);
INSERT INTO `vtiger_profile2utility` VALUES (2, 14, 6, 1);
INSERT INTO `vtiger_profile2utility` VALUES (2, 14, 10, 0);
INSERT INTO `vtiger_profile2utility` VALUES (2, 18, 5, 1);
INSERT INTO `vtiger_profile2utility` VALUES (2, 18, 6, 1);
INSERT INTO `vtiger_profile2utility` VALUES (2, 18, 10, 0);
INSERT INTO `vtiger_profile2utility` VALUES (2, 19, 5, 1);
INSERT INTO `vtiger_profile2utility` VALUES (2, 19, 6, 1);
INSERT INTO `vtiger_profile2utility` VALUES (2, 19, 10, 1);
INSERT INTO `vtiger_profile2utility` VALUES (2, 20, 5, 0);
INSERT INTO `vtiger_profile2utility` VALUES (2, 20, 6, 0);
INSERT INTO `vtiger_profile2utility` VALUES (2, 21, 5, 0);
INSERT INTO `vtiger_profile2utility` VALUES (2, 21, 6, 0);
INSERT INTO `vtiger_profile2utility` VALUES (2, 22, 5, 0);
INSERT INTO `vtiger_profile2utility` VALUES (2, 22, 6, 0);
INSERT INTO `vtiger_profile2utility` VALUES (2, 23, 5, 0);
INSERT INTO `vtiger_profile2utility` VALUES (2, 23, 6, 0);
INSERT INTO `vtiger_profile2utility` VALUES (2, 25, 6, 0);
INSERT INTO `vtiger_profile2utility` VALUES (2, 25, 13, 0);
INSERT INTO `vtiger_profile2utility` VALUES (2, 34, 11, 0);
INSERT INTO `vtiger_profile2utility` VALUES (2, 34, 12, 0);
INSERT INTO `vtiger_profile2utility` VALUES (2, 35, 5, 0);
INSERT INTO `vtiger_profile2utility` VALUES (2, 35, 6, 0);
INSERT INTO `vtiger_profile2utility` VALUES (2, 35, 10, 0);
INSERT INTO `vtiger_profile2utility` VALUES (2, 36, 5, 0);
INSERT INTO `vtiger_profile2utility` VALUES (2, 36, 6, 0);
INSERT INTO `vtiger_profile2utility` VALUES (2, 36, 10, 0);
INSERT INTO `vtiger_profile2utility` VALUES (2, 43, 5, 1);
INSERT INTO `vtiger_profile2utility` VALUES (2, 43, 6, 1);
INSERT INTO `vtiger_profile2utility` VALUES (2, 43, 10, 1);
INSERT INTO `vtiger_profile2utility` VALUES (2, 44, 5, 0);
INSERT INTO `vtiger_profile2utility` VALUES (2, 44, 6, 0);
INSERT INTO `vtiger_profile2utility` VALUES (2, 44, 10, 0);
INSERT INTO `vtiger_profile2utility` VALUES (2, 45, 5, 0);
INSERT INTO `vtiger_profile2utility` VALUES (2, 45, 6, 0);
INSERT INTO `vtiger_profile2utility` VALUES (2, 45, 10, 0);
INSERT INTO `vtiger_profile2utility` VALUES (3, 2, 5, 1);
INSERT INTO `vtiger_profile2utility` VALUES (3, 2, 6, 1);
INSERT INTO `vtiger_profile2utility` VALUES (3, 2, 10, 0);
INSERT INTO `vtiger_profile2utility` VALUES (3, 4, 5, 1);
INSERT INTO `vtiger_profile2utility` VALUES (3, 4, 6, 1);
INSERT INTO `vtiger_profile2utility` VALUES (3, 4, 8, 0);
INSERT INTO `vtiger_profile2utility` VALUES (3, 4, 10, 0);
INSERT INTO `vtiger_profile2utility` VALUES (3, 6, 5, 1);
INSERT INTO `vtiger_profile2utility` VALUES (3, 6, 6, 1);
INSERT INTO `vtiger_profile2utility` VALUES (3, 6, 8, 0);
INSERT INTO `vtiger_profile2utility` VALUES (3, 6, 10, 0);
INSERT INTO `vtiger_profile2utility` VALUES (3, 7, 5, 1);
INSERT INTO `vtiger_profile2utility` VALUES (3, 7, 6, 1);
INSERT INTO `vtiger_profile2utility` VALUES (3, 7, 8, 0);
INSERT INTO `vtiger_profile2utility` VALUES (3, 7, 9, 0);
INSERT INTO `vtiger_profile2utility` VALUES (3, 7, 10, 0);
INSERT INTO `vtiger_profile2utility` VALUES (3, 8, 6, 1);
INSERT INTO `vtiger_profile2utility` VALUES (3, 9, 5, 0);
INSERT INTO `vtiger_profile2utility` VALUES (3, 9, 6, 0);
INSERT INTO `vtiger_profile2utility` VALUES (3, 13, 5, 1);
INSERT INTO `vtiger_profile2utility` VALUES (3, 13, 6, 1);
INSERT INTO `vtiger_profile2utility` VALUES (3, 13, 8, 0);
INSERT INTO `vtiger_profile2utility` VALUES (3, 13, 10, 0);
INSERT INTO `vtiger_profile2utility` VALUES (3, 14, 5, 1);
INSERT INTO `vtiger_profile2utility` VALUES (3, 14, 6, 1);
INSERT INTO `vtiger_profile2utility` VALUES (3, 14, 10, 0);
INSERT INTO `vtiger_profile2utility` VALUES (3, 18, 5, 1);
INSERT INTO `vtiger_profile2utility` VALUES (3, 18, 6, 1);
INSERT INTO `vtiger_profile2utility` VALUES (3, 18, 10, 0);
INSERT INTO `vtiger_profile2utility` VALUES (3, 19, 5, 1);
INSERT INTO `vtiger_profile2utility` VALUES (3, 19, 6, 1);
INSERT INTO `vtiger_profile2utility` VALUES (3, 19, 10, 1);
INSERT INTO `vtiger_profile2utility` VALUES (3, 20, 5, 0);
INSERT INTO `vtiger_profile2utility` VALUES (3, 20, 6, 0);
INSERT INTO `vtiger_profile2utility` VALUES (3, 21, 5, 0);
INSERT INTO `vtiger_profile2utility` VALUES (3, 21, 6, 0);
INSERT INTO `vtiger_profile2utility` VALUES (3, 22, 5, 0);
INSERT INTO `vtiger_profile2utility` VALUES (3, 22, 6, 0);
INSERT INTO `vtiger_profile2utility` VALUES (3, 23, 5, 0);
INSERT INTO `vtiger_profile2utility` VALUES (3, 23, 6, 0);
INSERT INTO `vtiger_profile2utility` VALUES (3, 25, 6, 0);
INSERT INTO `vtiger_profile2utility` VALUES (3, 25, 13, 0);
INSERT INTO `vtiger_profile2utility` VALUES (3, 34, 11, 0);
INSERT INTO `vtiger_profile2utility` VALUES (3, 34, 12, 0);
INSERT INTO `vtiger_profile2utility` VALUES (3, 35, 5, 0);
INSERT INTO `vtiger_profile2utility` VALUES (3, 35, 6, 0);
INSERT INTO `vtiger_profile2utility` VALUES (3, 35, 10, 0);
INSERT INTO `vtiger_profile2utility` VALUES (3, 36, 5, 0);
INSERT INTO `vtiger_profile2utility` VALUES (3, 36, 6, 0);
INSERT INTO `vtiger_profile2utility` VALUES (3, 36, 10, 0);
INSERT INTO `vtiger_profile2utility` VALUES (3, 43, 5, 1);
INSERT INTO `vtiger_profile2utility` VALUES (3, 43, 6, 1);
INSERT INTO `vtiger_profile2utility` VALUES (3, 43, 10, 1);
INSERT INTO `vtiger_profile2utility` VALUES (3, 44, 5, 0);
INSERT INTO `vtiger_profile2utility` VALUES (3, 44, 6, 0);
INSERT INTO `vtiger_profile2utility` VALUES (3, 44, 10, 0);
INSERT INTO `vtiger_profile2utility` VALUES (3, 45, 5, 0);
INSERT INTO `vtiger_profile2utility` VALUES (3, 45, 6, 0);
INSERT INTO `vtiger_profile2utility` VALUES (3, 45, 10, 0);
INSERT INTO `vtiger_profile2utility` VALUES (4, 2, 5, 1);
INSERT INTO `vtiger_profile2utility` VALUES (4, 2, 6, 1);
INSERT INTO `vtiger_profile2utility` VALUES (4, 2, 10, 0);
INSERT INTO `vtiger_profile2utility` VALUES (4, 4, 5, 1);
INSERT INTO `vtiger_profile2utility` VALUES (4, 4, 6, 1);
INSERT INTO `vtiger_profile2utility` VALUES (4, 4, 8, 1);
INSERT INTO `vtiger_profile2utility` VALUES (4, 4, 10, 0);
INSERT INTO `vtiger_profile2utility` VALUES (4, 6, 5, 1);
INSERT INTO `vtiger_profile2utility` VALUES (4, 6, 6, 1);
INSERT INTO `vtiger_profile2utility` VALUES (4, 6, 8, 1);
INSERT INTO `vtiger_profile2utility` VALUES (4, 6, 10, 0);
INSERT INTO `vtiger_profile2utility` VALUES (4, 7, 5, 1);
INSERT INTO `vtiger_profile2utility` VALUES (4, 7, 6, 1);
INSERT INTO `vtiger_profile2utility` VALUES (4, 7, 8, 1);
INSERT INTO `vtiger_profile2utility` VALUES (4, 7, 9, 0);
INSERT INTO `vtiger_profile2utility` VALUES (4, 7, 10, 0);
INSERT INTO `vtiger_profile2utility` VALUES (4, 8, 6, 1);
INSERT INTO `vtiger_profile2utility` VALUES (4, 9, 5, 0);
INSERT INTO `vtiger_profile2utility` VALUES (4, 9, 6, 0);
INSERT INTO `vtiger_profile2utility` VALUES (4, 13, 5, 1);
INSERT INTO `vtiger_profile2utility` VALUES (4, 13, 6, 1);
INSERT INTO `vtiger_profile2utility` VALUES (4, 13, 8, 1);
INSERT INTO `vtiger_profile2utility` VALUES (4, 13, 10, 0);
INSERT INTO `vtiger_profile2utility` VALUES (4, 14, 5, 1);
INSERT INTO `vtiger_profile2utility` VALUES (4, 14, 6, 1);
INSERT INTO `vtiger_profile2utility` VALUES (4, 14, 10, 0);
INSERT INTO `vtiger_profile2utility` VALUES (4, 18, 5, 1);
INSERT INTO `vtiger_profile2utility` VALUES (4, 18, 6, 1);
INSERT INTO `vtiger_profile2utility` VALUES (4, 18, 10, 0);
INSERT INTO `vtiger_profile2utility` VALUES (4, 19, 5, 1);
INSERT INTO `vtiger_profile2utility` VALUES (4, 19, 6, 1);
INSERT INTO `vtiger_profile2utility` VALUES (4, 19, 10, 1);
INSERT INTO `vtiger_profile2utility` VALUES (4, 20, 5, 0);
INSERT INTO `vtiger_profile2utility` VALUES (4, 20, 6, 0);
INSERT INTO `vtiger_profile2utility` VALUES (4, 21, 5, 0);
INSERT INTO `vtiger_profile2utility` VALUES (4, 21, 6, 0);
INSERT INTO `vtiger_profile2utility` VALUES (4, 22, 5, 0);
INSERT INTO `vtiger_profile2utility` VALUES (4, 22, 6, 0);
INSERT INTO `vtiger_profile2utility` VALUES (4, 23, 5, 0);
INSERT INTO `vtiger_profile2utility` VALUES (4, 23, 6, 0);
INSERT INTO `vtiger_profile2utility` VALUES (4, 25, 6, 0);
INSERT INTO `vtiger_profile2utility` VALUES (4, 25, 13, 0);
INSERT INTO `vtiger_profile2utility` VALUES (4, 34, 11, 0);
INSERT INTO `vtiger_profile2utility` VALUES (4, 34, 12, 0);
INSERT INTO `vtiger_profile2utility` VALUES (4, 35, 5, 0);
INSERT INTO `vtiger_profile2utility` VALUES (4, 35, 6, 0);
INSERT INTO `vtiger_profile2utility` VALUES (4, 35, 10, 0);
INSERT INTO `vtiger_profile2utility` VALUES (4, 36, 5, 0);
INSERT INTO `vtiger_profile2utility` VALUES (4, 36, 6, 0);
INSERT INTO `vtiger_profile2utility` VALUES (4, 36, 10, 0);
INSERT INTO `vtiger_profile2utility` VALUES (4, 43, 5, 1);
INSERT INTO `vtiger_profile2utility` VALUES (4, 43, 6, 1);
INSERT INTO `vtiger_profile2utility` VALUES (4, 43, 10, 1);
INSERT INTO `vtiger_profile2utility` VALUES (4, 44, 5, 0);
INSERT INTO `vtiger_profile2utility` VALUES (4, 44, 6, 0);
INSERT INTO `vtiger_profile2utility` VALUES (4, 44, 10, 0);
INSERT INTO `vtiger_profile2utility` VALUES (4, 45, 5, 0);
INSERT INTO `vtiger_profile2utility` VALUES (4, 45, 6, 0);
INSERT INTO `vtiger_profile2utility` VALUES (4, 45, 10, 0);

-- ----------------------------
-- Table structure for vtiger_profile_seq
-- ----------------------------
DROP TABLE IF EXISTS `vtiger_profile_seq`;
CREATE TABLE `vtiger_profile_seq`  (
  `id` int NOT NULL
) ENGINE = InnoDB CHARACTER SET = utf8mb4 COLLATE = utf8mb4_0900_ai_ci ROW_FORMAT = Dynamic;

-- ----------------------------
-- Records of vtiger_profile_seq
-- ----------------------------
INSERT INTO `vtiger_profile_seq` VALUES (4);

-- ----------------------------
-- Table structure for vtiger_progress
-- ----------------------------
DROP TABLE IF EXISTS `vtiger_progress`;
CREATE TABLE `vtiger_progress`  (
  `progressid` int NOT NULL AUTO_INCREMENT,
  `progress` varchar(200) CHARACTER SET utf8mb3 COLLATE utf8mb3_general_ci NOT NULL,
  `presence` int NOT NULL DEFAULT 1,
  `picklist_valueid` int NOT NULL DEFAULT 0,
  `sortorderid` int NULL DEFAULT 0,
  `color` varchar(10) CHARACTER SET utf8mb3 COLLATE utf8mb3_general_ci NULL DEFAULT NULL,
  PRIMARY KEY (`progressid`) USING BTREE
) ENGINE = InnoDB AUTO_INCREMENT = 12 CHARACTER SET = utf8mb3 COLLATE = utf8mb3_general_ci ROW_FORMAT = Dynamic;

-- ----------------------------
-- Records of vtiger_progress
-- ----------------------------
INSERT INTO `vtiger_progress` VALUES (2, '10%', 1, 278, 2, NULL);
INSERT INTO `vtiger_progress` VALUES (3, '20%', 1, 279, 3, NULL);
INSERT INTO `vtiger_progress` VALUES (4, '30%', 1, 280, 4, NULL);
INSERT INTO `vtiger_progress` VALUES (5, '40%', 1, 281, 5, NULL);
INSERT INTO `vtiger_progress` VALUES (6, '50%', 1, 282, 6, NULL);
INSERT INTO `vtiger_progress` VALUES (7, '60%', 1, 283, 7, NULL);
INSERT INTO `vtiger_progress` VALUES (8, '70%', 1, 284, 8, NULL);
INSERT INTO `vtiger_progress` VALUES (9, '80%', 1, 285, 9, NULL);
INSERT INTO `vtiger_progress` VALUES (10, '90%', 1, 286, 10, NULL);
INSERT INTO `vtiger_progress` VALUES (11, '100%', 1, 287, 11, NULL);

-- ----------------------------
-- Table structure for vtiger_progress_seq
-- ----------------------------
DROP TABLE IF EXISTS `vtiger_progress_seq`;
CREATE TABLE `vtiger_progress_seq`  (
  `id` int NOT NULL
) ENGINE = InnoDB CHARACTER SET = utf8mb4 COLLATE = utf8mb4_0900_ai_ci ROW_FORMAT = Dynamic;

-- ----------------------------
-- Records of vtiger_progress_seq
-- ----------------------------
INSERT INTO `vtiger_progress_seq` VALUES (11);

-- ----------------------------
-- Table structure for vtiger_project
-- ----------------------------
DROP TABLE IF EXISTS `vtiger_project`;
CREATE TABLE `vtiger_project`  (
  `projectid` int NOT NULL,
  `projectname` varchar(255) CHARACTER SET utf8mb3 COLLATE utf8mb3_general_ci NULL DEFAULT NULL,
  `project_no` varchar(100) CHARACTER SET utf8mb3 COLLATE utf8mb3_general_ci NULL DEFAULT NULL,
  `startdate` date NULL DEFAULT NULL,
  `targetenddate` date NULL DEFAULT NULL,
  `actualenddate` date NULL DEFAULT NULL,
  `targetbudget` varchar(255) CHARACTER SET utf8mb3 COLLATE utf8mb3_general_ci NULL DEFAULT NULL,
  `projecturl` varchar(255) CHARACTER SET utf8mb3 COLLATE utf8mb3_general_ci NULL DEFAULT NULL,
  `projectstatus` varchar(100) CHARACTER SET utf8mb3 COLLATE utf8mb3_general_ci NULL DEFAULT NULL,
  `projectpriority` varchar(100) CHARACTER SET utf8mb3 COLLATE utf8mb3_general_ci NULL DEFAULT NULL,
  `projecttype` varchar(100) CHARACTER SET utf8mb3 COLLATE utf8mb3_general_ci NULL DEFAULT NULL,
  `progress` varchar(100) CHARACTER SET utf8mb3 COLLATE utf8mb3_general_ci NULL DEFAULT NULL,
  `linktoaccountscontacts` varchar(100) CHARACTER SET utf8mb3 COLLATE utf8mb3_general_ci NULL DEFAULT NULL,
  `tags` varchar(1) CHARACTER SET utf8mb3 COLLATE utf8mb3_general_ci NULL DEFAULT NULL,
  `isconvertedfrompotential` int NOT NULL DEFAULT 0,
  `potentialid` varchar(100) CHARACTER SET utf8mb3 COLLATE utf8mb3_general_ci NULL DEFAULT NULL,
  PRIMARY KEY (`projectid`) USING BTREE,
  CONSTRAINT `fk_crmid_vtiger_project` FOREIGN KEY (`projectid`) REFERENCES `vtiger_crmentity` (`crmid`) ON DELETE CASCADE ON UPDATE RESTRICT
) ENGINE = InnoDB CHARACTER SET = utf8mb3 COLLATE = utf8mb3_general_ci ROW_FORMAT = Dynamic;

-- ----------------------------
-- Records of vtiger_project
-- ----------------------------

-- ----------------------------
-- Table structure for vtiger_projectcf
-- ----------------------------
DROP TABLE IF EXISTS `vtiger_projectcf`;
CREATE TABLE `vtiger_projectcf`  (
  `projectid` int NOT NULL,
  PRIMARY KEY (`projectid`) USING BTREE,
  CONSTRAINT `fk_projectid_vtiger_projectcf` FOREIGN KEY (`projectid`) REFERENCES `vtiger_project` (`projectid`) ON DELETE CASCADE ON UPDATE RESTRICT
) ENGINE = InnoDB CHARACTER SET = utf8mb3 COLLATE = utf8mb3_general_ci ROW_FORMAT = Dynamic;

-- ----------------------------
-- Records of vtiger_projectcf
-- ----------------------------

-- ----------------------------
-- Table structure for vtiger_projectmilestone
-- ----------------------------
DROP TABLE IF EXISTS `vtiger_projectmilestone`;
CREATE TABLE `vtiger_projectmilestone`  (
  `projectmilestoneid` int NOT NULL,
  `projectmilestonename` varchar(255) CHARACTER SET utf8mb3 COLLATE utf8mb3_general_ci NULL DEFAULT NULL,
  `projectmilestone_no` varchar(100) CHARACTER SET utf8mb3 COLLATE utf8mb3_general_ci NULL DEFAULT NULL,
  `projectmilestonedate` varchar(255) CHARACTER SET utf8mb3 COLLATE utf8mb3_general_ci NULL DEFAULT NULL,
  `projectid` varchar(100) CHARACTER SET utf8mb3 COLLATE utf8mb3_general_ci NULL DEFAULT NULL,
  `projectmilestonetype` varchar(100) CHARACTER SET utf8mb3 COLLATE utf8mb3_general_ci NULL DEFAULT NULL,
  `tags` varchar(1) CHARACTER SET utf8mb3 COLLATE utf8mb3_general_ci NULL DEFAULT NULL,
  PRIMARY KEY (`projectmilestoneid`) USING BTREE,
  CONSTRAINT `fk_crmid_vtiger_projectmilestone` FOREIGN KEY (`projectmilestoneid`) REFERENCES `vtiger_crmentity` (`crmid`) ON DELETE CASCADE ON UPDATE RESTRICT
) ENGINE = InnoDB CHARACTER SET = utf8mb3 COLLATE = utf8mb3_general_ci ROW_FORMAT = Dynamic;

-- ----------------------------
-- Records of vtiger_projectmilestone
-- ----------------------------

-- ----------------------------
-- Table structure for vtiger_projectmilestonecf
-- ----------------------------
DROP TABLE IF EXISTS `vtiger_projectmilestonecf`;
CREATE TABLE `vtiger_projectmilestonecf`  (
  `projectmilestoneid` int NOT NULL DEFAULT 0,
  PRIMARY KEY (`projectmilestoneid`) USING BTREE,
  CONSTRAINT `fk_projectmilestoneid_vtiger_projectmilestonecf` FOREIGN KEY (`projectmilestoneid`) REFERENCES `vtiger_projectmilestone` (`projectmilestoneid`) ON DELETE CASCADE ON UPDATE RESTRICT
) ENGINE = InnoDB CHARACTER SET = utf8mb3 COLLATE = utf8mb3_general_ci ROW_FORMAT = Dynamic;

-- ----------------------------
-- Records of vtiger_projectmilestonecf
-- ----------------------------

-- ----------------------------
-- Table structure for vtiger_projectmilestonetype
-- ----------------------------
DROP TABLE IF EXISTS `vtiger_projectmilestonetype`;
CREATE TABLE `vtiger_projectmilestonetype`  (
  `projectmilestonetypeid` int NOT NULL AUTO_INCREMENT,
  `projectmilestonetype` varchar(200) CHARACTER SET utf8mb3 COLLATE utf8mb3_general_ci NOT NULL,
  `presence` int NOT NULL DEFAULT 1,
  `picklist_valueid` int NOT NULL DEFAULT 0,
  `sortorderid` int NULL DEFAULT 0,
  `color` varchar(10) CHARACTER SET utf8mb3 COLLATE utf8mb3_general_ci NULL DEFAULT NULL,
  PRIMARY KEY (`projectmilestonetypeid`) USING BTREE
) ENGINE = InnoDB AUTO_INCREMENT = 5 CHARACTER SET = utf8mb3 COLLATE = utf8mb3_general_ci ROW_FORMAT = Dynamic;

-- ----------------------------
-- Records of vtiger_projectmilestonetype
-- ----------------------------
INSERT INTO `vtiger_projectmilestonetype` VALUES (2, 'administrative', 1, 238, 2, NULL);
INSERT INTO `vtiger_projectmilestonetype` VALUES (3, 'operative', 1, 239, 3, NULL);
INSERT INTO `vtiger_projectmilestonetype` VALUES (4, 'other', 1, 240, 4, NULL);

-- ----------------------------
-- Table structure for vtiger_projectmilestonetype_seq
-- ----------------------------
DROP TABLE IF EXISTS `vtiger_projectmilestonetype_seq`;
CREATE TABLE `vtiger_projectmilestonetype_seq`  (
  `id` int NOT NULL
) ENGINE = InnoDB CHARACTER SET = utf8mb4 COLLATE = utf8mb4_0900_ai_ci ROW_FORMAT = Dynamic;

-- ----------------------------
-- Records of vtiger_projectmilestonetype_seq
-- ----------------------------
INSERT INTO `vtiger_projectmilestonetype_seq` VALUES (4);

-- ----------------------------
-- Table structure for vtiger_projectpriority
-- ----------------------------
DROP TABLE IF EXISTS `vtiger_projectpriority`;
CREATE TABLE `vtiger_projectpriority`  (
  `projectpriorityid` int NOT NULL AUTO_INCREMENT,
  `projectpriority` varchar(200) CHARACTER SET utf8mb3 COLLATE utf8mb3_general_ci NOT NULL,
  `presence` int NOT NULL DEFAULT 1,
  `picklist_valueid` int NOT NULL DEFAULT 0,
  `sortorderid` int NULL DEFAULT 0,
  `color` varchar(10) CHARACTER SET utf8mb3 COLLATE utf8mb3_general_ci NULL DEFAULT NULL,
  PRIMARY KEY (`projectpriorityid`) USING BTREE
) ENGINE = InnoDB AUTO_INCREMENT = 5 CHARACTER SET = utf8mb3 COLLATE = utf8mb3_general_ci ROW_FORMAT = Dynamic;

-- ----------------------------
-- Records of vtiger_projectpriority
-- ----------------------------
INSERT INTO `vtiger_projectpriority` VALUES (2, 'low', 1, 274, 2, NULL);
INSERT INTO `vtiger_projectpriority` VALUES (3, 'normal', 1, 275, 3, NULL);
INSERT INTO `vtiger_projectpriority` VALUES (4, 'high', 1, 276, 4, NULL);

-- ----------------------------
-- Table structure for vtiger_projectpriority_seq
-- ----------------------------
DROP TABLE IF EXISTS `vtiger_projectpriority_seq`;
CREATE TABLE `vtiger_projectpriority_seq`  (
  `id` int NOT NULL
) ENGINE = InnoDB CHARACTER SET = utf8mb4 COLLATE = utf8mb4_0900_ai_ci ROW_FORMAT = Dynamic;

-- ----------------------------
-- Records of vtiger_projectpriority_seq
-- ----------------------------
INSERT INTO `vtiger_projectpriority_seq` VALUES (4);

-- ----------------------------
-- Table structure for vtiger_projectstatus
-- ----------------------------
DROP TABLE IF EXISTS `vtiger_projectstatus`;
CREATE TABLE `vtiger_projectstatus`  (
  `projectstatusid` int NOT NULL AUTO_INCREMENT,
  `projectstatus` varchar(200) CHARACTER SET utf8mb3 COLLATE utf8mb3_general_ci NOT NULL,
  `presence` int NOT NULL DEFAULT 1,
  `picklist_valueid` int NOT NULL DEFAULT 0,
  `sortorderid` int NULL DEFAULT 0,
  `color` varchar(10) CHARACTER SET utf8mb3 COLLATE utf8mb3_general_ci NULL DEFAULT NULL,
  PRIMARY KEY (`projectstatusid`) USING BTREE
) ENGINE = InnoDB AUTO_INCREMENT = 10 CHARACTER SET = utf8mb3 COLLATE = utf8mb3_general_ci ROW_FORMAT = Dynamic;

-- ----------------------------
-- Records of vtiger_projectstatus
-- ----------------------------
INSERT INTO `vtiger_projectstatus` VALUES (2, 'prospecting', 1, 261, 2, NULL);
INSERT INTO `vtiger_projectstatus` VALUES (3, 'initiated', 1, 262, 3, NULL);
INSERT INTO `vtiger_projectstatus` VALUES (4, 'in progress', 1, 263, 4, NULL);
INSERT INTO `vtiger_projectstatus` VALUES (5, 'waiting for feedback', 1, 264, 5, NULL);
INSERT INTO `vtiger_projectstatus` VALUES (6, 'on hold', 1, 265, 6, NULL);
INSERT INTO `vtiger_projectstatus` VALUES (7, 'completed', 1, 266, 7, NULL);
INSERT INTO `vtiger_projectstatus` VALUES (8, 'delivered', 1, 267, 8, NULL);
INSERT INTO `vtiger_projectstatus` VALUES (9, 'archived', 1, 268, 9, NULL);

-- ----------------------------
-- Table structure for vtiger_projectstatus_seq
-- ----------------------------
DROP TABLE IF EXISTS `vtiger_projectstatus_seq`;
CREATE TABLE `vtiger_projectstatus_seq`  (
  `id` int NOT NULL
) ENGINE = InnoDB CHARACTER SET = utf8mb4 COLLATE = utf8mb4_0900_ai_ci ROW_FORMAT = Dynamic;

-- ----------------------------
-- Records of vtiger_projectstatus_seq
-- ----------------------------
INSERT INTO `vtiger_projectstatus_seq` VALUES (9);

-- ----------------------------
-- Table structure for vtiger_projecttask
-- ----------------------------
DROP TABLE IF EXISTS `vtiger_projecttask`;
CREATE TABLE `vtiger_projecttask`  (
  `projecttaskid` int NOT NULL,
  `projecttaskname` varchar(255) CHARACTER SET utf8mb3 COLLATE utf8mb3_general_ci NULL DEFAULT NULL,
  `projecttask_no` varchar(100) CHARACTER SET utf8mb3 COLLATE utf8mb3_general_ci NULL DEFAULT NULL,
  `projecttasktype` varchar(100) CHARACTER SET utf8mb3 COLLATE utf8mb3_general_ci NULL DEFAULT NULL,
  `projecttaskpriority` varchar(100) CHARACTER SET utf8mb3 COLLATE utf8mb3_general_ci NULL DEFAULT NULL,
  `projecttaskprogress` varchar(100) CHARACTER SET utf8mb3 COLLATE utf8mb3_general_ci NULL DEFAULT NULL,
  `projecttaskhours` varchar(255) CHARACTER SET utf8mb3 COLLATE utf8mb3_general_ci NULL DEFAULT NULL,
  `startdate` date NULL DEFAULT NULL,
  `enddate` date NULL DEFAULT NULL,
  `projectid` varchar(100) CHARACTER SET utf8mb3 COLLATE utf8mb3_general_ci NULL DEFAULT NULL,
  `projecttasknumber` int NULL DEFAULT NULL,
  `tags` varchar(1) CHARACTER SET utf8mb3 COLLATE utf8mb3_general_ci NULL DEFAULT NULL,
  `projecttaskstatus` varchar(100) CHARACTER SET utf8mb3 COLLATE utf8mb3_general_ci NULL DEFAULT NULL,
  PRIMARY KEY (`projecttaskid`) USING BTREE,
  CONSTRAINT `fk_crmid_vtiger_projecttask` FOREIGN KEY (`projecttaskid`) REFERENCES `vtiger_crmentity` (`crmid`) ON DELETE CASCADE ON UPDATE RESTRICT
) ENGINE = InnoDB CHARACTER SET = utf8mb3 COLLATE = utf8mb3_general_ci ROW_FORMAT = Dynamic;

-- ----------------------------
-- Records of vtiger_projecttask
-- ----------------------------

-- ----------------------------
-- Table structure for vtiger_projecttask_status_color
-- ----------------------------
DROP TABLE IF EXISTS `vtiger_projecttask_status_color`;
CREATE TABLE `vtiger_projecttask_status_color`  (
  `status` varchar(255) CHARACTER SET utf8mb3 COLLATE utf8mb3_general_ci NULL DEFAULT NULL,
  `defaultcolor` varchar(50) CHARACTER SET utf8mb3 COLLATE utf8mb3_general_ci NULL DEFAULT NULL,
  `color` varchar(50) CHARACTER SET utf8mb3 COLLATE utf8mb3_general_ci NULL DEFAULT NULL,
  UNIQUE INDEX `status`(`status` ASC) USING BTREE
) ENGINE = InnoDB CHARACTER SET = utf8mb3 COLLATE = utf8mb3_general_ci ROW_FORMAT = Dynamic;

-- ----------------------------
-- Records of vtiger_projecttask_status_color
-- ----------------------------
INSERT INTO `vtiger_projecttask_status_color` VALUES ('Open', '#0099ff', NULL);
INSERT INTO `vtiger_projecttask_status_color` VALUES ('In Progress', '#fdff00', NULL);
INSERT INTO `vtiger_projecttask_status_color` VALUES ('Completed', '#3BBF67', NULL);
INSERT INTO `vtiger_projecttask_status_color` VALUES ('Deferred', '#fbb11e', NULL);
INSERT INTO `vtiger_projecttask_status_color` VALUES ('Canceled', '#660066', NULL);

-- ----------------------------
-- Table structure for vtiger_projecttaskcf
-- ----------------------------
DROP TABLE IF EXISTS `vtiger_projecttaskcf`;
CREATE TABLE `vtiger_projecttaskcf`  (
  `projecttaskid` int NOT NULL DEFAULT 0,
  PRIMARY KEY (`projecttaskid`) USING BTREE,
  CONSTRAINT `fk_projecttaskid_vtiger_projecttaskcf` FOREIGN KEY (`projecttaskid`) REFERENCES `vtiger_projecttask` (`projecttaskid`) ON DELETE CASCADE ON UPDATE RESTRICT
) ENGINE = InnoDB CHARACTER SET = utf8mb3 COLLATE = utf8mb3_general_ci ROW_FORMAT = Dynamic;

-- ----------------------------
-- Records of vtiger_projecttaskcf
-- ----------------------------

-- ----------------------------
-- Table structure for vtiger_projecttaskpriority
-- ----------------------------
DROP TABLE IF EXISTS `vtiger_projecttaskpriority`;
CREATE TABLE `vtiger_projecttaskpriority`  (
  `projecttaskpriorityid` int NOT NULL AUTO_INCREMENT,
  `projecttaskpriority` varchar(200) CHARACTER SET utf8mb3 COLLATE utf8mb3_general_ci NOT NULL,
  `presence` int NOT NULL DEFAULT 1,
  `picklist_valueid` int NOT NULL DEFAULT 0,
  `sortorderid` int NULL DEFAULT 0,
  `color` varchar(10) CHARACTER SET utf8mb3 COLLATE utf8mb3_general_ci NULL DEFAULT NULL,
  PRIMARY KEY (`projecttaskpriorityid`) USING BTREE
) ENGINE = InnoDB AUTO_INCREMENT = 5 CHARACTER SET = utf8mb3 COLLATE = utf8mb3_general_ci ROW_FORMAT = Dynamic;

-- ----------------------------
-- Records of vtiger_projecttaskpriority
-- ----------------------------
INSERT INTO `vtiger_projecttaskpriority` VALUES (2, 'low', 1, 246, 2, NULL);
INSERT INTO `vtiger_projecttaskpriority` VALUES (3, 'normal', 1, 247, 3, NULL);
INSERT INTO `vtiger_projecttaskpriority` VALUES (4, 'high', 1, 248, 4, NULL);

-- ----------------------------
-- Table structure for vtiger_projecttaskpriority_seq
-- ----------------------------
DROP TABLE IF EXISTS `vtiger_projecttaskpriority_seq`;
CREATE TABLE `vtiger_projecttaskpriority_seq`  (
  `id` int NOT NULL
) ENGINE = InnoDB CHARACTER SET = utf8mb4 COLLATE = utf8mb4_0900_ai_ci ROW_FORMAT = Dynamic;

-- ----------------------------
-- Records of vtiger_projecttaskpriority_seq
-- ----------------------------
INSERT INTO `vtiger_projecttaskpriority_seq` VALUES (4);

-- ----------------------------
-- Table structure for vtiger_projecttaskprogress
-- ----------------------------
DROP TABLE IF EXISTS `vtiger_projecttaskprogress`;
CREATE TABLE `vtiger_projecttaskprogress`  (
  `projecttaskprogressid` int NOT NULL AUTO_INCREMENT,
  `projecttaskprogress` varchar(200) CHARACTER SET utf8mb3 COLLATE utf8mb3_general_ci NOT NULL,
  `presence` int NOT NULL DEFAULT 1,
  `picklist_valueid` int NOT NULL DEFAULT 0,
  `sortorderid` int NULL DEFAULT 0,
  `color` varchar(10) CHARACTER SET utf8mb3 COLLATE utf8mb3_general_ci NULL DEFAULT NULL,
  PRIMARY KEY (`projecttaskprogressid`) USING BTREE
) ENGINE = InnoDB AUTO_INCREMENT = 12 CHARACTER SET = utf8mb3 COLLATE = utf8mb3_general_ci ROW_FORMAT = Dynamic;

-- ----------------------------
-- Records of vtiger_projecttaskprogress
-- ----------------------------
INSERT INTO `vtiger_projecttaskprogress` VALUES (2, '10%', 1, 250, 2, NULL);
INSERT INTO `vtiger_projecttaskprogress` VALUES (3, '20%', 1, 251, 3, NULL);
INSERT INTO `vtiger_projecttaskprogress` VALUES (4, '30%', 1, 252, 4, NULL);
INSERT INTO `vtiger_projecttaskprogress` VALUES (5, '40%', 1, 253, 5, NULL);
INSERT INTO `vtiger_projecttaskprogress` VALUES (6, '50%', 1, 254, 6, NULL);
INSERT INTO `vtiger_projecttaskprogress` VALUES (7, '60%', 1, 255, 7, NULL);
INSERT INTO `vtiger_projecttaskprogress` VALUES (8, '70%', 1, 256, 8, NULL);
INSERT INTO `vtiger_projecttaskprogress` VALUES (9, '80%', 1, 257, 9, NULL);
INSERT INTO `vtiger_projecttaskprogress` VALUES (10, '90%', 1, 258, 10, NULL);
INSERT INTO `vtiger_projecttaskprogress` VALUES (11, '100%', 1, 259, 11, NULL);

-- ----------------------------
-- Table structure for vtiger_projecttaskprogress_seq
-- ----------------------------
DROP TABLE IF EXISTS `vtiger_projecttaskprogress_seq`;
CREATE TABLE `vtiger_projecttaskprogress_seq`  (
  `id` int NOT NULL
) ENGINE = InnoDB CHARACTER SET = utf8mb4 COLLATE = utf8mb4_0900_ai_ci ROW_FORMAT = Dynamic;

-- ----------------------------
-- Records of vtiger_projecttaskprogress_seq
-- ----------------------------
INSERT INTO `vtiger_projecttaskprogress_seq` VALUES (11);

-- ----------------------------
-- Table structure for vtiger_projecttaskstatus
-- ----------------------------
DROP TABLE IF EXISTS `vtiger_projecttaskstatus`;
CREATE TABLE `vtiger_projecttaskstatus`  (
  `projecttaskstatusid` int NOT NULL AUTO_INCREMENT,
  `projecttaskstatus` varchar(200) CHARACTER SET utf8mb3 COLLATE utf8mb3_general_ci NOT NULL,
  `presence` int NOT NULL DEFAULT 1,
  `picklist_valueid` int NOT NULL DEFAULT 0,
  `sortorderid` int NULL DEFAULT 0,
  `color` varchar(10) CHARACTER SET utf8mb3 COLLATE utf8mb3_general_ci NULL DEFAULT NULL,
  PRIMARY KEY (`projecttaskstatusid`) USING BTREE
) ENGINE = InnoDB AUTO_INCREMENT = 7 CHARACTER SET = utf8mb3 COLLATE = utf8mb3_general_ci ROW_FORMAT = Dynamic;

-- ----------------------------
-- Records of vtiger_projecttaskstatus
-- ----------------------------
INSERT INTO `vtiger_projecttaskstatus` VALUES (2, 'Open', 0, 290, 2, NULL);
INSERT INTO `vtiger_projecttaskstatus` VALUES (3, 'In Progress', 0, 291, 3, NULL);
INSERT INTO `vtiger_projecttaskstatus` VALUES (4, 'Completed', 0, 292, 4, NULL);
INSERT INTO `vtiger_projecttaskstatus` VALUES (5, 'Deferred', 0, 293, 5, NULL);
INSERT INTO `vtiger_projecttaskstatus` VALUES (6, 'Canceled', 0, 294, 6, NULL);

-- ----------------------------
-- Table structure for vtiger_projecttaskstatus_seq
-- ----------------------------
DROP TABLE IF EXISTS `vtiger_projecttaskstatus_seq`;
CREATE TABLE `vtiger_projecttaskstatus_seq`  (
  `id` int NOT NULL
) ENGINE = InnoDB CHARACTER SET = utf8mb4 COLLATE = utf8mb4_0900_ai_ci ROW_FORMAT = Dynamic;

-- ----------------------------
-- Records of vtiger_projecttaskstatus_seq
-- ----------------------------
INSERT INTO `vtiger_projecttaskstatus_seq` VALUES (6);

-- ----------------------------
-- Table structure for vtiger_projecttasktype
-- ----------------------------
DROP TABLE IF EXISTS `vtiger_projecttasktype`;
CREATE TABLE `vtiger_projecttasktype`  (
  `projecttasktypeid` int NOT NULL AUTO_INCREMENT,
  `projecttasktype` varchar(200) CHARACTER SET utf8mb3 COLLATE utf8mb3_general_ci NOT NULL,
  `presence` int NOT NULL DEFAULT 1,
  `picklist_valueid` int NOT NULL DEFAULT 0,
  `sortorderid` int NULL DEFAULT 0,
  `color` varchar(10) CHARACTER SET utf8mb3 COLLATE utf8mb3_general_ci NULL DEFAULT NULL,
  PRIMARY KEY (`projecttasktypeid`) USING BTREE
) ENGINE = InnoDB AUTO_INCREMENT = 5 CHARACTER SET = utf8mb3 COLLATE = utf8mb3_general_ci ROW_FORMAT = Dynamic;

-- ----------------------------
-- Records of vtiger_projecttasktype
-- ----------------------------
INSERT INTO `vtiger_projecttasktype` VALUES (2, 'administrative', 1, 242, 2, NULL);
INSERT INTO `vtiger_projecttasktype` VALUES (3, 'operative', 1, 243, 3, NULL);
INSERT INTO `vtiger_projecttasktype` VALUES (4, 'other', 1, 244, 4, NULL);

-- ----------------------------
-- Table structure for vtiger_projecttasktype_seq
-- ----------------------------
DROP TABLE IF EXISTS `vtiger_projecttasktype_seq`;
CREATE TABLE `vtiger_projecttasktype_seq`  (
  `id` int NOT NULL
) ENGINE = InnoDB CHARACTER SET = utf8mb4 COLLATE = utf8mb4_0900_ai_ci ROW_FORMAT = Dynamic;

-- ----------------------------
-- Records of vtiger_projecttasktype_seq
-- ----------------------------
INSERT INTO `vtiger_projecttasktype_seq` VALUES (4);

-- ----------------------------
-- Table structure for vtiger_projecttype
-- ----------------------------
DROP TABLE IF EXISTS `vtiger_projecttype`;
CREATE TABLE `vtiger_projecttype`  (
  `projecttypeid` int NOT NULL AUTO_INCREMENT,
  `projecttype` varchar(200) CHARACTER SET utf8mb3 COLLATE utf8mb3_general_ci NOT NULL,
  `presence` int NOT NULL DEFAULT 1,
  `picklist_valueid` int NOT NULL DEFAULT 0,
  `sortorderid` int NULL DEFAULT 0,
  `color` varchar(10) CHARACTER SET utf8mb3 COLLATE utf8mb3_general_ci NULL DEFAULT NULL,
  PRIMARY KEY (`projecttypeid`) USING BTREE
) ENGINE = InnoDB AUTO_INCREMENT = 5 CHARACTER SET = utf8mb3 COLLATE = utf8mb3_general_ci ROW_FORMAT = Dynamic;

-- ----------------------------
-- Records of vtiger_projecttype
-- ----------------------------
INSERT INTO `vtiger_projecttype` VALUES (2, 'administrative', 1, 270, 2, NULL);
INSERT INTO `vtiger_projecttype` VALUES (3, 'operative', 1, 271, 3, NULL);
INSERT INTO `vtiger_projecttype` VALUES (4, 'other', 1, 272, 4, NULL);

-- ----------------------------
-- Table structure for vtiger_projecttype_seq
-- ----------------------------
DROP TABLE IF EXISTS `vtiger_projecttype_seq`;
CREATE TABLE `vtiger_projecttype_seq`  (
  `id` int NOT NULL
) ENGINE = InnoDB CHARACTER SET = utf8mb4 COLLATE = utf8mb4_0900_ai_ci ROW_FORMAT = Dynamic;

-- ----------------------------
-- Records of vtiger_projecttype_seq
-- ----------------------------
INSERT INTO `vtiger_projecttype_seq` VALUES (4);

-- ----------------------------
-- Table structure for vtiger_purchaseorder
-- ----------------------------
DROP TABLE IF EXISTS `vtiger_purchaseorder`;
CREATE TABLE `vtiger_purchaseorder`  (
  `purchaseorderid` int NOT NULL DEFAULT 0,
  `subject` varchar(100) CHARACTER SET utf8mb3 COLLATE utf8mb3_general_ci NULL DEFAULT NULL,
  `quoteid` int NULL DEFAULT NULL,
  `vendorid` int NULL DEFAULT NULL,
  `requisition_no` varchar(100) CHARACTER SET utf8mb3 COLLATE utf8mb3_general_ci NULL DEFAULT NULL,
  `purchaseorder_no` varchar(100) CHARACTER SET utf8mb3 COLLATE utf8mb3_general_ci NULL DEFAULT NULL,
  `tracking_no` varchar(100) CHARACTER SET utf8mb3 COLLATE utf8mb3_general_ci NULL DEFAULT NULL,
  `contactid` int NULL DEFAULT NULL,
  `duedate` date NULL DEFAULT NULL,
  `carrier` varchar(200) CHARACTER SET utf8mb3 COLLATE utf8mb3_general_ci NULL DEFAULT NULL,
  `type` varchar(100) CHARACTER SET utf8mb3 COLLATE utf8mb3_general_ci NULL DEFAULT NULL,
  `adjustment` decimal(25, 8) NULL DEFAULT NULL,
  `salescommission` decimal(25, 3) NULL DEFAULT NULL,
  `exciseduty` decimal(25, 3) NULL DEFAULT NULL,
  `total` decimal(25, 8) NULL DEFAULT NULL,
  `subtotal` decimal(25, 8) NULL DEFAULT NULL,
  `taxtype` varchar(25) CHARACTER SET utf8mb3 COLLATE utf8mb3_general_ci NULL DEFAULT NULL,
  `discount_percent` decimal(25, 3) NULL DEFAULT NULL,
  `discount_amount` decimal(25, 8) NULL DEFAULT NULL,
  `s_h_amount` decimal(25, 8) NULL DEFAULT NULL,
  `terms_conditions` text CHARACTER SET utf8mb3 COLLATE utf8mb3_general_ci NULL,
  `postatus` varchar(200) CHARACTER SET utf8mb3 COLLATE utf8mb3_general_ci NULL DEFAULT NULL,
  `currency_id` int NOT NULL DEFAULT 1,
  `conversion_rate` decimal(10, 3) NOT NULL DEFAULT 1.000,
  `compound_taxes_info` text CHARACTER SET utf8mb3 COLLATE utf8mb3_general_ci NULL,
  `pre_tax_total` decimal(25, 8) NULL DEFAULT NULL,
  `paid` decimal(25, 8) NULL DEFAULT NULL,
  `balance` decimal(25, 8) NULL DEFAULT NULL,
  `s_h_percent` decimal(25, 3) NULL DEFAULT NULL,
  `tags` varchar(1) CHARACTER SET utf8mb3 COLLATE utf8mb3_general_ci NULL DEFAULT NULL,
  `region_id` int NULL DEFAULT NULL,
  PRIMARY KEY (`purchaseorderid`) USING BTREE,
  INDEX `purchaseorder_vendorid_idx`(`vendorid` ASC) USING BTREE,
  INDEX `purchaseorder_quoteid_idx`(`quoteid` ASC) USING BTREE,
  INDEX `purchaseorder_contactid_idx`(`contactid` ASC) USING BTREE,
  CONSTRAINT `fk_4_vtiger_purchaseorder` FOREIGN KEY (`vendorid`) REFERENCES `vtiger_vendor` (`vendorid`) ON DELETE CASCADE ON UPDATE RESTRICT,
  CONSTRAINT `fk_crmid_vtiger_purchaseorder` FOREIGN KEY (`purchaseorderid`) REFERENCES `vtiger_crmentity` (`crmid`) ON DELETE CASCADE ON UPDATE RESTRICT
) ENGINE = InnoDB CHARACTER SET = utf8mb3 COLLATE = utf8mb3_general_ci ROW_FORMAT = Dynamic;

-- ----------------------------
-- Records of vtiger_purchaseorder
-- ----------------------------

-- ----------------------------
-- Table structure for vtiger_purchaseordercf
-- ----------------------------
DROP TABLE IF EXISTS `vtiger_purchaseordercf`;
CREATE TABLE `vtiger_purchaseordercf`  (
  `purchaseorderid` int NOT NULL DEFAULT 0,
  PRIMARY KEY (`purchaseorderid`) USING BTREE,
  CONSTRAINT `fk_1_vtiger_purchaseordercf` FOREIGN KEY (`purchaseorderid`) REFERENCES `vtiger_purchaseorder` (`purchaseorderid`) ON DELETE CASCADE ON UPDATE RESTRICT
) ENGINE = InnoDB CHARACTER SET = utf8mb3 COLLATE = utf8mb3_general_ci ROW_FORMAT = Dynamic;

-- ----------------------------
-- Records of vtiger_purchaseordercf
-- ----------------------------

-- ----------------------------
-- Table structure for vtiger_quotes
-- ----------------------------
DROP TABLE IF EXISTS `vtiger_quotes`;
CREATE TABLE `vtiger_quotes`  (
  `quoteid` int NOT NULL DEFAULT 0,
  `subject` varchar(100) CHARACTER SET utf8mb3 COLLATE utf8mb3_general_ci NULL DEFAULT NULL,
  `potentialid` int NULL DEFAULT NULL,
  `quotestage` varchar(200) CHARACTER SET utf8mb3 COLLATE utf8mb3_general_ci NULL DEFAULT NULL,
  `validtill` date NULL DEFAULT NULL,
  `contactid` int NULL DEFAULT NULL,
  `quote_no` varchar(100) CHARACTER SET utf8mb3 COLLATE utf8mb3_general_ci NULL DEFAULT NULL,
  `subtotal` decimal(25, 8) NULL DEFAULT NULL,
  `carrier` varchar(200) CHARACTER SET utf8mb3 COLLATE utf8mb3_general_ci NULL DEFAULT NULL,
  `shipping` varchar(100) CHARACTER SET utf8mb3 COLLATE utf8mb3_general_ci NULL DEFAULT NULL,
  `inventorymanager` int NULL DEFAULT NULL,
  `type` varchar(100) CHARACTER SET utf8mb3 COLLATE utf8mb3_general_ci NULL DEFAULT NULL,
  `adjustment` decimal(25, 8) NULL DEFAULT NULL,
  `total` decimal(25, 8) NULL DEFAULT NULL,
  `taxtype` varchar(25) CHARACTER SET utf8mb3 COLLATE utf8mb3_general_ci NULL DEFAULT NULL,
  `discount_percent` decimal(25, 3) NULL DEFAULT NULL,
  `discount_amount` decimal(25, 8) NULL DEFAULT NULL,
  `s_h_amount` decimal(25, 8) NULL DEFAULT NULL,
  `accountid` int NULL DEFAULT NULL,
  `terms_conditions` text CHARACTER SET utf8mb3 COLLATE utf8mb3_general_ci NULL,
  `currency_id` int NOT NULL DEFAULT 1,
  `conversion_rate` decimal(10, 3) NOT NULL DEFAULT 1.000,
  `compound_taxes_info` text CHARACTER SET utf8mb3 COLLATE utf8mb3_general_ci NULL,
  `pre_tax_total` decimal(25, 8) NULL DEFAULT NULL,
  `s_h_percent` decimal(25, 3) NULL DEFAULT NULL,
  `tags` varchar(1) CHARACTER SET utf8mb3 COLLATE utf8mb3_general_ci NULL DEFAULT NULL,
  `region_id` int NULL DEFAULT NULL,
  PRIMARY KEY (`quoteid`) USING BTREE,
  INDEX `quote_quotestage_idx`(`quotestage` ASC) USING BTREE,
  INDEX `quotes_potentialid_idx`(`potentialid` ASC) USING BTREE,
  INDEX `quotes_contactid_idx`(`contactid` ASC) USING BTREE,
  CONSTRAINT `fk_3_vtiger_quotes` FOREIGN KEY (`potentialid`) REFERENCES `vtiger_potential` (`potentialid`) ON DELETE CASCADE ON UPDATE RESTRICT,
  CONSTRAINT `fk_crmid_vtiger_quotes` FOREIGN KEY (`quoteid`) REFERENCES `vtiger_crmentity` (`crmid`) ON DELETE CASCADE ON UPDATE RESTRICT
) ENGINE = InnoDB CHARACTER SET = utf8mb3 COLLATE = utf8mb3_general_ci ROW_FORMAT = Dynamic;

-- ----------------------------
-- Records of vtiger_quotes
-- ----------------------------

-- ----------------------------
-- Table structure for vtiger_quotesbillads
-- ----------------------------
DROP TABLE IF EXISTS `vtiger_quotesbillads`;
CREATE TABLE `vtiger_quotesbillads`  (
  `quotebilladdressid` int NOT NULL DEFAULT 0,
  `bill_city` varchar(30) CHARACTER SET utf8mb3 COLLATE utf8mb3_general_ci NULL DEFAULT NULL,
  `bill_code` varchar(30) CHARACTER SET utf8mb3 COLLATE utf8mb3_general_ci NULL DEFAULT NULL,
  `bill_country` varchar(30) CHARACTER SET utf8mb3 COLLATE utf8mb3_general_ci NULL DEFAULT NULL,
  `bill_state` varchar(30) CHARACTER SET utf8mb3 COLLATE utf8mb3_general_ci NULL DEFAULT NULL,
  `bill_street` varchar(250) CHARACTER SET utf8mb3 COLLATE utf8mb3_general_ci NULL DEFAULT NULL,
  `bill_pobox` varchar(30) CHARACTER SET utf8mb3 COLLATE utf8mb3_general_ci NULL DEFAULT NULL,
  PRIMARY KEY (`quotebilladdressid`) USING BTREE,
  CONSTRAINT `fk_1_vtiger_quotesbillads` FOREIGN KEY (`quotebilladdressid`) REFERENCES `vtiger_quotes` (`quoteid`) ON DELETE CASCADE ON UPDATE RESTRICT
) ENGINE = InnoDB CHARACTER SET = utf8mb3 COLLATE = utf8mb3_general_ci ROW_FORMAT = Dynamic;

-- ----------------------------
-- Records of vtiger_quotesbillads
-- ----------------------------

-- ----------------------------
-- Table structure for vtiger_quotescf
-- ----------------------------
DROP TABLE IF EXISTS `vtiger_quotescf`;
CREATE TABLE `vtiger_quotescf`  (
  `quoteid` int NOT NULL DEFAULT 0,
  PRIMARY KEY (`quoteid`) USING BTREE,
  CONSTRAINT `fk_1_vtiger_quotescf` FOREIGN KEY (`quoteid`) REFERENCES `vtiger_quotes` (`quoteid`) ON DELETE CASCADE ON UPDATE RESTRICT
) ENGINE = InnoDB CHARACTER SET = utf8mb3 COLLATE = utf8mb3_general_ci ROW_FORMAT = Dynamic;

-- ----------------------------
-- Records of vtiger_quotescf
-- ----------------------------

-- ----------------------------
-- Table structure for vtiger_quotesshipads
-- ----------------------------
DROP TABLE IF EXISTS `vtiger_quotesshipads`;
CREATE TABLE `vtiger_quotesshipads`  (
  `quoteshipaddressid` int NOT NULL DEFAULT 0,
  `ship_city` varchar(30) CHARACTER SET utf8mb3 COLLATE utf8mb3_general_ci NULL DEFAULT NULL,
  `ship_code` varchar(30) CHARACTER SET utf8mb3 COLLATE utf8mb3_general_ci NULL DEFAULT NULL,
  `ship_country` varchar(30) CHARACTER SET utf8mb3 COLLATE utf8mb3_general_ci NULL DEFAULT NULL,
  `ship_state` varchar(30) CHARACTER SET utf8mb3 COLLATE utf8mb3_general_ci NULL DEFAULT NULL,
  `ship_street` varchar(250) CHARACTER SET utf8mb3 COLLATE utf8mb3_general_ci NULL DEFAULT NULL,
  `ship_pobox` varchar(30) CHARACTER SET utf8mb3 COLLATE utf8mb3_general_ci NULL DEFAULT NULL,
  PRIMARY KEY (`quoteshipaddressid`) USING BTREE,
  CONSTRAINT `fk_1_vtiger_quotesshipads` FOREIGN KEY (`quoteshipaddressid`) REFERENCES `vtiger_quotes` (`quoteid`) ON DELETE CASCADE ON UPDATE RESTRICT
) ENGINE = InnoDB CHARACTER SET = utf8mb3 COLLATE = utf8mb3_general_ci ROW_FORMAT = Dynamic;

-- ----------------------------
-- Records of vtiger_quotesshipads
-- ----------------------------

-- ----------------------------
-- Table structure for vtiger_quotestage
-- ----------------------------
DROP TABLE IF EXISTS `vtiger_quotestage`;
CREATE TABLE `vtiger_quotestage`  (
  `quotestageid` int NOT NULL AUTO_INCREMENT,
  `quotestage` varchar(200) CHARACTER SET utf8mb3 COLLATE utf8mb3_general_ci NOT NULL,
  `presence` int NOT NULL DEFAULT 1,
  `picklist_valueid` int NOT NULL DEFAULT 0,
  `sortorderid` int NULL DEFAULT NULL,
  `color` varchar(10) CHARACTER SET utf8mb3 COLLATE utf8mb3_general_ci NULL DEFAULT NULL,
  PRIMARY KEY (`quotestageid`) USING BTREE,
  UNIQUE INDEX `quotestage_quotestage_idx`(`quotestage` ASC) USING BTREE
) ENGINE = InnoDB AUTO_INCREMENT = 6 CHARACTER SET = utf8mb3 COLLATE = utf8mb3_general_ci ROW_FORMAT = Dynamic;

-- ----------------------------
-- Records of vtiger_quotestage
-- ----------------------------
INSERT INTO `vtiger_quotestage` VALUES (1, 'Created', 0, 139, 0, NULL);
INSERT INTO `vtiger_quotestage` VALUES (2, 'Delivered', 0, 140, 1, NULL);
INSERT INTO `vtiger_quotestage` VALUES (3, 'Reviewed', 0, 141, 2, NULL);
INSERT INTO `vtiger_quotestage` VALUES (4, 'Accepted', 0, 142, 3, NULL);
INSERT INTO `vtiger_quotestage` VALUES (5, 'Rejected', 0, 143, 4, NULL);

-- ----------------------------
-- Table structure for vtiger_quotestage_seq
-- ----------------------------
DROP TABLE IF EXISTS `vtiger_quotestage_seq`;
CREATE TABLE `vtiger_quotestage_seq`  (
  `id` int NOT NULL
) ENGINE = InnoDB CHARACTER SET = utf8mb4 COLLATE = utf8mb4_0900_ai_ci ROW_FORMAT = Dynamic;

-- ----------------------------
-- Records of vtiger_quotestage_seq
-- ----------------------------
INSERT INTO `vtiger_quotestage_seq` VALUES (5);

-- ----------------------------
-- Table structure for vtiger_quotestagehistory
-- ----------------------------
DROP TABLE IF EXISTS `vtiger_quotestagehistory`;
CREATE TABLE `vtiger_quotestagehistory`  (
  `historyid` int NOT NULL AUTO_INCREMENT,
  `quoteid` int NOT NULL,
  `accountname` varchar(100) CHARACTER SET utf8mb3 COLLATE utf8mb3_general_ci NULL DEFAULT NULL,
  `total` decimal(10, 0) NULL DEFAULT NULL,
  `quotestage` varchar(200) CHARACTER SET utf8mb3 COLLATE utf8mb3_general_ci NULL DEFAULT NULL,
  `lastmodified` datetime NULL DEFAULT NULL,
  PRIMARY KEY (`historyid`) USING BTREE,
  INDEX `quotestagehistory_quoteid_idx`(`quoteid` ASC) USING BTREE,
  CONSTRAINT `fk_1_vtiger_quotestagehistory` FOREIGN KEY (`quoteid`) REFERENCES `vtiger_quotes` (`quoteid`) ON DELETE CASCADE ON UPDATE RESTRICT
) ENGINE = InnoDB AUTO_INCREMENT = 1 CHARACTER SET = utf8mb3 COLLATE = utf8mb3_general_ci ROW_FORMAT = Dynamic;

-- ----------------------------
-- Records of vtiger_quotestagehistory
-- ----------------------------

-- ----------------------------
-- Table structure for vtiger_rating
-- ----------------------------
DROP TABLE IF EXISTS `vtiger_rating`;
CREATE TABLE `vtiger_rating`  (
  `rating_id` int NOT NULL AUTO_INCREMENT,
  `rating` varchar(200) CHARACTER SET utf8mb3 COLLATE utf8mb3_general_ci NULL DEFAULT NULL,
  `presence` int NOT NULL DEFAULT 1,
  `picklist_valueid` int NOT NULL DEFAULT 0,
  `sortorderid` int NULL DEFAULT NULL,
  `color` varchar(10) CHARACTER SET utf8mb3 COLLATE utf8mb3_general_ci NULL DEFAULT NULL,
  PRIMARY KEY (`rating_id`) USING BTREE
) ENGINE = InnoDB AUTO_INCREMENT = 7 CHARACTER SET = utf8mb3 COLLATE = utf8mb3_general_ci ROW_FORMAT = Dynamic;

-- ----------------------------
-- Records of vtiger_rating
-- ----------------------------
INSERT INTO `vtiger_rating` VALUES (2, 'Acquired', 1, 145, 1, NULL);
INSERT INTO `vtiger_rating` VALUES (3, 'Active', 1, 146, 2, NULL);
INSERT INTO `vtiger_rating` VALUES (4, 'Market Failed', 1, 147, 3, NULL);
INSERT INTO `vtiger_rating` VALUES (5, 'Project Cancelled', 1, 148, 4, NULL);
INSERT INTO `vtiger_rating` VALUES (6, 'Shutdown', 1, 149, 5, NULL);

-- ----------------------------
-- Table structure for vtiger_rating_seq
-- ----------------------------
DROP TABLE IF EXISTS `vtiger_rating_seq`;
CREATE TABLE `vtiger_rating_seq`  (
  `id` int NOT NULL
) ENGINE = InnoDB CHARACTER SET = utf8mb4 COLLATE = utf8mb4_0900_ai_ci ROW_FORMAT = Dynamic;

-- ----------------------------
-- Records of vtiger_rating_seq
-- ----------------------------
INSERT INTO `vtiger_rating_seq` VALUES (6);

-- ----------------------------
-- Table structure for vtiger_recurring_frequency
-- ----------------------------
DROP TABLE IF EXISTS `vtiger_recurring_frequency`;
CREATE TABLE `vtiger_recurring_frequency`  (
  `recurring_frequency_id` int NULL DEFAULT NULL,
  `recurring_frequency` varchar(200) CHARACTER SET utf8mb3 COLLATE utf8mb3_general_ci NULL DEFAULT NULL,
  `sortorderid` int NULL DEFAULT NULL,
  `presence` int NULL DEFAULT NULL,
  `color` varchar(10) CHARACTER SET utf8mb3 COLLATE utf8mb3_general_ci NULL DEFAULT NULL
) ENGINE = InnoDB CHARACTER SET = utf8mb3 COLLATE = utf8mb3_general_ci ROW_FORMAT = Dynamic;

-- ----------------------------
-- Records of vtiger_recurring_frequency
-- ----------------------------
INSERT INTO `vtiger_recurring_frequency` VALUES (2, 'Daily', 1, 1, NULL);
INSERT INTO `vtiger_recurring_frequency` VALUES (3, 'Weekly', 2, 1, NULL);
INSERT INTO `vtiger_recurring_frequency` VALUES (4, 'Monthly', 3, 1, NULL);
INSERT INTO `vtiger_recurring_frequency` VALUES (5, 'Quarterly', 4, 1, NULL);
INSERT INTO `vtiger_recurring_frequency` VALUES (6, 'Yearly', 5, 1, NULL);

-- ----------------------------
-- Table structure for vtiger_recurring_frequency_seq
-- ----------------------------
DROP TABLE IF EXISTS `vtiger_recurring_frequency_seq`;
CREATE TABLE `vtiger_recurring_frequency_seq`  (
  `id` int NOT NULL
) ENGINE = InnoDB CHARACTER SET = utf8mb4 COLLATE = utf8mb4_0900_ai_ci ROW_FORMAT = Dynamic;

-- ----------------------------
-- Records of vtiger_recurring_frequency_seq
-- ----------------------------
INSERT INTO `vtiger_recurring_frequency_seq` VALUES (6);

-- ----------------------------
-- Table structure for vtiger_recurringevents
-- ----------------------------
DROP TABLE IF EXISTS `vtiger_recurringevents`;
CREATE TABLE `vtiger_recurringevents`  (
  `recurringid` int NOT NULL AUTO_INCREMENT,
  `activityid` int NOT NULL,
  `recurringdate` date NULL DEFAULT NULL,
  `recurringtype` varchar(30) CHARACTER SET utf8mb3 COLLATE utf8mb3_general_ci NULL DEFAULT NULL,
  `recurringfreq` int NULL DEFAULT NULL,
  `recurringinfo` varchar(50) CHARACTER SET utf8mb3 COLLATE utf8mb3_general_ci NULL DEFAULT NULL,
  `recurringenddate` date NULL DEFAULT NULL,
  PRIMARY KEY (`recurringid`) USING BTREE,
  INDEX `fk_1_vtiger_recurringevents`(`activityid` ASC) USING BTREE,
  CONSTRAINT `fk_1_vtiger_recurringevents` FOREIGN KEY (`activityid`) REFERENCES `vtiger_activity` (`activityid`) ON DELETE CASCADE ON UPDATE RESTRICT
) ENGINE = InnoDB AUTO_INCREMENT = 1 CHARACTER SET = utf8mb3 COLLATE = utf8mb3_general_ci ROW_FORMAT = Dynamic;

-- ----------------------------
-- Records of vtiger_recurringevents
-- ----------------------------

-- ----------------------------
-- Table structure for vtiger_recurringtype
-- ----------------------------
DROP TABLE IF EXISTS `vtiger_recurringtype`;
CREATE TABLE `vtiger_recurringtype`  (
  `recurringeventid` int NOT NULL AUTO_INCREMENT,
  `recurringtype` varchar(200) CHARACTER SET utf8mb3 COLLATE utf8mb3_general_ci NOT NULL,
  `sortorderid` int NOT NULL DEFAULT 0,
  `presence` int NOT NULL DEFAULT 1,
  `color` varchar(10) CHARACTER SET utf8mb3 COLLATE utf8mb3_general_ci NULL DEFAULT NULL,
  PRIMARY KEY (`recurringeventid`) USING BTREE,
  UNIQUE INDEX `recurringtype_status_idx`(`recurringtype` ASC) USING BTREE
) ENGINE = InnoDB AUTO_INCREMENT = 6 CHARACTER SET = utf8mb3 COLLATE = utf8mb3_general_ci ROW_FORMAT = Dynamic;

-- ----------------------------
-- Records of vtiger_recurringtype
-- ----------------------------
INSERT INTO `vtiger_recurringtype` VALUES (2, 'Daily', 1, 1, NULL);
INSERT INTO `vtiger_recurringtype` VALUES (3, 'Weekly', 2, 1, NULL);
INSERT INTO `vtiger_recurringtype` VALUES (4, 'Monthly', 3, 1, NULL);
INSERT INTO `vtiger_recurringtype` VALUES (5, 'Yearly', 4, 1, NULL);

-- ----------------------------
-- Table structure for vtiger_recurringtype_seq
-- ----------------------------
DROP TABLE IF EXISTS `vtiger_recurringtype_seq`;
CREATE TABLE `vtiger_recurringtype_seq`  (
  `id` int NOT NULL
) ENGINE = InnoDB CHARACTER SET = utf8mb4 COLLATE = utf8mb4_0900_ai_ci ROW_FORMAT = Dynamic;

-- ----------------------------
-- Records of vtiger_recurringtype_seq
-- ----------------------------
INSERT INTO `vtiger_recurringtype_seq` VALUES (5);

-- ----------------------------
-- Table structure for vtiger_relatedlists
-- ----------------------------
DROP TABLE IF EXISTS `vtiger_relatedlists`;
CREATE TABLE `vtiger_relatedlists`  (
  `relation_id` int NOT NULL,
  `tabid` int NULL DEFAULT NULL,
  `related_tabid` int NULL DEFAULT NULL,
  `name` varchar(100) CHARACTER SET utf8mb3 COLLATE utf8mb3_general_ci NULL DEFAULT NULL,
  `sequence` int NULL DEFAULT NULL,
  `label` varchar(100) CHARACTER SET utf8mb3 COLLATE utf8mb3_general_ci NULL DEFAULT NULL,
  `presence` int NOT NULL DEFAULT 0,
  `actions` varchar(50) CHARACTER SET utf8mb3 COLLATE utf8mb3_general_ci NOT NULL DEFAULT '',
  `relationfieldid` int NULL DEFAULT NULL,
  `source` varchar(25) CHARACTER SET utf8mb3 COLLATE utf8mb3_general_ci NULL DEFAULT NULL,
  `relationtype` varchar(10) CHARACTER SET utf8mb3 COLLATE utf8mb3_general_ci NULL DEFAULT NULL,
  PRIMARY KEY (`relation_id`) USING BTREE,
  INDEX `relatedlists_relation_id_idx`(`relation_id` ASC) USING BTREE
) ENGINE = InnoDB CHARACTER SET = utf8mb3 COLLATE = utf8mb3_general_ci ROW_FORMAT = Dynamic;

-- ----------------------------
-- Records of vtiger_relatedlists
-- ----------------------------
INSERT INTO `vtiger_relatedlists` VALUES (1, 6, 4, 'get_contacts', 2, 'Contacts', 0, 'add', 72, '', '1:N');
INSERT INTO `vtiger_relatedlists` VALUES (2, 6, 2, 'get_opportunities', 3, 'Potentials', 0, 'add', 113, '', '1:N');
INSERT INTO `vtiger_relatedlists` VALUES (3, 6, 20, 'get_quotes', 4, 'Quotes', 0, 'add', 330, '', '1:N');
INSERT INTO `vtiger_relatedlists` VALUES (4, 6, 22, 'get_salesorder', 5, 'Sales Order', 0, 'add', 409, '', '1:N');
INSERT INTO `vtiger_relatedlists` VALUES (5, 6, 23, 'get_invoices', 6, 'Invoice', 0, 'add', 452, '', '1:N');
INSERT INTO `vtiger_relatedlists` VALUES (6, 6, 9, 'get_activities', 7, 'Activities', 0, 'add', 238, '', '1:N');
INSERT INTO `vtiger_relatedlists` VALUES (7, 6, 10, 'get_emails', 8, 'Emails', 0, 'add', NULL, '', 'N:N');
INSERT INTO `vtiger_relatedlists` VALUES (8, 6, 9, 'get_history', 9, 'Activity History', 0, 'add', 238, '', '1:N');
INSERT INTO `vtiger_relatedlists` VALUES (9, 6, 8, 'get_attachments', 10, 'Documents', 0, 'add,select', NULL, '', 'N:N');
INSERT INTO `vtiger_relatedlists` VALUES (10, 6, 13, 'get_tickets', 11, 'HelpDesk', 0, 'add', 157, '', '1:N');
INSERT INTO `vtiger_relatedlists` VALUES (11, 6, 14, 'get_products', 12, 'Products', 0, 'select', NULL, '', 'N:N');
INSERT INTO `vtiger_relatedlists` VALUES (12, 7, 9, 'get_activities', 2, 'Activities', 0, 'add', 238, '', '1:N');
INSERT INTO `vtiger_relatedlists` VALUES (13, 7, 10, 'get_emails', 3, 'Emails', 0, 'add', NULL, '', 'N:N');
INSERT INTO `vtiger_relatedlists` VALUES (14, 7, 9, 'get_history', 4, 'Activity History', 0, 'add', 238, '', '1:N');
INSERT INTO `vtiger_relatedlists` VALUES (15, 7, 8, 'get_attachments', 5, 'Documents', 0, 'add,select', NULL, '', 'N:N');
INSERT INTO `vtiger_relatedlists` VALUES (16, 7, 14, 'get_products', 6, 'Products', 0, 'select', NULL, '', 'N:N');
INSERT INTO `vtiger_relatedlists` VALUES (17, 7, 26, 'get_campaigns', 7, 'Campaigns', 0, 'select', NULL, '', 'N:N');
INSERT INTO `vtiger_relatedlists` VALUES (18, 4, 2, 'get_opportunities', 2, 'Potentials', 0, 'add', 740, '', '1:N');
INSERT INTO `vtiger_relatedlists` VALUES (19, 4, 9, 'get_activities', 3, 'Activities', 0, 'add', 239, '', '1:N');
INSERT INTO `vtiger_relatedlists` VALUES (20, 4, 10, 'get_emails', 4, 'Emails', 0, 'add', NULL, '', 'N:N');
INSERT INTO `vtiger_relatedlists` VALUES (21, 4, 13, 'get_tickets', 5, 'HelpDesk', 0, 'add', 741, '', '1:N');
INSERT INTO `vtiger_relatedlists` VALUES (22, 4, 20, 'get_quotes', 6, 'Quotes', 0, 'add', 319, '', '1:N');
INSERT INTO `vtiger_relatedlists` VALUES (23, 4, 21, 'get_purchase_orders', 7, 'Purchase Order', 0, 'add', 356, '', '1:N');
INSERT INTO `vtiger_relatedlists` VALUES (24, 4, 22, 'get_salesorder', 8, 'Sales Order', 0, 'add', 395, '', '1:N');
INSERT INTO `vtiger_relatedlists` VALUES (25, 4, 14, 'get_products', 9, 'Products', 0, 'select', NULL, '', 'N:N');
INSERT INTO `vtiger_relatedlists` VALUES (26, 4, 9, 'get_history', 10, 'Activity History', 0, 'add', 239, '', '1:N');
INSERT INTO `vtiger_relatedlists` VALUES (27, 4, 8, 'get_attachments', 11, 'Documents', 0, 'add,select', NULL, '', 'N:N');
INSERT INTO `vtiger_relatedlists` VALUES (28, 4, 26, 'get_campaigns', 12, 'Campaigns', 0, 'select', NULL, '', 'N:N');
INSERT INTO `vtiger_relatedlists` VALUES (29, 4, 23, 'get_invoices', 13, 'Invoice', 0, 'add', 439, '', '1:N');
INSERT INTO `vtiger_relatedlists` VALUES (30, 2, 9, 'get_activities', 2, 'Activities', 0, 'add', 238, '', '1:N');
INSERT INTO `vtiger_relatedlists` VALUES (31, 2, 4, 'get_contacts', 3, 'Contacts', 0, 'select', NULL, '', 'N:N');
INSERT INTO `vtiger_relatedlists` VALUES (32, 2, 14, 'get_products', 4, 'Products', 0, 'select', NULL, '', 'N:N');
INSERT INTO `vtiger_relatedlists` VALUES (33, 2, 0, 'get_stage_history', 5, 'Sales Stage History', 0, '', NULL, '', 'N:N');
INSERT INTO `vtiger_relatedlists` VALUES (34, 2, 8, 'get_attachments', 6, 'Documents', 0, 'add,select', NULL, '', 'N:N');
INSERT INTO `vtiger_relatedlists` VALUES (35, 2, 20, 'get_Quotes', 7, 'Quotes', 0, 'add', 316, '', '1:N');
INSERT INTO `vtiger_relatedlists` VALUES (36, 2, 22, 'get_salesorder', 8, 'Sales Order', 0, 'add', 391, '', '1:N');
INSERT INTO `vtiger_relatedlists` VALUES (37, 2, 9, 'get_history', 9, 'Activity History', 0, '', 238, '', '1:N');
INSERT INTO `vtiger_relatedlists` VALUES (38, 14, 13, 'get_tickets', 1, 'HelpDesk', 0, 'add', 159, '', '1:N');
INSERT INTO `vtiger_relatedlists` VALUES (39, 14, 8, 'get_attachments', 3, 'Documents', 0, 'add,select', NULL, '', 'N:N');
INSERT INTO `vtiger_relatedlists` VALUES (40, 14, 20, 'get_quotes', 4, 'Quotes', 0, 'add', 703, '', '1:N');
INSERT INTO `vtiger_relatedlists` VALUES (41, 14, 21, 'get_purchase_orders', 5, 'Purchase Order', 0, 'add', 694, '', '1:N');
INSERT INTO `vtiger_relatedlists` VALUES (42, 14, 22, 'get_salesorder', 6, 'Sales Order', 0, 'add', 685, '', '1:N');
INSERT INTO `vtiger_relatedlists` VALUES (43, 14, 23, 'get_invoices', 7, 'Invoice', 0, 'add', 676, '', '1:N');
INSERT INTO `vtiger_relatedlists` VALUES (44, 14, 19, 'get_product_pricebooks', 8, 'PriceBooks', 0, 'ADD,SELECT', NULL, '', 'N:N');
INSERT INTO `vtiger_relatedlists` VALUES (45, 14, 7, 'get_leads', 9, 'Leads', 0, 'select', NULL, '', 'N:N');
INSERT INTO `vtiger_relatedlists` VALUES (46, 14, 6, 'get_accounts', 10, 'Accounts', 0, 'select', NULL, '', 'N:N');
INSERT INTO `vtiger_relatedlists` VALUES (47, 14, 4, 'get_contacts', 11, 'Contacts', 0, 'select', NULL, '', 'N:N');
INSERT INTO `vtiger_relatedlists` VALUES (48, 14, 2, 'get_opportunities', 12, 'Potentials', 0, 'select', NULL, '', 'N:N');
INSERT INTO `vtiger_relatedlists` VALUES (49, 14, 14, 'get_products', 13, 'Product Bundles', 0, 'add,select', NULL, '', 'N:N');
INSERT INTO `vtiger_relatedlists` VALUES (50, 14, 14, 'get_parent_products', 14, 'Parent Product', 0, '', NULL, '', 'N:N');
INSERT INTO `vtiger_relatedlists` VALUES (51, 10, 4, 'get_contacts', 1, 'Contacts', 0, 'select,bulkmail', NULL, '', 'N:N');
INSERT INTO `vtiger_relatedlists` VALUES (52, 10, 0, 'get_users', 2, 'Users', 0, '', NULL, '', 'N:N');
INSERT INTO `vtiger_relatedlists` VALUES (53, 10, 8, 'get_attachments', 3, 'Documents', 0, 'add,select', NULL, '', 'N:N');
INSERT INTO `vtiger_relatedlists` VALUES (54, 13, 9, 'get_activities', 2, 'Activities', 0, 'add', 238, '', '1:N');
INSERT INTO `vtiger_relatedlists` VALUES (55, 13, 8, 'get_attachments', 3, 'Documents', 0, 'add,select', NULL, '', 'N:N');
INSERT INTO `vtiger_relatedlists` VALUES (56, 13, 0, 'get_ticket_history', 4, 'Ticket History', 0, '', NULL, '', 'N:N');
INSERT INTO `vtiger_relatedlists` VALUES (57, 13, 9, 'get_history', 5, 'Activity History', 0, 'add', 238, '', '1:N');
INSERT INTO `vtiger_relatedlists` VALUES (58, 19, 14, 'get_pricebook_products', 2, 'Products', 0, 'select', NULL, '', 'N:N');
INSERT INTO `vtiger_relatedlists` VALUES (59, 18, 14, 'get_products', 1, 'Products', 0, 'add,select', 185, '', '1:N');
INSERT INTO `vtiger_relatedlists` VALUES (60, 18, 21, 'get_purchase_orders', 2, 'Purchase Order', 0, 'add', 353, '', '1:N');
INSERT INTO `vtiger_relatedlists` VALUES (61, 18, 4, 'get_contacts', 3, 'Contacts', 0, 'select', NULL, '', 'N:N');
INSERT INTO `vtiger_relatedlists` VALUES (62, 18, 10, 'get_emails', 4, 'Emails', 0, 'add', NULL, '', 'N:N');
INSERT INTO `vtiger_relatedlists` VALUES (63, 20, 22, 'get_salesorder', 1, 'Sales Order', 0, '', 393, '', '1:N');
INSERT INTO `vtiger_relatedlists` VALUES (64, 20, 9, 'get_activities', 2, 'Activities', 0, 'add', NULL, '', 'N:N');
INSERT INTO `vtiger_relatedlists` VALUES (65, 20, 8, 'get_attachments', 3, 'Documents', 0, 'add,select', NULL, '', 'N:N');
INSERT INTO `vtiger_relatedlists` VALUES (66, 20, 9, 'get_history', 4, 'Activity History', 0, '', NULL, '', 'N:N');
INSERT INTO `vtiger_relatedlists` VALUES (67, 20, 0, 'get_quotestagehistory', 5, 'Quote Stage History', 0, '', NULL, '', 'N:N');
INSERT INTO `vtiger_relatedlists` VALUES (68, 21, 9, 'get_activities', 1, 'Activities', 0, 'add', NULL, '', 'N:N');
INSERT INTO `vtiger_relatedlists` VALUES (69, 21, 8, 'get_attachments', 2, 'Documents', 0, 'add,select', NULL, '', 'N:N');
INSERT INTO `vtiger_relatedlists` VALUES (70, 21, 9, 'get_history', 3, 'Activity History', 0, '', NULL, '', 'N:N');
INSERT INTO `vtiger_relatedlists` VALUES (71, 21, 0, 'get_postatushistory', 4, 'PurchaseOrder Status History', 0, '', NULL, '', 'N:N');
INSERT INTO `vtiger_relatedlists` VALUES (72, 22, 9, 'get_activities', 1, 'Activities', 0, 'add', NULL, '', 'N:N');
INSERT INTO `vtiger_relatedlists` VALUES (73, 22, 8, 'get_attachments', 2, 'Documents', 0, 'add,select', NULL, '', 'N:N');
INSERT INTO `vtiger_relatedlists` VALUES (74, 22, 23, 'get_invoices', 3, 'Invoice', 0, '', 437, '', '1:N');
INSERT INTO `vtiger_relatedlists` VALUES (75, 22, 9, 'get_history', 4, 'Activity History', 0, '', NULL, '', 'N:N');
INSERT INTO `vtiger_relatedlists` VALUES (76, 22, 0, 'get_sostatushistory', 5, 'SalesOrder Status History', 0, '', NULL, '', 'N:N');
INSERT INTO `vtiger_relatedlists` VALUES (77, 23, 9, 'get_activities', 1, 'Activities', 0, 'add', NULL, '', 'N:N');
INSERT INTO `vtiger_relatedlists` VALUES (78, 23, 8, 'get_attachments', 2, 'Documents', 0, 'add,select', NULL, '', 'N:N');
INSERT INTO `vtiger_relatedlists` VALUES (79, 23, 9, 'get_history', 3, 'Activity History', 0, '', NULL, '', 'N:N');
INSERT INTO `vtiger_relatedlists` VALUES (80, 23, 0, 'get_invoicestatushistory', 4, 'Invoice Status History', 0, '', NULL, '', 'N:N');
INSERT INTO `vtiger_relatedlists` VALUES (81, 9, 0, 'get_users', 1, 'Users', 0, '', NULL, '', 'N:N');
INSERT INTO `vtiger_relatedlists` VALUES (82, 9, 4, 'get_contacts', 2, 'Contacts', 0, '', NULL, '', 'N:N');
INSERT INTO `vtiger_relatedlists` VALUES (83, 26, 4, 'get_contacts', 1, 'Contacts', 0, 'add,select', NULL, '', 'N:N');
INSERT INTO `vtiger_relatedlists` VALUES (84, 26, 7, 'get_leads', 2, 'Leads', 0, 'add,select', NULL, '', 'N:N');
INSERT INTO `vtiger_relatedlists` VALUES (85, 26, 2, 'get_opportunities', 3, 'Potentials', 0, 'add', 121, '', '1:N');
INSERT INTO `vtiger_relatedlists` VALUES (86, 26, 9, 'get_activities', 4, 'Activities', 0, 'add', 238, '', '1:N');
INSERT INTO `vtiger_relatedlists` VALUES (87, 6, 26, 'get_campaigns', 14, 'Campaigns', 0, 'select', NULL, '', 'N:N');
INSERT INTO `vtiger_relatedlists` VALUES (88, 26, 6, 'get_accounts', 5, 'Accounts', 0, 'add,select', NULL, '', 'N:N');
INSERT INTO `vtiger_relatedlists` VALUES (89, 15, 8, 'get_attachments', 2, 'Documents', 0, 'add,select', NULL, '', 'N:N');
INSERT INTO `vtiger_relatedlists` VALUES (90, 4, 34, 'get_dependents_list', 14, 'PBXManager', 0, '', 535, NULL, '1:N');
INSERT INTO `vtiger_relatedlists` VALUES (91, 7, 34, 'get_dependents_list', 8, 'PBXManager', 0, '', 535, NULL, '1:N');
INSERT INTO `vtiger_relatedlists` VALUES (92, 6, 34, 'get_dependents_list', 15, 'PBXManager', 0, '', 535, NULL, '1:N');
INSERT INTO `vtiger_relatedlists` VALUES (93, 35, 13, 'get_related_list', 1, 'Service Requests', 0, 'ADD,SELECT', NULL, NULL, 'N:N');
INSERT INTO `vtiger_relatedlists` VALUES (94, 35, 8, 'get_attachments', 2, 'Documents', 0, 'ADD,SELECT', NULL, NULL, 'N:N');
INSERT INTO `vtiger_relatedlists` VALUES (95, 6, 35, 'get_merged_list', 16, 'Service Contracts', 0, 'ADD', 549, NULL, '1:N');
INSERT INTO `vtiger_relatedlists` VALUES (96, 4, 35, 'get_dependents_list', 15, 'Service Contracts', 0, 'ADD', 549, NULL, '1:N');
INSERT INTO `vtiger_relatedlists` VALUES (97, 13, 35, 'get_related_list', 6, 'Service Contracts', 0, 'ADD,SELECT', NULL, NULL, 'N:N');
INSERT INTO `vtiger_relatedlists` VALUES (98, 36, 13, 'get_related_list', 1, 'HelpDesk', 0, 'ADD,SELECT', NULL, NULL, 'N:N');
INSERT INTO `vtiger_relatedlists` VALUES (99, 36, 20, 'get_quotes', 2, 'Quotes', 0, 'ADD', 703, NULL, '1:N');
INSERT INTO `vtiger_relatedlists` VALUES (100, 36, 21, 'get_purchase_orders', 3, 'Purchase Order', 0, 'ADD', 694, NULL, '1:N');
INSERT INTO `vtiger_relatedlists` VALUES (101, 36, 22, 'get_salesorder', 4, 'Sales Order', 0, 'ADD', 685, NULL, '1:N');
INSERT INTO `vtiger_relatedlists` VALUES (102, 36, 23, 'get_invoices', 5, 'Invoice', 0, 'ADD', 676, NULL, '1:N');
INSERT INTO `vtiger_relatedlists` VALUES (103, 36, 19, 'get_service_pricebooks', 6, 'PriceBooks', 0, 'ADD', NULL, NULL, 'N:N');
INSERT INTO `vtiger_relatedlists` VALUES (104, 36, 7, 'get_related_list', 7, 'Leads', 0, 'SELECT', NULL, NULL, 'N:N');
INSERT INTO `vtiger_relatedlists` VALUES (105, 36, 6, 'get_related_list', 8, 'Accounts', 0, 'SELECT', NULL, NULL, 'N:N');
INSERT INTO `vtiger_relatedlists` VALUES (106, 36, 4, 'get_related_list', 9, 'Contacts', 0, 'SELECT', NULL, NULL, 'N:N');
INSERT INTO `vtiger_relatedlists` VALUES (107, 36, 2, 'get_related_list', 10, 'Potentials', 0, 'SELECT', NULL, NULL, 'N:N');
INSERT INTO `vtiger_relatedlists` VALUES (108, 36, 8, 'get_attachments', 11, 'Documents', 0, 'ADD,SELECT', NULL, NULL, 'N:N');
INSERT INTO `vtiger_relatedlists` VALUES (109, 13, 36, 'get_related_list', 7, 'Services', 0, 'SELECT', NULL, NULL, 'N:N');
INSERT INTO `vtiger_relatedlists` VALUES (110, 7, 36, 'get_related_list', 9, 'Services', 0, 'SELECT', NULL, NULL, 'N:N');
INSERT INTO `vtiger_relatedlists` VALUES (111, 6, 36, 'get_related_list', 17, 'Services', 0, 'SELECT', NULL, NULL, 'N:N');
INSERT INTO `vtiger_relatedlists` VALUES (112, 4, 36, 'get_related_list', 16, 'Services', 0, 'SELECT', NULL, NULL, 'N:N');
INSERT INTO `vtiger_relatedlists` VALUES (113, 2, 36, 'get_related_list', 10, 'Services', 0, 'SELECT', NULL, NULL, 'N:N');
INSERT INTO `vtiger_relatedlists` VALUES (114, 19, 36, 'get_pricebook_services', 3, 'Services', 0, 'SELECT', NULL, NULL, 'N:N');
INSERT INTO `vtiger_relatedlists` VALUES (115, 38, 13, 'get_related_list', 1, 'HelpDesk', 0, 'ADD,SELECT', NULL, NULL, 'N:N');
INSERT INTO `vtiger_relatedlists` VALUES (116, 38, 8, 'get_attachments', 2, 'Documents', 0, 'ADD,SELECT', NULL, NULL, 'N:N');
INSERT INTO `vtiger_relatedlists` VALUES (117, 6, 38, 'get_merged_list', 18, 'Assets', 0, 'ADD', 600, NULL, '1:N');
INSERT INTO `vtiger_relatedlists` VALUES (118, 14, 38, 'get_dependents_list', 15, 'Assets', 0, 'ADD', 589, NULL, '1:N');
INSERT INTO `vtiger_relatedlists` VALUES (119, 23, 38, 'get_dependents_list', 5, 'Assets', 0, 'ADD', 595, NULL, '1:N');
INSERT INTO `vtiger_relatedlists` VALUES (120, 7, 42, 'get_comments', 10, 'ModComments', 0, '', 613, NULL, '1:N');
INSERT INTO `vtiger_relatedlists` VALUES (121, 4, 42, 'get_comments', 17, 'ModComments', 0, '', 613, NULL, '1:N');
INSERT INTO `vtiger_relatedlists` VALUES (122, 6, 42, 'get_comments', 19, 'ModComments', 0, '', 613, NULL, '1:N');
INSERT INTO `vtiger_relatedlists` VALUES (123, 2, 42, 'get_comments', 11, 'ModComments', 0, '', 613, NULL, '1:N');
INSERT INTO `vtiger_relatedlists` VALUES (131, 6, 45, 'get_merged_list', 20, 'Projects', 0, 'add', 654, NULL, '1:N');
INSERT INTO `vtiger_relatedlists` VALUES (132, 4, 45, 'get_dependents_list', 18, 'Projects', 0, 'add', 654, NULL, '1:N');
INSERT INTO `vtiger_relatedlists` VALUES (133, 13, 45, 'get_related_list', 8, 'Projects', 0, 'SELECT', NULL, NULL, 'N:N');
INSERT INTO `vtiger_relatedlists` VALUES (135, 47, 6, 'get_related_list', 1, 'Accounts', 0, ' ', NULL, NULL, 'N:N');
INSERT INTO `vtiger_relatedlists` VALUES (136, 47, 4, 'get_related_list', 2, 'Contacts', 0, ' ', NULL, NULL, 'N:N');
INSERT INTO `vtiger_relatedlists` VALUES (137, 47, 7, 'get_related_list', 3, 'Leads', 0, ' ', NULL, NULL, 'N:N');
INSERT INTO `vtiger_relatedlists` VALUES (138, 44, 8, 'get_attachments', 2, 'Documents', 0, 'ADD,SELECT', NULL, NULL, 'N:N');
INSERT INTO `vtiger_relatedlists` VALUES (139, 44, 42, 'get_comments', 3, 'ModComments', 0, '', 613, NULL, '1:N');
INSERT INTO `vtiger_relatedlists` VALUES (140, 45, 44, 'get_dependents_list', 2, 'Project Tasks', 0, 'ADD', 633, NULL, '1:N');
INSERT INTO `vtiger_relatedlists` VALUES (141, 45, 43, 'get_dependents_list', 3, 'Project Milestones', 0, 'ADD', 619, NULL, '1:N');
INSERT INTO `vtiger_relatedlists` VALUES (142, 45, 8, 'get_attachments', 4, 'Documents', 0, 'ADD,SELECT', NULL, NULL, 'N:N');
INSERT INTO `vtiger_relatedlists` VALUES (143, 45, 13, 'get_related_list', 5, 'HelpDesk', 0, 'ADD,SELECT', NULL, NULL, 'N:N');
INSERT INTO `vtiger_relatedlists` VALUES (144, 45, 0, 'get_gantt_chart', 6, 'Charts', 0, '', NULL, NULL, 'N:N');
INSERT INTO `vtiger_relatedlists` VALUES (145, 45, 42, 'get_comments', 7, 'ModComments', 0, '', 613, NULL, '1:N');
INSERT INTO `vtiger_relatedlists` VALUES (146, 13, 42, 'get_comments', 9, 'ModComments', 0, '', 613, NULL, '1:N');
INSERT INTO `vtiger_relatedlists` VALUES (147, 15, 42, 'get_comments', 3, 'ModComments', 0, '', 613, NULL, '1:N');
INSERT INTO `vtiger_relatedlists` VALUES (148, 4, 38, 'get_dependents_list', 19, 'Assets', 0, 'ADD', 601, NULL, '1:N');
INSERT INTO `vtiger_relatedlists` VALUES (149, 4, 18, 'get_vendors', 20, 'Vendors', 0, 'SELECT', NULL, '', 'N:N');
INSERT INTO `vtiger_relatedlists` VALUES (150, 2, 23, 'get_dependents_list', 12, 'Invoice', 0, 'ADD', 774, NULL, '1:N');
INSERT INTO `vtiger_relatedlists` VALUES (151, 8, 4, 'get_related_list', 1, 'Contacts', 0, '1', NULL, NULL, 'N:N');
INSERT INTO `vtiger_relatedlists` VALUES (152, 8, 6, 'get_related_list', 2, 'Accounts', 0, '1', NULL, NULL, 'N:N');
INSERT INTO `vtiger_relatedlists` VALUES (153, 8, 2, 'get_related_list', 3, 'Potentials', 0, '1', NULL, NULL, 'N:N');
INSERT INTO `vtiger_relatedlists` VALUES (154, 8, 7, 'get_related_list', 4, 'Leads', 0, '1', NULL, NULL, 'N:N');
INSERT INTO `vtiger_relatedlists` VALUES (155, 8, 14, 'get_related_list', 5, 'Products', 0, '1', NULL, NULL, 'N:N');
INSERT INTO `vtiger_relatedlists` VALUES (156, 8, 36, 'get_related_list', 6, 'Services', 0, '1', NULL, NULL, 'N:N');
INSERT INTO `vtiger_relatedlists` VALUES (157, 8, 45, 'get_related_list', 7, 'Project', 0, '1', NULL, NULL, 'N:N');
INSERT INTO `vtiger_relatedlists` VALUES (158, 8, 38, 'get_related_list', 8, 'Assets', 0, '1', NULL, NULL, 'N:N');
INSERT INTO `vtiger_relatedlists` VALUES (159, 8, 35, 'get_related_list', 9, 'ServiceContracts', 0, '1', NULL, NULL, 'N:N');
INSERT INTO `vtiger_relatedlists` VALUES (160, 8, 20, 'get_related_list', 10, 'Quotes', 0, '1', NULL, NULL, 'N:N');
INSERT INTO `vtiger_relatedlists` VALUES (161, 8, 23, 'get_related_list', 11, 'Invoice', 0, '1', NULL, NULL, 'N:N');
INSERT INTO `vtiger_relatedlists` VALUES (162, 8, 22, 'get_related_list', 12, 'SalesOrder', 0, '1', NULL, NULL, 'N:N');
INSERT INTO `vtiger_relatedlists` VALUES (163, 8, 21, 'get_related_list', 13, 'PurchaseOrder', 0, '1', NULL, NULL, 'N:N');
INSERT INTO `vtiger_relatedlists` VALUES (164, 8, 13, 'get_related_list', 14, 'HelpDesk', 0, '1', NULL, NULL, 'N:N');
INSERT INTO `vtiger_relatedlists` VALUES (165, 8, 15, 'get_related_list', 15, 'Faq', 0, '1', NULL, NULL, 'N:N');
INSERT INTO `vtiger_relatedlists` VALUES (166, 45, 10, 'get_emails', 8, 'Emails', 0, 'ADD', NULL, NULL, 'N:N');
INSERT INTO `vtiger_relatedlists` VALUES (167, 44, 10, 'get_emails', 4, 'Emails', 0, 'ADD', NULL, NULL, 'N:N');
INSERT INTO `vtiger_relatedlists` VALUES (168, 45, 9, 'get_related_list', 9, 'Activities', 0, 'ADD', NULL, NULL, 'N:N');
INSERT INTO `vtiger_relatedlists` VALUES (169, 45, 20, 'get_related_list', 10, 'Quotes', 0, 'SELECT', NULL, NULL, 'N:N');
INSERT INTO `vtiger_relatedlists` VALUES (170, 14, 21, 'get_purchase_orders', 16, 'PurchaseOrder', 0, 'ADD', NULL, NULL, 'N:N');
INSERT INTO `vtiger_relatedlists` VALUES (171, 2, 10, 'get_emails', 13, 'Emails', 0, 'ADD', NULL, NULL, 'N:N');
INSERT INTO `vtiger_relatedlists` VALUES (172, 13, 10, 'get_emails', 10, 'Emails', 0, 'ADD', NULL, NULL, 'N:N');
INSERT INTO `vtiger_relatedlists` VALUES (173, 23, 42, 'get_comments', 6, 'ModComments', 0, '', 613, NULL, '1:N');
INSERT INTO `vtiger_relatedlists` VALUES (174, 20, 42, 'get_comments', 6, 'ModComments', 0, '', 613, NULL, '1:N');
INSERT INTO `vtiger_relatedlists` VALUES (175, 21, 42, 'get_comments', 5, 'ModComments', 0, '', 613, NULL, '1:N');
INSERT INTO `vtiger_relatedlists` VALUES (176, 22, 42, 'get_comments', 6, 'ModComments', 0, '', 613, NULL, '1:N');

-- ----------------------------
-- Table structure for vtiger_relatedlists_rb
-- ----------------------------
DROP TABLE IF EXISTS `vtiger_relatedlists_rb`;
CREATE TABLE `vtiger_relatedlists_rb`  (
  `entityid` int NULL DEFAULT NULL,
  `action` varchar(50) CHARACTER SET utf8mb3 COLLATE utf8mb3_general_ci NULL DEFAULT NULL,
  `rel_table` varchar(200) CHARACTER SET utf8mb3 COLLATE utf8mb3_general_ci NULL DEFAULT NULL,
  `rel_column` varchar(200) CHARACTER SET utf8mb3 COLLATE utf8mb3_general_ci NULL DEFAULT NULL,
  `ref_column` varchar(200) CHARACTER SET utf8mb3 COLLATE utf8mb3_general_ci NULL DEFAULT NULL,
  `related_crm_ids` text CHARACTER SET utf8mb3 COLLATE utf8mb3_general_ci NULL
) ENGINE = InnoDB CHARACTER SET = utf8mb3 COLLATE = utf8mb3_general_ci ROW_FORMAT = Dynamic;

-- ----------------------------
-- Records of vtiger_relatedlists_rb
-- ----------------------------

-- ----------------------------
-- Table structure for vtiger_relatedlists_seq
-- ----------------------------
DROP TABLE IF EXISTS `vtiger_relatedlists_seq`;
CREATE TABLE `vtiger_relatedlists_seq`  (
  `id` int NOT NULL
) ENGINE = InnoDB CHARACTER SET = utf8mb4 COLLATE = utf8mb4_0900_ai_ci ROW_FORMAT = Dynamic;

-- ----------------------------
-- Records of vtiger_relatedlists_seq
-- ----------------------------
INSERT INTO `vtiger_relatedlists_seq` VALUES (176);

-- ----------------------------
-- Table structure for vtiger_relcriteria
-- ----------------------------
DROP TABLE IF EXISTS `vtiger_relcriteria`;
CREATE TABLE `vtiger_relcriteria`  (
  `queryid` int NOT NULL,
  `columnindex` int NOT NULL,
  `columnname` varchar(250) CHARACTER SET utf8mb3 COLLATE utf8mb3_general_ci NULL DEFAULT '',
  `comparator` varchar(20) CHARACTER SET utf8mb3 COLLATE utf8mb3_general_ci NULL DEFAULT NULL,
  `value` varchar(512) CHARACTER SET utf8mb3 COLLATE utf8mb3_general_ci NULL DEFAULT NULL,
  `groupid` int NULL DEFAULT 1,
  `column_condition` varchar(256) CHARACTER SET utf8mb3 COLLATE utf8mb3_general_ci NULL DEFAULT 'and',
  PRIMARY KEY (`queryid`, `columnindex`) USING BTREE,
  INDEX `relcriteria_queryid_idx`(`queryid` ASC) USING BTREE,
  CONSTRAINT `fk_1_vtiger_relcriteria` FOREIGN KEY (`queryid`) REFERENCES `vtiger_selectquery` (`queryid`) ON DELETE CASCADE ON UPDATE RESTRICT
) ENGINE = InnoDB CHARACTER SET = utf8mb3 COLLATE = utf8mb3_general_ci ROW_FORMAT = Dynamic;

-- ----------------------------
-- Records of vtiger_relcriteria
-- ----------------------------
INSERT INTO `vtiger_relcriteria` VALUES (1, 0, 'vtiger_contactdetails:accountid:Contacts_Account_Name:account_id:V', 'n', '', 1, 'and');
INSERT INTO `vtiger_relcriteria` VALUES (2, 0, 'vtiger_contactdetails:accountid:Contacts_Account_Name:account_id:V', 'e', '', 1, 'and');
INSERT INTO `vtiger_relcriteria` VALUES (3, 0, 'vtiger_potential:potentialname:Potentials_Potential_Name:potentialname:V', 'n', '', 1, 'and');
INSERT INTO `vtiger_relcriteria` VALUES (7, 0, 'vtiger_potential:sales_stage:Potentials_Sales_Stage:sales_stage:V', 'e', 'Closed Won', 1, 'and');
INSERT INTO `vtiger_relcriteria` VALUES (12, 0, 'vtiger_troubletickets:status:HelpDesk_Status:ticketstatus:V', 'n', 'Closed', 1, 'and');
INSERT INTO `vtiger_relcriteria` VALUES (15, 0, 'vtiger_quotes:quotestage:Quotes_Quote_Stage:quotestage:V', 'n', 'Accepted', 1, 'and');
INSERT INTO `vtiger_relcriteria` VALUES (15, 1, 'vtiger_quotes:quotestage:Quotes_Quote_Stage:quotestage:V', 'n', 'Rejected', 1, 'and');
INSERT INTO `vtiger_relcriteria` VALUES (22, 0, 'vtiger_email_track:access_count:Emails_Access_Count:access_count:I', 'ny', '', 1, 'and');
INSERT INTO `vtiger_relcriteria` VALUES (23, 0, 'vtiger_email_track:access_count:Emails_Access_Count:access_count:I', 'ny', '', 1, 'and');
INSERT INTO `vtiger_relcriteria` VALUES (24, 0, 'vtiger_email_track:access_count:Emails_Access_Count:access_count:I', 'ny', '', 1, 'and');
INSERT INTO `vtiger_relcriteria` VALUES (25, 0, 'vtiger_email_track:access_count:Emails_Access_Count:access_count:I', 'ny', '', 1, 'and');

-- ----------------------------
-- Table structure for vtiger_relcriteria_grouping
-- ----------------------------
DROP TABLE IF EXISTS `vtiger_relcriteria_grouping`;
CREATE TABLE `vtiger_relcriteria_grouping`  (
  `groupid` int NOT NULL,
  `queryid` int NOT NULL,
  `group_condition` varchar(256) CHARACTER SET utf8mb3 COLLATE utf8mb3_general_ci NULL DEFAULT NULL,
  `condition_expression` text CHARACTER SET utf8mb3 COLLATE utf8mb3_general_ci NULL,
  PRIMARY KEY (`groupid`, `queryid`) USING BTREE
) ENGINE = InnoDB CHARACTER SET = utf8mb3 COLLATE = utf8mb3_general_ci ROW_FORMAT = Dynamic;

-- ----------------------------
-- Records of vtiger_relcriteria_grouping
-- ----------------------------
INSERT INTO `vtiger_relcriteria_grouping` VALUES (1, 1, '', '0');
INSERT INTO `vtiger_relcriteria_grouping` VALUES (1, 2, '', '0');
INSERT INTO `vtiger_relcriteria_grouping` VALUES (1, 3, '', '0');
INSERT INTO `vtiger_relcriteria_grouping` VALUES (1, 7, '', '0');
INSERT INTO `vtiger_relcriteria_grouping` VALUES (1, 12, '', '0');
INSERT INTO `vtiger_relcriteria_grouping` VALUES (1, 15, '', '0 and 1');
INSERT INTO `vtiger_relcriteria_grouping` VALUES (1, 22, '', '0');
INSERT INTO `vtiger_relcriteria_grouping` VALUES (1, 23, '', '0');
INSERT INTO `vtiger_relcriteria_grouping` VALUES (1, 24, '', '0');
INSERT INTO `vtiger_relcriteria_grouping` VALUES (1, 25, '', '0');

-- ----------------------------
-- Table structure for vtiger_reminder_interval
-- ----------------------------
DROP TABLE IF EXISTS `vtiger_reminder_interval`;
CREATE TABLE `vtiger_reminder_interval`  (
  `reminder_intervalid` int NOT NULL AUTO_INCREMENT,
  `reminder_interval` varchar(200) CHARACTER SET utf8mb3 COLLATE utf8mb3_general_ci NOT NULL,
  `sortorderid` int NOT NULL,
  `presence` int NOT NULL,
  PRIMARY KEY (`reminder_intervalid`) USING BTREE
) ENGINE = InnoDB AUTO_INCREMENT = 9 CHARACTER SET = utf8mb3 COLLATE = utf8mb3_general_ci ROW_FORMAT = Dynamic;

-- ----------------------------
-- Records of vtiger_reminder_interval
-- ----------------------------
INSERT INTO `vtiger_reminder_interval` VALUES (2, '1 Minute', 1, 1);
INSERT INTO `vtiger_reminder_interval` VALUES (3, '5 Minutes', 2, 1);
INSERT INTO `vtiger_reminder_interval` VALUES (4, '15 Minutes', 3, 1);
INSERT INTO `vtiger_reminder_interval` VALUES (5, '30 Minutes', 4, 1);
INSERT INTO `vtiger_reminder_interval` VALUES (6, '45 Minutes', 5, 1);
INSERT INTO `vtiger_reminder_interval` VALUES (7, '1 Hour', 6, 1);
INSERT INTO `vtiger_reminder_interval` VALUES (8, '1 Day', 7, 1);

-- ----------------------------
-- Table structure for vtiger_reminder_interval_seq
-- ----------------------------
DROP TABLE IF EXISTS `vtiger_reminder_interval_seq`;
CREATE TABLE `vtiger_reminder_interval_seq`  (
  `id` int NOT NULL
) ENGINE = InnoDB CHARACTER SET = utf8mb4 COLLATE = utf8mb4_0900_ai_ci ROW_FORMAT = Dynamic;

-- ----------------------------
-- Records of vtiger_reminder_interval_seq
-- ----------------------------
INSERT INTO `vtiger_reminder_interval_seq` VALUES (8);

-- ----------------------------
-- Table structure for vtiger_report
-- ----------------------------
DROP TABLE IF EXISTS `vtiger_report`;
CREATE TABLE `vtiger_report`  (
  `reportid` int NOT NULL,
  `folderid` int NOT NULL,
  `reportname` varchar(100) CHARACTER SET utf8mb3 COLLATE utf8mb3_general_ci NULL DEFAULT '',
  `description` varchar(250) CHARACTER SET utf8mb3 COLLATE utf8mb3_general_ci NULL DEFAULT '',
  `reporttype` varchar(50) CHARACTER SET utf8mb3 COLLATE utf8mb3_general_ci NULL DEFAULT '',
  `queryid` int NOT NULL DEFAULT 0,
  `state` varchar(50) CHARACTER SET utf8mb3 COLLATE utf8mb3_general_ci NULL DEFAULT 'SAVED',
  `customizable` int NULL DEFAULT 1,
  `category` int NULL DEFAULT 1,
  `owner` int NULL DEFAULT 1,
  `sharingtype` varchar(200) CHARACTER SET utf8mb3 COLLATE utf8mb3_general_ci NULL DEFAULT 'Private',
  PRIMARY KEY (`reportid`) USING BTREE,
  INDEX `report_queryid_idx`(`queryid` ASC) USING BTREE,
  INDEX `report_folderid_idx`(`folderid` ASC) USING BTREE,
  CONSTRAINT `fk_2_vtiger_report` FOREIGN KEY (`queryid`) REFERENCES `vtiger_selectquery` (`queryid`) ON DELETE CASCADE ON UPDATE RESTRICT
) ENGINE = InnoDB CHARACTER SET = utf8mb3 COLLATE = utf8mb3_general_ci ROW_FORMAT = Dynamic;

-- ----------------------------
-- Records of vtiger_report
-- ----------------------------
INSERT INTO `vtiger_report` VALUES (1, 1, 'Contacts by Accounts', 'Contacts related to Accounts', 'tabular', 1, 'CUSTOM', 1, 1, 1, 'Public');
INSERT INTO `vtiger_report` VALUES (2, 1, 'Contacts without Accounts', 'Contacts not related to Accounts', 'tabular', 2, 'CUSTOM', 1, 1, 1, 'Public');
INSERT INTO `vtiger_report` VALUES (3, 1, 'Contacts by Potentials', 'Contacts related to Potentials', 'tabular', 3, 'CUSTOM', 1, 1, 1, 'Public');
INSERT INTO `vtiger_report` VALUES (4, 2, 'Lead by Source', 'Lead by Source', 'summary', 4, 'CUSTOM', 1, 1, 1, 'Public');
INSERT INTO `vtiger_report` VALUES (5, 2, 'Lead Status Report', 'Lead Status Report', 'summary', 5, 'CUSTOM', 1, 1, 1, 'Public');
INSERT INTO `vtiger_report` VALUES (6, 3, 'Potential Pipeline', 'Potential Pipeline', 'summary', 6, 'CUSTOM', 1, 1, 1, 'Public');
INSERT INTO `vtiger_report` VALUES (7, 3, 'Closed Potentials', 'Potential that have Won', 'tabular', 7, 'CUSTOM', 1, 1, 1, 'Public');
INSERT INTO `vtiger_report` VALUES (8, 4, 'Last Month Activities', 'Last Month Activities', 'tabular', 8, 'CUSTOM', 1, 1, 1, 'Public');
INSERT INTO `vtiger_report` VALUES (9, 4, 'This Month Activities', 'This Month Activities', 'tabular', 9, 'CUSTOM', 1, 1, 1, 'Public');
INSERT INTO `vtiger_report` VALUES (10, 5, 'Tickets by Products', 'Tickets related to Products', 'tabular', 10, 'CUSTOM', 1, 1, 1, 'Public');
INSERT INTO `vtiger_report` VALUES (11, 5, 'Tickets by Priority', 'Tickets by Priority', 'summary', 11, 'CUSTOM', 1, 1, 1, 'Public');
INSERT INTO `vtiger_report` VALUES (12, 5, 'Open Tickets', 'Tickets that are Open', 'tabular', 12, 'CUSTOM', 1, 1, 1, 'Public');
INSERT INTO `vtiger_report` VALUES (13, 6, 'Product Details', 'Product Detailed Report', 'tabular', 13, 'CUSTOM', 1, 1, 1, 'Public');
INSERT INTO `vtiger_report` VALUES (14, 6, 'Products by Contacts', 'Products related to Contacts', 'tabular', 14, 'CUSTOM', 1, 1, 1, 'Public');
INSERT INTO `vtiger_report` VALUES (15, 7, 'Open Quotes', 'Quotes that are Open', 'tabular', 15, 'CUSTOM', 1, 1, 1, 'Public');
INSERT INTO `vtiger_report` VALUES (16, 7, 'Quotes Detailed Report', 'Quotes Detailed Report', 'tabular', 16, 'CUSTOM', 1, 1, 1, 'Public');
INSERT INTO `vtiger_report` VALUES (17, 8, 'PurchaseOrder by Contacts', 'PurchaseOrder related to Contacts', 'tabular', 17, 'CUSTOM', 1, 1, 1, 'Public');
INSERT INTO `vtiger_report` VALUES (18, 8, 'PurchaseOrder Detailed Report', 'PurchaseOrder Detailed Report', 'tabular', 18, 'CUSTOM', 1, 1, 1, 'Public');
INSERT INTO `vtiger_report` VALUES (19, 9, 'Invoice Detailed Report', 'Invoice Detailed Report', 'tabular', 19, 'CUSTOM', 1, 1, 1, 'Public');
INSERT INTO `vtiger_report` VALUES (20, 10, 'SalesOrder Detailed Report', 'SalesOrder Detailed Report', 'tabular', 20, 'CUSTOM', 1, 1, 1, 'Public');
INSERT INTO `vtiger_report` VALUES (21, 11, 'Campaign Expectations and Actuals', 'Campaign Expectations and Actuals', 'tabular', 21, 'CUSTOM', 1, 1, 1, 'Public');
INSERT INTO `vtiger_report` VALUES (22, 12, 'Contacts Email Report', 'Emails sent to Contacts', 'tabular', 22, 'CUSTOM', 1, 1, 1, 'Public');
INSERT INTO `vtiger_report` VALUES (23, 12, 'Accounts Email Report', 'Emails sent to Organizations', 'tabular', 23, 'CUSTOM', 1, 1, 1, 'Public');
INSERT INTO `vtiger_report` VALUES (24, 12, 'Leads Email Report', 'Emails sent to Leads', 'tabular', 24, 'CUSTOM', 1, 1, 1, 'Public');
INSERT INTO `vtiger_report` VALUES (25, 12, 'Vendors Email Report', 'Emails sent to Vendors', 'tabular', 25, 'CUSTOM', 1, 1, 1, 'Public');

-- ----------------------------
-- Table structure for vtiger_report_sharegroups
-- ----------------------------
DROP TABLE IF EXISTS `vtiger_report_sharegroups`;
CREATE TABLE `vtiger_report_sharegroups`  (
  `reportid` int NOT NULL,
  `groupid` int NOT NULL,
  INDEX `vtiger_report_sharegroups_ibfk_1`(`reportid` ASC) USING BTREE,
  INDEX `vtiger_groups_groupid_ibfk_1`(`groupid` ASC) USING BTREE,
  CONSTRAINT `vtiger_groups_groupid_ibfk_1` FOREIGN KEY (`groupid`) REFERENCES `vtiger_groups` (`groupid`) ON DELETE CASCADE ON UPDATE RESTRICT,
  CONSTRAINT `vtiger_report_reportid_ibfk_2` FOREIGN KEY (`reportid`) REFERENCES `vtiger_report` (`reportid`) ON DELETE CASCADE ON UPDATE RESTRICT
) ENGINE = InnoDB CHARACTER SET = utf8mb3 COLLATE = utf8mb3_general_ci ROW_FORMAT = Dynamic;

-- ----------------------------
-- Records of vtiger_report_sharegroups
-- ----------------------------

-- ----------------------------
-- Table structure for vtiger_report_sharerole
-- ----------------------------
DROP TABLE IF EXISTS `vtiger_report_sharerole`;
CREATE TABLE `vtiger_report_sharerole`  (
  `reportid` int NOT NULL,
  `roleid` varchar(255) CHARACTER SET utf8mb3 COLLATE utf8mb3_general_ci NOT NULL,
  INDEX `vtiger_report_sharerole_ibfk_1`(`reportid` ASC) USING BTREE,
  INDEX `vtiger_role_roleid_ibfk_1`(`roleid` ASC) USING BTREE,
  CONSTRAINT `vtiger_report_reportid_ibfk_3` FOREIGN KEY (`reportid`) REFERENCES `vtiger_report` (`reportid`) ON DELETE CASCADE ON UPDATE RESTRICT,
  CONSTRAINT `vtiger_role_roleid_ibfk_1` FOREIGN KEY (`roleid`) REFERENCES `vtiger_role` (`roleid`) ON DELETE CASCADE ON UPDATE RESTRICT
) ENGINE = InnoDB CHARACTER SET = utf8mb3 COLLATE = utf8mb3_general_ci ROW_FORMAT = Dynamic;

-- ----------------------------
-- Records of vtiger_report_sharerole
-- ----------------------------

-- ----------------------------
-- Table structure for vtiger_report_sharers
-- ----------------------------
DROP TABLE IF EXISTS `vtiger_report_sharers`;
CREATE TABLE `vtiger_report_sharers`  (
  `reportid` int NOT NULL,
  `rsid` varchar(255) CHARACTER SET utf8mb3 COLLATE utf8mb3_general_ci NOT NULL,
  INDEX `vtiger_report_sharers_ibfk_1`(`reportid` ASC) USING BTREE,
  INDEX `vtiger_rolesd_rsid_ibfk_1`(`rsid` ASC) USING BTREE,
  CONSTRAINT `vtiger_report_reportid_ibfk_4` FOREIGN KEY (`reportid`) REFERENCES `vtiger_report` (`reportid`) ON DELETE CASCADE ON UPDATE RESTRICT,
  CONSTRAINT `vtiger_rolesd_rsid_ibfk_1` FOREIGN KEY (`rsid`) REFERENCES `vtiger_role` (`roleid`) ON DELETE CASCADE ON UPDATE RESTRICT
) ENGINE = InnoDB CHARACTER SET = utf8mb3 COLLATE = utf8mb3_general_ci ROW_FORMAT = Dynamic;

-- ----------------------------
-- Records of vtiger_report_sharers
-- ----------------------------

-- ----------------------------
-- Table structure for vtiger_report_shareusers
-- ----------------------------
DROP TABLE IF EXISTS `vtiger_report_shareusers`;
CREATE TABLE `vtiger_report_shareusers`  (
  `reportid` int NOT NULL,
  `userid` int NOT NULL,
  INDEX `vtiger_report_shareusers_ibfk_1`(`reportid` ASC) USING BTREE,
  INDEX `vtiger_users_userid_ibfk_1`(`userid` ASC) USING BTREE,
  CONSTRAINT `vtiger_reports_reportid_ibfk_1` FOREIGN KEY (`reportid`) REFERENCES `vtiger_report` (`reportid`) ON DELETE CASCADE ON UPDATE RESTRICT,
  CONSTRAINT `vtiger_users_userid_ibfk_1` FOREIGN KEY (`userid`) REFERENCES `vtiger_users` (`id`) ON DELETE CASCADE ON UPDATE RESTRICT
) ENGINE = InnoDB CHARACTER SET = utf8mb3 COLLATE = utf8mb3_general_ci ROW_FORMAT = Dynamic;

-- ----------------------------
-- Records of vtiger_report_shareusers
-- ----------------------------

-- ----------------------------
-- Table structure for vtiger_reportdatefilter
-- ----------------------------
DROP TABLE IF EXISTS `vtiger_reportdatefilter`;
CREATE TABLE `vtiger_reportdatefilter`  (
  `datefilterid` int NOT NULL,
  `datecolumnname` varchar(250) CHARACTER SET utf8mb3 COLLATE utf8mb3_general_ci NULL DEFAULT '',
  `datefilter` varchar(250) CHARACTER SET utf8mb3 COLLATE utf8mb3_general_ci NULL DEFAULT '',
  `startdate` date NULL DEFAULT NULL,
  `enddate` date NULL DEFAULT NULL,
  PRIMARY KEY (`datefilterid`) USING BTREE,
  INDEX `reportdatefilter_datefilterid_idx`(`datefilterid` ASC) USING BTREE,
  CONSTRAINT `fk_1_vtiger_reportdatefilter` FOREIGN KEY (`datefilterid`) REFERENCES `vtiger_report` (`reportid`) ON DELETE CASCADE ON UPDATE RESTRICT
) ENGINE = InnoDB CHARACTER SET = utf8mb3 COLLATE = utf8mb3_general_ci ROW_FORMAT = Dynamic;

-- ----------------------------
-- Records of vtiger_reportdatefilter
-- ----------------------------
INSERT INTO `vtiger_reportdatefilter` VALUES (8, 'vtiger_crmentity:modifiedtime:modifiedtime:Calendar_Modified_Time', 'lastmonth', '2005-05-01', '2005-05-31');
INSERT INTO `vtiger_reportdatefilter` VALUES (9, 'vtiger_crmentity:modifiedtime:modifiedtime:Calendar_Modified_Time', 'thismonth', '2005-06-01', '2005-06-30');

-- ----------------------------
-- Table structure for vtiger_reportfilters
-- ----------------------------
DROP TABLE IF EXISTS `vtiger_reportfilters`;
CREATE TABLE `vtiger_reportfilters`  (
  `filterid` int NOT NULL,
  `name` varchar(200) CHARACTER SET utf8mb3 COLLATE utf8mb3_general_ci NOT NULL
) ENGINE = InnoDB CHARACTER SET = utf8mb3 COLLATE = utf8mb3_general_ci ROW_FORMAT = Dynamic;

-- ----------------------------
-- Records of vtiger_reportfilters
-- ----------------------------
INSERT INTO `vtiger_reportfilters` VALUES (1, 'Private');
INSERT INTO `vtiger_reportfilters` VALUES (2, 'Public');
INSERT INTO `vtiger_reportfilters` VALUES (3, 'Shared');

-- ----------------------------
-- Table structure for vtiger_reportfolder
-- ----------------------------
DROP TABLE IF EXISTS `vtiger_reportfolder`;
CREATE TABLE `vtiger_reportfolder`  (
  `folderid` int NOT NULL AUTO_INCREMENT,
  `foldername` varchar(100) CHARACTER SET utf8mb3 COLLATE utf8mb3_general_ci NOT NULL DEFAULT '',
  `description` varchar(250) CHARACTER SET utf8mb3 COLLATE utf8mb3_general_ci NULL DEFAULT '',
  `state` varchar(50) CHARACTER SET utf8mb3 COLLATE utf8mb3_general_ci NULL DEFAULT 'SAVED',
  PRIMARY KEY (`folderid`) USING BTREE
) ENGINE = InnoDB AUTO_INCREMENT = 13 CHARACTER SET = utf8mb3 COLLATE = utf8mb3_general_ci ROW_FORMAT = Dynamic;

-- ----------------------------
-- Records of vtiger_reportfolder
-- ----------------------------
INSERT INTO `vtiger_reportfolder` VALUES (1, 'Organization and Contact Reports', 'Account and Contact Reports', 'SAVED');
INSERT INTO `vtiger_reportfolder` VALUES (2, 'Lead Reports', 'Lead Reports', 'SAVED');
INSERT INTO `vtiger_reportfolder` VALUES (3, 'Opportunity Reports', 'Potential Reports', 'SAVED');
INSERT INTO `vtiger_reportfolder` VALUES (4, 'Activity Reports', 'Activity Reports', 'SAVED');
INSERT INTO `vtiger_reportfolder` VALUES (5, 'Tickets Reports', 'HelpDesk Reports', 'SAVED');
INSERT INTO `vtiger_reportfolder` VALUES (6, 'Product Reports', 'Product Reports', 'SAVED');
INSERT INTO `vtiger_reportfolder` VALUES (7, 'Quote Reports', 'Quote Reports', 'SAVED');
INSERT INTO `vtiger_reportfolder` VALUES (8, 'Purchase Order Reports', 'PurchaseOrder Reports', 'SAVED');
INSERT INTO `vtiger_reportfolder` VALUES (9, 'Invoice Reports', 'Invoice Reports', 'SAVED');
INSERT INTO `vtiger_reportfolder` VALUES (10, 'Sales Order Reports', 'SalesOrder Reports', 'SAVED');
INSERT INTO `vtiger_reportfolder` VALUES (11, 'Campaign Reports', 'Campaign Reports', 'SAVED');
INSERT INTO `vtiger_reportfolder` VALUES (12, 'Email Reports', 'Email Reports', 'SAVED');

-- ----------------------------
-- Table structure for vtiger_reportgroupbycolumn
-- ----------------------------
DROP TABLE IF EXISTS `vtiger_reportgroupbycolumn`;
CREATE TABLE `vtiger_reportgroupbycolumn`  (
  `reportid` int NULL DEFAULT NULL,
  `sortid` int NULL DEFAULT NULL,
  `sortcolname` varchar(250) CHARACTER SET utf8mb3 COLLATE utf8mb3_general_ci NULL DEFAULT NULL,
  `dategroupbycriteria` varchar(250) CHARACTER SET utf8mb3 COLLATE utf8mb3_general_ci NULL DEFAULT NULL,
  INDEX `fk_1_vtiger_reportgroupbycolumn`(`reportid` ASC) USING BTREE,
  CONSTRAINT `fk_1_vtiger_reportgroupbycolumn` FOREIGN KEY (`reportid`) REFERENCES `vtiger_report` (`reportid`) ON DELETE CASCADE ON UPDATE RESTRICT
) ENGINE = InnoDB CHARACTER SET = utf8mb3 COLLATE = utf8mb3_general_ci ROW_FORMAT = Dynamic;

-- ----------------------------
-- Records of vtiger_reportgroupbycolumn
-- ----------------------------

-- ----------------------------
-- Table structure for vtiger_reportmodules
-- ----------------------------
DROP TABLE IF EXISTS `vtiger_reportmodules`;
CREATE TABLE `vtiger_reportmodules`  (
  `reportmodulesid` int NOT NULL,
  `primarymodule` varchar(100) CHARACTER SET utf8mb3 COLLATE utf8mb3_general_ci NULL DEFAULT NULL,
  `secondarymodules` varchar(250) CHARACTER SET utf8mb3 COLLATE utf8mb3_general_ci NULL DEFAULT '',
  PRIMARY KEY (`reportmodulesid`) USING BTREE,
  CONSTRAINT `fk_1_vtiger_reportmodules` FOREIGN KEY (`reportmodulesid`) REFERENCES `vtiger_report` (`reportid`) ON DELETE CASCADE ON UPDATE RESTRICT
) ENGINE = InnoDB CHARACTER SET = utf8mb3 COLLATE = utf8mb3_general_ci ROW_FORMAT = Dynamic;

-- ----------------------------
-- Records of vtiger_reportmodules
-- ----------------------------
INSERT INTO `vtiger_reportmodules` VALUES (1, 'Contacts', 'Accounts');
INSERT INTO `vtiger_reportmodules` VALUES (2, 'Contacts', 'Accounts');
INSERT INTO `vtiger_reportmodules` VALUES (3, 'Contacts', 'Potentials');
INSERT INTO `vtiger_reportmodules` VALUES (4, 'Leads', '');
INSERT INTO `vtiger_reportmodules` VALUES (5, 'Leads', '');
INSERT INTO `vtiger_reportmodules` VALUES (6, 'Potentials', '');
INSERT INTO `vtiger_reportmodules` VALUES (7, 'Potentials', '');
INSERT INTO `vtiger_reportmodules` VALUES (8, 'Calendar', '');
INSERT INTO `vtiger_reportmodules` VALUES (9, 'Calendar', '');
INSERT INTO `vtiger_reportmodules` VALUES (10, 'HelpDesk', 'Products');
INSERT INTO `vtiger_reportmodules` VALUES (11, 'HelpDesk', '');
INSERT INTO `vtiger_reportmodules` VALUES (12, 'HelpDesk', '');
INSERT INTO `vtiger_reportmodules` VALUES (13, 'Products', '');
INSERT INTO `vtiger_reportmodules` VALUES (14, 'Products', 'Contacts');
INSERT INTO `vtiger_reportmodules` VALUES (15, 'Quotes', '');
INSERT INTO `vtiger_reportmodules` VALUES (16, 'Quotes', '');
INSERT INTO `vtiger_reportmodules` VALUES (17, 'PurchaseOrder', 'Contacts');
INSERT INTO `vtiger_reportmodules` VALUES (18, 'PurchaseOrder', '');
INSERT INTO `vtiger_reportmodules` VALUES (19, 'Invoice', '');
INSERT INTO `vtiger_reportmodules` VALUES (20, 'SalesOrder', '');
INSERT INTO `vtiger_reportmodules` VALUES (21, 'Campaigns', '');
INSERT INTO `vtiger_reportmodules` VALUES (22, 'Contacts', 'Emails');
INSERT INTO `vtiger_reportmodules` VALUES (23, 'Accounts', 'Emails');
INSERT INTO `vtiger_reportmodules` VALUES (24, 'Leads', 'Emails');
INSERT INTO `vtiger_reportmodules` VALUES (25, 'Vendors', 'Emails');

-- ----------------------------
-- Table structure for vtiger_reportsharing
-- ----------------------------
DROP TABLE IF EXISTS `vtiger_reportsharing`;
CREATE TABLE `vtiger_reportsharing`  (
  `reportid` int NOT NULL,
  `shareid` int NOT NULL,
  `setype` varchar(200) CHARACTER SET utf8mb3 COLLATE utf8mb3_general_ci NOT NULL
) ENGINE = InnoDB CHARACTER SET = utf8mb3 COLLATE = utf8mb3_general_ci ROW_FORMAT = Dynamic;

-- ----------------------------
-- Records of vtiger_reportsharing
-- ----------------------------

-- ----------------------------
-- Table structure for vtiger_reportsortcol
-- ----------------------------
DROP TABLE IF EXISTS `vtiger_reportsortcol`;
CREATE TABLE `vtiger_reportsortcol`  (
  `sortcolid` int NOT NULL,
  `reportid` int NOT NULL,
  `columnname` varchar(250) CHARACTER SET utf8mb3 COLLATE utf8mb3_general_ci NULL DEFAULT '',
  `sortorder` varchar(250) CHARACTER SET utf8mb3 COLLATE utf8mb3_general_ci NULL DEFAULT 'Asc',
  PRIMARY KEY (`sortcolid`, `reportid`) USING BTREE,
  INDEX `fk_1_vtiger_reportsortcol`(`reportid` ASC) USING BTREE,
  CONSTRAINT `fk_1_vtiger_reportsortcol` FOREIGN KEY (`reportid`) REFERENCES `vtiger_report` (`reportid`) ON DELETE CASCADE ON UPDATE RESTRICT
) ENGINE = InnoDB CHARACTER SET = utf8mb3 COLLATE = utf8mb3_general_ci ROW_FORMAT = Dynamic;

-- ----------------------------
-- Records of vtiger_reportsortcol
-- ----------------------------
INSERT INTO `vtiger_reportsortcol` VALUES (1, 4, 'vtiger_leaddetails:leadsource:Leads_Lead_Source:leadsource:V', 'Ascending');
INSERT INTO `vtiger_reportsortcol` VALUES (1, 5, 'vtiger_leaddetails:leadstatus:Leads_Lead_Status:leadstatus:V', 'Ascending');
INSERT INTO `vtiger_reportsortcol` VALUES (1, 6, 'vtiger_potential:sales_stage:Potentials_Sales_Stage:sales_stage:V', 'Ascending');
INSERT INTO `vtiger_reportsortcol` VALUES (1, 11, 'vtiger_troubletickets:priority:HelpDesk_Priority:ticketpriorities:V', 'Ascending');

-- ----------------------------
-- Table structure for vtiger_reportsummary
-- ----------------------------
DROP TABLE IF EXISTS `vtiger_reportsummary`;
CREATE TABLE `vtiger_reportsummary`  (
  `reportsummaryid` int NOT NULL,
  `summarytype` int NOT NULL,
  `columnname` varchar(250) CHARACTER SET utf8mb3 COLLATE utf8mb3_general_ci NOT NULL DEFAULT '',
  PRIMARY KEY (`reportsummaryid`, `summarytype`, `columnname`) USING BTREE,
  INDEX `reportsummary_reportsummaryid_idx`(`reportsummaryid` ASC) USING BTREE,
  CONSTRAINT `fk_1_vtiger_reportsummary` FOREIGN KEY (`reportsummaryid`) REFERENCES `vtiger_report` (`reportid`) ON DELETE CASCADE ON UPDATE RESTRICT
) ENGINE = InnoDB CHARACTER SET = utf8mb3 COLLATE = utf8mb3_general_ci ROW_FORMAT = Dynamic;

-- ----------------------------
-- Records of vtiger_reportsummary
-- ----------------------------

-- ----------------------------
-- Table structure for vtiger_reporttype
-- ----------------------------
DROP TABLE IF EXISTS `vtiger_reporttype`;
CREATE TABLE `vtiger_reporttype`  (
  `reportid` int NOT NULL,
  `data` text CHARACTER SET utf8mb4 COLLATE utf8mb4_0900_ai_ci NULL,
  PRIMARY KEY (`reportid`) USING BTREE,
  CONSTRAINT `fk_1_vtiger_reporttype` FOREIGN KEY (`reportid`) REFERENCES `vtiger_report` (`reportid`) ON DELETE CASCADE ON UPDATE RESTRICT
) ENGINE = InnoDB CHARACTER SET = utf8mb4 COLLATE = utf8mb4_0900_ai_ci ROW_FORMAT = Dynamic;

-- ----------------------------
-- Records of vtiger_reporttype
-- ----------------------------

-- ----------------------------
-- Table structure for vtiger_role
-- ----------------------------
DROP TABLE IF EXISTS `vtiger_role`;
CREATE TABLE `vtiger_role`  (
  `roleid` varchar(255) CHARACTER SET utf8mb3 COLLATE utf8mb3_general_ci NOT NULL,
  `rolename` varchar(200) CHARACTER SET utf8mb3 COLLATE utf8mb3_general_ci NULL DEFAULT NULL,
  `parentrole` varchar(255) CHARACTER SET utf8mb3 COLLATE utf8mb3_general_ci NULL DEFAULT NULL,
  `depth` int NULL DEFAULT NULL,
  `allowassignedrecordsto` int NOT NULL DEFAULT 1,
  PRIMARY KEY (`roleid`) USING BTREE
) ENGINE = InnoDB CHARACTER SET = utf8mb3 COLLATE = utf8mb3_general_ci ROW_FORMAT = Dynamic;

-- ----------------------------
-- Records of vtiger_role
-- ----------------------------
INSERT INTO `vtiger_role` VALUES ('H1', 'Organization', 'H1', 0, 1);
INSERT INTO `vtiger_role` VALUES ('H2', 'CEO', 'H1::H2', 1, 1);
INSERT INTO `vtiger_role` VALUES ('H3', 'Vice President', 'H1::H2::H3', 2, 1);
INSERT INTO `vtiger_role` VALUES ('H4', 'Sales Manager', 'H1::H2::H3::H4', 3, 1);
INSERT INTO `vtiger_role` VALUES ('H5', 'Sales Person', 'H1::H2::H3::H4::H5', 4, 1);

-- ----------------------------
-- Table structure for vtiger_role2picklist
-- ----------------------------
DROP TABLE IF EXISTS `vtiger_role2picklist`;
CREATE TABLE `vtiger_role2picklist`  (
  `roleid` varchar(255) CHARACTER SET utf8mb3 COLLATE utf8mb3_general_ci NOT NULL,
  `picklistvalueid` int NOT NULL,
  `picklistid` int NOT NULL,
  `sortid` int NULL DEFAULT NULL,
  PRIMARY KEY (`roleid`, `picklistvalueid`, `picklistid`) USING BTREE,
  INDEX `role2picklist_roleid_picklistid_idx`(`roleid` ASC, `picklistid` ASC, `picklistvalueid` ASC) USING BTREE,
  INDEX `fk_2_vtiger_role2picklist`(`picklistid` ASC) USING BTREE,
  CONSTRAINT `fk_1_vtiger_role2picklist` FOREIGN KEY (`roleid`) REFERENCES `vtiger_role` (`roleid`) ON DELETE CASCADE ON UPDATE RESTRICT,
  CONSTRAINT `fk_2_vtiger_role2picklist` FOREIGN KEY (`picklistid`) REFERENCES `vtiger_picklist` (`picklistid`) ON DELETE CASCADE ON UPDATE RESTRICT
) ENGINE = InnoDB CHARACTER SET = utf8mb3 COLLATE = utf8mb3_general_ci ROW_FORMAT = Dynamic;

-- ----------------------------
-- Records of vtiger_role2picklist
-- ----------------------------
INSERT INTO `vtiger_role2picklist` VALUES ('H1', 1, 1, 0);
INSERT INTO `vtiger_role2picklist` VALUES ('H1', 2, 1, 1);
INSERT INTO `vtiger_role2picklist` VALUES ('H1', 3, 1, 2);
INSERT INTO `vtiger_role2picklist` VALUES ('H1', 4, 1, 3);
INSERT INTO `vtiger_role2picklist` VALUES ('H1', 5, 1, 4);
INSERT INTO `vtiger_role2picklist` VALUES ('H1', 6, 1, 5);
INSERT INTO `vtiger_role2picklist` VALUES ('H1', 7, 1, 6);
INSERT INTO `vtiger_role2picklist` VALUES ('H1', 8, 1, 7);
INSERT INTO `vtiger_role2picklist` VALUES ('H1', 9, 1, 8);
INSERT INTO `vtiger_role2picklist` VALUES ('H1', 10, 1, 9);
INSERT INTO `vtiger_role2picklist` VALUES ('H1', 11, 1, 10);
INSERT INTO `vtiger_role2picklist` VALUES ('H1', 12, 2, 0);
INSERT INTO `vtiger_role2picklist` VALUES ('H1', 13, 2, 1);
INSERT INTO `vtiger_role2picklist` VALUES ('H1', 14, 3, 0);
INSERT INTO `vtiger_role2picklist` VALUES ('H1', 15, 3, 1);
INSERT INTO `vtiger_role2picklist` VALUES ('H1', 16, 3, 2);
INSERT INTO `vtiger_role2picklist` VALUES ('H1', 17, 3, 3);
INSERT INTO `vtiger_role2picklist` VALUES ('H1', 18, 3, 4);
INSERT INTO `vtiger_role2picklist` VALUES ('H1', 19, 3, 5);
INSERT INTO `vtiger_role2picklist` VALUES ('H1', 20, 4, 0);
INSERT INTO `vtiger_role2picklist` VALUES ('H1', 21, 4, 1);
INSERT INTO `vtiger_role2picklist` VALUES ('H1', 22, 4, 2);
INSERT INTO `vtiger_role2picklist` VALUES ('H1', 23, 4, 3);
INSERT INTO `vtiger_role2picklist` VALUES ('H1', 24, 4, 4);
INSERT INTO `vtiger_role2picklist` VALUES ('H1', 25, 4, 5);
INSERT INTO `vtiger_role2picklist` VALUES ('H1', 26, 4, 6);
INSERT INTO `vtiger_role2picklist` VALUES ('H1', 27, 4, 7);
INSERT INTO `vtiger_role2picklist` VALUES ('H1', 28, 4, 8);
INSERT INTO `vtiger_role2picklist` VALUES ('H1', 29, 4, 9);
INSERT INTO `vtiger_role2picklist` VALUES ('H1', 30, 4, 10);
INSERT INTO `vtiger_role2picklist` VALUES ('H1', 31, 4, 11);
INSERT INTO `vtiger_role2picklist` VALUES ('H1', 32, 4, 12);
INSERT INTO `vtiger_role2picklist` VALUES ('H1', 33, 5, 0);
INSERT INTO `vtiger_role2picklist` VALUES ('H1', 34, 5, 1);
INSERT INTO `vtiger_role2picklist` VALUES ('H1', 35, 5, 2);
INSERT INTO `vtiger_role2picklist` VALUES ('H1', 36, 5, 3);
INSERT INTO `vtiger_role2picklist` VALUES ('H1', 37, 5, 4);
INSERT INTO `vtiger_role2picklist` VALUES ('H1', 38, 6, 0);
INSERT INTO `vtiger_role2picklist` VALUES ('H1', 39, 6, 1);
INSERT INTO `vtiger_role2picklist` VALUES ('H1', 40, 6, 2);
INSERT INTO `vtiger_role2picklist` VALUES ('H1', 41, 7, 0);
INSERT INTO `vtiger_role2picklist` VALUES ('H1', 42, 7, 1);
INSERT INTO `vtiger_role2picklist` VALUES ('H1', 43, 7, 2);
INSERT INTO `vtiger_role2picklist` VALUES ('H1', 44, 7, 3);
INSERT INTO `vtiger_role2picklist` VALUES ('H1', 45, 7, 4);
INSERT INTO `vtiger_role2picklist` VALUES ('H1', 46, 8, 0);
INSERT INTO `vtiger_role2picklist` VALUES ('H1', 47, 9, 0);
INSERT INTO `vtiger_role2picklist` VALUES ('H1', 48, 9, 1);
INSERT INTO `vtiger_role2picklist` VALUES ('H1', 49, 9, 2);
INSERT INTO `vtiger_role2picklist` VALUES ('H1', 50, 9, 3);
INSERT INTO `vtiger_role2picklist` VALUES ('H1', 51, 10, 0);
INSERT INTO `vtiger_role2picklist` VALUES ('H1', 52, 10, 1);
INSERT INTO `vtiger_role2picklist` VALUES ('H1', 53, 10, 2);
INSERT INTO `vtiger_role2picklist` VALUES ('H1', 54, 10, 3);
INSERT INTO `vtiger_role2picklist` VALUES ('H1', 55, 10, 4);
INSERT INTO `vtiger_role2picklist` VALUES ('H1', 56, 10, 5);
INSERT INTO `vtiger_role2picklist` VALUES ('H1', 57, 10, 6);
INSERT INTO `vtiger_role2picklist` VALUES ('H1', 58, 10, 7);
INSERT INTO `vtiger_role2picklist` VALUES ('H1', 59, 10, 8);
INSERT INTO `vtiger_role2picklist` VALUES ('H1', 60, 11, 0);
INSERT INTO `vtiger_role2picklist` VALUES ('H1', 61, 11, 1);
INSERT INTO `vtiger_role2picklist` VALUES ('H1', 62, 11, 2);
INSERT INTO `vtiger_role2picklist` VALUES ('H1', 63, 11, 3);
INSERT INTO `vtiger_role2picklist` VALUES ('H1', 64, 11, 4);
INSERT INTO `vtiger_role2picklist` VALUES ('H1', 65, 11, 5);
INSERT INTO `vtiger_role2picklist` VALUES ('H1', 66, 11, 6);
INSERT INTO `vtiger_role2picklist` VALUES ('H1', 67, 11, 7);
INSERT INTO `vtiger_role2picklist` VALUES ('H1', 68, 11, 8);
INSERT INTO `vtiger_role2picklist` VALUES ('H1', 69, 11, 9);
INSERT INTO `vtiger_role2picklist` VALUES ('H1', 70, 11, 10);
INSERT INTO `vtiger_role2picklist` VALUES ('H1', 71, 11, 11);
INSERT INTO `vtiger_role2picklist` VALUES ('H1', 72, 11, 12);
INSERT INTO `vtiger_role2picklist` VALUES ('H1', 73, 11, 13);
INSERT INTO `vtiger_role2picklist` VALUES ('H1', 74, 11, 14);
INSERT INTO `vtiger_role2picklist` VALUES ('H1', 75, 11, 15);
INSERT INTO `vtiger_role2picklist` VALUES ('H1', 76, 11, 16);
INSERT INTO `vtiger_role2picklist` VALUES ('H1', 77, 11, 17);
INSERT INTO `vtiger_role2picklist` VALUES ('H1', 78, 11, 18);
INSERT INTO `vtiger_role2picklist` VALUES ('H1', 79, 11, 19);
INSERT INTO `vtiger_role2picklist` VALUES ('H1', 80, 11, 20);
INSERT INTO `vtiger_role2picklist` VALUES ('H1', 81, 11, 21);
INSERT INTO `vtiger_role2picklist` VALUES ('H1', 82, 11, 22);
INSERT INTO `vtiger_role2picklist` VALUES ('H1', 83, 11, 23);
INSERT INTO `vtiger_role2picklist` VALUES ('H1', 84, 11, 24);
INSERT INTO `vtiger_role2picklist` VALUES ('H1', 85, 11, 25);
INSERT INTO `vtiger_role2picklist` VALUES ('H1', 86, 11, 26);
INSERT INTO `vtiger_role2picklist` VALUES ('H1', 87, 11, 27);
INSERT INTO `vtiger_role2picklist` VALUES ('H1', 88, 11, 28);
INSERT INTO `vtiger_role2picklist` VALUES ('H1', 89, 11, 29);
INSERT INTO `vtiger_role2picklist` VALUES ('H1', 90, 11, 30);
INSERT INTO `vtiger_role2picklist` VALUES ('H1', 91, 11, 31);
INSERT INTO `vtiger_role2picklist` VALUES ('H1', 92, 12, 0);
INSERT INTO `vtiger_role2picklist` VALUES ('H1', 93, 12, 1);
INSERT INTO `vtiger_role2picklist` VALUES ('H1', 94, 12, 2);
INSERT INTO `vtiger_role2picklist` VALUES ('H1', 95, 12, 3);
INSERT INTO `vtiger_role2picklist` VALUES ('H1', 96, 12, 4);
INSERT INTO `vtiger_role2picklist` VALUES ('H1', 97, 12, 5);
INSERT INTO `vtiger_role2picklist` VALUES ('H1', 98, 13, 0);
INSERT INTO `vtiger_role2picklist` VALUES ('H1', 99, 13, 1);
INSERT INTO `vtiger_role2picklist` VALUES ('H1', 100, 13, 2);
INSERT INTO `vtiger_role2picklist` VALUES ('H1', 101, 13, 3);
INSERT INTO `vtiger_role2picklist` VALUES ('H1', 102, 13, 4);
INSERT INTO `vtiger_role2picklist` VALUES ('H1', 103, 13, 5);
INSERT INTO `vtiger_role2picklist` VALUES ('H1', 104, 13, 6);
INSERT INTO `vtiger_role2picklist` VALUES ('H1', 105, 13, 7);
INSERT INTO `vtiger_role2picklist` VALUES ('H1', 106, 13, 8);
INSERT INTO `vtiger_role2picklist` VALUES ('H1', 107, 13, 9);
INSERT INTO `vtiger_role2picklist` VALUES ('H1', 108, 13, 10);
INSERT INTO `vtiger_role2picklist` VALUES ('H1', 109, 13, 11);
INSERT INTO `vtiger_role2picklist` VALUES ('H1', 110, 13, 12);
INSERT INTO `vtiger_role2picklist` VALUES ('H1', 111, 14, 0);
INSERT INTO `vtiger_role2picklist` VALUES ('H1', 112, 14, 1);
INSERT INTO `vtiger_role2picklist` VALUES ('H1', 113, 14, 2);
INSERT INTO `vtiger_role2picklist` VALUES ('H1', 114, 14, 3);
INSERT INTO `vtiger_role2picklist` VALUES ('H1', 115, 14, 4);
INSERT INTO `vtiger_role2picklist` VALUES ('H1', 116, 14, 5);
INSERT INTO `vtiger_role2picklist` VALUES ('H1', 117, 14, 6);
INSERT INTO `vtiger_role2picklist` VALUES ('H1', 118, 14, 7);
INSERT INTO `vtiger_role2picklist` VALUES ('H1', 119, 14, 8);
INSERT INTO `vtiger_role2picklist` VALUES ('H1', 120, 14, 9);
INSERT INTO `vtiger_role2picklist` VALUES ('H1', 121, 14, 10);
INSERT INTO `vtiger_role2picklist` VALUES ('H1', 122, 14, 11);
INSERT INTO `vtiger_role2picklist` VALUES ('H1', 123, 15, 0);
INSERT INTO `vtiger_role2picklist` VALUES ('H1', 124, 15, 1);
INSERT INTO `vtiger_role2picklist` VALUES ('H1', 125, 15, 2);
INSERT INTO `vtiger_role2picklist` VALUES ('H1', 126, 15, 3);
INSERT INTO `vtiger_role2picklist` VALUES ('H1', 127, 16, 0);
INSERT INTO `vtiger_role2picklist` VALUES ('H1', 128, 16, 1);
INSERT INTO `vtiger_role2picklist` VALUES ('H1', 129, 16, 2);
INSERT INTO `vtiger_role2picklist` VALUES ('H1', 130, 17, 0);
INSERT INTO `vtiger_role2picklist` VALUES ('H1', 131, 17, 1);
INSERT INTO `vtiger_role2picklist` VALUES ('H1', 132, 17, 2);
INSERT INTO `vtiger_role2picklist` VALUES ('H1', 133, 17, 3);
INSERT INTO `vtiger_role2picklist` VALUES ('H1', 134, 17, 4);
INSERT INTO `vtiger_role2picklist` VALUES ('H1', 135, 18, 0);
INSERT INTO `vtiger_role2picklist` VALUES ('H1', 136, 18, 1);
INSERT INTO `vtiger_role2picklist` VALUES ('H1', 137, 18, 2);
INSERT INTO `vtiger_role2picklist` VALUES ('H1', 138, 18, 3);
INSERT INTO `vtiger_role2picklist` VALUES ('H1', 139, 19, 0);
INSERT INTO `vtiger_role2picklist` VALUES ('H1', 140, 19, 1);
INSERT INTO `vtiger_role2picklist` VALUES ('H1', 141, 19, 2);
INSERT INTO `vtiger_role2picklist` VALUES ('H1', 142, 19, 3);
INSERT INTO `vtiger_role2picklist` VALUES ('H1', 143, 19, 4);
INSERT INTO `vtiger_role2picklist` VALUES ('H1', 144, 20, 0);
INSERT INTO `vtiger_role2picklist` VALUES ('H1', 145, 20, 1);
INSERT INTO `vtiger_role2picklist` VALUES ('H1', 146, 20, 2);
INSERT INTO `vtiger_role2picklist` VALUES ('H1', 147, 20, 3);
INSERT INTO `vtiger_role2picklist` VALUES ('H1', 148, 20, 4);
INSERT INTO `vtiger_role2picklist` VALUES ('H1', 149, 20, 5);
INSERT INTO `vtiger_role2picklist` VALUES ('H1', 150, 21, 0);
INSERT INTO `vtiger_role2picklist` VALUES ('H1', 151, 21, 1);
INSERT INTO `vtiger_role2picklist` VALUES ('H1', 152, 21, 2);
INSERT INTO `vtiger_role2picklist` VALUES ('H1', 153, 21, 3);
INSERT INTO `vtiger_role2picklist` VALUES ('H1', 154, 21, 4);
INSERT INTO `vtiger_role2picklist` VALUES ('H1', 155, 21, 5);
INSERT INTO `vtiger_role2picklist` VALUES ('H1', 156, 21, 6);
INSERT INTO `vtiger_role2picklist` VALUES ('H1', 157, 21, 7);
INSERT INTO `vtiger_role2picklist` VALUES ('H1', 158, 21, 8);
INSERT INTO `vtiger_role2picklist` VALUES ('H1', 159, 21, 9);
INSERT INTO `vtiger_role2picklist` VALUES ('H1', 160, 22, 0);
INSERT INTO `vtiger_role2picklist` VALUES ('H1', 161, 22, 1);
INSERT INTO `vtiger_role2picklist` VALUES ('H1', 162, 22, 2);
INSERT INTO `vtiger_role2picklist` VALUES ('H1', 163, 22, 3);
INSERT INTO `vtiger_role2picklist` VALUES ('H1', 164, 22, 4);
INSERT INTO `vtiger_role2picklist` VALUES ('H1', 165, 22, 5);
INSERT INTO `vtiger_role2picklist` VALUES ('H1', 166, 23, 0);
INSERT INTO `vtiger_role2picklist` VALUES ('H1', 167, 23, 1);
INSERT INTO `vtiger_role2picklist` VALUES ('H1', 168, 23, 2);
INSERT INTO `vtiger_role2picklist` VALUES ('H1', 169, 23, 3);
INSERT INTO `vtiger_role2picklist` VALUES ('H1', 170, 24, 0);
INSERT INTO `vtiger_role2picklist` VALUES ('H1', 171, 24, 1);
INSERT INTO `vtiger_role2picklist` VALUES ('H1', 172, 24, 2);
INSERT INTO `vtiger_role2picklist` VALUES ('H1', 173, 25, 0);
INSERT INTO `vtiger_role2picklist` VALUES ('H1', 174, 25, 1);
INSERT INTO `vtiger_role2picklist` VALUES ('H1', 175, 25, 2);
INSERT INTO `vtiger_role2picklist` VALUES ('H1', 176, 25, 3);
INSERT INTO `vtiger_role2picklist` VALUES ('H1', 177, 25, 4);
INSERT INTO `vtiger_role2picklist` VALUES ('H1', 178, 25, 5);
INSERT INTO `vtiger_role2picklist` VALUES ('H1', 179, 26, 0);
INSERT INTO `vtiger_role2picklist` VALUES ('H1', 180, 26, 1);
INSERT INTO `vtiger_role2picklist` VALUES ('H1', 181, 26, 2);
INSERT INTO `vtiger_role2picklist` VALUES ('H1', 182, 27, 0);
INSERT INTO `vtiger_role2picklist` VALUES ('H1', 183, 27, 1);
INSERT INTO `vtiger_role2picklist` VALUES ('H1', 184, 27, 2);
INSERT INTO `vtiger_role2picklist` VALUES ('H1', 185, 27, 3);
INSERT INTO `vtiger_role2picklist` VALUES ('H1', 186, 28, 0);
INSERT INTO `vtiger_role2picklist` VALUES ('H1', 187, 28, 1);
INSERT INTO `vtiger_role2picklist` VALUES ('H1', 188, 28, 2);
INSERT INTO `vtiger_role2picklist` VALUES ('H1', 189, 28, 3);
INSERT INTO `vtiger_role2picklist` VALUES ('H1', 190, 29, 0);
INSERT INTO `vtiger_role2picklist` VALUES ('H1', 191, 29, 1);
INSERT INTO `vtiger_role2picklist` VALUES ('H1', 192, 29, 2);
INSERT INTO `vtiger_role2picklist` VALUES ('H1', 193, 29, 3);
INSERT INTO `vtiger_role2picklist` VALUES ('H1', 194, 30, 0);
INSERT INTO `vtiger_role2picklist` VALUES ('H1', 195, 30, 1);
INSERT INTO `vtiger_role2picklist` VALUES ('H1', 196, 30, 2);
INSERT INTO `vtiger_role2picklist` VALUES ('H1', 197, 30, 3);
INSERT INTO `vtiger_role2picklist` VALUES ('H1', 198, 30, 4);
INSERT INTO `vtiger_role2picklist` VALUES ('H1', 199, 30, 5);
INSERT INTO `vtiger_role2picklist` VALUES ('H1', 200, 30, 6);
INSERT INTO `vtiger_role2picklist` VALUES ('H1', 201, 30, 7);
INSERT INTO `vtiger_role2picklist` VALUES ('H1', 202, 30, 8);
INSERT INTO `vtiger_role2picklist` VALUES ('H1', 203, 30, 9);
INSERT INTO `vtiger_role2picklist` VALUES ('H1', 204, 30, 10);
INSERT INTO `vtiger_role2picklist` VALUES ('H1', 205, 30, 11);
INSERT INTO `vtiger_role2picklist` VALUES ('H1', 206, 30, 12);
INSERT INTO `vtiger_role2picklist` VALUES ('H1', 207, 30, 13);
INSERT INTO `vtiger_role2picklist` VALUES ('H1', 208, 30, 14);
INSERT INTO `vtiger_role2picklist` VALUES ('H1', 209, 30, 15);
INSERT INTO `vtiger_role2picklist` VALUES ('H1', 210, 31, 1);
INSERT INTO `vtiger_role2picklist` VALUES ('H1', 211, 31, 2);
INSERT INTO `vtiger_role2picklist` VALUES ('H1', 212, 31, 3);
INSERT INTO `vtiger_role2picklist` VALUES ('H1', 213, 31, 4);
INSERT INTO `vtiger_role2picklist` VALUES ('H1', 214, 32, 1);
INSERT INTO `vtiger_role2picklist` VALUES ('H1', 215, 32, 2);
INSERT INTO `vtiger_role2picklist` VALUES ('H1', 216, 32, 3);
INSERT INTO `vtiger_role2picklist` VALUES ('H1', 217, 32, 4);
INSERT INTO `vtiger_role2picklist` VALUES ('H1', 218, 32, 5);
INSERT INTO `vtiger_role2picklist` VALUES ('H1', 219, 32, 6);
INSERT INTO `vtiger_role2picklist` VALUES ('H1', 220, 33, 1);
INSERT INTO `vtiger_role2picklist` VALUES ('H1', 221, 33, 2);
INSERT INTO `vtiger_role2picklist` VALUES ('H1', 222, 33, 3);
INSERT INTO `vtiger_role2picklist` VALUES ('H1', 223, 34, 1);
INSERT INTO `vtiger_role2picklist` VALUES ('H1', 224, 34, 2);
INSERT INTO `vtiger_role2picklist` VALUES ('H1', 225, 34, 3);
INSERT INTO `vtiger_role2picklist` VALUES ('H1', 226, 35, 1);
INSERT INTO `vtiger_role2picklist` VALUES ('H1', 227, 35, 2);
INSERT INTO `vtiger_role2picklist` VALUES ('H1', 228, 35, 3);
INSERT INTO `vtiger_role2picklist` VALUES ('H1', 229, 36, 1);
INSERT INTO `vtiger_role2picklist` VALUES ('H1', 230, 36, 2);
INSERT INTO `vtiger_role2picklist` VALUES ('H1', 231, 36, 3);
INSERT INTO `vtiger_role2picklist` VALUES ('H1', 232, 36, 4);
INSERT INTO `vtiger_role2picklist` VALUES ('H1', 233, 36, 5);
INSERT INTO `vtiger_role2picklist` VALUES ('H1', 234, 36, 6);
INSERT INTO `vtiger_role2picklist` VALUES ('H1', 235, 37, 1);
INSERT INTO `vtiger_role2picklist` VALUES ('H1', 236, 37, 2);
INSERT INTO `vtiger_role2picklist` VALUES ('H1', 237, 38, 1);
INSERT INTO `vtiger_role2picklist` VALUES ('H1', 238, 38, 2);
INSERT INTO `vtiger_role2picklist` VALUES ('H1', 239, 38, 3);
INSERT INTO `vtiger_role2picklist` VALUES ('H1', 240, 38, 4);
INSERT INTO `vtiger_role2picklist` VALUES ('H1', 241, 39, 1);
INSERT INTO `vtiger_role2picklist` VALUES ('H1', 242, 39, 2);
INSERT INTO `vtiger_role2picklist` VALUES ('H1', 243, 39, 3);
INSERT INTO `vtiger_role2picklist` VALUES ('H1', 244, 39, 4);
INSERT INTO `vtiger_role2picklist` VALUES ('H1', 245, 40, 1);
INSERT INTO `vtiger_role2picklist` VALUES ('H1', 246, 40, 2);
INSERT INTO `vtiger_role2picklist` VALUES ('H1', 247, 40, 3);
INSERT INTO `vtiger_role2picklist` VALUES ('H1', 248, 40, 4);
INSERT INTO `vtiger_role2picklist` VALUES ('H1', 249, 41, 1);
INSERT INTO `vtiger_role2picklist` VALUES ('H1', 250, 41, 2);
INSERT INTO `vtiger_role2picklist` VALUES ('H1', 251, 41, 3);
INSERT INTO `vtiger_role2picklist` VALUES ('H1', 252, 41, 4);
INSERT INTO `vtiger_role2picklist` VALUES ('H1', 253, 41, 5);
INSERT INTO `vtiger_role2picklist` VALUES ('H1', 254, 41, 6);
INSERT INTO `vtiger_role2picklist` VALUES ('H1', 255, 41, 7);
INSERT INTO `vtiger_role2picklist` VALUES ('H1', 256, 41, 8);
INSERT INTO `vtiger_role2picklist` VALUES ('H1', 257, 41, 9);
INSERT INTO `vtiger_role2picklist` VALUES ('H1', 258, 41, 10);
INSERT INTO `vtiger_role2picklist` VALUES ('H1', 259, 41, 11);
INSERT INTO `vtiger_role2picklist` VALUES ('H1', 260, 42, 1);
INSERT INTO `vtiger_role2picklist` VALUES ('H1', 261, 42, 2);
INSERT INTO `vtiger_role2picklist` VALUES ('H1', 262, 42, 3);
INSERT INTO `vtiger_role2picklist` VALUES ('H1', 263, 42, 4);
INSERT INTO `vtiger_role2picklist` VALUES ('H1', 264, 42, 5);
INSERT INTO `vtiger_role2picklist` VALUES ('H1', 265, 42, 6);
INSERT INTO `vtiger_role2picklist` VALUES ('H1', 266, 42, 7);
INSERT INTO `vtiger_role2picklist` VALUES ('H1', 267, 42, 8);
INSERT INTO `vtiger_role2picklist` VALUES ('H1', 268, 42, 9);
INSERT INTO `vtiger_role2picklist` VALUES ('H1', 269, 43, 1);
INSERT INTO `vtiger_role2picklist` VALUES ('H1', 270, 43, 2);
INSERT INTO `vtiger_role2picklist` VALUES ('H1', 271, 43, 3);
INSERT INTO `vtiger_role2picklist` VALUES ('H1', 272, 43, 4);
INSERT INTO `vtiger_role2picklist` VALUES ('H1', 273, 44, 1);
INSERT INTO `vtiger_role2picklist` VALUES ('H1', 274, 44, 2);
INSERT INTO `vtiger_role2picklist` VALUES ('H1', 275, 44, 3);
INSERT INTO `vtiger_role2picklist` VALUES ('H1', 276, 44, 4);
INSERT INTO `vtiger_role2picklist` VALUES ('H1', 277, 45, 1);
INSERT INTO `vtiger_role2picklist` VALUES ('H1', 278, 45, 2);
INSERT INTO `vtiger_role2picklist` VALUES ('H1', 279, 45, 3);
INSERT INTO `vtiger_role2picklist` VALUES ('H1', 280, 45, 4);
INSERT INTO `vtiger_role2picklist` VALUES ('H1', 281, 45, 5);
INSERT INTO `vtiger_role2picklist` VALUES ('H1', 282, 45, 6);
INSERT INTO `vtiger_role2picklist` VALUES ('H1', 283, 45, 7);
INSERT INTO `vtiger_role2picklist` VALUES ('H1', 284, 45, 8);
INSERT INTO `vtiger_role2picklist` VALUES ('H1', 285, 45, 9);
INSERT INTO `vtiger_role2picklist` VALUES ('H1', 286, 45, 10);
INSERT INTO `vtiger_role2picklist` VALUES ('H1', 287, 45, 11);
INSERT INTO `vtiger_role2picklist` VALUES ('H1', 288, 12, 1);
INSERT INTO `vtiger_role2picklist` VALUES ('H1', 289, 46, 1);
INSERT INTO `vtiger_role2picklist` VALUES ('H1', 290, 46, 2);
INSERT INTO `vtiger_role2picklist` VALUES ('H1', 291, 46, 3);
INSERT INTO `vtiger_role2picklist` VALUES ('H1', 292, 46, 4);
INSERT INTO `vtiger_role2picklist` VALUES ('H1', 293, 46, 5);
INSERT INTO `vtiger_role2picklist` VALUES ('H1', 294, 46, 6);
INSERT INTO `vtiger_role2picklist` VALUES ('H1', 295, 2, 1);
INSERT INTO `vtiger_role2picklist` VALUES ('H1', 296, 47, 1);
INSERT INTO `vtiger_role2picklist` VALUES ('H1', 297, 47, 2);
INSERT INTO `vtiger_role2picklist` VALUES ('H1', 298, 47, 3);
INSERT INTO `vtiger_role2picklist` VALUES ('H1', 299, 48, 1);
INSERT INTO `vtiger_role2picklist` VALUES ('H1', 300, 48, 2);
INSERT INTO `vtiger_role2picklist` VALUES ('H1', 303, 49, 1);
INSERT INTO `vtiger_role2picklist` VALUES ('H1', 304, 49, 2);
INSERT INTO `vtiger_role2picklist` VALUES ('H2', 1, 1, 0);
INSERT INTO `vtiger_role2picklist` VALUES ('H2', 2, 1, 1);
INSERT INTO `vtiger_role2picklist` VALUES ('H2', 3, 1, 2);
INSERT INTO `vtiger_role2picklist` VALUES ('H2', 4, 1, 3);
INSERT INTO `vtiger_role2picklist` VALUES ('H2', 5, 1, 4);
INSERT INTO `vtiger_role2picklist` VALUES ('H2', 6, 1, 5);
INSERT INTO `vtiger_role2picklist` VALUES ('H2', 7, 1, 6);
INSERT INTO `vtiger_role2picklist` VALUES ('H2', 8, 1, 7);
INSERT INTO `vtiger_role2picklist` VALUES ('H2', 9, 1, 8);
INSERT INTO `vtiger_role2picklist` VALUES ('H2', 10, 1, 9);
INSERT INTO `vtiger_role2picklist` VALUES ('H2', 11, 1, 10);
INSERT INTO `vtiger_role2picklist` VALUES ('H2', 12, 2, 0);
INSERT INTO `vtiger_role2picklist` VALUES ('H2', 13, 2, 1);
INSERT INTO `vtiger_role2picklist` VALUES ('H2', 14, 3, 0);
INSERT INTO `vtiger_role2picklist` VALUES ('H2', 15, 3, 1);
INSERT INTO `vtiger_role2picklist` VALUES ('H2', 16, 3, 2);
INSERT INTO `vtiger_role2picklist` VALUES ('H2', 17, 3, 3);
INSERT INTO `vtiger_role2picklist` VALUES ('H2', 18, 3, 4);
INSERT INTO `vtiger_role2picklist` VALUES ('H2', 19, 3, 5);
INSERT INTO `vtiger_role2picklist` VALUES ('H2', 20, 4, 0);
INSERT INTO `vtiger_role2picklist` VALUES ('H2', 21, 4, 1);
INSERT INTO `vtiger_role2picklist` VALUES ('H2', 22, 4, 2);
INSERT INTO `vtiger_role2picklist` VALUES ('H2', 23, 4, 3);
INSERT INTO `vtiger_role2picklist` VALUES ('H2', 24, 4, 4);
INSERT INTO `vtiger_role2picklist` VALUES ('H2', 25, 4, 5);
INSERT INTO `vtiger_role2picklist` VALUES ('H2', 26, 4, 6);
INSERT INTO `vtiger_role2picklist` VALUES ('H2', 27, 4, 7);
INSERT INTO `vtiger_role2picklist` VALUES ('H2', 28, 4, 8);
INSERT INTO `vtiger_role2picklist` VALUES ('H2', 29, 4, 9);
INSERT INTO `vtiger_role2picklist` VALUES ('H2', 30, 4, 10);
INSERT INTO `vtiger_role2picklist` VALUES ('H2', 31, 4, 11);
INSERT INTO `vtiger_role2picklist` VALUES ('H2', 32, 4, 12);
INSERT INTO `vtiger_role2picklist` VALUES ('H2', 33, 5, 0);
INSERT INTO `vtiger_role2picklist` VALUES ('H2', 34, 5, 1);
INSERT INTO `vtiger_role2picklist` VALUES ('H2', 35, 5, 2);
INSERT INTO `vtiger_role2picklist` VALUES ('H2', 36, 5, 3);
INSERT INTO `vtiger_role2picklist` VALUES ('H2', 37, 5, 4);
INSERT INTO `vtiger_role2picklist` VALUES ('H2', 38, 6, 0);
INSERT INTO `vtiger_role2picklist` VALUES ('H2', 39, 6, 1);
INSERT INTO `vtiger_role2picklist` VALUES ('H2', 40, 6, 2);
INSERT INTO `vtiger_role2picklist` VALUES ('H2', 41, 7, 0);
INSERT INTO `vtiger_role2picklist` VALUES ('H2', 42, 7, 1);
INSERT INTO `vtiger_role2picklist` VALUES ('H2', 43, 7, 2);
INSERT INTO `vtiger_role2picklist` VALUES ('H2', 44, 7, 3);
INSERT INTO `vtiger_role2picklist` VALUES ('H2', 45, 7, 4);
INSERT INTO `vtiger_role2picklist` VALUES ('H2', 46, 8, 0);
INSERT INTO `vtiger_role2picklist` VALUES ('H2', 47, 9, 0);
INSERT INTO `vtiger_role2picklist` VALUES ('H2', 48, 9, 1);
INSERT INTO `vtiger_role2picklist` VALUES ('H2', 49, 9, 2);
INSERT INTO `vtiger_role2picklist` VALUES ('H2', 50, 9, 3);
INSERT INTO `vtiger_role2picklist` VALUES ('H2', 51, 10, 0);
INSERT INTO `vtiger_role2picklist` VALUES ('H2', 52, 10, 1);
INSERT INTO `vtiger_role2picklist` VALUES ('H2', 53, 10, 2);
INSERT INTO `vtiger_role2picklist` VALUES ('H2', 54, 10, 3);
INSERT INTO `vtiger_role2picklist` VALUES ('H2', 55, 10, 4);
INSERT INTO `vtiger_role2picklist` VALUES ('H2', 56, 10, 5);
INSERT INTO `vtiger_role2picklist` VALUES ('H2', 57, 10, 6);
INSERT INTO `vtiger_role2picklist` VALUES ('H2', 58, 10, 7);
INSERT INTO `vtiger_role2picklist` VALUES ('H2', 59, 10, 8);
INSERT INTO `vtiger_role2picklist` VALUES ('H2', 60, 11, 0);
INSERT INTO `vtiger_role2picklist` VALUES ('H2', 61, 11, 1);
INSERT INTO `vtiger_role2picklist` VALUES ('H2', 62, 11, 2);
INSERT INTO `vtiger_role2picklist` VALUES ('H2', 63, 11, 3);
INSERT INTO `vtiger_role2picklist` VALUES ('H2', 64, 11, 4);
INSERT INTO `vtiger_role2picklist` VALUES ('H2', 65, 11, 5);
INSERT INTO `vtiger_role2picklist` VALUES ('H2', 66, 11, 6);
INSERT INTO `vtiger_role2picklist` VALUES ('H2', 67, 11, 7);
INSERT INTO `vtiger_role2picklist` VALUES ('H2', 68, 11, 8);
INSERT INTO `vtiger_role2picklist` VALUES ('H2', 69, 11, 9);
INSERT INTO `vtiger_role2picklist` VALUES ('H2', 70, 11, 10);
INSERT INTO `vtiger_role2picklist` VALUES ('H2', 71, 11, 11);
INSERT INTO `vtiger_role2picklist` VALUES ('H2', 72, 11, 12);
INSERT INTO `vtiger_role2picklist` VALUES ('H2', 73, 11, 13);
INSERT INTO `vtiger_role2picklist` VALUES ('H2', 74, 11, 14);
INSERT INTO `vtiger_role2picklist` VALUES ('H2', 75, 11, 15);
INSERT INTO `vtiger_role2picklist` VALUES ('H2', 76, 11, 16);
INSERT INTO `vtiger_role2picklist` VALUES ('H2', 77, 11, 17);
INSERT INTO `vtiger_role2picklist` VALUES ('H2', 78, 11, 18);
INSERT INTO `vtiger_role2picklist` VALUES ('H2', 79, 11, 19);
INSERT INTO `vtiger_role2picklist` VALUES ('H2', 80, 11, 20);
INSERT INTO `vtiger_role2picklist` VALUES ('H2', 81, 11, 21);
INSERT INTO `vtiger_role2picklist` VALUES ('H2', 82, 11, 22);
INSERT INTO `vtiger_role2picklist` VALUES ('H2', 83, 11, 23);
INSERT INTO `vtiger_role2picklist` VALUES ('H2', 84, 11, 24);
INSERT INTO `vtiger_role2picklist` VALUES ('H2', 85, 11, 25);
INSERT INTO `vtiger_role2picklist` VALUES ('H2', 86, 11, 26);
INSERT INTO `vtiger_role2picklist` VALUES ('H2', 87, 11, 27);
INSERT INTO `vtiger_role2picklist` VALUES ('H2', 88, 11, 28);
INSERT INTO `vtiger_role2picklist` VALUES ('H2', 89, 11, 29);
INSERT INTO `vtiger_role2picklist` VALUES ('H2', 90, 11, 30);
INSERT INTO `vtiger_role2picklist` VALUES ('H2', 91, 11, 31);
INSERT INTO `vtiger_role2picklist` VALUES ('H2', 92, 12, 0);
INSERT INTO `vtiger_role2picklist` VALUES ('H2', 93, 12, 1);
INSERT INTO `vtiger_role2picklist` VALUES ('H2', 94, 12, 2);
INSERT INTO `vtiger_role2picklist` VALUES ('H2', 95, 12, 3);
INSERT INTO `vtiger_role2picklist` VALUES ('H2', 96, 12, 4);
INSERT INTO `vtiger_role2picklist` VALUES ('H2', 97, 12, 5);
INSERT INTO `vtiger_role2picklist` VALUES ('H2', 98, 13, 0);
INSERT INTO `vtiger_role2picklist` VALUES ('H2', 99, 13, 1);
INSERT INTO `vtiger_role2picklist` VALUES ('H2', 100, 13, 2);
INSERT INTO `vtiger_role2picklist` VALUES ('H2', 101, 13, 3);
INSERT INTO `vtiger_role2picklist` VALUES ('H2', 102, 13, 4);
INSERT INTO `vtiger_role2picklist` VALUES ('H2', 103, 13, 5);
INSERT INTO `vtiger_role2picklist` VALUES ('H2', 104, 13, 6);
INSERT INTO `vtiger_role2picklist` VALUES ('H2', 105, 13, 7);
INSERT INTO `vtiger_role2picklist` VALUES ('H2', 106, 13, 8);
INSERT INTO `vtiger_role2picklist` VALUES ('H2', 107, 13, 9);
INSERT INTO `vtiger_role2picklist` VALUES ('H2', 108, 13, 10);
INSERT INTO `vtiger_role2picklist` VALUES ('H2', 109, 13, 11);
INSERT INTO `vtiger_role2picklist` VALUES ('H2', 110, 13, 12);
INSERT INTO `vtiger_role2picklist` VALUES ('H2', 111, 14, 0);
INSERT INTO `vtiger_role2picklist` VALUES ('H2', 112, 14, 1);
INSERT INTO `vtiger_role2picklist` VALUES ('H2', 113, 14, 2);
INSERT INTO `vtiger_role2picklist` VALUES ('H2', 114, 14, 3);
INSERT INTO `vtiger_role2picklist` VALUES ('H2', 115, 14, 4);
INSERT INTO `vtiger_role2picklist` VALUES ('H2', 116, 14, 5);
INSERT INTO `vtiger_role2picklist` VALUES ('H2', 117, 14, 6);
INSERT INTO `vtiger_role2picklist` VALUES ('H2', 118, 14, 7);
INSERT INTO `vtiger_role2picklist` VALUES ('H2', 119, 14, 8);
INSERT INTO `vtiger_role2picklist` VALUES ('H2', 120, 14, 9);
INSERT INTO `vtiger_role2picklist` VALUES ('H2', 121, 14, 10);
INSERT INTO `vtiger_role2picklist` VALUES ('H2', 122, 14, 11);
INSERT INTO `vtiger_role2picklist` VALUES ('H2', 123, 15, 0);
INSERT INTO `vtiger_role2picklist` VALUES ('H2', 124, 15, 1);
INSERT INTO `vtiger_role2picklist` VALUES ('H2', 125, 15, 2);
INSERT INTO `vtiger_role2picklist` VALUES ('H2', 126, 15, 3);
INSERT INTO `vtiger_role2picklist` VALUES ('H2', 127, 16, 0);
INSERT INTO `vtiger_role2picklist` VALUES ('H2', 128, 16, 1);
INSERT INTO `vtiger_role2picklist` VALUES ('H2', 129, 16, 2);
INSERT INTO `vtiger_role2picklist` VALUES ('H2', 130, 17, 0);
INSERT INTO `vtiger_role2picklist` VALUES ('H2', 131, 17, 1);
INSERT INTO `vtiger_role2picklist` VALUES ('H2', 132, 17, 2);
INSERT INTO `vtiger_role2picklist` VALUES ('H2', 133, 17, 3);
INSERT INTO `vtiger_role2picklist` VALUES ('H2', 134, 17, 4);
INSERT INTO `vtiger_role2picklist` VALUES ('H2', 135, 18, 0);
INSERT INTO `vtiger_role2picklist` VALUES ('H2', 136, 18, 1);
INSERT INTO `vtiger_role2picklist` VALUES ('H2', 137, 18, 2);
INSERT INTO `vtiger_role2picklist` VALUES ('H2', 138, 18, 3);
INSERT INTO `vtiger_role2picklist` VALUES ('H2', 139, 19, 0);
INSERT INTO `vtiger_role2picklist` VALUES ('H2', 140, 19, 1);
INSERT INTO `vtiger_role2picklist` VALUES ('H2', 141, 19, 2);
INSERT INTO `vtiger_role2picklist` VALUES ('H2', 142, 19, 3);
INSERT INTO `vtiger_role2picklist` VALUES ('H2', 143, 19, 4);
INSERT INTO `vtiger_role2picklist` VALUES ('H2', 144, 20, 0);
INSERT INTO `vtiger_role2picklist` VALUES ('H2', 145, 20, 1);
INSERT INTO `vtiger_role2picklist` VALUES ('H2', 146, 20, 2);
INSERT INTO `vtiger_role2picklist` VALUES ('H2', 147, 20, 3);
INSERT INTO `vtiger_role2picklist` VALUES ('H2', 148, 20, 4);
INSERT INTO `vtiger_role2picklist` VALUES ('H2', 149, 20, 5);
INSERT INTO `vtiger_role2picklist` VALUES ('H2', 150, 21, 0);
INSERT INTO `vtiger_role2picklist` VALUES ('H2', 151, 21, 1);
INSERT INTO `vtiger_role2picklist` VALUES ('H2', 152, 21, 2);
INSERT INTO `vtiger_role2picklist` VALUES ('H2', 153, 21, 3);
INSERT INTO `vtiger_role2picklist` VALUES ('H2', 154, 21, 4);
INSERT INTO `vtiger_role2picklist` VALUES ('H2', 155, 21, 5);
INSERT INTO `vtiger_role2picklist` VALUES ('H2', 156, 21, 6);
INSERT INTO `vtiger_role2picklist` VALUES ('H2', 157, 21, 7);
INSERT INTO `vtiger_role2picklist` VALUES ('H2', 158, 21, 8);
INSERT INTO `vtiger_role2picklist` VALUES ('H2', 159, 21, 9);
INSERT INTO `vtiger_role2picklist` VALUES ('H2', 160, 22, 0);
INSERT INTO `vtiger_role2picklist` VALUES ('H2', 161, 22, 1);
INSERT INTO `vtiger_role2picklist` VALUES ('H2', 162, 22, 2);
INSERT INTO `vtiger_role2picklist` VALUES ('H2', 163, 22, 3);
INSERT INTO `vtiger_role2picklist` VALUES ('H2', 164, 22, 4);
INSERT INTO `vtiger_role2picklist` VALUES ('H2', 165, 22, 5);
INSERT INTO `vtiger_role2picklist` VALUES ('H2', 166, 23, 0);
INSERT INTO `vtiger_role2picklist` VALUES ('H2', 167, 23, 1);
INSERT INTO `vtiger_role2picklist` VALUES ('H2', 168, 23, 2);
INSERT INTO `vtiger_role2picklist` VALUES ('H2', 169, 23, 3);
INSERT INTO `vtiger_role2picklist` VALUES ('H2', 170, 24, 0);
INSERT INTO `vtiger_role2picklist` VALUES ('H2', 171, 24, 1);
INSERT INTO `vtiger_role2picklist` VALUES ('H2', 172, 24, 2);
INSERT INTO `vtiger_role2picklist` VALUES ('H2', 173, 25, 0);
INSERT INTO `vtiger_role2picklist` VALUES ('H2', 174, 25, 1);
INSERT INTO `vtiger_role2picklist` VALUES ('H2', 175, 25, 2);
INSERT INTO `vtiger_role2picklist` VALUES ('H2', 176, 25, 3);
INSERT INTO `vtiger_role2picklist` VALUES ('H2', 177, 25, 4);
INSERT INTO `vtiger_role2picklist` VALUES ('H2', 178, 25, 5);
INSERT INTO `vtiger_role2picklist` VALUES ('H2', 179, 26, 0);
INSERT INTO `vtiger_role2picklist` VALUES ('H2', 180, 26, 1);
INSERT INTO `vtiger_role2picklist` VALUES ('H2', 181, 26, 2);
INSERT INTO `vtiger_role2picklist` VALUES ('H2', 182, 27, 0);
INSERT INTO `vtiger_role2picklist` VALUES ('H2', 183, 27, 1);
INSERT INTO `vtiger_role2picklist` VALUES ('H2', 184, 27, 2);
INSERT INTO `vtiger_role2picklist` VALUES ('H2', 185, 27, 3);
INSERT INTO `vtiger_role2picklist` VALUES ('H2', 186, 28, 0);
INSERT INTO `vtiger_role2picklist` VALUES ('H2', 187, 28, 1);
INSERT INTO `vtiger_role2picklist` VALUES ('H2', 188, 28, 2);
INSERT INTO `vtiger_role2picklist` VALUES ('H2', 189, 28, 3);
INSERT INTO `vtiger_role2picklist` VALUES ('H2', 190, 29, 0);
INSERT INTO `vtiger_role2picklist` VALUES ('H2', 191, 29, 1);
INSERT INTO `vtiger_role2picklist` VALUES ('H2', 192, 29, 2);
INSERT INTO `vtiger_role2picklist` VALUES ('H2', 193, 29, 3);
INSERT INTO `vtiger_role2picklist` VALUES ('H2', 194, 30, 0);
INSERT INTO `vtiger_role2picklist` VALUES ('H2', 195, 30, 1);
INSERT INTO `vtiger_role2picklist` VALUES ('H2', 196, 30, 2);
INSERT INTO `vtiger_role2picklist` VALUES ('H2', 197, 30, 3);
INSERT INTO `vtiger_role2picklist` VALUES ('H2', 198, 30, 4);
INSERT INTO `vtiger_role2picklist` VALUES ('H2', 199, 30, 5);
INSERT INTO `vtiger_role2picklist` VALUES ('H2', 200, 30, 6);
INSERT INTO `vtiger_role2picklist` VALUES ('H2', 201, 30, 7);
INSERT INTO `vtiger_role2picklist` VALUES ('H2', 202, 30, 8);
INSERT INTO `vtiger_role2picklist` VALUES ('H2', 203, 30, 9);
INSERT INTO `vtiger_role2picklist` VALUES ('H2', 204, 30, 10);
INSERT INTO `vtiger_role2picklist` VALUES ('H2', 205, 30, 11);
INSERT INTO `vtiger_role2picklist` VALUES ('H2', 206, 30, 12);
INSERT INTO `vtiger_role2picklist` VALUES ('H2', 207, 30, 13);
INSERT INTO `vtiger_role2picklist` VALUES ('H2', 208, 30, 14);
INSERT INTO `vtiger_role2picklist` VALUES ('H2', 209, 30, 15);
INSERT INTO `vtiger_role2picklist` VALUES ('H2', 210, 31, 1);
INSERT INTO `vtiger_role2picklist` VALUES ('H2', 211, 31, 2);
INSERT INTO `vtiger_role2picklist` VALUES ('H2', 212, 31, 3);
INSERT INTO `vtiger_role2picklist` VALUES ('H2', 213, 31, 4);
INSERT INTO `vtiger_role2picklist` VALUES ('H2', 214, 32, 1);
INSERT INTO `vtiger_role2picklist` VALUES ('H2', 215, 32, 2);
INSERT INTO `vtiger_role2picklist` VALUES ('H2', 216, 32, 3);
INSERT INTO `vtiger_role2picklist` VALUES ('H2', 217, 32, 4);
INSERT INTO `vtiger_role2picklist` VALUES ('H2', 218, 32, 5);
INSERT INTO `vtiger_role2picklist` VALUES ('H2', 219, 32, 6);
INSERT INTO `vtiger_role2picklist` VALUES ('H2', 220, 33, 1);
INSERT INTO `vtiger_role2picklist` VALUES ('H2', 221, 33, 2);
INSERT INTO `vtiger_role2picklist` VALUES ('H2', 222, 33, 3);
INSERT INTO `vtiger_role2picklist` VALUES ('H2', 223, 34, 1);
INSERT INTO `vtiger_role2picklist` VALUES ('H2', 224, 34, 2);
INSERT INTO `vtiger_role2picklist` VALUES ('H2', 225, 34, 3);
INSERT INTO `vtiger_role2picklist` VALUES ('H2', 226, 35, 1);
INSERT INTO `vtiger_role2picklist` VALUES ('H2', 227, 35, 2);
INSERT INTO `vtiger_role2picklist` VALUES ('H2', 228, 35, 3);
INSERT INTO `vtiger_role2picklist` VALUES ('H2', 229, 36, 1);
INSERT INTO `vtiger_role2picklist` VALUES ('H2', 230, 36, 2);
INSERT INTO `vtiger_role2picklist` VALUES ('H2', 231, 36, 3);
INSERT INTO `vtiger_role2picklist` VALUES ('H2', 232, 36, 4);
INSERT INTO `vtiger_role2picklist` VALUES ('H2', 233, 36, 5);
INSERT INTO `vtiger_role2picklist` VALUES ('H2', 234, 36, 6);
INSERT INTO `vtiger_role2picklist` VALUES ('H2', 235, 37, 1);
INSERT INTO `vtiger_role2picklist` VALUES ('H2', 236, 37, 2);
INSERT INTO `vtiger_role2picklist` VALUES ('H2', 237, 38, 1);
INSERT INTO `vtiger_role2picklist` VALUES ('H2', 238, 38, 2);
INSERT INTO `vtiger_role2picklist` VALUES ('H2', 239, 38, 3);
INSERT INTO `vtiger_role2picklist` VALUES ('H2', 240, 38, 4);
INSERT INTO `vtiger_role2picklist` VALUES ('H2', 241, 39, 1);
INSERT INTO `vtiger_role2picklist` VALUES ('H2', 242, 39, 2);
INSERT INTO `vtiger_role2picklist` VALUES ('H2', 243, 39, 3);
INSERT INTO `vtiger_role2picklist` VALUES ('H2', 244, 39, 4);
INSERT INTO `vtiger_role2picklist` VALUES ('H2', 245, 40, 1);
INSERT INTO `vtiger_role2picklist` VALUES ('H2', 246, 40, 2);
INSERT INTO `vtiger_role2picklist` VALUES ('H2', 247, 40, 3);
INSERT INTO `vtiger_role2picklist` VALUES ('H2', 248, 40, 4);
INSERT INTO `vtiger_role2picklist` VALUES ('H2', 249, 41, 1);
INSERT INTO `vtiger_role2picklist` VALUES ('H2', 250, 41, 2);
INSERT INTO `vtiger_role2picklist` VALUES ('H2', 251, 41, 3);
INSERT INTO `vtiger_role2picklist` VALUES ('H2', 252, 41, 4);
INSERT INTO `vtiger_role2picklist` VALUES ('H2', 253, 41, 5);
INSERT INTO `vtiger_role2picklist` VALUES ('H2', 254, 41, 6);
INSERT INTO `vtiger_role2picklist` VALUES ('H2', 255, 41, 7);
INSERT INTO `vtiger_role2picklist` VALUES ('H2', 256, 41, 8);
INSERT INTO `vtiger_role2picklist` VALUES ('H2', 257, 41, 9);
INSERT INTO `vtiger_role2picklist` VALUES ('H2', 258, 41, 10);
INSERT INTO `vtiger_role2picklist` VALUES ('H2', 259, 41, 11);
INSERT INTO `vtiger_role2picklist` VALUES ('H2', 260, 42, 1);
INSERT INTO `vtiger_role2picklist` VALUES ('H2', 261, 42, 2);
INSERT INTO `vtiger_role2picklist` VALUES ('H2', 262, 42, 3);
INSERT INTO `vtiger_role2picklist` VALUES ('H2', 263, 42, 4);
INSERT INTO `vtiger_role2picklist` VALUES ('H2', 264, 42, 5);
INSERT INTO `vtiger_role2picklist` VALUES ('H2', 265, 42, 6);
INSERT INTO `vtiger_role2picklist` VALUES ('H2', 266, 42, 7);
INSERT INTO `vtiger_role2picklist` VALUES ('H2', 267, 42, 8);
INSERT INTO `vtiger_role2picklist` VALUES ('H2', 268, 42, 9);
INSERT INTO `vtiger_role2picklist` VALUES ('H2', 269, 43, 1);
INSERT INTO `vtiger_role2picklist` VALUES ('H2', 270, 43, 2);
INSERT INTO `vtiger_role2picklist` VALUES ('H2', 271, 43, 3);
INSERT INTO `vtiger_role2picklist` VALUES ('H2', 272, 43, 4);
INSERT INTO `vtiger_role2picklist` VALUES ('H2', 273, 44, 1);
INSERT INTO `vtiger_role2picklist` VALUES ('H2', 274, 44, 2);
INSERT INTO `vtiger_role2picklist` VALUES ('H2', 275, 44, 3);
INSERT INTO `vtiger_role2picklist` VALUES ('H2', 276, 44, 4);
INSERT INTO `vtiger_role2picklist` VALUES ('H2', 277, 45, 1);
INSERT INTO `vtiger_role2picklist` VALUES ('H2', 278, 45, 2);
INSERT INTO `vtiger_role2picklist` VALUES ('H2', 279, 45, 3);
INSERT INTO `vtiger_role2picklist` VALUES ('H2', 280, 45, 4);
INSERT INTO `vtiger_role2picklist` VALUES ('H2', 281, 45, 5);
INSERT INTO `vtiger_role2picklist` VALUES ('H2', 282, 45, 6);
INSERT INTO `vtiger_role2picklist` VALUES ('H2', 283, 45, 7);
INSERT INTO `vtiger_role2picklist` VALUES ('H2', 284, 45, 8);
INSERT INTO `vtiger_role2picklist` VALUES ('H2', 285, 45, 9);
INSERT INTO `vtiger_role2picklist` VALUES ('H2', 286, 45, 10);
INSERT INTO `vtiger_role2picklist` VALUES ('H2', 287, 45, 11);
INSERT INTO `vtiger_role2picklist` VALUES ('H2', 288, 12, 1);
INSERT INTO `vtiger_role2picklist` VALUES ('H2', 289, 46, 1);
INSERT INTO `vtiger_role2picklist` VALUES ('H2', 290, 46, 2);
INSERT INTO `vtiger_role2picklist` VALUES ('H2', 291, 46, 3);
INSERT INTO `vtiger_role2picklist` VALUES ('H2', 292, 46, 4);
INSERT INTO `vtiger_role2picklist` VALUES ('H2', 293, 46, 5);
INSERT INTO `vtiger_role2picklist` VALUES ('H2', 294, 46, 6);
INSERT INTO `vtiger_role2picklist` VALUES ('H2', 295, 2, 1);
INSERT INTO `vtiger_role2picklist` VALUES ('H2', 296, 47, 1);
INSERT INTO `vtiger_role2picklist` VALUES ('H2', 297, 47, 2);
INSERT INTO `vtiger_role2picklist` VALUES ('H2', 298, 47, 3);
INSERT INTO `vtiger_role2picklist` VALUES ('H2', 299, 48, 1);
INSERT INTO `vtiger_role2picklist` VALUES ('H2', 300, 48, 2);
INSERT INTO `vtiger_role2picklist` VALUES ('H2', 303, 49, 1);
INSERT INTO `vtiger_role2picklist` VALUES ('H2', 304, 49, 2);
INSERT INTO `vtiger_role2picklist` VALUES ('H3', 1, 1, 0);
INSERT INTO `vtiger_role2picklist` VALUES ('H3', 2, 1, 1);
INSERT INTO `vtiger_role2picklist` VALUES ('H3', 3, 1, 2);
INSERT INTO `vtiger_role2picklist` VALUES ('H3', 4, 1, 3);
INSERT INTO `vtiger_role2picklist` VALUES ('H3', 5, 1, 4);
INSERT INTO `vtiger_role2picklist` VALUES ('H3', 6, 1, 5);
INSERT INTO `vtiger_role2picklist` VALUES ('H3', 7, 1, 6);
INSERT INTO `vtiger_role2picklist` VALUES ('H3', 8, 1, 7);
INSERT INTO `vtiger_role2picklist` VALUES ('H3', 9, 1, 8);
INSERT INTO `vtiger_role2picklist` VALUES ('H3', 10, 1, 9);
INSERT INTO `vtiger_role2picklist` VALUES ('H3', 11, 1, 10);
INSERT INTO `vtiger_role2picklist` VALUES ('H3', 12, 2, 0);
INSERT INTO `vtiger_role2picklist` VALUES ('H3', 13, 2, 1);
INSERT INTO `vtiger_role2picklist` VALUES ('H3', 14, 3, 0);
INSERT INTO `vtiger_role2picklist` VALUES ('H3', 15, 3, 1);
INSERT INTO `vtiger_role2picklist` VALUES ('H3', 16, 3, 2);
INSERT INTO `vtiger_role2picklist` VALUES ('H3', 17, 3, 3);
INSERT INTO `vtiger_role2picklist` VALUES ('H3', 18, 3, 4);
INSERT INTO `vtiger_role2picklist` VALUES ('H3', 19, 3, 5);
INSERT INTO `vtiger_role2picklist` VALUES ('H3', 20, 4, 0);
INSERT INTO `vtiger_role2picklist` VALUES ('H3', 21, 4, 1);
INSERT INTO `vtiger_role2picklist` VALUES ('H3', 22, 4, 2);
INSERT INTO `vtiger_role2picklist` VALUES ('H3', 23, 4, 3);
INSERT INTO `vtiger_role2picklist` VALUES ('H3', 24, 4, 4);
INSERT INTO `vtiger_role2picklist` VALUES ('H3', 25, 4, 5);
INSERT INTO `vtiger_role2picklist` VALUES ('H3', 26, 4, 6);
INSERT INTO `vtiger_role2picklist` VALUES ('H3', 27, 4, 7);
INSERT INTO `vtiger_role2picklist` VALUES ('H3', 28, 4, 8);
INSERT INTO `vtiger_role2picklist` VALUES ('H3', 29, 4, 9);
INSERT INTO `vtiger_role2picklist` VALUES ('H3', 30, 4, 10);
INSERT INTO `vtiger_role2picklist` VALUES ('H3', 31, 4, 11);
INSERT INTO `vtiger_role2picklist` VALUES ('H3', 32, 4, 12);
INSERT INTO `vtiger_role2picklist` VALUES ('H3', 33, 5, 0);
INSERT INTO `vtiger_role2picklist` VALUES ('H3', 34, 5, 1);
INSERT INTO `vtiger_role2picklist` VALUES ('H3', 35, 5, 2);
INSERT INTO `vtiger_role2picklist` VALUES ('H3', 36, 5, 3);
INSERT INTO `vtiger_role2picklist` VALUES ('H3', 37, 5, 4);
INSERT INTO `vtiger_role2picklist` VALUES ('H3', 38, 6, 0);
INSERT INTO `vtiger_role2picklist` VALUES ('H3', 39, 6, 1);
INSERT INTO `vtiger_role2picklist` VALUES ('H3', 40, 6, 2);
INSERT INTO `vtiger_role2picklist` VALUES ('H3', 41, 7, 0);
INSERT INTO `vtiger_role2picklist` VALUES ('H3', 42, 7, 1);
INSERT INTO `vtiger_role2picklist` VALUES ('H3', 43, 7, 2);
INSERT INTO `vtiger_role2picklist` VALUES ('H3', 44, 7, 3);
INSERT INTO `vtiger_role2picklist` VALUES ('H3', 45, 7, 4);
INSERT INTO `vtiger_role2picklist` VALUES ('H3', 46, 8, 0);
INSERT INTO `vtiger_role2picklist` VALUES ('H3', 47, 9, 0);
INSERT INTO `vtiger_role2picklist` VALUES ('H3', 48, 9, 1);
INSERT INTO `vtiger_role2picklist` VALUES ('H3', 49, 9, 2);
INSERT INTO `vtiger_role2picklist` VALUES ('H3', 50, 9, 3);
INSERT INTO `vtiger_role2picklist` VALUES ('H3', 51, 10, 0);
INSERT INTO `vtiger_role2picklist` VALUES ('H3', 52, 10, 1);
INSERT INTO `vtiger_role2picklist` VALUES ('H3', 53, 10, 2);
INSERT INTO `vtiger_role2picklist` VALUES ('H3', 54, 10, 3);
INSERT INTO `vtiger_role2picklist` VALUES ('H3', 55, 10, 4);
INSERT INTO `vtiger_role2picklist` VALUES ('H3', 56, 10, 5);
INSERT INTO `vtiger_role2picklist` VALUES ('H3', 57, 10, 6);
INSERT INTO `vtiger_role2picklist` VALUES ('H3', 58, 10, 7);
INSERT INTO `vtiger_role2picklist` VALUES ('H3', 59, 10, 8);
INSERT INTO `vtiger_role2picklist` VALUES ('H3', 60, 11, 0);
INSERT INTO `vtiger_role2picklist` VALUES ('H3', 61, 11, 1);
INSERT INTO `vtiger_role2picklist` VALUES ('H3', 62, 11, 2);
INSERT INTO `vtiger_role2picklist` VALUES ('H3', 63, 11, 3);
INSERT INTO `vtiger_role2picklist` VALUES ('H3', 64, 11, 4);
INSERT INTO `vtiger_role2picklist` VALUES ('H3', 65, 11, 5);
INSERT INTO `vtiger_role2picklist` VALUES ('H3', 66, 11, 6);
INSERT INTO `vtiger_role2picklist` VALUES ('H3', 67, 11, 7);
INSERT INTO `vtiger_role2picklist` VALUES ('H3', 68, 11, 8);
INSERT INTO `vtiger_role2picklist` VALUES ('H3', 69, 11, 9);
INSERT INTO `vtiger_role2picklist` VALUES ('H3', 70, 11, 10);
INSERT INTO `vtiger_role2picklist` VALUES ('H3', 71, 11, 11);
INSERT INTO `vtiger_role2picklist` VALUES ('H3', 72, 11, 12);
INSERT INTO `vtiger_role2picklist` VALUES ('H3', 73, 11, 13);
INSERT INTO `vtiger_role2picklist` VALUES ('H3', 74, 11, 14);
INSERT INTO `vtiger_role2picklist` VALUES ('H3', 75, 11, 15);
INSERT INTO `vtiger_role2picklist` VALUES ('H3', 76, 11, 16);
INSERT INTO `vtiger_role2picklist` VALUES ('H3', 77, 11, 17);
INSERT INTO `vtiger_role2picklist` VALUES ('H3', 78, 11, 18);
INSERT INTO `vtiger_role2picklist` VALUES ('H3', 79, 11, 19);
INSERT INTO `vtiger_role2picklist` VALUES ('H3', 80, 11, 20);
INSERT INTO `vtiger_role2picklist` VALUES ('H3', 81, 11, 21);
INSERT INTO `vtiger_role2picklist` VALUES ('H3', 82, 11, 22);
INSERT INTO `vtiger_role2picklist` VALUES ('H3', 83, 11, 23);
INSERT INTO `vtiger_role2picklist` VALUES ('H3', 84, 11, 24);
INSERT INTO `vtiger_role2picklist` VALUES ('H3', 85, 11, 25);
INSERT INTO `vtiger_role2picklist` VALUES ('H3', 86, 11, 26);
INSERT INTO `vtiger_role2picklist` VALUES ('H3', 87, 11, 27);
INSERT INTO `vtiger_role2picklist` VALUES ('H3', 88, 11, 28);
INSERT INTO `vtiger_role2picklist` VALUES ('H3', 89, 11, 29);
INSERT INTO `vtiger_role2picklist` VALUES ('H3', 90, 11, 30);
INSERT INTO `vtiger_role2picklist` VALUES ('H3', 91, 11, 31);
INSERT INTO `vtiger_role2picklist` VALUES ('H3', 92, 12, 0);
INSERT INTO `vtiger_role2picklist` VALUES ('H3', 93, 12, 1);
INSERT INTO `vtiger_role2picklist` VALUES ('H3', 94, 12, 2);
INSERT INTO `vtiger_role2picklist` VALUES ('H3', 95, 12, 3);
INSERT INTO `vtiger_role2picklist` VALUES ('H3', 96, 12, 4);
INSERT INTO `vtiger_role2picklist` VALUES ('H3', 97, 12, 5);
INSERT INTO `vtiger_role2picklist` VALUES ('H3', 98, 13, 0);
INSERT INTO `vtiger_role2picklist` VALUES ('H3', 99, 13, 1);
INSERT INTO `vtiger_role2picklist` VALUES ('H3', 100, 13, 2);
INSERT INTO `vtiger_role2picklist` VALUES ('H3', 101, 13, 3);
INSERT INTO `vtiger_role2picklist` VALUES ('H3', 102, 13, 4);
INSERT INTO `vtiger_role2picklist` VALUES ('H3', 103, 13, 5);
INSERT INTO `vtiger_role2picklist` VALUES ('H3', 104, 13, 6);
INSERT INTO `vtiger_role2picklist` VALUES ('H3', 105, 13, 7);
INSERT INTO `vtiger_role2picklist` VALUES ('H3', 106, 13, 8);
INSERT INTO `vtiger_role2picklist` VALUES ('H3', 107, 13, 9);
INSERT INTO `vtiger_role2picklist` VALUES ('H3', 108, 13, 10);
INSERT INTO `vtiger_role2picklist` VALUES ('H3', 109, 13, 11);
INSERT INTO `vtiger_role2picklist` VALUES ('H3', 110, 13, 12);
INSERT INTO `vtiger_role2picklist` VALUES ('H3', 111, 14, 0);
INSERT INTO `vtiger_role2picklist` VALUES ('H3', 112, 14, 1);
INSERT INTO `vtiger_role2picklist` VALUES ('H3', 113, 14, 2);
INSERT INTO `vtiger_role2picklist` VALUES ('H3', 114, 14, 3);
INSERT INTO `vtiger_role2picklist` VALUES ('H3', 115, 14, 4);
INSERT INTO `vtiger_role2picklist` VALUES ('H3', 116, 14, 5);
INSERT INTO `vtiger_role2picklist` VALUES ('H3', 117, 14, 6);
INSERT INTO `vtiger_role2picklist` VALUES ('H3', 118, 14, 7);
INSERT INTO `vtiger_role2picklist` VALUES ('H3', 119, 14, 8);
INSERT INTO `vtiger_role2picklist` VALUES ('H3', 120, 14, 9);
INSERT INTO `vtiger_role2picklist` VALUES ('H3', 121, 14, 10);
INSERT INTO `vtiger_role2picklist` VALUES ('H3', 122, 14, 11);
INSERT INTO `vtiger_role2picklist` VALUES ('H3', 123, 15, 0);
INSERT INTO `vtiger_role2picklist` VALUES ('H3', 124, 15, 1);
INSERT INTO `vtiger_role2picklist` VALUES ('H3', 125, 15, 2);
INSERT INTO `vtiger_role2picklist` VALUES ('H3', 126, 15, 3);
INSERT INTO `vtiger_role2picklist` VALUES ('H3', 127, 16, 0);
INSERT INTO `vtiger_role2picklist` VALUES ('H3', 128, 16, 1);
INSERT INTO `vtiger_role2picklist` VALUES ('H3', 129, 16, 2);
INSERT INTO `vtiger_role2picklist` VALUES ('H3', 130, 17, 0);
INSERT INTO `vtiger_role2picklist` VALUES ('H3', 131, 17, 1);
INSERT INTO `vtiger_role2picklist` VALUES ('H3', 132, 17, 2);
INSERT INTO `vtiger_role2picklist` VALUES ('H3', 133, 17, 3);
INSERT INTO `vtiger_role2picklist` VALUES ('H3', 134, 17, 4);
INSERT INTO `vtiger_role2picklist` VALUES ('H3', 135, 18, 0);
INSERT INTO `vtiger_role2picklist` VALUES ('H3', 136, 18, 1);
INSERT INTO `vtiger_role2picklist` VALUES ('H3', 137, 18, 2);
INSERT INTO `vtiger_role2picklist` VALUES ('H3', 138, 18, 3);
INSERT INTO `vtiger_role2picklist` VALUES ('H3', 139, 19, 0);
INSERT INTO `vtiger_role2picklist` VALUES ('H3', 140, 19, 1);
INSERT INTO `vtiger_role2picklist` VALUES ('H3', 141, 19, 2);
INSERT INTO `vtiger_role2picklist` VALUES ('H3', 142, 19, 3);
INSERT INTO `vtiger_role2picklist` VALUES ('H3', 143, 19, 4);
INSERT INTO `vtiger_role2picklist` VALUES ('H3', 144, 20, 0);
INSERT INTO `vtiger_role2picklist` VALUES ('H3', 145, 20, 1);
INSERT INTO `vtiger_role2picklist` VALUES ('H3', 146, 20, 2);
INSERT INTO `vtiger_role2picklist` VALUES ('H3', 147, 20, 3);
INSERT INTO `vtiger_role2picklist` VALUES ('H3', 148, 20, 4);
INSERT INTO `vtiger_role2picklist` VALUES ('H3', 149, 20, 5);
INSERT INTO `vtiger_role2picklist` VALUES ('H3', 150, 21, 0);
INSERT INTO `vtiger_role2picklist` VALUES ('H3', 151, 21, 1);
INSERT INTO `vtiger_role2picklist` VALUES ('H3', 152, 21, 2);
INSERT INTO `vtiger_role2picklist` VALUES ('H3', 153, 21, 3);
INSERT INTO `vtiger_role2picklist` VALUES ('H3', 154, 21, 4);
INSERT INTO `vtiger_role2picklist` VALUES ('H3', 155, 21, 5);
INSERT INTO `vtiger_role2picklist` VALUES ('H3', 156, 21, 6);
INSERT INTO `vtiger_role2picklist` VALUES ('H3', 157, 21, 7);
INSERT INTO `vtiger_role2picklist` VALUES ('H3', 158, 21, 8);
INSERT INTO `vtiger_role2picklist` VALUES ('H3', 159, 21, 9);
INSERT INTO `vtiger_role2picklist` VALUES ('H3', 160, 22, 0);
INSERT INTO `vtiger_role2picklist` VALUES ('H3', 161, 22, 1);
INSERT INTO `vtiger_role2picklist` VALUES ('H3', 162, 22, 2);
INSERT INTO `vtiger_role2picklist` VALUES ('H3', 163, 22, 3);
INSERT INTO `vtiger_role2picklist` VALUES ('H3', 164, 22, 4);
INSERT INTO `vtiger_role2picklist` VALUES ('H3', 165, 22, 5);
INSERT INTO `vtiger_role2picklist` VALUES ('H3', 166, 23, 0);
INSERT INTO `vtiger_role2picklist` VALUES ('H3', 167, 23, 1);
INSERT INTO `vtiger_role2picklist` VALUES ('H3', 168, 23, 2);
INSERT INTO `vtiger_role2picklist` VALUES ('H3', 169, 23, 3);
INSERT INTO `vtiger_role2picklist` VALUES ('H3', 170, 24, 0);
INSERT INTO `vtiger_role2picklist` VALUES ('H3', 171, 24, 1);
INSERT INTO `vtiger_role2picklist` VALUES ('H3', 172, 24, 2);
INSERT INTO `vtiger_role2picklist` VALUES ('H3', 173, 25, 0);
INSERT INTO `vtiger_role2picklist` VALUES ('H3', 174, 25, 1);
INSERT INTO `vtiger_role2picklist` VALUES ('H3', 175, 25, 2);
INSERT INTO `vtiger_role2picklist` VALUES ('H3', 176, 25, 3);
INSERT INTO `vtiger_role2picklist` VALUES ('H3', 177, 25, 4);
INSERT INTO `vtiger_role2picklist` VALUES ('H3', 178, 25, 5);
INSERT INTO `vtiger_role2picklist` VALUES ('H3', 179, 26, 0);
INSERT INTO `vtiger_role2picklist` VALUES ('H3', 180, 26, 1);
INSERT INTO `vtiger_role2picklist` VALUES ('H3', 181, 26, 2);
INSERT INTO `vtiger_role2picklist` VALUES ('H3', 182, 27, 0);
INSERT INTO `vtiger_role2picklist` VALUES ('H3', 183, 27, 1);
INSERT INTO `vtiger_role2picklist` VALUES ('H3', 184, 27, 2);
INSERT INTO `vtiger_role2picklist` VALUES ('H3', 185, 27, 3);
INSERT INTO `vtiger_role2picklist` VALUES ('H3', 186, 28, 0);
INSERT INTO `vtiger_role2picklist` VALUES ('H3', 187, 28, 1);
INSERT INTO `vtiger_role2picklist` VALUES ('H3', 188, 28, 2);
INSERT INTO `vtiger_role2picklist` VALUES ('H3', 189, 28, 3);
INSERT INTO `vtiger_role2picklist` VALUES ('H3', 190, 29, 0);
INSERT INTO `vtiger_role2picklist` VALUES ('H3', 191, 29, 1);
INSERT INTO `vtiger_role2picklist` VALUES ('H3', 192, 29, 2);
INSERT INTO `vtiger_role2picklist` VALUES ('H3', 193, 29, 3);
INSERT INTO `vtiger_role2picklist` VALUES ('H3', 194, 30, 0);
INSERT INTO `vtiger_role2picklist` VALUES ('H3', 195, 30, 1);
INSERT INTO `vtiger_role2picklist` VALUES ('H3', 196, 30, 2);
INSERT INTO `vtiger_role2picklist` VALUES ('H3', 197, 30, 3);
INSERT INTO `vtiger_role2picklist` VALUES ('H3', 198, 30, 4);
INSERT INTO `vtiger_role2picklist` VALUES ('H3', 199, 30, 5);
INSERT INTO `vtiger_role2picklist` VALUES ('H3', 200, 30, 6);
INSERT INTO `vtiger_role2picklist` VALUES ('H3', 201, 30, 7);
INSERT INTO `vtiger_role2picklist` VALUES ('H3', 202, 30, 8);
INSERT INTO `vtiger_role2picklist` VALUES ('H3', 203, 30, 9);
INSERT INTO `vtiger_role2picklist` VALUES ('H3', 204, 30, 10);
INSERT INTO `vtiger_role2picklist` VALUES ('H3', 205, 30, 11);
INSERT INTO `vtiger_role2picklist` VALUES ('H3', 206, 30, 12);
INSERT INTO `vtiger_role2picklist` VALUES ('H3', 207, 30, 13);
INSERT INTO `vtiger_role2picklist` VALUES ('H3', 208, 30, 14);
INSERT INTO `vtiger_role2picklist` VALUES ('H3', 209, 30, 15);
INSERT INTO `vtiger_role2picklist` VALUES ('H3', 210, 31, 1);
INSERT INTO `vtiger_role2picklist` VALUES ('H3', 211, 31, 2);
INSERT INTO `vtiger_role2picklist` VALUES ('H3', 212, 31, 3);
INSERT INTO `vtiger_role2picklist` VALUES ('H3', 213, 31, 4);
INSERT INTO `vtiger_role2picklist` VALUES ('H3', 214, 32, 1);
INSERT INTO `vtiger_role2picklist` VALUES ('H3', 215, 32, 2);
INSERT INTO `vtiger_role2picklist` VALUES ('H3', 216, 32, 3);
INSERT INTO `vtiger_role2picklist` VALUES ('H3', 217, 32, 4);
INSERT INTO `vtiger_role2picklist` VALUES ('H3', 218, 32, 5);
INSERT INTO `vtiger_role2picklist` VALUES ('H3', 219, 32, 6);
INSERT INTO `vtiger_role2picklist` VALUES ('H3', 220, 33, 1);
INSERT INTO `vtiger_role2picklist` VALUES ('H3', 221, 33, 2);
INSERT INTO `vtiger_role2picklist` VALUES ('H3', 222, 33, 3);
INSERT INTO `vtiger_role2picklist` VALUES ('H3', 223, 34, 1);
INSERT INTO `vtiger_role2picklist` VALUES ('H3', 224, 34, 2);
INSERT INTO `vtiger_role2picklist` VALUES ('H3', 225, 34, 3);
INSERT INTO `vtiger_role2picklist` VALUES ('H3', 226, 35, 1);
INSERT INTO `vtiger_role2picklist` VALUES ('H3', 227, 35, 2);
INSERT INTO `vtiger_role2picklist` VALUES ('H3', 228, 35, 3);
INSERT INTO `vtiger_role2picklist` VALUES ('H3', 229, 36, 1);
INSERT INTO `vtiger_role2picklist` VALUES ('H3', 230, 36, 2);
INSERT INTO `vtiger_role2picklist` VALUES ('H3', 231, 36, 3);
INSERT INTO `vtiger_role2picklist` VALUES ('H3', 232, 36, 4);
INSERT INTO `vtiger_role2picklist` VALUES ('H3', 233, 36, 5);
INSERT INTO `vtiger_role2picklist` VALUES ('H3', 234, 36, 6);
INSERT INTO `vtiger_role2picklist` VALUES ('H3', 235, 37, 1);
INSERT INTO `vtiger_role2picklist` VALUES ('H3', 236, 37, 2);
INSERT INTO `vtiger_role2picklist` VALUES ('H3', 237, 38, 1);
INSERT INTO `vtiger_role2picklist` VALUES ('H3', 238, 38, 2);
INSERT INTO `vtiger_role2picklist` VALUES ('H3', 239, 38, 3);
INSERT INTO `vtiger_role2picklist` VALUES ('H3', 240, 38, 4);
INSERT INTO `vtiger_role2picklist` VALUES ('H3', 241, 39, 1);
INSERT INTO `vtiger_role2picklist` VALUES ('H3', 242, 39, 2);
INSERT INTO `vtiger_role2picklist` VALUES ('H3', 243, 39, 3);
INSERT INTO `vtiger_role2picklist` VALUES ('H3', 244, 39, 4);
INSERT INTO `vtiger_role2picklist` VALUES ('H3', 245, 40, 1);
INSERT INTO `vtiger_role2picklist` VALUES ('H3', 246, 40, 2);
INSERT INTO `vtiger_role2picklist` VALUES ('H3', 247, 40, 3);
INSERT INTO `vtiger_role2picklist` VALUES ('H3', 248, 40, 4);
INSERT INTO `vtiger_role2picklist` VALUES ('H3', 249, 41, 1);
INSERT INTO `vtiger_role2picklist` VALUES ('H3', 250, 41, 2);
INSERT INTO `vtiger_role2picklist` VALUES ('H3', 251, 41, 3);
INSERT INTO `vtiger_role2picklist` VALUES ('H3', 252, 41, 4);
INSERT INTO `vtiger_role2picklist` VALUES ('H3', 253, 41, 5);
INSERT INTO `vtiger_role2picklist` VALUES ('H3', 254, 41, 6);
INSERT INTO `vtiger_role2picklist` VALUES ('H3', 255, 41, 7);
INSERT INTO `vtiger_role2picklist` VALUES ('H3', 256, 41, 8);
INSERT INTO `vtiger_role2picklist` VALUES ('H3', 257, 41, 9);
INSERT INTO `vtiger_role2picklist` VALUES ('H3', 258, 41, 10);
INSERT INTO `vtiger_role2picklist` VALUES ('H3', 259, 41, 11);
INSERT INTO `vtiger_role2picklist` VALUES ('H3', 260, 42, 1);
INSERT INTO `vtiger_role2picklist` VALUES ('H3', 261, 42, 2);
INSERT INTO `vtiger_role2picklist` VALUES ('H3', 262, 42, 3);
INSERT INTO `vtiger_role2picklist` VALUES ('H3', 263, 42, 4);
INSERT INTO `vtiger_role2picklist` VALUES ('H3', 264, 42, 5);
INSERT INTO `vtiger_role2picklist` VALUES ('H3', 265, 42, 6);
INSERT INTO `vtiger_role2picklist` VALUES ('H3', 266, 42, 7);
INSERT INTO `vtiger_role2picklist` VALUES ('H3', 267, 42, 8);
INSERT INTO `vtiger_role2picklist` VALUES ('H3', 268, 42, 9);
INSERT INTO `vtiger_role2picklist` VALUES ('H3', 269, 43, 1);
INSERT INTO `vtiger_role2picklist` VALUES ('H3', 270, 43, 2);
INSERT INTO `vtiger_role2picklist` VALUES ('H3', 271, 43, 3);
INSERT INTO `vtiger_role2picklist` VALUES ('H3', 272, 43, 4);
INSERT INTO `vtiger_role2picklist` VALUES ('H3', 273, 44, 1);
INSERT INTO `vtiger_role2picklist` VALUES ('H3', 274, 44, 2);
INSERT INTO `vtiger_role2picklist` VALUES ('H3', 275, 44, 3);
INSERT INTO `vtiger_role2picklist` VALUES ('H3', 276, 44, 4);
INSERT INTO `vtiger_role2picklist` VALUES ('H3', 277, 45, 1);
INSERT INTO `vtiger_role2picklist` VALUES ('H3', 278, 45, 2);
INSERT INTO `vtiger_role2picklist` VALUES ('H3', 279, 45, 3);
INSERT INTO `vtiger_role2picklist` VALUES ('H3', 280, 45, 4);
INSERT INTO `vtiger_role2picklist` VALUES ('H3', 281, 45, 5);
INSERT INTO `vtiger_role2picklist` VALUES ('H3', 282, 45, 6);
INSERT INTO `vtiger_role2picklist` VALUES ('H3', 283, 45, 7);
INSERT INTO `vtiger_role2picklist` VALUES ('H3', 284, 45, 8);
INSERT INTO `vtiger_role2picklist` VALUES ('H3', 285, 45, 9);
INSERT INTO `vtiger_role2picklist` VALUES ('H3', 286, 45, 10);
INSERT INTO `vtiger_role2picklist` VALUES ('H3', 287, 45, 11);
INSERT INTO `vtiger_role2picklist` VALUES ('H3', 288, 12, 1);
INSERT INTO `vtiger_role2picklist` VALUES ('H3', 289, 46, 1);
INSERT INTO `vtiger_role2picklist` VALUES ('H3', 290, 46, 2);
INSERT INTO `vtiger_role2picklist` VALUES ('H3', 291, 46, 3);
INSERT INTO `vtiger_role2picklist` VALUES ('H3', 292, 46, 4);
INSERT INTO `vtiger_role2picklist` VALUES ('H3', 293, 46, 5);
INSERT INTO `vtiger_role2picklist` VALUES ('H3', 294, 46, 6);
INSERT INTO `vtiger_role2picklist` VALUES ('H3', 295, 2, 1);
INSERT INTO `vtiger_role2picklist` VALUES ('H3', 296, 47, 1);
INSERT INTO `vtiger_role2picklist` VALUES ('H3', 297, 47, 2);
INSERT INTO `vtiger_role2picklist` VALUES ('H3', 298, 47, 3);
INSERT INTO `vtiger_role2picklist` VALUES ('H3', 299, 48, 1);
INSERT INTO `vtiger_role2picklist` VALUES ('H3', 300, 48, 2);
INSERT INTO `vtiger_role2picklist` VALUES ('H3', 303, 49, 1);
INSERT INTO `vtiger_role2picklist` VALUES ('H3', 304, 49, 2);
INSERT INTO `vtiger_role2picklist` VALUES ('H4', 1, 1, 0);
INSERT INTO `vtiger_role2picklist` VALUES ('H4', 2, 1, 1);
INSERT INTO `vtiger_role2picklist` VALUES ('H4', 3, 1, 2);
INSERT INTO `vtiger_role2picklist` VALUES ('H4', 4, 1, 3);
INSERT INTO `vtiger_role2picklist` VALUES ('H4', 5, 1, 4);
INSERT INTO `vtiger_role2picklist` VALUES ('H4', 6, 1, 5);
INSERT INTO `vtiger_role2picklist` VALUES ('H4', 7, 1, 6);
INSERT INTO `vtiger_role2picklist` VALUES ('H4', 8, 1, 7);
INSERT INTO `vtiger_role2picklist` VALUES ('H4', 9, 1, 8);
INSERT INTO `vtiger_role2picklist` VALUES ('H4', 10, 1, 9);
INSERT INTO `vtiger_role2picklist` VALUES ('H4', 11, 1, 10);
INSERT INTO `vtiger_role2picklist` VALUES ('H4', 12, 2, 0);
INSERT INTO `vtiger_role2picklist` VALUES ('H4', 13, 2, 1);
INSERT INTO `vtiger_role2picklist` VALUES ('H4', 14, 3, 0);
INSERT INTO `vtiger_role2picklist` VALUES ('H4', 15, 3, 1);
INSERT INTO `vtiger_role2picklist` VALUES ('H4', 16, 3, 2);
INSERT INTO `vtiger_role2picklist` VALUES ('H4', 17, 3, 3);
INSERT INTO `vtiger_role2picklist` VALUES ('H4', 18, 3, 4);
INSERT INTO `vtiger_role2picklist` VALUES ('H4', 19, 3, 5);
INSERT INTO `vtiger_role2picklist` VALUES ('H4', 20, 4, 0);
INSERT INTO `vtiger_role2picklist` VALUES ('H4', 21, 4, 1);
INSERT INTO `vtiger_role2picklist` VALUES ('H4', 22, 4, 2);
INSERT INTO `vtiger_role2picklist` VALUES ('H4', 23, 4, 3);
INSERT INTO `vtiger_role2picklist` VALUES ('H4', 24, 4, 4);
INSERT INTO `vtiger_role2picklist` VALUES ('H4', 25, 4, 5);
INSERT INTO `vtiger_role2picklist` VALUES ('H4', 26, 4, 6);
INSERT INTO `vtiger_role2picklist` VALUES ('H4', 27, 4, 7);
INSERT INTO `vtiger_role2picklist` VALUES ('H4', 28, 4, 8);
INSERT INTO `vtiger_role2picklist` VALUES ('H4', 29, 4, 9);
INSERT INTO `vtiger_role2picklist` VALUES ('H4', 30, 4, 10);
INSERT INTO `vtiger_role2picklist` VALUES ('H4', 31, 4, 11);
INSERT INTO `vtiger_role2picklist` VALUES ('H4', 32, 4, 12);
INSERT INTO `vtiger_role2picklist` VALUES ('H4', 33, 5, 0);
INSERT INTO `vtiger_role2picklist` VALUES ('H4', 34, 5, 1);
INSERT INTO `vtiger_role2picklist` VALUES ('H4', 35, 5, 2);
INSERT INTO `vtiger_role2picklist` VALUES ('H4', 36, 5, 3);
INSERT INTO `vtiger_role2picklist` VALUES ('H4', 37, 5, 4);
INSERT INTO `vtiger_role2picklist` VALUES ('H4', 38, 6, 0);
INSERT INTO `vtiger_role2picklist` VALUES ('H4', 39, 6, 1);
INSERT INTO `vtiger_role2picklist` VALUES ('H4', 40, 6, 2);
INSERT INTO `vtiger_role2picklist` VALUES ('H4', 41, 7, 0);
INSERT INTO `vtiger_role2picklist` VALUES ('H4', 42, 7, 1);
INSERT INTO `vtiger_role2picklist` VALUES ('H4', 43, 7, 2);
INSERT INTO `vtiger_role2picklist` VALUES ('H4', 44, 7, 3);
INSERT INTO `vtiger_role2picklist` VALUES ('H4', 45, 7, 4);
INSERT INTO `vtiger_role2picklist` VALUES ('H4', 46, 8, 0);
INSERT INTO `vtiger_role2picklist` VALUES ('H4', 47, 9, 0);
INSERT INTO `vtiger_role2picklist` VALUES ('H4', 48, 9, 1);
INSERT INTO `vtiger_role2picklist` VALUES ('H4', 49, 9, 2);
INSERT INTO `vtiger_role2picklist` VALUES ('H4', 50, 9, 3);
INSERT INTO `vtiger_role2picklist` VALUES ('H4', 51, 10, 0);
INSERT INTO `vtiger_role2picklist` VALUES ('H4', 52, 10, 1);
INSERT INTO `vtiger_role2picklist` VALUES ('H4', 53, 10, 2);
INSERT INTO `vtiger_role2picklist` VALUES ('H4', 54, 10, 3);
INSERT INTO `vtiger_role2picklist` VALUES ('H4', 55, 10, 4);
INSERT INTO `vtiger_role2picklist` VALUES ('H4', 56, 10, 5);
INSERT INTO `vtiger_role2picklist` VALUES ('H4', 57, 10, 6);
INSERT INTO `vtiger_role2picklist` VALUES ('H4', 58, 10, 7);
INSERT INTO `vtiger_role2picklist` VALUES ('H4', 59, 10, 8);
INSERT INTO `vtiger_role2picklist` VALUES ('H4', 60, 11, 0);
INSERT INTO `vtiger_role2picklist` VALUES ('H4', 61, 11, 1);
INSERT INTO `vtiger_role2picklist` VALUES ('H4', 62, 11, 2);
INSERT INTO `vtiger_role2picklist` VALUES ('H4', 63, 11, 3);
INSERT INTO `vtiger_role2picklist` VALUES ('H4', 64, 11, 4);
INSERT INTO `vtiger_role2picklist` VALUES ('H4', 65, 11, 5);
INSERT INTO `vtiger_role2picklist` VALUES ('H4', 66, 11, 6);
INSERT INTO `vtiger_role2picklist` VALUES ('H4', 67, 11, 7);
INSERT INTO `vtiger_role2picklist` VALUES ('H4', 68, 11, 8);
INSERT INTO `vtiger_role2picklist` VALUES ('H4', 69, 11, 9);
INSERT INTO `vtiger_role2picklist` VALUES ('H4', 70, 11, 10);
INSERT INTO `vtiger_role2picklist` VALUES ('H4', 71, 11, 11);
INSERT INTO `vtiger_role2picklist` VALUES ('H4', 72, 11, 12);
INSERT INTO `vtiger_role2picklist` VALUES ('H4', 73, 11, 13);
INSERT INTO `vtiger_role2picklist` VALUES ('H4', 74, 11, 14);
INSERT INTO `vtiger_role2picklist` VALUES ('H4', 75, 11, 15);
INSERT INTO `vtiger_role2picklist` VALUES ('H4', 76, 11, 16);
INSERT INTO `vtiger_role2picklist` VALUES ('H4', 77, 11, 17);
INSERT INTO `vtiger_role2picklist` VALUES ('H4', 78, 11, 18);
INSERT INTO `vtiger_role2picklist` VALUES ('H4', 79, 11, 19);
INSERT INTO `vtiger_role2picklist` VALUES ('H4', 80, 11, 20);
INSERT INTO `vtiger_role2picklist` VALUES ('H4', 81, 11, 21);
INSERT INTO `vtiger_role2picklist` VALUES ('H4', 82, 11, 22);
INSERT INTO `vtiger_role2picklist` VALUES ('H4', 83, 11, 23);
INSERT INTO `vtiger_role2picklist` VALUES ('H4', 84, 11, 24);
INSERT INTO `vtiger_role2picklist` VALUES ('H4', 85, 11, 25);
INSERT INTO `vtiger_role2picklist` VALUES ('H4', 86, 11, 26);
INSERT INTO `vtiger_role2picklist` VALUES ('H4', 87, 11, 27);
INSERT INTO `vtiger_role2picklist` VALUES ('H4', 88, 11, 28);
INSERT INTO `vtiger_role2picklist` VALUES ('H4', 89, 11, 29);
INSERT INTO `vtiger_role2picklist` VALUES ('H4', 90, 11, 30);
INSERT INTO `vtiger_role2picklist` VALUES ('H4', 91, 11, 31);
INSERT INTO `vtiger_role2picklist` VALUES ('H4', 92, 12, 0);
INSERT INTO `vtiger_role2picklist` VALUES ('H4', 93, 12, 1);
INSERT INTO `vtiger_role2picklist` VALUES ('H4', 94, 12, 2);
INSERT INTO `vtiger_role2picklist` VALUES ('H4', 95, 12, 3);
INSERT INTO `vtiger_role2picklist` VALUES ('H4', 96, 12, 4);
INSERT INTO `vtiger_role2picklist` VALUES ('H4', 97, 12, 5);
INSERT INTO `vtiger_role2picklist` VALUES ('H4', 98, 13, 0);
INSERT INTO `vtiger_role2picklist` VALUES ('H4', 99, 13, 1);
INSERT INTO `vtiger_role2picklist` VALUES ('H4', 100, 13, 2);
INSERT INTO `vtiger_role2picklist` VALUES ('H4', 101, 13, 3);
INSERT INTO `vtiger_role2picklist` VALUES ('H4', 102, 13, 4);
INSERT INTO `vtiger_role2picklist` VALUES ('H4', 103, 13, 5);
INSERT INTO `vtiger_role2picklist` VALUES ('H4', 104, 13, 6);
INSERT INTO `vtiger_role2picklist` VALUES ('H4', 105, 13, 7);
INSERT INTO `vtiger_role2picklist` VALUES ('H4', 106, 13, 8);
INSERT INTO `vtiger_role2picklist` VALUES ('H4', 107, 13, 9);
INSERT INTO `vtiger_role2picklist` VALUES ('H4', 108, 13, 10);
INSERT INTO `vtiger_role2picklist` VALUES ('H4', 109, 13, 11);
INSERT INTO `vtiger_role2picklist` VALUES ('H4', 110, 13, 12);
INSERT INTO `vtiger_role2picklist` VALUES ('H4', 111, 14, 0);
INSERT INTO `vtiger_role2picklist` VALUES ('H4', 112, 14, 1);
INSERT INTO `vtiger_role2picklist` VALUES ('H4', 113, 14, 2);
INSERT INTO `vtiger_role2picklist` VALUES ('H4', 114, 14, 3);
INSERT INTO `vtiger_role2picklist` VALUES ('H4', 115, 14, 4);
INSERT INTO `vtiger_role2picklist` VALUES ('H4', 116, 14, 5);
INSERT INTO `vtiger_role2picklist` VALUES ('H4', 117, 14, 6);
INSERT INTO `vtiger_role2picklist` VALUES ('H4', 118, 14, 7);
INSERT INTO `vtiger_role2picklist` VALUES ('H4', 119, 14, 8);
INSERT INTO `vtiger_role2picklist` VALUES ('H4', 120, 14, 9);
INSERT INTO `vtiger_role2picklist` VALUES ('H4', 121, 14, 10);
INSERT INTO `vtiger_role2picklist` VALUES ('H4', 122, 14, 11);
INSERT INTO `vtiger_role2picklist` VALUES ('H4', 123, 15, 0);
INSERT INTO `vtiger_role2picklist` VALUES ('H4', 124, 15, 1);
INSERT INTO `vtiger_role2picklist` VALUES ('H4', 125, 15, 2);
INSERT INTO `vtiger_role2picklist` VALUES ('H4', 126, 15, 3);
INSERT INTO `vtiger_role2picklist` VALUES ('H4', 127, 16, 0);
INSERT INTO `vtiger_role2picklist` VALUES ('H4', 128, 16, 1);
INSERT INTO `vtiger_role2picklist` VALUES ('H4', 129, 16, 2);
INSERT INTO `vtiger_role2picklist` VALUES ('H4', 130, 17, 0);
INSERT INTO `vtiger_role2picklist` VALUES ('H4', 131, 17, 1);
INSERT INTO `vtiger_role2picklist` VALUES ('H4', 132, 17, 2);
INSERT INTO `vtiger_role2picklist` VALUES ('H4', 133, 17, 3);
INSERT INTO `vtiger_role2picklist` VALUES ('H4', 134, 17, 4);
INSERT INTO `vtiger_role2picklist` VALUES ('H4', 135, 18, 0);
INSERT INTO `vtiger_role2picklist` VALUES ('H4', 136, 18, 1);
INSERT INTO `vtiger_role2picklist` VALUES ('H4', 137, 18, 2);
INSERT INTO `vtiger_role2picklist` VALUES ('H4', 138, 18, 3);
INSERT INTO `vtiger_role2picklist` VALUES ('H4', 139, 19, 0);
INSERT INTO `vtiger_role2picklist` VALUES ('H4', 140, 19, 1);
INSERT INTO `vtiger_role2picklist` VALUES ('H4', 141, 19, 2);
INSERT INTO `vtiger_role2picklist` VALUES ('H4', 142, 19, 3);
INSERT INTO `vtiger_role2picklist` VALUES ('H4', 143, 19, 4);
INSERT INTO `vtiger_role2picklist` VALUES ('H4', 144, 20, 0);
INSERT INTO `vtiger_role2picklist` VALUES ('H4', 145, 20, 1);
INSERT INTO `vtiger_role2picklist` VALUES ('H4', 146, 20, 2);
INSERT INTO `vtiger_role2picklist` VALUES ('H4', 147, 20, 3);
INSERT INTO `vtiger_role2picklist` VALUES ('H4', 148, 20, 4);
INSERT INTO `vtiger_role2picklist` VALUES ('H4', 149, 20, 5);
INSERT INTO `vtiger_role2picklist` VALUES ('H4', 150, 21, 0);
INSERT INTO `vtiger_role2picklist` VALUES ('H4', 151, 21, 1);
INSERT INTO `vtiger_role2picklist` VALUES ('H4', 152, 21, 2);
INSERT INTO `vtiger_role2picklist` VALUES ('H4', 153, 21, 3);
INSERT INTO `vtiger_role2picklist` VALUES ('H4', 154, 21, 4);
INSERT INTO `vtiger_role2picklist` VALUES ('H4', 155, 21, 5);
INSERT INTO `vtiger_role2picklist` VALUES ('H4', 156, 21, 6);
INSERT INTO `vtiger_role2picklist` VALUES ('H4', 157, 21, 7);
INSERT INTO `vtiger_role2picklist` VALUES ('H4', 158, 21, 8);
INSERT INTO `vtiger_role2picklist` VALUES ('H4', 159, 21, 9);
INSERT INTO `vtiger_role2picklist` VALUES ('H4', 160, 22, 0);
INSERT INTO `vtiger_role2picklist` VALUES ('H4', 161, 22, 1);
INSERT INTO `vtiger_role2picklist` VALUES ('H4', 162, 22, 2);
INSERT INTO `vtiger_role2picklist` VALUES ('H4', 163, 22, 3);
INSERT INTO `vtiger_role2picklist` VALUES ('H4', 164, 22, 4);
INSERT INTO `vtiger_role2picklist` VALUES ('H4', 165, 22, 5);
INSERT INTO `vtiger_role2picklist` VALUES ('H4', 166, 23, 0);
INSERT INTO `vtiger_role2picklist` VALUES ('H4', 167, 23, 1);
INSERT INTO `vtiger_role2picklist` VALUES ('H4', 168, 23, 2);
INSERT INTO `vtiger_role2picklist` VALUES ('H4', 169, 23, 3);
INSERT INTO `vtiger_role2picklist` VALUES ('H4', 170, 24, 0);
INSERT INTO `vtiger_role2picklist` VALUES ('H4', 171, 24, 1);
INSERT INTO `vtiger_role2picklist` VALUES ('H4', 172, 24, 2);
INSERT INTO `vtiger_role2picklist` VALUES ('H4', 173, 25, 0);
INSERT INTO `vtiger_role2picklist` VALUES ('H4', 174, 25, 1);
INSERT INTO `vtiger_role2picklist` VALUES ('H4', 175, 25, 2);
INSERT INTO `vtiger_role2picklist` VALUES ('H4', 176, 25, 3);
INSERT INTO `vtiger_role2picklist` VALUES ('H4', 177, 25, 4);
INSERT INTO `vtiger_role2picklist` VALUES ('H4', 178, 25, 5);
INSERT INTO `vtiger_role2picklist` VALUES ('H4', 179, 26, 0);
INSERT INTO `vtiger_role2picklist` VALUES ('H4', 180, 26, 1);
INSERT INTO `vtiger_role2picklist` VALUES ('H4', 181, 26, 2);
INSERT INTO `vtiger_role2picklist` VALUES ('H4', 182, 27, 0);
INSERT INTO `vtiger_role2picklist` VALUES ('H4', 183, 27, 1);
INSERT INTO `vtiger_role2picklist` VALUES ('H4', 184, 27, 2);
INSERT INTO `vtiger_role2picklist` VALUES ('H4', 185, 27, 3);
INSERT INTO `vtiger_role2picklist` VALUES ('H4', 186, 28, 0);
INSERT INTO `vtiger_role2picklist` VALUES ('H4', 187, 28, 1);
INSERT INTO `vtiger_role2picklist` VALUES ('H4', 188, 28, 2);
INSERT INTO `vtiger_role2picklist` VALUES ('H4', 189, 28, 3);
INSERT INTO `vtiger_role2picklist` VALUES ('H4', 190, 29, 0);
INSERT INTO `vtiger_role2picklist` VALUES ('H4', 191, 29, 1);
INSERT INTO `vtiger_role2picklist` VALUES ('H4', 192, 29, 2);
INSERT INTO `vtiger_role2picklist` VALUES ('H4', 193, 29, 3);
INSERT INTO `vtiger_role2picklist` VALUES ('H4', 194, 30, 0);
INSERT INTO `vtiger_role2picklist` VALUES ('H4', 195, 30, 1);
INSERT INTO `vtiger_role2picklist` VALUES ('H4', 196, 30, 2);
INSERT INTO `vtiger_role2picklist` VALUES ('H4', 197, 30, 3);
INSERT INTO `vtiger_role2picklist` VALUES ('H4', 198, 30, 4);
INSERT INTO `vtiger_role2picklist` VALUES ('H4', 199, 30, 5);
INSERT INTO `vtiger_role2picklist` VALUES ('H4', 200, 30, 6);
INSERT INTO `vtiger_role2picklist` VALUES ('H4', 201, 30, 7);
INSERT INTO `vtiger_role2picklist` VALUES ('H4', 202, 30, 8);
INSERT INTO `vtiger_role2picklist` VALUES ('H4', 203, 30, 9);
INSERT INTO `vtiger_role2picklist` VALUES ('H4', 204, 30, 10);
INSERT INTO `vtiger_role2picklist` VALUES ('H4', 205, 30, 11);
INSERT INTO `vtiger_role2picklist` VALUES ('H4', 206, 30, 12);
INSERT INTO `vtiger_role2picklist` VALUES ('H4', 207, 30, 13);
INSERT INTO `vtiger_role2picklist` VALUES ('H4', 208, 30, 14);
INSERT INTO `vtiger_role2picklist` VALUES ('H4', 209, 30, 15);
INSERT INTO `vtiger_role2picklist` VALUES ('H4', 210, 31, 1);
INSERT INTO `vtiger_role2picklist` VALUES ('H4', 211, 31, 2);
INSERT INTO `vtiger_role2picklist` VALUES ('H4', 212, 31, 3);
INSERT INTO `vtiger_role2picklist` VALUES ('H4', 213, 31, 4);
INSERT INTO `vtiger_role2picklist` VALUES ('H4', 214, 32, 1);
INSERT INTO `vtiger_role2picklist` VALUES ('H4', 215, 32, 2);
INSERT INTO `vtiger_role2picklist` VALUES ('H4', 216, 32, 3);
INSERT INTO `vtiger_role2picklist` VALUES ('H4', 217, 32, 4);
INSERT INTO `vtiger_role2picklist` VALUES ('H4', 218, 32, 5);
INSERT INTO `vtiger_role2picklist` VALUES ('H4', 219, 32, 6);
INSERT INTO `vtiger_role2picklist` VALUES ('H4', 220, 33, 1);
INSERT INTO `vtiger_role2picklist` VALUES ('H4', 221, 33, 2);
INSERT INTO `vtiger_role2picklist` VALUES ('H4', 222, 33, 3);
INSERT INTO `vtiger_role2picklist` VALUES ('H4', 223, 34, 1);
INSERT INTO `vtiger_role2picklist` VALUES ('H4', 224, 34, 2);
INSERT INTO `vtiger_role2picklist` VALUES ('H4', 225, 34, 3);
INSERT INTO `vtiger_role2picklist` VALUES ('H4', 226, 35, 1);
INSERT INTO `vtiger_role2picklist` VALUES ('H4', 227, 35, 2);
INSERT INTO `vtiger_role2picklist` VALUES ('H4', 228, 35, 3);
INSERT INTO `vtiger_role2picklist` VALUES ('H4', 229, 36, 1);
INSERT INTO `vtiger_role2picklist` VALUES ('H4', 230, 36, 2);
INSERT INTO `vtiger_role2picklist` VALUES ('H4', 231, 36, 3);
INSERT INTO `vtiger_role2picklist` VALUES ('H4', 232, 36, 4);
INSERT INTO `vtiger_role2picklist` VALUES ('H4', 233, 36, 5);
INSERT INTO `vtiger_role2picklist` VALUES ('H4', 234, 36, 6);
INSERT INTO `vtiger_role2picklist` VALUES ('H4', 235, 37, 1);
INSERT INTO `vtiger_role2picklist` VALUES ('H4', 236, 37, 2);
INSERT INTO `vtiger_role2picklist` VALUES ('H4', 237, 38, 1);
INSERT INTO `vtiger_role2picklist` VALUES ('H4', 238, 38, 2);
INSERT INTO `vtiger_role2picklist` VALUES ('H4', 239, 38, 3);
INSERT INTO `vtiger_role2picklist` VALUES ('H4', 240, 38, 4);
INSERT INTO `vtiger_role2picklist` VALUES ('H4', 241, 39, 1);
INSERT INTO `vtiger_role2picklist` VALUES ('H4', 242, 39, 2);
INSERT INTO `vtiger_role2picklist` VALUES ('H4', 243, 39, 3);
INSERT INTO `vtiger_role2picklist` VALUES ('H4', 244, 39, 4);
INSERT INTO `vtiger_role2picklist` VALUES ('H4', 245, 40, 1);
INSERT INTO `vtiger_role2picklist` VALUES ('H4', 246, 40, 2);
INSERT INTO `vtiger_role2picklist` VALUES ('H4', 247, 40, 3);
INSERT INTO `vtiger_role2picklist` VALUES ('H4', 248, 40, 4);
INSERT INTO `vtiger_role2picklist` VALUES ('H4', 249, 41, 1);
INSERT INTO `vtiger_role2picklist` VALUES ('H4', 250, 41, 2);
INSERT INTO `vtiger_role2picklist` VALUES ('H4', 251, 41, 3);
INSERT INTO `vtiger_role2picklist` VALUES ('H4', 252, 41, 4);
INSERT INTO `vtiger_role2picklist` VALUES ('H4', 253, 41, 5);
INSERT INTO `vtiger_role2picklist` VALUES ('H4', 254, 41, 6);
INSERT INTO `vtiger_role2picklist` VALUES ('H4', 255, 41, 7);
INSERT INTO `vtiger_role2picklist` VALUES ('H4', 256, 41, 8);
INSERT INTO `vtiger_role2picklist` VALUES ('H4', 257, 41, 9);
INSERT INTO `vtiger_role2picklist` VALUES ('H4', 258, 41, 10);
INSERT INTO `vtiger_role2picklist` VALUES ('H4', 259, 41, 11);
INSERT INTO `vtiger_role2picklist` VALUES ('H4', 260, 42, 1);
INSERT INTO `vtiger_role2picklist` VALUES ('H4', 261, 42, 2);
INSERT INTO `vtiger_role2picklist` VALUES ('H4', 262, 42, 3);
INSERT INTO `vtiger_role2picklist` VALUES ('H4', 263, 42, 4);
INSERT INTO `vtiger_role2picklist` VALUES ('H4', 264, 42, 5);
INSERT INTO `vtiger_role2picklist` VALUES ('H4', 265, 42, 6);
INSERT INTO `vtiger_role2picklist` VALUES ('H4', 266, 42, 7);
INSERT INTO `vtiger_role2picklist` VALUES ('H4', 267, 42, 8);
INSERT INTO `vtiger_role2picklist` VALUES ('H4', 268, 42, 9);
INSERT INTO `vtiger_role2picklist` VALUES ('H4', 269, 43, 1);
INSERT INTO `vtiger_role2picklist` VALUES ('H4', 270, 43, 2);
INSERT INTO `vtiger_role2picklist` VALUES ('H4', 271, 43, 3);
INSERT INTO `vtiger_role2picklist` VALUES ('H4', 272, 43, 4);
INSERT INTO `vtiger_role2picklist` VALUES ('H4', 273, 44, 1);
INSERT INTO `vtiger_role2picklist` VALUES ('H4', 274, 44, 2);
INSERT INTO `vtiger_role2picklist` VALUES ('H4', 275, 44, 3);
INSERT INTO `vtiger_role2picklist` VALUES ('H4', 276, 44, 4);
INSERT INTO `vtiger_role2picklist` VALUES ('H4', 277, 45, 1);
INSERT INTO `vtiger_role2picklist` VALUES ('H4', 278, 45, 2);
INSERT INTO `vtiger_role2picklist` VALUES ('H4', 279, 45, 3);
INSERT INTO `vtiger_role2picklist` VALUES ('H4', 280, 45, 4);
INSERT INTO `vtiger_role2picklist` VALUES ('H4', 281, 45, 5);
INSERT INTO `vtiger_role2picklist` VALUES ('H4', 282, 45, 6);
INSERT INTO `vtiger_role2picklist` VALUES ('H4', 283, 45, 7);
INSERT INTO `vtiger_role2picklist` VALUES ('H4', 284, 45, 8);
INSERT INTO `vtiger_role2picklist` VALUES ('H4', 285, 45, 9);
INSERT INTO `vtiger_role2picklist` VALUES ('H4', 286, 45, 10);
INSERT INTO `vtiger_role2picklist` VALUES ('H4', 287, 45, 11);
INSERT INTO `vtiger_role2picklist` VALUES ('H4', 288, 12, 1);
INSERT INTO `vtiger_role2picklist` VALUES ('H4', 289, 46, 1);
INSERT INTO `vtiger_role2picklist` VALUES ('H4', 290, 46, 2);
INSERT INTO `vtiger_role2picklist` VALUES ('H4', 291, 46, 3);
INSERT INTO `vtiger_role2picklist` VALUES ('H4', 292, 46, 4);
INSERT INTO `vtiger_role2picklist` VALUES ('H4', 293, 46, 5);
INSERT INTO `vtiger_role2picklist` VALUES ('H4', 294, 46, 6);
INSERT INTO `vtiger_role2picklist` VALUES ('H4', 295, 2, 1);
INSERT INTO `vtiger_role2picklist` VALUES ('H4', 296, 47, 1);
INSERT INTO `vtiger_role2picklist` VALUES ('H4', 297, 47, 2);
INSERT INTO `vtiger_role2picklist` VALUES ('H4', 298, 47, 3);
INSERT INTO `vtiger_role2picklist` VALUES ('H4', 299, 48, 1);
INSERT INTO `vtiger_role2picklist` VALUES ('H4', 300, 48, 2);
INSERT INTO `vtiger_role2picklist` VALUES ('H4', 303, 49, 1);
INSERT INTO `vtiger_role2picklist` VALUES ('H4', 304, 49, 2);
INSERT INTO `vtiger_role2picklist` VALUES ('H5', 1, 1, 0);
INSERT INTO `vtiger_role2picklist` VALUES ('H5', 2, 1, 1);
INSERT INTO `vtiger_role2picklist` VALUES ('H5', 3, 1, 2);
INSERT INTO `vtiger_role2picklist` VALUES ('H5', 4, 1, 3);
INSERT INTO `vtiger_role2picklist` VALUES ('H5', 5, 1, 4);
INSERT INTO `vtiger_role2picklist` VALUES ('H5', 6, 1, 5);
INSERT INTO `vtiger_role2picklist` VALUES ('H5', 7, 1, 6);
INSERT INTO `vtiger_role2picklist` VALUES ('H5', 8, 1, 7);
INSERT INTO `vtiger_role2picklist` VALUES ('H5', 9, 1, 8);
INSERT INTO `vtiger_role2picklist` VALUES ('H5', 10, 1, 9);
INSERT INTO `vtiger_role2picklist` VALUES ('H5', 11, 1, 10);
INSERT INTO `vtiger_role2picklist` VALUES ('H5', 12, 2, 0);
INSERT INTO `vtiger_role2picklist` VALUES ('H5', 13, 2, 1);
INSERT INTO `vtiger_role2picklist` VALUES ('H5', 14, 3, 0);
INSERT INTO `vtiger_role2picklist` VALUES ('H5', 15, 3, 1);
INSERT INTO `vtiger_role2picklist` VALUES ('H5', 16, 3, 2);
INSERT INTO `vtiger_role2picklist` VALUES ('H5', 17, 3, 3);
INSERT INTO `vtiger_role2picklist` VALUES ('H5', 18, 3, 4);
INSERT INTO `vtiger_role2picklist` VALUES ('H5', 19, 3, 5);
INSERT INTO `vtiger_role2picklist` VALUES ('H5', 20, 4, 0);
INSERT INTO `vtiger_role2picklist` VALUES ('H5', 21, 4, 1);
INSERT INTO `vtiger_role2picklist` VALUES ('H5', 22, 4, 2);
INSERT INTO `vtiger_role2picklist` VALUES ('H5', 23, 4, 3);
INSERT INTO `vtiger_role2picklist` VALUES ('H5', 24, 4, 4);
INSERT INTO `vtiger_role2picklist` VALUES ('H5', 25, 4, 5);
INSERT INTO `vtiger_role2picklist` VALUES ('H5', 26, 4, 6);
INSERT INTO `vtiger_role2picklist` VALUES ('H5', 27, 4, 7);
INSERT INTO `vtiger_role2picklist` VALUES ('H5', 28, 4, 8);
INSERT INTO `vtiger_role2picklist` VALUES ('H5', 29, 4, 9);
INSERT INTO `vtiger_role2picklist` VALUES ('H5', 30, 4, 10);
INSERT INTO `vtiger_role2picklist` VALUES ('H5', 31, 4, 11);
INSERT INTO `vtiger_role2picklist` VALUES ('H5', 32, 4, 12);
INSERT INTO `vtiger_role2picklist` VALUES ('H5', 33, 5, 0);
INSERT INTO `vtiger_role2picklist` VALUES ('H5', 34, 5, 1);
INSERT INTO `vtiger_role2picklist` VALUES ('H5', 35, 5, 2);
INSERT INTO `vtiger_role2picklist` VALUES ('H5', 36, 5, 3);
INSERT INTO `vtiger_role2picklist` VALUES ('H5', 37, 5, 4);
INSERT INTO `vtiger_role2picklist` VALUES ('H5', 38, 6, 0);
INSERT INTO `vtiger_role2picklist` VALUES ('H5', 39, 6, 1);
INSERT INTO `vtiger_role2picklist` VALUES ('H5', 40, 6, 2);
INSERT INTO `vtiger_role2picklist` VALUES ('H5', 41, 7, 0);
INSERT INTO `vtiger_role2picklist` VALUES ('H5', 42, 7, 1);
INSERT INTO `vtiger_role2picklist` VALUES ('H5', 43, 7, 2);
INSERT INTO `vtiger_role2picklist` VALUES ('H5', 44, 7, 3);
INSERT INTO `vtiger_role2picklist` VALUES ('H5', 45, 7, 4);
INSERT INTO `vtiger_role2picklist` VALUES ('H5', 46, 8, 0);
INSERT INTO `vtiger_role2picklist` VALUES ('H5', 47, 9, 0);
INSERT INTO `vtiger_role2picklist` VALUES ('H5', 48, 9, 1);
INSERT INTO `vtiger_role2picklist` VALUES ('H5', 49, 9, 2);
INSERT INTO `vtiger_role2picklist` VALUES ('H5', 50, 9, 3);
INSERT INTO `vtiger_role2picklist` VALUES ('H5', 51, 10, 0);
INSERT INTO `vtiger_role2picklist` VALUES ('H5', 52, 10, 1);
INSERT INTO `vtiger_role2picklist` VALUES ('H5', 53, 10, 2);
INSERT INTO `vtiger_role2picklist` VALUES ('H5', 54, 10, 3);
INSERT INTO `vtiger_role2picklist` VALUES ('H5', 55, 10, 4);
INSERT INTO `vtiger_role2picklist` VALUES ('H5', 56, 10, 5);
INSERT INTO `vtiger_role2picklist` VALUES ('H5', 57, 10, 6);
INSERT INTO `vtiger_role2picklist` VALUES ('H5', 58, 10, 7);
INSERT INTO `vtiger_role2picklist` VALUES ('H5', 59, 10, 8);
INSERT INTO `vtiger_role2picklist` VALUES ('H5', 60, 11, 0);
INSERT INTO `vtiger_role2picklist` VALUES ('H5', 61, 11, 1);
INSERT INTO `vtiger_role2picklist` VALUES ('H5', 62, 11, 2);
INSERT INTO `vtiger_role2picklist` VALUES ('H5', 63, 11, 3);
INSERT INTO `vtiger_role2picklist` VALUES ('H5', 64, 11, 4);
INSERT INTO `vtiger_role2picklist` VALUES ('H5', 65, 11, 5);
INSERT INTO `vtiger_role2picklist` VALUES ('H5', 66, 11, 6);
INSERT INTO `vtiger_role2picklist` VALUES ('H5', 67, 11, 7);
INSERT INTO `vtiger_role2picklist` VALUES ('H5', 68, 11, 8);
INSERT INTO `vtiger_role2picklist` VALUES ('H5', 69, 11, 9);
INSERT INTO `vtiger_role2picklist` VALUES ('H5', 70, 11, 10);
INSERT INTO `vtiger_role2picklist` VALUES ('H5', 71, 11, 11);
INSERT INTO `vtiger_role2picklist` VALUES ('H5', 72, 11, 12);
INSERT INTO `vtiger_role2picklist` VALUES ('H5', 73, 11, 13);
INSERT INTO `vtiger_role2picklist` VALUES ('H5', 74, 11, 14);
INSERT INTO `vtiger_role2picklist` VALUES ('H5', 75, 11, 15);
INSERT INTO `vtiger_role2picklist` VALUES ('H5', 76, 11, 16);
INSERT INTO `vtiger_role2picklist` VALUES ('H5', 77, 11, 17);
INSERT INTO `vtiger_role2picklist` VALUES ('H5', 78, 11, 18);
INSERT INTO `vtiger_role2picklist` VALUES ('H5', 79, 11, 19);
INSERT INTO `vtiger_role2picklist` VALUES ('H5', 80, 11, 20);
INSERT INTO `vtiger_role2picklist` VALUES ('H5', 81, 11, 21);
INSERT INTO `vtiger_role2picklist` VALUES ('H5', 82, 11, 22);
INSERT INTO `vtiger_role2picklist` VALUES ('H5', 83, 11, 23);
INSERT INTO `vtiger_role2picklist` VALUES ('H5', 84, 11, 24);
INSERT INTO `vtiger_role2picklist` VALUES ('H5', 85, 11, 25);
INSERT INTO `vtiger_role2picklist` VALUES ('H5', 86, 11, 26);
INSERT INTO `vtiger_role2picklist` VALUES ('H5', 87, 11, 27);
INSERT INTO `vtiger_role2picklist` VALUES ('H5', 88, 11, 28);
INSERT INTO `vtiger_role2picklist` VALUES ('H5', 89, 11, 29);
INSERT INTO `vtiger_role2picklist` VALUES ('H5', 90, 11, 30);
INSERT INTO `vtiger_role2picklist` VALUES ('H5', 91, 11, 31);
INSERT INTO `vtiger_role2picklist` VALUES ('H5', 92, 12, 0);
INSERT INTO `vtiger_role2picklist` VALUES ('H5', 93, 12, 1);
INSERT INTO `vtiger_role2picklist` VALUES ('H5', 94, 12, 2);
INSERT INTO `vtiger_role2picklist` VALUES ('H5', 95, 12, 3);
INSERT INTO `vtiger_role2picklist` VALUES ('H5', 96, 12, 4);
INSERT INTO `vtiger_role2picklist` VALUES ('H5', 97, 12, 5);
INSERT INTO `vtiger_role2picklist` VALUES ('H5', 98, 13, 0);
INSERT INTO `vtiger_role2picklist` VALUES ('H5', 99, 13, 1);
INSERT INTO `vtiger_role2picklist` VALUES ('H5', 100, 13, 2);
INSERT INTO `vtiger_role2picklist` VALUES ('H5', 101, 13, 3);
INSERT INTO `vtiger_role2picklist` VALUES ('H5', 102, 13, 4);
INSERT INTO `vtiger_role2picklist` VALUES ('H5', 103, 13, 5);
INSERT INTO `vtiger_role2picklist` VALUES ('H5', 104, 13, 6);
INSERT INTO `vtiger_role2picklist` VALUES ('H5', 105, 13, 7);
INSERT INTO `vtiger_role2picklist` VALUES ('H5', 106, 13, 8);
INSERT INTO `vtiger_role2picklist` VALUES ('H5', 107, 13, 9);
INSERT INTO `vtiger_role2picklist` VALUES ('H5', 108, 13, 10);
INSERT INTO `vtiger_role2picklist` VALUES ('H5', 109, 13, 11);
INSERT INTO `vtiger_role2picklist` VALUES ('H5', 110, 13, 12);
INSERT INTO `vtiger_role2picklist` VALUES ('H5', 111, 14, 0);
INSERT INTO `vtiger_role2picklist` VALUES ('H5', 112, 14, 1);
INSERT INTO `vtiger_role2picklist` VALUES ('H5', 113, 14, 2);
INSERT INTO `vtiger_role2picklist` VALUES ('H5', 114, 14, 3);
INSERT INTO `vtiger_role2picklist` VALUES ('H5', 115, 14, 4);
INSERT INTO `vtiger_role2picklist` VALUES ('H5', 116, 14, 5);
INSERT INTO `vtiger_role2picklist` VALUES ('H5', 117, 14, 6);
INSERT INTO `vtiger_role2picklist` VALUES ('H5', 118, 14, 7);
INSERT INTO `vtiger_role2picklist` VALUES ('H5', 119, 14, 8);
INSERT INTO `vtiger_role2picklist` VALUES ('H5', 120, 14, 9);
INSERT INTO `vtiger_role2picklist` VALUES ('H5', 121, 14, 10);
INSERT INTO `vtiger_role2picklist` VALUES ('H5', 122, 14, 11);
INSERT INTO `vtiger_role2picklist` VALUES ('H5', 123, 15, 0);
INSERT INTO `vtiger_role2picklist` VALUES ('H5', 124, 15, 1);
INSERT INTO `vtiger_role2picklist` VALUES ('H5', 125, 15, 2);
INSERT INTO `vtiger_role2picklist` VALUES ('H5', 126, 15, 3);
INSERT INTO `vtiger_role2picklist` VALUES ('H5', 127, 16, 0);
INSERT INTO `vtiger_role2picklist` VALUES ('H5', 128, 16, 1);
INSERT INTO `vtiger_role2picklist` VALUES ('H5', 129, 16, 2);
INSERT INTO `vtiger_role2picklist` VALUES ('H5', 130, 17, 0);
INSERT INTO `vtiger_role2picklist` VALUES ('H5', 131, 17, 1);
INSERT INTO `vtiger_role2picklist` VALUES ('H5', 132, 17, 2);
INSERT INTO `vtiger_role2picklist` VALUES ('H5', 133, 17, 3);
INSERT INTO `vtiger_role2picklist` VALUES ('H5', 134, 17, 4);
INSERT INTO `vtiger_role2picklist` VALUES ('H5', 135, 18, 0);
INSERT INTO `vtiger_role2picklist` VALUES ('H5', 136, 18, 1);
INSERT INTO `vtiger_role2picklist` VALUES ('H5', 137, 18, 2);
INSERT INTO `vtiger_role2picklist` VALUES ('H5', 138, 18, 3);
INSERT INTO `vtiger_role2picklist` VALUES ('H5', 139, 19, 0);
INSERT INTO `vtiger_role2picklist` VALUES ('H5', 140, 19, 1);
INSERT INTO `vtiger_role2picklist` VALUES ('H5', 141, 19, 2);
INSERT INTO `vtiger_role2picklist` VALUES ('H5', 142, 19, 3);
INSERT INTO `vtiger_role2picklist` VALUES ('H5', 143, 19, 4);
INSERT INTO `vtiger_role2picklist` VALUES ('H5', 144, 20, 0);
INSERT INTO `vtiger_role2picklist` VALUES ('H5', 145, 20, 1);
INSERT INTO `vtiger_role2picklist` VALUES ('H5', 146, 20, 2);
INSERT INTO `vtiger_role2picklist` VALUES ('H5', 147, 20, 3);
INSERT INTO `vtiger_role2picklist` VALUES ('H5', 148, 20, 4);
INSERT INTO `vtiger_role2picklist` VALUES ('H5', 149, 20, 5);
INSERT INTO `vtiger_role2picklist` VALUES ('H5', 150, 21, 0);
INSERT INTO `vtiger_role2picklist` VALUES ('H5', 151, 21, 1);
INSERT INTO `vtiger_role2picklist` VALUES ('H5', 152, 21, 2);
INSERT INTO `vtiger_role2picklist` VALUES ('H5', 153, 21, 3);
INSERT INTO `vtiger_role2picklist` VALUES ('H5', 154, 21, 4);
INSERT INTO `vtiger_role2picklist` VALUES ('H5', 155, 21, 5);
INSERT INTO `vtiger_role2picklist` VALUES ('H5', 156, 21, 6);
INSERT INTO `vtiger_role2picklist` VALUES ('H5', 157, 21, 7);
INSERT INTO `vtiger_role2picklist` VALUES ('H5', 158, 21, 8);
INSERT INTO `vtiger_role2picklist` VALUES ('H5', 159, 21, 9);
INSERT INTO `vtiger_role2picklist` VALUES ('H5', 160, 22, 0);
INSERT INTO `vtiger_role2picklist` VALUES ('H5', 161, 22, 1);
INSERT INTO `vtiger_role2picklist` VALUES ('H5', 162, 22, 2);
INSERT INTO `vtiger_role2picklist` VALUES ('H5', 163, 22, 3);
INSERT INTO `vtiger_role2picklist` VALUES ('H5', 164, 22, 4);
INSERT INTO `vtiger_role2picklist` VALUES ('H5', 165, 22, 5);
INSERT INTO `vtiger_role2picklist` VALUES ('H5', 166, 23, 0);
INSERT INTO `vtiger_role2picklist` VALUES ('H5', 167, 23, 1);
INSERT INTO `vtiger_role2picklist` VALUES ('H5', 168, 23, 2);
INSERT INTO `vtiger_role2picklist` VALUES ('H5', 169, 23, 3);
INSERT INTO `vtiger_role2picklist` VALUES ('H5', 170, 24, 0);
INSERT INTO `vtiger_role2picklist` VALUES ('H5', 171, 24, 1);
INSERT INTO `vtiger_role2picklist` VALUES ('H5', 172, 24, 2);
INSERT INTO `vtiger_role2picklist` VALUES ('H5', 173, 25, 0);
INSERT INTO `vtiger_role2picklist` VALUES ('H5', 174, 25, 1);
INSERT INTO `vtiger_role2picklist` VALUES ('H5', 175, 25, 2);
INSERT INTO `vtiger_role2picklist` VALUES ('H5', 176, 25, 3);
INSERT INTO `vtiger_role2picklist` VALUES ('H5', 177, 25, 4);
INSERT INTO `vtiger_role2picklist` VALUES ('H5', 178, 25, 5);
INSERT INTO `vtiger_role2picklist` VALUES ('H5', 179, 26, 0);
INSERT INTO `vtiger_role2picklist` VALUES ('H5', 180, 26, 1);
INSERT INTO `vtiger_role2picklist` VALUES ('H5', 181, 26, 2);
INSERT INTO `vtiger_role2picklist` VALUES ('H5', 182, 27, 0);
INSERT INTO `vtiger_role2picklist` VALUES ('H5', 183, 27, 1);
INSERT INTO `vtiger_role2picklist` VALUES ('H5', 184, 27, 2);
INSERT INTO `vtiger_role2picklist` VALUES ('H5', 185, 27, 3);
INSERT INTO `vtiger_role2picklist` VALUES ('H5', 186, 28, 0);
INSERT INTO `vtiger_role2picklist` VALUES ('H5', 187, 28, 1);
INSERT INTO `vtiger_role2picklist` VALUES ('H5', 188, 28, 2);
INSERT INTO `vtiger_role2picklist` VALUES ('H5', 189, 28, 3);
INSERT INTO `vtiger_role2picklist` VALUES ('H5', 190, 29, 0);
INSERT INTO `vtiger_role2picklist` VALUES ('H5', 191, 29, 1);
INSERT INTO `vtiger_role2picklist` VALUES ('H5', 192, 29, 2);
INSERT INTO `vtiger_role2picklist` VALUES ('H5', 193, 29, 3);
INSERT INTO `vtiger_role2picklist` VALUES ('H5', 194, 30, 0);
INSERT INTO `vtiger_role2picklist` VALUES ('H5', 195, 30, 1);
INSERT INTO `vtiger_role2picklist` VALUES ('H5', 196, 30, 2);
INSERT INTO `vtiger_role2picklist` VALUES ('H5', 197, 30, 3);
INSERT INTO `vtiger_role2picklist` VALUES ('H5', 198, 30, 4);
INSERT INTO `vtiger_role2picklist` VALUES ('H5', 199, 30, 5);
INSERT INTO `vtiger_role2picklist` VALUES ('H5', 200, 30, 6);
INSERT INTO `vtiger_role2picklist` VALUES ('H5', 201, 30, 7);
INSERT INTO `vtiger_role2picklist` VALUES ('H5', 202, 30, 8);
INSERT INTO `vtiger_role2picklist` VALUES ('H5', 203, 30, 9);
INSERT INTO `vtiger_role2picklist` VALUES ('H5', 204, 30, 10);
INSERT INTO `vtiger_role2picklist` VALUES ('H5', 205, 30, 11);
INSERT INTO `vtiger_role2picklist` VALUES ('H5', 206, 30, 12);
INSERT INTO `vtiger_role2picklist` VALUES ('H5', 207, 30, 13);
INSERT INTO `vtiger_role2picklist` VALUES ('H5', 208, 30, 14);
INSERT INTO `vtiger_role2picklist` VALUES ('H5', 209, 30, 15);
INSERT INTO `vtiger_role2picklist` VALUES ('H5', 210, 31, 1);
INSERT INTO `vtiger_role2picklist` VALUES ('H5', 211, 31, 2);
INSERT INTO `vtiger_role2picklist` VALUES ('H5', 212, 31, 3);
INSERT INTO `vtiger_role2picklist` VALUES ('H5', 213, 31, 4);
INSERT INTO `vtiger_role2picklist` VALUES ('H5', 214, 32, 1);
INSERT INTO `vtiger_role2picklist` VALUES ('H5', 215, 32, 2);
INSERT INTO `vtiger_role2picklist` VALUES ('H5', 216, 32, 3);
INSERT INTO `vtiger_role2picklist` VALUES ('H5', 217, 32, 4);
INSERT INTO `vtiger_role2picklist` VALUES ('H5', 218, 32, 5);
INSERT INTO `vtiger_role2picklist` VALUES ('H5', 219, 32, 6);
INSERT INTO `vtiger_role2picklist` VALUES ('H5', 220, 33, 1);
INSERT INTO `vtiger_role2picklist` VALUES ('H5', 221, 33, 2);
INSERT INTO `vtiger_role2picklist` VALUES ('H5', 222, 33, 3);
INSERT INTO `vtiger_role2picklist` VALUES ('H5', 223, 34, 1);
INSERT INTO `vtiger_role2picklist` VALUES ('H5', 224, 34, 2);
INSERT INTO `vtiger_role2picklist` VALUES ('H5', 225, 34, 3);
INSERT INTO `vtiger_role2picklist` VALUES ('H5', 226, 35, 1);
INSERT INTO `vtiger_role2picklist` VALUES ('H5', 227, 35, 2);
INSERT INTO `vtiger_role2picklist` VALUES ('H5', 228, 35, 3);
INSERT INTO `vtiger_role2picklist` VALUES ('H5', 229, 36, 1);
INSERT INTO `vtiger_role2picklist` VALUES ('H5', 230, 36, 2);
INSERT INTO `vtiger_role2picklist` VALUES ('H5', 231, 36, 3);
INSERT INTO `vtiger_role2picklist` VALUES ('H5', 232, 36, 4);
INSERT INTO `vtiger_role2picklist` VALUES ('H5', 233, 36, 5);
INSERT INTO `vtiger_role2picklist` VALUES ('H5', 234, 36, 6);
INSERT INTO `vtiger_role2picklist` VALUES ('H5', 235, 37, 1);
INSERT INTO `vtiger_role2picklist` VALUES ('H5', 236, 37, 2);
INSERT INTO `vtiger_role2picklist` VALUES ('H5', 237, 38, 1);
INSERT INTO `vtiger_role2picklist` VALUES ('H5', 238, 38, 2);
INSERT INTO `vtiger_role2picklist` VALUES ('H5', 239, 38, 3);
INSERT INTO `vtiger_role2picklist` VALUES ('H5', 240, 38, 4);
INSERT INTO `vtiger_role2picklist` VALUES ('H5', 241, 39, 1);
INSERT INTO `vtiger_role2picklist` VALUES ('H5', 242, 39, 2);
INSERT INTO `vtiger_role2picklist` VALUES ('H5', 243, 39, 3);
INSERT INTO `vtiger_role2picklist` VALUES ('H5', 244, 39, 4);
INSERT INTO `vtiger_role2picklist` VALUES ('H5', 245, 40, 1);
INSERT INTO `vtiger_role2picklist` VALUES ('H5', 246, 40, 2);
INSERT INTO `vtiger_role2picklist` VALUES ('H5', 247, 40, 3);
INSERT INTO `vtiger_role2picklist` VALUES ('H5', 248, 40, 4);
INSERT INTO `vtiger_role2picklist` VALUES ('H5', 249, 41, 1);
INSERT INTO `vtiger_role2picklist` VALUES ('H5', 250, 41, 2);
INSERT INTO `vtiger_role2picklist` VALUES ('H5', 251, 41, 3);
INSERT INTO `vtiger_role2picklist` VALUES ('H5', 252, 41, 4);
INSERT INTO `vtiger_role2picklist` VALUES ('H5', 253, 41, 5);
INSERT INTO `vtiger_role2picklist` VALUES ('H5', 254, 41, 6);
INSERT INTO `vtiger_role2picklist` VALUES ('H5', 255, 41, 7);
INSERT INTO `vtiger_role2picklist` VALUES ('H5', 256, 41, 8);
INSERT INTO `vtiger_role2picklist` VALUES ('H5', 257, 41, 9);
INSERT INTO `vtiger_role2picklist` VALUES ('H5', 258, 41, 10);
INSERT INTO `vtiger_role2picklist` VALUES ('H5', 259, 41, 11);
INSERT INTO `vtiger_role2picklist` VALUES ('H5', 260, 42, 1);
INSERT INTO `vtiger_role2picklist` VALUES ('H5', 261, 42, 2);
INSERT INTO `vtiger_role2picklist` VALUES ('H5', 262, 42, 3);
INSERT INTO `vtiger_role2picklist` VALUES ('H5', 263, 42, 4);
INSERT INTO `vtiger_role2picklist` VALUES ('H5', 264, 42, 5);
INSERT INTO `vtiger_role2picklist` VALUES ('H5', 265, 42, 6);
INSERT INTO `vtiger_role2picklist` VALUES ('H5', 266, 42, 7);
INSERT INTO `vtiger_role2picklist` VALUES ('H5', 267, 42, 8);
INSERT INTO `vtiger_role2picklist` VALUES ('H5', 268, 42, 9);
INSERT INTO `vtiger_role2picklist` VALUES ('H5', 269, 43, 1);
INSERT INTO `vtiger_role2picklist` VALUES ('H5', 270, 43, 2);
INSERT INTO `vtiger_role2picklist` VALUES ('H5', 271, 43, 3);
INSERT INTO `vtiger_role2picklist` VALUES ('H5', 272, 43, 4);
INSERT INTO `vtiger_role2picklist` VALUES ('H5', 273, 44, 1);
INSERT INTO `vtiger_role2picklist` VALUES ('H5', 274, 44, 2);
INSERT INTO `vtiger_role2picklist` VALUES ('H5', 275, 44, 3);
INSERT INTO `vtiger_role2picklist` VALUES ('H5', 276, 44, 4);
INSERT INTO `vtiger_role2picklist` VALUES ('H5', 277, 45, 1);
INSERT INTO `vtiger_role2picklist` VALUES ('H5', 278, 45, 2);
INSERT INTO `vtiger_role2picklist` VALUES ('H5', 279, 45, 3);
INSERT INTO `vtiger_role2picklist` VALUES ('H5', 280, 45, 4);
INSERT INTO `vtiger_role2picklist` VALUES ('H5', 281, 45, 5);
INSERT INTO `vtiger_role2picklist` VALUES ('H5', 282, 45, 6);
INSERT INTO `vtiger_role2picklist` VALUES ('H5', 283, 45, 7);
INSERT INTO `vtiger_role2picklist` VALUES ('H5', 284, 45, 8);
INSERT INTO `vtiger_role2picklist` VALUES ('H5', 285, 45, 9);
INSERT INTO `vtiger_role2picklist` VALUES ('H5', 286, 45, 10);
INSERT INTO `vtiger_role2picklist` VALUES ('H5', 287, 45, 11);
INSERT INTO `vtiger_role2picklist` VALUES ('H5', 288, 12, 1);
INSERT INTO `vtiger_role2picklist` VALUES ('H5', 289, 46, 1);
INSERT INTO `vtiger_role2picklist` VALUES ('H5', 290, 46, 2);
INSERT INTO `vtiger_role2picklist` VALUES ('H5', 291, 46, 3);
INSERT INTO `vtiger_role2picklist` VALUES ('H5', 292, 46, 4);
INSERT INTO `vtiger_role2picklist` VALUES ('H5', 293, 46, 5);
INSERT INTO `vtiger_role2picklist` VALUES ('H5', 294, 46, 6);
INSERT INTO `vtiger_role2picklist` VALUES ('H5', 295, 2, 1);
INSERT INTO `vtiger_role2picklist` VALUES ('H5', 296, 47, 1);
INSERT INTO `vtiger_role2picklist` VALUES ('H5', 297, 47, 2);
INSERT INTO `vtiger_role2picklist` VALUES ('H5', 298, 47, 3);
INSERT INTO `vtiger_role2picklist` VALUES ('H5', 299, 48, 1);
INSERT INTO `vtiger_role2picklist` VALUES ('H5', 300, 48, 2);
INSERT INTO `vtiger_role2picklist` VALUES ('H5', 303, 49, 1);
INSERT INTO `vtiger_role2picklist` VALUES ('H5', 304, 49, 2);

-- ----------------------------
-- Table structure for vtiger_role2profile
-- ----------------------------
DROP TABLE IF EXISTS `vtiger_role2profile`;
CREATE TABLE `vtiger_role2profile`  (
  `roleid` varchar(255) CHARACTER SET utf8mb3 COLLATE utf8mb3_general_ci NOT NULL,
  `profileid` int NOT NULL,
  PRIMARY KEY (`roleid`, `profileid`) USING BTREE,
  INDEX `role2profile_roleid_profileid_idx`(`roleid` ASC, `profileid` ASC) USING BTREE
) ENGINE = InnoDB CHARACTER SET = utf8mb3 COLLATE = utf8mb3_general_ci ROW_FORMAT = Dynamic;

-- ----------------------------
-- Records of vtiger_role2profile
-- ----------------------------
INSERT INTO `vtiger_role2profile` VALUES ('H2', 1);
INSERT INTO `vtiger_role2profile` VALUES ('H3', 2);
INSERT INTO `vtiger_role2profile` VALUES ('H4', 2);
INSERT INTO `vtiger_role2profile` VALUES ('H5', 2);

-- ----------------------------
-- Table structure for vtiger_role_seq
-- ----------------------------
DROP TABLE IF EXISTS `vtiger_role_seq`;
CREATE TABLE `vtiger_role_seq`  (
  `id` int NOT NULL
) ENGINE = InnoDB CHARACTER SET = utf8mb4 COLLATE = utf8mb4_0900_ai_ci ROW_FORMAT = Dynamic;

-- ----------------------------
-- Records of vtiger_role_seq
-- ----------------------------
INSERT INTO `vtiger_role_seq` VALUES (5);

-- ----------------------------
-- Table structure for vtiger_rollupcomments_settings
-- ----------------------------
DROP TABLE IF EXISTS `vtiger_rollupcomments_settings`;
CREATE TABLE `vtiger_rollupcomments_settings`  (
  `rollupid` int NOT NULL AUTO_INCREMENT,
  `userid` int NOT NULL,
  `tabid` int NOT NULL,
  `rollup_status` int NOT NULL DEFAULT 0,
  PRIMARY KEY (`rollupid`) USING BTREE
) ENGINE = InnoDB CHARACTER SET = utf8mb3 COLLATE = utf8mb3_general_ci ROW_FORMAT = Dynamic;

-- ----------------------------
-- Records of vtiger_rollupcomments_settings
-- ----------------------------

-- ----------------------------
-- Table structure for vtiger_rowheight
-- ----------------------------
DROP TABLE IF EXISTS `vtiger_rowheight`;
CREATE TABLE `vtiger_rowheight`  (
  `rowheightid` int NOT NULL AUTO_INCREMENT,
  `rowheight` varchar(200) CHARACTER SET utf8mb3 COLLATE utf8mb3_general_ci NOT NULL,
  `sortorderid` int NULL DEFAULT NULL,
  `presence` int NOT NULL DEFAULT 1,
  PRIMARY KEY (`rowheightid`) USING BTREE
) ENGINE = InnoDB AUTO_INCREMENT = 4 CHARACTER SET = utf8mb3 COLLATE = utf8mb3_general_ci ROW_FORMAT = Dynamic;

-- ----------------------------
-- Records of vtiger_rowheight
-- ----------------------------
INSERT INTO `vtiger_rowheight` VALUES (1, 'wide', 0, 1);
INSERT INTO `vtiger_rowheight` VALUES (2, 'medium', 1, 1);
INSERT INTO `vtiger_rowheight` VALUES (3, 'narrow', 2, 1);

-- ----------------------------
-- Table structure for vtiger_rowheight_seq
-- ----------------------------
DROP TABLE IF EXISTS `vtiger_rowheight_seq`;
CREATE TABLE `vtiger_rowheight_seq`  (
  `id` int NOT NULL
) ENGINE = InnoDB CHARACTER SET = utf8mb4 COLLATE = utf8mb4_0900_ai_ci ROW_FORMAT = Dynamic;

-- ----------------------------
-- Records of vtiger_rowheight_seq
-- ----------------------------
INSERT INTO `vtiger_rowheight_seq` VALUES (3);

-- ----------------------------
-- Table structure for vtiger_rss
-- ----------------------------
DROP TABLE IF EXISTS `vtiger_rss`;
CREATE TABLE `vtiger_rss`  (
  `rssid` int NOT NULL,
  `rssurl` varchar(200) CHARACTER SET utf8mb3 COLLATE utf8mb3_general_ci NOT NULL DEFAULT '',
  `rsstitle` varchar(200) CHARACTER SET utf8mb3 COLLATE utf8mb3_general_ci NULL DEFAULT NULL,
  `rsstype` int NULL DEFAULT 0,
  `starred` int NULL DEFAULT 0,
  PRIMARY KEY (`rssid`) USING BTREE
) ENGINE = InnoDB CHARACTER SET = utf8mb3 COLLATE = utf8mb3_general_ci ROW_FORMAT = Dynamic;

-- ----------------------------
-- Records of vtiger_rss
-- ----------------------------

-- ----------------------------
-- Table structure for vtiger_sales_stage
-- ----------------------------
DROP TABLE IF EXISTS `vtiger_sales_stage`;
CREATE TABLE `vtiger_sales_stage`  (
  `sales_stage_id` int NOT NULL AUTO_INCREMENT,
  `sales_stage` varchar(200) CHARACTER SET utf8mb3 COLLATE utf8mb3_general_ci NULL DEFAULT NULL,
  `presence` int NOT NULL DEFAULT 1,
  `picklist_valueid` int NOT NULL DEFAULT 0,
  `sortorderid` int NULL DEFAULT NULL,
  `color` varchar(10) CHARACTER SET utf8mb3 COLLATE utf8mb3_general_ci NULL DEFAULT NULL,
  PRIMARY KEY (`sales_stage_id`) USING BTREE
) ENGINE = InnoDB AUTO_INCREMENT = 11 CHARACTER SET = utf8mb3 COLLATE = utf8mb3_general_ci ROW_FORMAT = Dynamic;

-- ----------------------------
-- Records of vtiger_sales_stage
-- ----------------------------
INSERT INTO `vtiger_sales_stage` VALUES (1, 'Prospecting', 1, 150, 0, NULL);
INSERT INTO `vtiger_sales_stage` VALUES (2, 'Qualification', 1, 151, 1, NULL);
INSERT INTO `vtiger_sales_stage` VALUES (3, 'Needs Analysis', 1, 152, 2, NULL);
INSERT INTO `vtiger_sales_stage` VALUES (4, 'Value Proposition', 1, 153, 3, NULL);
INSERT INTO `vtiger_sales_stage` VALUES (5, 'Id. Decision Makers', 1, 154, 4, NULL);
INSERT INTO `vtiger_sales_stage` VALUES (6, 'Perception Analysis', 1, 155, 5, NULL);
INSERT INTO `vtiger_sales_stage` VALUES (7, 'Proposal or Price Quote', 1, 156, 6, NULL);
INSERT INTO `vtiger_sales_stage` VALUES (8, 'Negotiation or Review', 1, 157, 7, NULL);
INSERT INTO `vtiger_sales_stage` VALUES (9, 'Closed Won', 0, 158, 8, NULL);
INSERT INTO `vtiger_sales_stage` VALUES (10, 'Closed Lost', 0, 159, 9, NULL);

-- ----------------------------
-- Table structure for vtiger_sales_stage_seq
-- ----------------------------
DROP TABLE IF EXISTS `vtiger_sales_stage_seq`;
CREATE TABLE `vtiger_sales_stage_seq`  (
  `id` int NOT NULL
) ENGINE = InnoDB CHARACTER SET = utf8mb4 COLLATE = utf8mb4_0900_ai_ci ROW_FORMAT = Dynamic;

-- ----------------------------
-- Records of vtiger_sales_stage_seq
-- ----------------------------
INSERT INTO `vtiger_sales_stage_seq` VALUES (10);

-- ----------------------------
-- Table structure for vtiger_salesmanactivityrel
-- ----------------------------
DROP TABLE IF EXISTS `vtiger_salesmanactivityrel`;
CREATE TABLE `vtiger_salesmanactivityrel`  (
  `smid` int NOT NULL DEFAULT 0,
  `activityid` int NOT NULL DEFAULT 0,
  PRIMARY KEY (`smid`, `activityid`) USING BTREE,
  INDEX `salesmanactivityrel_activityid_idx`(`activityid` ASC) USING BTREE,
  INDEX `salesmanactivityrel_smid_idx`(`smid` ASC) USING BTREE,
  CONSTRAINT `fk_2_vtiger_salesmanactivityrel` FOREIGN KEY (`smid`) REFERENCES `vtiger_users` (`id`) ON DELETE CASCADE ON UPDATE RESTRICT
) ENGINE = InnoDB CHARACTER SET = utf8mb3 COLLATE = utf8mb3_general_ci ROW_FORMAT = Dynamic;

-- ----------------------------
-- Records of vtiger_salesmanactivityrel
-- ----------------------------

-- ----------------------------
-- Table structure for vtiger_salesmanattachmentsrel
-- ----------------------------
DROP TABLE IF EXISTS `vtiger_salesmanattachmentsrel`;
CREATE TABLE `vtiger_salesmanattachmentsrel`  (
  `smid` int NOT NULL DEFAULT 0,
  `attachmentsid` int NOT NULL DEFAULT 0,
  PRIMARY KEY (`smid`, `attachmentsid`) USING BTREE,
  INDEX `salesmanattachmentsrel_smid_idx`(`smid` ASC) USING BTREE,
  INDEX `salesmanattachmentsrel_attachmentsid_idx`(`attachmentsid` ASC) USING BTREE,
  CONSTRAINT `fk_2_vtiger_salesmanattachmentsrel` FOREIGN KEY (`attachmentsid`) REFERENCES `vtiger_attachments` (`attachmentsid`) ON DELETE CASCADE ON UPDATE RESTRICT
) ENGINE = InnoDB CHARACTER SET = utf8mb3 COLLATE = utf8mb3_general_ci ROW_FORMAT = Dynamic;

-- ----------------------------
-- Records of vtiger_salesmanattachmentsrel
-- ----------------------------

-- ----------------------------
-- Table structure for vtiger_salesmanticketrel
-- ----------------------------
DROP TABLE IF EXISTS `vtiger_salesmanticketrel`;
CREATE TABLE `vtiger_salesmanticketrel`  (
  `smid` int NOT NULL DEFAULT 0,
  `id` int NOT NULL DEFAULT 0,
  PRIMARY KEY (`smid`, `id`) USING BTREE,
  INDEX `salesmanticketrel_smid_idx`(`smid` ASC) USING BTREE,
  INDEX `salesmanticketrel_id_idx`(`id` ASC) USING BTREE,
  CONSTRAINT `fk_2_vtiger_salesmanticketrel` FOREIGN KEY (`smid`) REFERENCES `vtiger_users` (`id`) ON DELETE CASCADE ON UPDATE RESTRICT
) ENGINE = InnoDB CHARACTER SET = utf8mb3 COLLATE = utf8mb3_general_ci ROW_FORMAT = Dynamic;

-- ----------------------------
-- Records of vtiger_salesmanticketrel
-- ----------------------------

-- ----------------------------
-- Table structure for vtiger_salesorder
-- ----------------------------
DROP TABLE IF EXISTS `vtiger_salesorder`;
CREATE TABLE `vtiger_salesorder`  (
  `salesorderid` int NOT NULL DEFAULT 0,
  `subject` varchar(100) CHARACTER SET utf8mb3 COLLATE utf8mb3_general_ci NULL DEFAULT NULL,
  `potentialid` int NULL DEFAULT NULL,
  `customerno` varchar(100) CHARACTER SET utf8mb3 COLLATE utf8mb3_general_ci NULL DEFAULT NULL,
  `salesorder_no` varchar(100) CHARACTER SET utf8mb3 COLLATE utf8mb3_general_ci NULL DEFAULT NULL,
  `quoteid` int NULL DEFAULT NULL,
  `vendorterms` varchar(100) CHARACTER SET utf8mb3 COLLATE utf8mb3_general_ci NULL DEFAULT NULL,
  `contactid` int NULL DEFAULT NULL,
  `vendorid` int NULL DEFAULT NULL,
  `duedate` date NULL DEFAULT NULL,
  `carrier` varchar(200) CHARACTER SET utf8mb3 COLLATE utf8mb3_general_ci NULL DEFAULT NULL,
  `pending` varchar(200) CHARACTER SET utf8mb3 COLLATE utf8mb3_general_ci NULL DEFAULT NULL,
  `type` varchar(100) CHARACTER SET utf8mb3 COLLATE utf8mb3_general_ci NULL DEFAULT NULL,
  `adjustment` decimal(25, 8) NULL DEFAULT NULL,
  `salescommission` decimal(25, 3) NULL DEFAULT NULL,
  `exciseduty` decimal(25, 3) NULL DEFAULT NULL,
  `total` decimal(25, 8) NULL DEFAULT NULL,
  `subtotal` decimal(25, 8) NULL DEFAULT NULL,
  `taxtype` varchar(25) CHARACTER SET utf8mb3 COLLATE utf8mb3_general_ci NULL DEFAULT NULL,
  `discount_percent` decimal(25, 3) NULL DEFAULT NULL,
  `discount_amount` decimal(25, 8) NULL DEFAULT NULL,
  `s_h_amount` decimal(25, 8) NULL DEFAULT NULL,
  `accountid` int NULL DEFAULT NULL,
  `terms_conditions` text CHARACTER SET utf8mb3 COLLATE utf8mb3_general_ci NULL,
  `purchaseorder` varchar(200) CHARACTER SET utf8mb3 COLLATE utf8mb3_general_ci NULL DEFAULT NULL,
  `sostatus` varchar(200) CHARACTER SET utf8mb3 COLLATE utf8mb3_general_ci NULL DEFAULT NULL,
  `currency_id` int NOT NULL DEFAULT 1,
  `conversion_rate` decimal(10, 3) NOT NULL DEFAULT 1.000,
  `enable_recurring` int NULL DEFAULT 0,
  `compound_taxes_info` text CHARACTER SET utf8mb3 COLLATE utf8mb3_general_ci NULL,
  `pre_tax_total` decimal(25, 8) NULL DEFAULT NULL,
  `s_h_percent` decimal(25, 3) NULL DEFAULT NULL,
  `tags` varchar(1) CHARACTER SET utf8mb3 COLLATE utf8mb3_general_ci NULL DEFAULT NULL,
  `region_id` int NULL DEFAULT NULL,
  PRIMARY KEY (`salesorderid`) USING BTREE,
  INDEX `salesorder_vendorid_idx`(`vendorid` ASC) USING BTREE,
  INDEX `salesorder_contactid_idx`(`contactid` ASC) USING BTREE,
  CONSTRAINT `fk_3_vtiger_salesorder` FOREIGN KEY (`vendorid`) REFERENCES `vtiger_vendor` (`vendorid`) ON DELETE CASCADE ON UPDATE RESTRICT,
  CONSTRAINT `fk_crmid_vtiger_salesorder` FOREIGN KEY (`salesorderid`) REFERENCES `vtiger_crmentity` (`crmid`) ON DELETE CASCADE ON UPDATE RESTRICT
) ENGINE = InnoDB CHARACTER SET = utf8mb3 COLLATE = utf8mb3_general_ci ROW_FORMAT = Dynamic;

-- ----------------------------
-- Records of vtiger_salesorder
-- ----------------------------

-- ----------------------------
-- Table structure for vtiger_salesordercf
-- ----------------------------
DROP TABLE IF EXISTS `vtiger_salesordercf`;
CREATE TABLE `vtiger_salesordercf`  (
  `salesorderid` int NOT NULL DEFAULT 0,
  PRIMARY KEY (`salesorderid`) USING BTREE,
  CONSTRAINT `fk_1_vtiger_salesordercf` FOREIGN KEY (`salesorderid`) REFERENCES `vtiger_salesorder` (`salesorderid`) ON DELETE CASCADE ON UPDATE RESTRICT
) ENGINE = InnoDB CHARACTER SET = utf8mb3 COLLATE = utf8mb3_general_ci ROW_FORMAT = Dynamic;

-- ----------------------------
-- Records of vtiger_salesordercf
-- ----------------------------

-- ----------------------------
-- Table structure for vtiger_salutationtype
-- ----------------------------
DROP TABLE IF EXISTS `vtiger_salutationtype`;
CREATE TABLE `vtiger_salutationtype`  (
  `salutationid` int NOT NULL AUTO_INCREMENT,
  `salutationtype` varchar(200) CHARACTER SET utf8mb3 COLLATE utf8mb3_general_ci NOT NULL,
  `presence` int NOT NULL DEFAULT 1,
  `picklist_valueid` int NOT NULL DEFAULT 0,
  `sortorderid` int NULL DEFAULT NULL,
  `color` varchar(10) CHARACTER SET utf8mb3 COLLATE utf8mb3_general_ci NULL DEFAULT NULL,
  PRIMARY KEY (`salutationid`) USING BTREE
) ENGINE = InnoDB AUTO_INCREMENT = 7 CHARACTER SET = utf8mb3 COLLATE = utf8mb3_general_ci ROW_FORMAT = Dynamic;

-- ----------------------------
-- Records of vtiger_salutationtype
-- ----------------------------
INSERT INTO `vtiger_salutationtype` VALUES (2, 'Mr.', 1, 161, 1, NULL);
INSERT INTO `vtiger_salutationtype` VALUES (3, 'Ms.', 1, 162, 2, NULL);
INSERT INTO `vtiger_salutationtype` VALUES (4, 'Mrs.', 1, 163, 3, NULL);
INSERT INTO `vtiger_salutationtype` VALUES (5, 'Dr.', 1, 164, 4, NULL);
INSERT INTO `vtiger_salutationtype` VALUES (6, 'Prof.', 1, 165, 5, NULL);

-- ----------------------------
-- Table structure for vtiger_salutationtype_seq
-- ----------------------------
DROP TABLE IF EXISTS `vtiger_salutationtype_seq`;
CREATE TABLE `vtiger_salutationtype_seq`  (
  `id` int NOT NULL
) ENGINE = InnoDB CHARACTER SET = utf8mb4 COLLATE = utf8mb4_0900_ai_ci ROW_FORMAT = Dynamic;

-- ----------------------------
-- Records of vtiger_salutationtype_seq
-- ----------------------------
INSERT INTO `vtiger_salutationtype_seq` VALUES (6);

-- ----------------------------
-- Table structure for vtiger_scheduled_reports
-- ----------------------------
DROP TABLE IF EXISTS `vtiger_scheduled_reports`;
CREATE TABLE `vtiger_scheduled_reports`  (
  `reportid` int NOT NULL,
  `recipients` text CHARACTER SET utf8mb3 COLLATE utf8mb3_general_ci NULL,
  `schedule` text CHARACTER SET utf8mb3 COLLATE utf8mb3_general_ci NULL,
  `format` varchar(10) CHARACTER SET utf8mb3 COLLATE utf8mb3_general_ci NULL DEFAULT NULL,
  `next_trigger_time` timestamp NULL DEFAULT NULL,
  PRIMARY KEY (`reportid`) USING BTREE
) ENGINE = InnoDB CHARACTER SET = utf8mb3 COLLATE = utf8mb3_general_ci ROW_FORMAT = Dynamic;

-- ----------------------------
-- Records of vtiger_scheduled_reports
-- ----------------------------

-- ----------------------------
-- Table structure for vtiger_schedulereports
-- ----------------------------
DROP TABLE IF EXISTS `vtiger_schedulereports`;
CREATE TABLE `vtiger_schedulereports`  (
  `reportid` int NULL DEFAULT NULL,
  `scheduleid` int NULL DEFAULT NULL,
  `recipients` text CHARACTER SET utf8mb3 COLLATE utf8mb3_general_ci NULL,
  `schdate` varchar(20) CHARACTER SET utf8mb3 COLLATE utf8mb3_general_ci NULL DEFAULT NULL,
  `schtime` time NULL DEFAULT NULL,
  `schdayoftheweek` varchar(100) CHARACTER SET utf8mb3 COLLATE utf8mb3_general_ci NULL DEFAULT NULL,
  `schdayofthemonth` varchar(100) CHARACTER SET utf8mb3 COLLATE utf8mb3_general_ci NULL DEFAULT NULL,
  `schannualdates` varchar(500) CHARACTER SET utf8mb3 COLLATE utf8mb3_general_ci NULL DEFAULT NULL,
  `specificemails` varchar(500) CHARACTER SET utf8mb3 COLLATE utf8mb3_general_ci NULL DEFAULT NULL,
  `next_trigger_time` timestamp NULL DEFAULT CURRENT_TIMESTAMP,
  `fileformat` varchar(10) CHARACTER SET utf8mb3 COLLATE utf8mb3_general_ci NULL DEFAULT 'CSV'
) ENGINE = InnoDB CHARACTER SET = utf8mb3 COLLATE = utf8mb3_general_ci ROW_FORMAT = Dynamic;

-- ----------------------------
-- Records of vtiger_schedulereports
-- ----------------------------

-- ----------------------------
-- Table structure for vtiger_seactivityrel
-- ----------------------------
DROP TABLE IF EXISTS `vtiger_seactivityrel`;
CREATE TABLE `vtiger_seactivityrel`  (
  `crmid` int NOT NULL,
  `activityid` int NOT NULL,
  PRIMARY KEY (`crmid`, `activityid`) USING BTREE,
  INDEX `seactivityrel_activityid_idx`(`activityid` ASC) USING BTREE,
  INDEX `seactivityrel_crmid_idx`(`crmid` ASC) USING BTREE,
  CONSTRAINT `fk_2_vtiger_seactivityrel` FOREIGN KEY (`crmid`) REFERENCES `vtiger_crmentity` (`crmid`) ON DELETE CASCADE ON UPDATE RESTRICT
) ENGINE = InnoDB CHARACTER SET = utf8mb3 COLLATE = utf8mb3_general_ci ROW_FORMAT = Dynamic;

-- ----------------------------
-- Records of vtiger_seactivityrel
-- ----------------------------

-- ----------------------------
-- Table structure for vtiger_seactivityrel_seq
-- ----------------------------
DROP TABLE IF EXISTS `vtiger_seactivityrel_seq`;
CREATE TABLE `vtiger_seactivityrel_seq`  (
  `id` int NOT NULL
) ENGINE = InnoDB CHARACTER SET = utf8mb4 COLLATE = utf8mb4_0900_ai_ci ROW_FORMAT = Dynamic;

-- ----------------------------
-- Records of vtiger_seactivityrel_seq
-- ----------------------------
INSERT INTO `vtiger_seactivityrel_seq` VALUES (1);

-- ----------------------------
-- Table structure for vtiger_seattachmentsrel
-- ----------------------------
DROP TABLE IF EXISTS `vtiger_seattachmentsrel`;
CREATE TABLE `vtiger_seattachmentsrel`  (
  `crmid` int NOT NULL DEFAULT 0,
  `attachmentsid` int NOT NULL DEFAULT 0,
  PRIMARY KEY (`crmid`, `attachmentsid`) USING BTREE,
  INDEX `seattachmentsrel_attachmentsid_idx`(`attachmentsid` ASC) USING BTREE,
  INDEX `seattachmentsrel_crmid_idx`(`crmid` ASC) USING BTREE,
  INDEX `seattachmentsrel_attachmentsid_crmid_idx`(`attachmentsid` ASC, `crmid` ASC) USING BTREE,
  CONSTRAINT `fk_2_vtiger_seattachmentsrel` FOREIGN KEY (`crmid`) REFERENCES `vtiger_crmentity` (`crmid`) ON DELETE CASCADE ON UPDATE RESTRICT
) ENGINE = InnoDB CHARACTER SET = utf8mb3 COLLATE = utf8mb3_general_ci ROW_FORMAT = Dynamic;

-- ----------------------------
-- Records of vtiger_seattachmentsrel
-- ----------------------------

-- ----------------------------
-- Table structure for vtiger_selectcolumn
-- ----------------------------
DROP TABLE IF EXISTS `vtiger_selectcolumn`;
CREATE TABLE `vtiger_selectcolumn`  (
  `queryid` int NOT NULL,
  `columnindex` int NOT NULL DEFAULT 0,
  `columnname` varchar(250) CHARACTER SET utf8mb3 COLLATE utf8mb3_general_ci NULL DEFAULT '',
  PRIMARY KEY (`queryid`, `columnindex`) USING BTREE,
  INDEX `selectcolumn_queryid_idx`(`queryid` ASC) USING BTREE,
  CONSTRAINT `fk_1_vtiger_selectcolumn` FOREIGN KEY (`queryid`) REFERENCES `vtiger_selectquery` (`queryid`) ON DELETE CASCADE ON UPDATE RESTRICT
) ENGINE = InnoDB CHARACTER SET = utf8mb3 COLLATE = utf8mb3_general_ci ROW_FORMAT = Dynamic;

-- ----------------------------
-- Records of vtiger_selectcolumn
-- ----------------------------
INSERT INTO `vtiger_selectcolumn` VALUES (1, 0, 'vtiger_contactdetails:firstname:Contacts_First_Name:firstname:V');
INSERT INTO `vtiger_selectcolumn` VALUES (1, 1, 'vtiger_contactdetails:lastname:Contacts_Last_Name:lastname:V');
INSERT INTO `vtiger_selectcolumn` VALUES (1, 2, 'vtiger_contactsubdetails:leadsource:Contacts_Lead_Source:leadsource:V');
INSERT INTO `vtiger_selectcolumn` VALUES (1, 3, 'vtiger_contactdetails:accountid:Contacts_Account_Name:account_id:V');
INSERT INTO `vtiger_selectcolumn` VALUES (1, 4, 'vtiger_account:industry:Accounts_industry:industry:V');
INSERT INTO `vtiger_selectcolumn` VALUES (1, 5, 'vtiger_contactdetails:email:Contacts_Email:email:E');
INSERT INTO `vtiger_selectcolumn` VALUES (2, 0, 'vtiger_contactdetails:firstname:Contacts_First_Name:firstname:V');
INSERT INTO `vtiger_selectcolumn` VALUES (2, 1, 'vtiger_contactdetails:lastname:Contacts_Last_Name:lastname:V');
INSERT INTO `vtiger_selectcolumn` VALUES (2, 2, 'vtiger_contactsubdetails:leadsource:Contacts_Lead_Source:leadsource:V');
INSERT INTO `vtiger_selectcolumn` VALUES (2, 3, 'vtiger_contactdetails:accountid:Contacts_Account_Name:account_id:V');
INSERT INTO `vtiger_selectcolumn` VALUES (2, 4, 'vtiger_account:industry:Accounts_industry:industry:V');
INSERT INTO `vtiger_selectcolumn` VALUES (2, 5, 'vtiger_contactdetails:email:Contacts_Email:email:E');
INSERT INTO `vtiger_selectcolumn` VALUES (3, 0, 'vtiger_contactdetails:firstname:Contacts_First_Name:firstname:V');
INSERT INTO `vtiger_selectcolumn` VALUES (3, 1, 'vtiger_contactdetails:lastname:Contacts_Last_Name:lastname:V');
INSERT INTO `vtiger_selectcolumn` VALUES (3, 2, 'vtiger_contactdetails:accountid:Contacts_Account_Name:account_id:V');
INSERT INTO `vtiger_selectcolumn` VALUES (3, 3, 'vtiger_contactdetails:email:Contacts_Email:email:E');
INSERT INTO `vtiger_selectcolumn` VALUES (3, 4, 'vtiger_potential:potentialname:Potentials_Potential_Name:potentialname:V');
INSERT INTO `vtiger_selectcolumn` VALUES (3, 5, 'vtiger_potential:sales_stage:Potentials_Sales_Stage:sales_stage:V');
INSERT INTO `vtiger_selectcolumn` VALUES (4, 0, 'vtiger_leaddetails:firstname:Leads_First_Name:firstname:V');
INSERT INTO `vtiger_selectcolumn` VALUES (4, 1, 'vtiger_leaddetails:lastname:Leads_Last_Name:lastname:V');
INSERT INTO `vtiger_selectcolumn` VALUES (4, 2, 'vtiger_leaddetails:company:Leads_Company:company:V');
INSERT INTO `vtiger_selectcolumn` VALUES (4, 3, 'vtiger_leaddetails:email:Leads_Email:email:E');
INSERT INTO `vtiger_selectcolumn` VALUES (4, 4, 'vtiger_leaddetails:leadsource:Leads_Lead_Source:leadsource:V');
INSERT INTO `vtiger_selectcolumn` VALUES (5, 0, 'vtiger_leaddetails:firstname:Leads_First_Name:firstname:V');
INSERT INTO `vtiger_selectcolumn` VALUES (5, 1, 'vtiger_leaddetails:lastname:Leads_Last_Name:lastname:V');
INSERT INTO `vtiger_selectcolumn` VALUES (5, 2, 'vtiger_leaddetails:company:Leads_Company:company:V');
INSERT INTO `vtiger_selectcolumn` VALUES (5, 3, 'vtiger_leaddetails:email:Leads_Email:email:E');
INSERT INTO `vtiger_selectcolumn` VALUES (5, 4, 'vtiger_leaddetails:leadsource:Leads_Lead_Source:leadsource:V');
INSERT INTO `vtiger_selectcolumn` VALUES (5, 5, 'vtiger_leaddetails:leadstatus:Leads_Lead_Status:leadstatus:V');
INSERT INTO `vtiger_selectcolumn` VALUES (6, 0, 'vtiger_potential:potentialname:Potentials_Potential_Name:potentialname:V');
INSERT INTO `vtiger_selectcolumn` VALUES (6, 1, 'vtiger_potential:amount:Potentials_Amount:amount:N');
INSERT INTO `vtiger_selectcolumn` VALUES (6, 2, 'vtiger_potential:potentialtype:Potentials_Type:opportunity_type:V');
INSERT INTO `vtiger_selectcolumn` VALUES (6, 3, 'vtiger_potential:leadsource:Potentials_Lead_Source:leadsource:V');
INSERT INTO `vtiger_selectcolumn` VALUES (6, 4, 'vtiger_potential:sales_stage:Potentials_Sales_Stage:sales_stage:V');
INSERT INTO `vtiger_selectcolumn` VALUES (7, 0, 'vtiger_potential:potentialname:Potentials_Potential_Name:potentialname:V');
INSERT INTO `vtiger_selectcolumn` VALUES (7, 1, 'vtiger_potential:amount:Potentials_Amount:amount:N');
INSERT INTO `vtiger_selectcolumn` VALUES (7, 2, 'vtiger_potential:potentialtype:Potentials_Type:opportunity_type:V');
INSERT INTO `vtiger_selectcolumn` VALUES (7, 3, 'vtiger_potential:leadsource:Potentials_Lead_Source:leadsource:V');
INSERT INTO `vtiger_selectcolumn` VALUES (7, 4, 'vtiger_potential:sales_stage:Potentials_Sales_Stage:sales_stage:V');
INSERT INTO `vtiger_selectcolumn` VALUES (8, 0, 'vtiger_activity:subject:Calendar_Subject:subject:V');
INSERT INTO `vtiger_selectcolumn` VALUES (8, 1, 'vtiger_contactdetailsCalendar:lastname:Calendar_Contact_Name:contact_id:I');
INSERT INTO `vtiger_selectcolumn` VALUES (8, 2, 'vtiger_activity:status:Calendar_Status:taskstatus:V');
INSERT INTO `vtiger_selectcolumn` VALUES (8, 3, 'vtiger_activity:priority:Calendar_Priority:taskpriority:V');
INSERT INTO `vtiger_selectcolumn` VALUES (8, 4, 'vtiger_usersCalendar:user_name:Calendar_Assigned_To:assigned_user_id:V');
INSERT INTO `vtiger_selectcolumn` VALUES (9, 0, 'vtiger_activity:subject:Calendar_Subject:subject:V');
INSERT INTO `vtiger_selectcolumn` VALUES (9, 1, 'vtiger_contactdetailsCalendar:lastname:Calendar_Contact_Name:contact_id:I');
INSERT INTO `vtiger_selectcolumn` VALUES (9, 2, 'vtiger_activity:status:Calendar_Status:taskstatus:V');
INSERT INTO `vtiger_selectcolumn` VALUES (9, 3, 'vtiger_activity:priority:Calendar_Priority:taskpriority:V');
INSERT INTO `vtiger_selectcolumn` VALUES (9, 4, 'vtiger_usersCalendar:user_name:Calendar_Assigned_To:assigned_user_id:V');
INSERT INTO `vtiger_selectcolumn` VALUES (10, 0, 'vtiger_troubletickets:title:HelpDesk_Title:ticket_title:V');
INSERT INTO `vtiger_selectcolumn` VALUES (10, 1, 'vtiger_troubletickets:status:HelpDesk_Status:ticketstatus:V');
INSERT INTO `vtiger_selectcolumn` VALUES (10, 2, 'vtiger_products:productname:Products_Product_Name:productname:V');
INSERT INTO `vtiger_selectcolumn` VALUES (10, 3, 'vtiger_products:discontinued:Products_Product_Active:discontinued:V');
INSERT INTO `vtiger_selectcolumn` VALUES (10, 4, 'vtiger_products:productcategory:Products_Product_Category:productcategory:V');
INSERT INTO `vtiger_selectcolumn` VALUES (10, 5, 'vtiger_products:manufacturer:Products_Manufacturer:manufacturer:V');
INSERT INTO `vtiger_selectcolumn` VALUES (11, 0, 'vtiger_troubletickets:title:HelpDesk_Title:ticket_title:V');
INSERT INTO `vtiger_selectcolumn` VALUES (11, 1, 'vtiger_troubletickets:priority:HelpDesk_Priority:ticketpriorities:V');
INSERT INTO `vtiger_selectcolumn` VALUES (11, 2, 'vtiger_troubletickets:severity:HelpDesk_Severity:ticketseverities:V');
INSERT INTO `vtiger_selectcolumn` VALUES (11, 3, 'vtiger_troubletickets:status:HelpDesk_Status:ticketstatus:V');
INSERT INTO `vtiger_selectcolumn` VALUES (11, 4, 'vtiger_troubletickets:category:HelpDesk_Category:ticketcategories:V');
INSERT INTO `vtiger_selectcolumn` VALUES (11, 5, 'vtiger_usersHelpDesk:user_name:HelpDesk_Assigned_To:assigned_user_id:V');
INSERT INTO `vtiger_selectcolumn` VALUES (12, 0, 'vtiger_troubletickets:title:HelpDesk_Title:ticket_title:V');
INSERT INTO `vtiger_selectcolumn` VALUES (12, 1, 'vtiger_troubletickets:priority:HelpDesk_Priority:ticketpriorities:V');
INSERT INTO `vtiger_selectcolumn` VALUES (12, 2, 'vtiger_troubletickets:severity:HelpDesk_Severity:ticketseverities:V');
INSERT INTO `vtiger_selectcolumn` VALUES (12, 3, 'vtiger_troubletickets:status:HelpDesk_Status:ticketstatus:V');
INSERT INTO `vtiger_selectcolumn` VALUES (12, 4, 'vtiger_troubletickets:category:HelpDesk_Category:ticketcategories:V');
INSERT INTO `vtiger_selectcolumn` VALUES (12, 5, 'vtiger_usersHelpDesk:user_name:HelpDesk_Assigned_To:assigned_user_id:V');
INSERT INTO `vtiger_selectcolumn` VALUES (13, 0, 'vtiger_products:productname:Products_Product_Name:productname:V');
INSERT INTO `vtiger_selectcolumn` VALUES (13, 1, 'vtiger_products:productcode:Products_Product_Code:productcode:V');
INSERT INTO `vtiger_selectcolumn` VALUES (13, 2, 'vtiger_products:discontinued:Products_Product_Active:discontinued:V');
INSERT INTO `vtiger_selectcolumn` VALUES (13, 3, 'vtiger_products:productcategory:Products_Product_Category:productcategory:V');
INSERT INTO `vtiger_selectcolumn` VALUES (13, 4, 'vtiger_products:website:Products_Website:website:V');
INSERT INTO `vtiger_selectcolumn` VALUES (13, 5, 'vtiger_vendorRelProducts:vendorname:Products_Vendor_Name:vendor_id:I');
INSERT INTO `vtiger_selectcolumn` VALUES (13, 6, 'vtiger_products:mfr_part_no:Products_Mfr_PartNo:mfr_part_no:V');
INSERT INTO `vtiger_selectcolumn` VALUES (14, 0, 'vtiger_products:productname:Products_Product_Name:productname:V');
INSERT INTO `vtiger_selectcolumn` VALUES (14, 1, 'vtiger_products:manufacturer:Products_Manufacturer:manufacturer:V');
INSERT INTO `vtiger_selectcolumn` VALUES (14, 2, 'vtiger_products:productcategory:Products_Product_Category:productcategory:V');
INSERT INTO `vtiger_selectcolumn` VALUES (14, 3, 'vtiger_contactdetails:firstname:Contacts_First_Name:firstname:V');
INSERT INTO `vtiger_selectcolumn` VALUES (14, 4, 'vtiger_contactdetails:lastname:Contacts_Last_Name:lastname:V');
INSERT INTO `vtiger_selectcolumn` VALUES (14, 5, 'vtiger_contactsubdetails:leadsource:Contacts_Lead_Source:leadsource:V');
INSERT INTO `vtiger_selectcolumn` VALUES (15, 0, 'vtiger_quotes:subject:Quotes_Subject:subject:V');
INSERT INTO `vtiger_selectcolumn` VALUES (15, 1, 'vtiger_potentialRelQuotes:potentialname:Quotes_Potential_Name:potential_id:I');
INSERT INTO `vtiger_selectcolumn` VALUES (15, 2, 'vtiger_quotes:quotestage:Quotes_Quote_Stage:quotestage:V');
INSERT INTO `vtiger_selectcolumn` VALUES (15, 3, 'vtiger_quotes:contactid:Quotes_Contact_Name:contact_id:V');
INSERT INTO `vtiger_selectcolumn` VALUES (15, 4, 'vtiger_usersRel1:user_name:Quotes_Inventory_Manager:assigned_user_id1:I');
INSERT INTO `vtiger_selectcolumn` VALUES (15, 5, 'vtiger_accountQuotes:accountname:Quotes_Account_Name:account_id:I');
INSERT INTO `vtiger_selectcolumn` VALUES (16, 0, 'vtiger_quotes:subject:Quotes_Subject:subject:V');
INSERT INTO `vtiger_selectcolumn` VALUES (16, 1, 'vtiger_potentialRelQuotes:potentialname:Quotes_Potential_Name:potential_id:I');
INSERT INTO `vtiger_selectcolumn` VALUES (16, 2, 'vtiger_quotes:quotestage:Quotes_Quote_Stage:quotestage:V');
INSERT INTO `vtiger_selectcolumn` VALUES (16, 3, 'vtiger_quotes:contactid:Quotes_Contact_Name:contact_id:V');
INSERT INTO `vtiger_selectcolumn` VALUES (16, 4, 'vtiger_usersRel1:user_name:Quotes_Inventory_Manager:assigned_user_id1:I');
INSERT INTO `vtiger_selectcolumn` VALUES (16, 5, 'vtiger_accountQuotes:accountname:Quotes_Account_Name:account_id:I');
INSERT INTO `vtiger_selectcolumn` VALUES (16, 6, 'vtiger_quotes:carrier:Quotes_Carrier:carrier:V');
INSERT INTO `vtiger_selectcolumn` VALUES (16, 7, 'vtiger_quotes:shipping:Quotes_Shipping:shipping:V');
INSERT INTO `vtiger_selectcolumn` VALUES (17, 0, 'vtiger_purchaseorder:subject:PurchaseOrder_Subject:subject:V');
INSERT INTO `vtiger_selectcolumn` VALUES (17, 1, 'vtiger_vendorRelPurchaseOrder:vendorname:PurchaseOrder_Vendor_Name:vendor_id:I');
INSERT INTO `vtiger_selectcolumn` VALUES (17, 2, 'vtiger_purchaseorder:tracking_no:PurchaseOrder_Tracking_Number:tracking_no:V');
INSERT INTO `vtiger_selectcolumn` VALUES (17, 3, 'vtiger_contactdetails:firstname:Contacts_First_Name:firstname:V');
INSERT INTO `vtiger_selectcolumn` VALUES (17, 4, 'vtiger_contactdetails:lastname:Contacts_Last_Name:lastname:V');
INSERT INTO `vtiger_selectcolumn` VALUES (17, 5, 'vtiger_contactsubdetails:leadsource:Contacts_Lead_Source:leadsource:V');
INSERT INTO `vtiger_selectcolumn` VALUES (17, 6, 'vtiger_contactdetails:email:Contacts_Email:email:E');
INSERT INTO `vtiger_selectcolumn` VALUES (18, 0, 'vtiger_purchaseorder:subject:PurchaseOrder_Subject:subject:V');
INSERT INTO `vtiger_selectcolumn` VALUES (18, 1, 'vtiger_vendorRelPurchaseOrder:vendorname:PurchaseOrder_Vendor_Name:vendor_id:I');
INSERT INTO `vtiger_selectcolumn` VALUES (18, 2, 'vtiger_purchaseorder:requisition_no:PurchaseOrder_Requisition_No:requisition_no:V');
INSERT INTO `vtiger_selectcolumn` VALUES (18, 3, 'vtiger_purchaseorder:tracking_no:PurchaseOrder_Tracking_Number:tracking_no:V');
INSERT INTO `vtiger_selectcolumn` VALUES (18, 4, 'vtiger_contactdetailsPurchaseOrder:lastname:PurchaseOrder_Contact_Name:contact_id:I');
INSERT INTO `vtiger_selectcolumn` VALUES (18, 5, 'vtiger_purchaseorder:carrier:PurchaseOrder_Carrier:carrier:V');
INSERT INTO `vtiger_selectcolumn` VALUES (18, 6, 'vtiger_purchaseorder:salescommission:PurchaseOrder_Sales_Commission:salescommission:N');
INSERT INTO `vtiger_selectcolumn` VALUES (18, 7, 'vtiger_purchaseorder:exciseduty:PurchaseOrder_Excise_Duty:exciseduty:N');
INSERT INTO `vtiger_selectcolumn` VALUES (18, 8, 'vtiger_usersPurchaseOrder:user_name:PurchaseOrder_Assigned_To:assigned_user_id:V');
INSERT INTO `vtiger_selectcolumn` VALUES (19, 0, 'vtiger_invoice:subject:Invoice_Subject:subject:V');
INSERT INTO `vtiger_selectcolumn` VALUES (19, 1, 'vtiger_invoice:salesorderid:Invoice_Sales_Order:salesorder_id:I');
INSERT INTO `vtiger_selectcolumn` VALUES (19, 2, 'vtiger_invoice:customerno:Invoice_Customer_No:customerno:V');
INSERT INTO `vtiger_selectcolumn` VALUES (19, 3, 'vtiger_invoice:exciseduty:Invoice_Excise_Duty:exciseduty:N');
INSERT INTO `vtiger_selectcolumn` VALUES (19, 4, 'vtiger_invoice:salescommission:Invoice_Sales_Commission:salescommission:N');
INSERT INTO `vtiger_selectcolumn` VALUES (19, 5, 'vtiger_accountInvoice:accountname:Invoice_Account_Name:account_id:I');
INSERT INTO `vtiger_selectcolumn` VALUES (20, 0, 'vtiger_salesorder:subject:SalesOrder_Subject:subject:V');
INSERT INTO `vtiger_selectcolumn` VALUES (20, 1, 'vtiger_quotesSalesOrder:subject:SalesOrder_Quote_Name:quote_id:I');
INSERT INTO `vtiger_selectcolumn` VALUES (20, 2, 'vtiger_contactdetailsSalesOrder:lastname:SalesOrder_Contact_Name:contact_id:I');
INSERT INTO `vtiger_selectcolumn` VALUES (20, 3, 'vtiger_salesorder:duedate:SalesOrder_Due_Date:duedate:D');
INSERT INTO `vtiger_selectcolumn` VALUES (20, 4, 'vtiger_salesorder:carrier:SalesOrder_Carrier:carrier:V');
INSERT INTO `vtiger_selectcolumn` VALUES (20, 5, 'vtiger_salesorder:sostatus:SalesOrder_Status:sostatus:V');
INSERT INTO `vtiger_selectcolumn` VALUES (20, 6, 'vtiger_accountSalesOrder:accountname:SalesOrder_Account_Name:account_id:I');
INSERT INTO `vtiger_selectcolumn` VALUES (20, 7, 'vtiger_salesorder:salescommission:SalesOrder_Sales_Commission:salescommission:N');
INSERT INTO `vtiger_selectcolumn` VALUES (20, 8, 'vtiger_salesorder:exciseduty:SalesOrder_Excise_Duty:exciseduty:N');
INSERT INTO `vtiger_selectcolumn` VALUES (20, 9, 'vtiger_usersSalesOrder:user_name:SalesOrder_Assigned_To:assigned_user_id:V');
INSERT INTO `vtiger_selectcolumn` VALUES (21, 0, 'vtiger_campaign:campaignname:Campaigns_Campaign_Name:campaignname:V');
INSERT INTO `vtiger_selectcolumn` VALUES (21, 1, 'vtiger_campaign:campaigntype:Campaigns_Campaign_Type:campaigntype:V');
INSERT INTO `vtiger_selectcolumn` VALUES (21, 2, 'vtiger_campaign:targetaudience:Campaigns_Target_Audience:targetaudience:V');
INSERT INTO `vtiger_selectcolumn` VALUES (21, 3, 'vtiger_campaign:budgetcost:Campaigns_Budget_Cost:budgetcost:I');
INSERT INTO `vtiger_selectcolumn` VALUES (21, 4, 'vtiger_campaign:actualcost:Campaigns_Actual_Cost:actualcost:I');
INSERT INTO `vtiger_selectcolumn` VALUES (21, 5, 'vtiger_campaign:expectedrevenue:Campaigns_Expected_Revenue:expectedrevenue:I');
INSERT INTO `vtiger_selectcolumn` VALUES (21, 6, 'vtiger_campaign:expectedsalescount:Campaigns_Expected_Sales_Count:expectedsalescount:N');
INSERT INTO `vtiger_selectcolumn` VALUES (21, 7, 'vtiger_campaign:actualsalescount:Campaigns_Actual_Sales_Count:actualsalescount:N');
INSERT INTO `vtiger_selectcolumn` VALUES (21, 8, 'vtiger_usersCampaigns:user_name:Campaigns_Assigned_To:assigned_user_id:V');
INSERT INTO `vtiger_selectcolumn` VALUES (22, 0, 'vtiger_contactdetails:lastname:Contacts_Last_Name:lastname:V');
INSERT INTO `vtiger_selectcolumn` VALUES (22, 1, 'vtiger_contactdetails:email:Contacts_Email:email:E');
INSERT INTO `vtiger_selectcolumn` VALUES (22, 2, 'vtiger_activity:subject:Emails_Subject:subject:V');
INSERT INTO `vtiger_selectcolumn` VALUES (22, 3, 'vtiger_email_track:access_count:Emails_Access_Count:access_count:I');
INSERT INTO `vtiger_selectcolumn` VALUES (23, 0, 'vtiger_account:accountname:Accounts_Account_Name:accountname:V');
INSERT INTO `vtiger_selectcolumn` VALUES (23, 1, 'vtiger_account:phone:Accounts_Phone:phone:V');
INSERT INTO `vtiger_selectcolumn` VALUES (23, 2, 'vtiger_account:email1:Accounts_Email:email1:E');
INSERT INTO `vtiger_selectcolumn` VALUES (23, 3, 'vtiger_activity:subject:Emails_Subject:subject:V');
INSERT INTO `vtiger_selectcolumn` VALUES (23, 4, 'vtiger_email_track:access_count:Emails_Access_Count:access_count:I');
INSERT INTO `vtiger_selectcolumn` VALUES (24, 0, 'vtiger_leaddetails:lastname:Leads_Last_Name:lastname:V');
INSERT INTO `vtiger_selectcolumn` VALUES (24, 1, 'vtiger_leaddetails:company:Leads_Company:company:V');
INSERT INTO `vtiger_selectcolumn` VALUES (24, 2, 'vtiger_leaddetails:email:Leads_Email:email:E');
INSERT INTO `vtiger_selectcolumn` VALUES (24, 3, 'vtiger_activity:subject:Emails_Subject:subject:V');
INSERT INTO `vtiger_selectcolumn` VALUES (24, 4, 'vtiger_email_track:access_count:Emails_Access_Count:access_count:I');
INSERT INTO `vtiger_selectcolumn` VALUES (25, 0, 'vtiger_vendor:vendorname:Vendors_Vendor_Name:vendorname:V');
INSERT INTO `vtiger_selectcolumn` VALUES (25, 1, 'vtiger_vendor:glacct:Vendors_GL_Account:glacct:V');
INSERT INTO `vtiger_selectcolumn` VALUES (25, 2, 'vtiger_vendor:email:Vendors_Email:email:E');
INSERT INTO `vtiger_selectcolumn` VALUES (25, 3, 'vtiger_activity:subject:Emails_Subject:subject:V');
INSERT INTO `vtiger_selectcolumn` VALUES (25, 4, 'vtiger_email_track:access_count:Emails_Access_Count:access_count:I');

-- ----------------------------
-- Table structure for vtiger_selectquery
-- ----------------------------
DROP TABLE IF EXISTS `vtiger_selectquery`;
CREATE TABLE `vtiger_selectquery`  (
  `queryid` int NOT NULL,
  `startindex` int NULL DEFAULT 0,
  `numofobjects` int NULL DEFAULT 0,
  PRIMARY KEY (`queryid`) USING BTREE,
  INDEX `selectquery_queryid_idx`(`queryid` ASC) USING BTREE
) ENGINE = InnoDB CHARACTER SET = utf8mb3 COLLATE = utf8mb3_general_ci ROW_FORMAT = Dynamic;

-- ----------------------------
-- Records of vtiger_selectquery
-- ----------------------------
INSERT INTO `vtiger_selectquery` VALUES (1, 0, 0);
INSERT INTO `vtiger_selectquery` VALUES (2, 0, 0);
INSERT INTO `vtiger_selectquery` VALUES (3, 0, 0);
INSERT INTO `vtiger_selectquery` VALUES (4, 0, 0);
INSERT INTO `vtiger_selectquery` VALUES (5, 0, 0);
INSERT INTO `vtiger_selectquery` VALUES (6, 0, 0);
INSERT INTO `vtiger_selectquery` VALUES (7, 0, 0);
INSERT INTO `vtiger_selectquery` VALUES (8, 0, 0);
INSERT INTO `vtiger_selectquery` VALUES (9, 0, 0);
INSERT INTO `vtiger_selectquery` VALUES (10, 0, 0);
INSERT INTO `vtiger_selectquery` VALUES (11, 0, 0);
INSERT INTO `vtiger_selectquery` VALUES (12, 0, 0);
INSERT INTO `vtiger_selectquery` VALUES (13, 0, 0);
INSERT INTO `vtiger_selectquery` VALUES (14, 0, 0);
INSERT INTO `vtiger_selectquery` VALUES (15, 0, 0);
INSERT INTO `vtiger_selectquery` VALUES (16, 0, 0);
INSERT INTO `vtiger_selectquery` VALUES (17, 0, 0);
INSERT INTO `vtiger_selectquery` VALUES (18, 0, 0);
INSERT INTO `vtiger_selectquery` VALUES (19, 0, 0);
INSERT INTO `vtiger_selectquery` VALUES (20, 0, 0);
INSERT INTO `vtiger_selectquery` VALUES (21, 0, 0);
INSERT INTO `vtiger_selectquery` VALUES (22, 0, 0);
INSERT INTO `vtiger_selectquery` VALUES (23, 0, 0);
INSERT INTO `vtiger_selectquery` VALUES (24, 0, 0);
INSERT INTO `vtiger_selectquery` VALUES (25, 0, 0);

-- ----------------------------
-- Table structure for vtiger_selectquery_seq
-- ----------------------------
DROP TABLE IF EXISTS `vtiger_selectquery_seq`;
CREATE TABLE `vtiger_selectquery_seq`  (
  `id` int NOT NULL
) ENGINE = InnoDB CHARACTER SET = utf8mb4 COLLATE = utf8mb4_0900_ai_ci ROW_FORMAT = Dynamic;

-- ----------------------------
-- Records of vtiger_selectquery_seq
-- ----------------------------
INSERT INTO `vtiger_selectquery_seq` VALUES (25);

-- ----------------------------
-- Table structure for vtiger_senotesrel
-- ----------------------------
DROP TABLE IF EXISTS `vtiger_senotesrel`;
CREATE TABLE `vtiger_senotesrel`  (
  `crmid` int NOT NULL DEFAULT 0,
  `notesid` int NOT NULL DEFAULT 0,
  PRIMARY KEY (`crmid`, `notesid`) USING BTREE,
  INDEX `senotesrel_notesid_idx`(`notesid` ASC) USING BTREE,
  INDEX `senotesrel_crmid_idx`(`crmid` ASC) USING BTREE,
  CONSTRAINT `fk1_crmid` FOREIGN KEY (`crmid`) REFERENCES `vtiger_crmentity` (`crmid`) ON DELETE CASCADE ON UPDATE RESTRICT,
  CONSTRAINT `fk_2_vtiger_senotesrel` FOREIGN KEY (`notesid`) REFERENCES `vtiger_notes` (`notesid`) ON DELETE CASCADE ON UPDATE RESTRICT
) ENGINE = InnoDB CHARACTER SET = utf8mb3 COLLATE = utf8mb3_general_ci ROW_FORMAT = Dynamic;

-- ----------------------------
-- Records of vtiger_senotesrel
-- ----------------------------

-- ----------------------------
-- Table structure for vtiger_seproductsrel
-- ----------------------------
DROP TABLE IF EXISTS `vtiger_seproductsrel`;
CREATE TABLE `vtiger_seproductsrel`  (
  `crmid` int NOT NULL DEFAULT 0,
  `productid` int NOT NULL DEFAULT 0,
  `setype` varchar(30) CHARACTER SET utf8mb3 COLLATE utf8mb3_general_ci NOT NULL,
  `quantity` int NULL DEFAULT 1,
  PRIMARY KEY (`crmid`, `productid`) USING BTREE,
  INDEX `seproductsrel_productid_idx`(`productid` ASC) USING BTREE,
  INDEX `seproductrel_crmid_idx`(`crmid` ASC) USING BTREE,
  CONSTRAINT `fk_2_vtiger_seproductsrel` FOREIGN KEY (`productid`) REFERENCES `vtiger_products` (`productid`) ON DELETE CASCADE ON UPDATE RESTRICT
) ENGINE = InnoDB CHARACTER SET = utf8mb3 COLLATE = utf8mb3_general_ci ROW_FORMAT = Dynamic;

-- ----------------------------
-- Records of vtiger_seproductsrel
-- ----------------------------

-- ----------------------------
-- Table structure for vtiger_service
-- ----------------------------
DROP TABLE IF EXISTS `vtiger_service`;
CREATE TABLE `vtiger_service`  (
  `serviceid` int NOT NULL,
  `service_no` varchar(100) CHARACTER SET utf8mb3 COLLATE utf8mb3_general_ci NOT NULL,
  `servicename` varchar(255) CHARACTER SET utf8mb3 COLLATE utf8mb3_general_ci NULL DEFAULT NULL,
  `servicecategory` varchar(200) CHARACTER SET utf8mb3 COLLATE utf8mb3_general_ci NULL DEFAULT NULL,
  `qty_per_unit` decimal(11, 2) NULL DEFAULT 0.00,
  `unit_price` decimal(25, 8) NULL DEFAULT NULL,
  `sales_start_date` date NULL DEFAULT NULL,
  `sales_end_date` date NULL DEFAULT NULL,
  `start_date` date NULL DEFAULT NULL,
  `expiry_date` date NULL DEFAULT NULL,
  `discontinued` int NOT NULL DEFAULT 0,
  `service_usageunit` varchar(200) CHARACTER SET utf8mb3 COLLATE utf8mb3_general_ci NULL DEFAULT NULL,
  `website` varchar(100) CHARACTER SET utf8mb3 COLLATE utf8mb3_general_ci NULL DEFAULT NULL,
  `taxclass` varchar(200) CHARACTER SET utf8mb3 COLLATE utf8mb3_general_ci NULL DEFAULT NULL,
  `currency_id` int NOT NULL DEFAULT 1,
  `commissionrate` decimal(7, 3) NULL DEFAULT NULL,
  `tags` varchar(1) CHARACTER SET utf8mb3 COLLATE utf8mb3_general_ci NULL DEFAULT NULL,
  `purchase_cost` decimal(27, 8) NULL DEFAULT NULL,
  PRIMARY KEY (`serviceid`) USING BTREE,
  CONSTRAINT `fk_1_vtiger_service` FOREIGN KEY (`serviceid`) REFERENCES `vtiger_crmentity` (`crmid`) ON DELETE CASCADE ON UPDATE RESTRICT
) ENGINE = InnoDB CHARACTER SET = utf8mb3 COLLATE = utf8mb3_general_ci ROW_FORMAT = Dynamic;

-- ----------------------------
-- Records of vtiger_service
-- ----------------------------

-- ----------------------------
-- Table structure for vtiger_service_usageunit
-- ----------------------------
DROP TABLE IF EXISTS `vtiger_service_usageunit`;
CREATE TABLE `vtiger_service_usageunit`  (
  `service_usageunitid` int NOT NULL AUTO_INCREMENT,
  `service_usageunit` varchar(200) CHARACTER SET utf8mb3 COLLATE utf8mb3_general_ci NOT NULL,
  `presence` int NOT NULL DEFAULT 1,
  `picklist_valueid` int NOT NULL DEFAULT 0,
  `sortorderid` int NULL DEFAULT 0,
  `color` varchar(10) CHARACTER SET utf8mb3 COLLATE utf8mb3_general_ci NULL DEFAULT NULL,
  PRIMARY KEY (`service_usageunitid`) USING BTREE
) ENGINE = InnoDB AUTO_INCREMENT = 4 CHARACTER SET = utf8mb3 COLLATE = utf8mb3_general_ci ROW_FORMAT = Dynamic;

-- ----------------------------
-- Records of vtiger_service_usageunit
-- ----------------------------
INSERT INTO `vtiger_service_usageunit` VALUES (1, 'Hours', 1, 226, 1, NULL);
INSERT INTO `vtiger_service_usageunit` VALUES (2, 'Days', 1, 227, 2, NULL);
INSERT INTO `vtiger_service_usageunit` VALUES (3, 'Incidents', 1, 228, 3, NULL);

-- ----------------------------
-- Table structure for vtiger_service_usageunit_seq
-- ----------------------------
DROP TABLE IF EXISTS `vtiger_service_usageunit_seq`;
CREATE TABLE `vtiger_service_usageunit_seq`  (
  `id` int NOT NULL
) ENGINE = InnoDB CHARACTER SET = utf8mb4 COLLATE = utf8mb4_0900_ai_ci ROW_FORMAT = Dynamic;

-- ----------------------------
-- Records of vtiger_service_usageunit_seq
-- ----------------------------
INSERT INTO `vtiger_service_usageunit_seq` VALUES (3);

-- ----------------------------
-- Table structure for vtiger_servicecategory
-- ----------------------------
DROP TABLE IF EXISTS `vtiger_servicecategory`;
CREATE TABLE `vtiger_servicecategory`  (
  `servicecategoryid` int NOT NULL AUTO_INCREMENT,
  `servicecategory` varchar(200) CHARACTER SET utf8mb3 COLLATE utf8mb3_general_ci NOT NULL,
  `presence` int NOT NULL DEFAULT 1,
  `picklist_valueid` int NOT NULL DEFAULT 0,
  `sortorderid` int NULL DEFAULT 0,
  `color` varchar(10) CHARACTER SET utf8mb3 COLLATE utf8mb3_general_ci NULL DEFAULT NULL,
  PRIMARY KEY (`servicecategoryid`) USING BTREE
) ENGINE = InnoDB AUTO_INCREMENT = 7 CHARACTER SET = utf8mb3 COLLATE = utf8mb3_general_ci ROW_FORMAT = Dynamic;

-- ----------------------------
-- Records of vtiger_servicecategory
-- ----------------------------
INSERT INTO `vtiger_servicecategory` VALUES (2, 'Support', 1, 230, 2, NULL);
INSERT INTO `vtiger_servicecategory` VALUES (3, 'Installation', 1, 231, 3, NULL);
INSERT INTO `vtiger_servicecategory` VALUES (4, 'Migration', 1, 232, 4, NULL);
INSERT INTO `vtiger_servicecategory` VALUES (5, 'Customization', 1, 233, 5, NULL);
INSERT INTO `vtiger_servicecategory` VALUES (6, 'Training', 1, 234, 6, NULL);

-- ----------------------------
-- Table structure for vtiger_servicecategory_seq
-- ----------------------------
DROP TABLE IF EXISTS `vtiger_servicecategory_seq`;
CREATE TABLE `vtiger_servicecategory_seq`  (
  `id` int NOT NULL
) ENGINE = InnoDB CHARACTER SET = utf8mb4 COLLATE = utf8mb4_0900_ai_ci ROW_FORMAT = Dynamic;

-- ----------------------------
-- Records of vtiger_servicecategory_seq
-- ----------------------------
INSERT INTO `vtiger_servicecategory_seq` VALUES (6);

-- ----------------------------
-- Table structure for vtiger_servicecf
-- ----------------------------
DROP TABLE IF EXISTS `vtiger_servicecf`;
CREATE TABLE `vtiger_servicecf`  (
  `serviceid` int NOT NULL DEFAULT 0,
  PRIMARY KEY (`serviceid`) USING BTREE,
  CONSTRAINT `fk_serviceid_vtiger_servicecf` FOREIGN KEY (`serviceid`) REFERENCES `vtiger_service` (`serviceid`) ON DELETE CASCADE ON UPDATE RESTRICT
) ENGINE = InnoDB CHARACTER SET = utf8mb3 COLLATE = utf8mb3_general_ci ROW_FORMAT = Dynamic;

-- ----------------------------
-- Records of vtiger_servicecf
-- ----------------------------

-- ----------------------------
-- Table structure for vtiger_servicecontracts
-- ----------------------------
DROP TABLE IF EXISTS `vtiger_servicecontracts`;
CREATE TABLE `vtiger_servicecontracts`  (
  `servicecontractsid` int NULL DEFAULT NULL,
  `start_date` date NULL DEFAULT NULL,
  `end_date` date NULL DEFAULT NULL,
  `sc_related_to` int NULL DEFAULT NULL,
  `tracking_unit` varchar(100) CHARACTER SET utf8mb3 COLLATE utf8mb3_general_ci NULL DEFAULT NULL,
  `total_units` decimal(5, 2) NULL DEFAULT NULL,
  `used_units` decimal(5, 2) NULL DEFAULT NULL,
  `subject` varchar(100) CHARACTER SET utf8mb3 COLLATE utf8mb3_general_ci NULL DEFAULT NULL,
  `due_date` date NULL DEFAULT NULL,
  `planned_duration` varchar(256) CHARACTER SET utf8mb3 COLLATE utf8mb3_general_ci NULL DEFAULT NULL,
  `actual_duration` varchar(256) CHARACTER SET utf8mb3 COLLATE utf8mb3_general_ci NULL DEFAULT NULL,
  `contract_status` varchar(200) CHARACTER SET utf8mb3 COLLATE utf8mb3_general_ci NULL DEFAULT NULL,
  `priority` varchar(200) CHARACTER SET utf8mb3 COLLATE utf8mb3_general_ci NULL DEFAULT NULL,
  `contract_type` varchar(200) CHARACTER SET utf8mb3 COLLATE utf8mb3_general_ci NULL DEFAULT NULL,
  `progress` decimal(5, 2) NULL DEFAULT NULL,
  `contract_no` varchar(100) CHARACTER SET utf8mb3 COLLATE utf8mb3_general_ci NULL DEFAULT NULL,
  `tags` varchar(1) CHARACTER SET utf8mb3 COLLATE utf8mb3_general_ci NULL DEFAULT NULL,
  INDEX `fk_crmid_vtiger_servicecontracts`(`servicecontractsid` ASC) USING BTREE,
  CONSTRAINT `fk_crmid_vtiger_servicecontracts` FOREIGN KEY (`servicecontractsid`) REFERENCES `vtiger_crmentity` (`crmid`) ON DELETE CASCADE ON UPDATE RESTRICT
) ENGINE = InnoDB CHARACTER SET = utf8mb3 COLLATE = utf8mb3_general_ci ROW_FORMAT = Dynamic;

-- ----------------------------
-- Records of vtiger_servicecontracts
-- ----------------------------

-- ----------------------------
-- Table structure for vtiger_servicecontractscf
-- ----------------------------
DROP TABLE IF EXISTS `vtiger_servicecontractscf`;
CREATE TABLE `vtiger_servicecontractscf`  (
  `servicecontractsid` int NOT NULL,
  PRIMARY KEY (`servicecontractsid`) USING BTREE,
  CONSTRAINT `fk_servicecontractsid_vtiger_servicecontractscf` FOREIGN KEY (`servicecontractsid`) REFERENCES `vtiger_servicecontracts` (`servicecontractsid`) ON DELETE CASCADE ON UPDATE RESTRICT
) ENGINE = InnoDB CHARACTER SET = utf8mb3 COLLATE = utf8mb3_general_ci ROW_FORMAT = Dynamic;

-- ----------------------------
-- Records of vtiger_servicecontractscf
-- ----------------------------

-- ----------------------------
-- Table structure for vtiger_seticketsrel
-- ----------------------------
DROP TABLE IF EXISTS `vtiger_seticketsrel`;
CREATE TABLE `vtiger_seticketsrel`  (
  `crmid` int NOT NULL DEFAULT 0,
  `ticketid` int NOT NULL DEFAULT 0,
  PRIMARY KEY (`crmid`, `ticketid`) USING BTREE,
  INDEX `seticketsrel_crmid_idx`(`crmid` ASC) USING BTREE,
  INDEX `seticketsrel_ticketid_idx`(`ticketid` ASC) USING BTREE,
  CONSTRAINT `fk_2_vtiger_seticketsrel` FOREIGN KEY (`ticketid`) REFERENCES `vtiger_troubletickets` (`ticketid`) ON DELETE CASCADE ON UPDATE RESTRICT
) ENGINE = InnoDB CHARACTER SET = utf8mb3 COLLATE = utf8mb3_general_ci ROW_FORMAT = Dynamic;

-- ----------------------------
-- Records of vtiger_seticketsrel
-- ----------------------------

-- ----------------------------
-- Table structure for vtiger_settings_blocks
-- ----------------------------
DROP TABLE IF EXISTS `vtiger_settings_blocks`;
CREATE TABLE `vtiger_settings_blocks`  (
  `blockid` int NOT NULL,
  `label` varchar(250) CHARACTER SET utf8mb3 COLLATE utf8mb3_general_ci NULL DEFAULT NULL,
  `sequence` int NULL DEFAULT NULL,
  PRIMARY KEY (`blockid`) USING BTREE
) ENGINE = InnoDB CHARACTER SET = utf8mb3 COLLATE = utf8mb3_general_ci ROW_FORMAT = Dynamic;

-- ----------------------------
-- Records of vtiger_settings_blocks
-- ----------------------------
INSERT INTO `vtiger_settings_blocks` VALUES (1, 'LBL_USER_MANAGEMENT', 1);
INSERT INTO `vtiger_settings_blocks` VALUES (4, 'LBL_OTHER_SETTINGS', 10);
INSERT INTO `vtiger_settings_blocks` VALUES (5, 'LBL_MODULE_MANAGER', 2);
INSERT INTO `vtiger_settings_blocks` VALUES (6, 'LBL_INTEGRATION', 8);
INSERT INTO `vtiger_settings_blocks` VALUES (7, 'LBL_AUTOMATION', 3);
INSERT INTO `vtiger_settings_blocks` VALUES (8, 'LBL_CONFIGURATION', 4);
INSERT INTO `vtiger_settings_blocks` VALUES (9, 'LBL_MARKETING_SALES', 5);
INSERT INTO `vtiger_settings_blocks` VALUES (10, 'LBL_INVENTORY', 6);
INSERT INTO `vtiger_settings_blocks` VALUES (11, 'LBL_MY_PREFERENCES', 7);
INSERT INTO `vtiger_settings_blocks` VALUES (12, 'LBL_EXTENSIONS', 9);

-- ----------------------------
-- Table structure for vtiger_settings_blocks_seq
-- ----------------------------
DROP TABLE IF EXISTS `vtiger_settings_blocks_seq`;
CREATE TABLE `vtiger_settings_blocks_seq`  (
  `id` int NOT NULL
) ENGINE = InnoDB CHARACTER SET = utf8mb4 COLLATE = utf8mb4_0900_ai_ci ROW_FORMAT = Dynamic;

-- ----------------------------
-- Records of vtiger_settings_blocks_seq
-- ----------------------------
INSERT INTO `vtiger_settings_blocks_seq` VALUES (12);

-- ----------------------------
-- Table structure for vtiger_settings_field
-- ----------------------------
DROP TABLE IF EXISTS `vtiger_settings_field`;
CREATE TABLE `vtiger_settings_field`  (
  `fieldid` int NOT NULL,
  `blockid` int NULL DEFAULT NULL,
  `name` varchar(250) CHARACTER SET utf8mb3 COLLATE utf8mb3_general_ci NULL DEFAULT NULL,
  `iconpath` varchar(300) CHARACTER SET utf8mb3 COLLATE utf8mb3_general_ci NULL DEFAULT NULL,
  `description` text CHARACTER SET utf8mb3 COLLATE utf8mb3_general_ci NULL,
  `linkto` text CHARACTER SET utf8mb3 COLLATE utf8mb3_general_ci NULL,
  `sequence` int NULL DEFAULT NULL,
  `active` int NULL DEFAULT 0,
  `pinned` int NULL DEFAULT 0,
  PRIMARY KEY (`fieldid`) USING BTREE,
  INDEX `fk_1_vtiger_settings_field`(`blockid` ASC) USING BTREE,
  CONSTRAINT `fk_1_vtiger_settings_field` FOREIGN KEY (`blockid`) REFERENCES `vtiger_settings_blocks` (`blockid`) ON DELETE CASCADE ON UPDATE RESTRICT
) ENGINE = InnoDB CHARACTER SET = utf8mb3 COLLATE = utf8mb3_general_ci ROW_FORMAT = Dynamic;

-- ----------------------------
-- Records of vtiger_settings_field
-- ----------------------------
INSERT INTO `vtiger_settings_field` VALUES (1, 1, 'LBL_USERS', 'ico-users.gif', 'LBL_USER_DESCRIPTION', 'index.php?module=Users&parent=Settings&view=List', 1, 0, 1);
INSERT INTO `vtiger_settings_field` VALUES (2, 1, 'LBL_ROLES', 'ico-roles.gif', 'LBL_ROLE_DESCRIPTION', 'index.php?module=Roles&parent=Settings&view=Index', 2, 0, 0);
INSERT INTO `vtiger_settings_field` VALUES (3, 1, 'LBL_PROFILES', 'ico-profile.gif', 'LBL_PROFILE_DESCRIPTION', 'index.php?module=Profiles&parent=Settings&view=List', 3, 0, 0);
INSERT INTO `vtiger_settings_field` VALUES (4, 1, 'USERGROUPLIST', 'ico-groups.gif', 'LBL_GROUP_DESCRIPTION', 'index.php?module=Groups&parent=Settings&view=List', 5, 0, 0);
INSERT INTO `vtiger_settings_field` VALUES (5, 1, 'LBL_SHARING_ACCESS', 'shareaccess.gif', 'LBL_SHARING_ACCESS_DESCRIPTION', 'index.php?module=SharingAccess&parent=Settings&view=Index', 4, 0, 0);
INSERT INTO `vtiger_settings_field` VALUES (7, 1, 'LBL_LOGIN_HISTORY_DETAILS', 'set-IcoLoginHistory.gif', 'LBL_LOGIN_HISTORY_DESCRIPTION', 'index.php?module=LoginHistory&parent=Settings&view=List', 6, 0, 0);
INSERT INTO `vtiger_settings_field` VALUES (8, 5, 'VTLIB_LBL_MODULE_MANAGER', 'vtlib_modmng.gif', 'VTLIB_LBL_MODULE_MANAGER_DESCRIPTION', 'index.php?module=ModuleManager&parent=Settings&view=List', 1, 0, 1);
INSERT INTO `vtiger_settings_field` VALUES (9, 8, 'LBL_PICKLIST_EDITOR', 'picklist.gif', 'LBL_PICKLIST_DESCRIPTION', 'index.php?parent=Settings&module=Picklist&view=Index', 6, 0, 1);
INSERT INTO `vtiger_settings_field` VALUES (10, 8, 'LBL_PICKLIST_DEPENDENCY', 'picklistdependency.gif', 'LBL_PICKLIST_DEPENDENCY_DESCRIPTION', 'index.php?parent=Settings&module=PickListDependency&view=List', 7, 0, 0);
INSERT INTO `vtiger_settings_field` VALUES (11, 8, 'LBL_MENU_EDITOR', 'menueditor.png', 'LBL_MENU_DESC', 'index.php?module=MenuEditor&parent=Settings&view=Index', 8, 0, 0);
INSERT INTO `vtiger_settings_field` VALUES (14, 8, 'LBL_COMPANY_DETAILS', 'company.gif', 'LBL_COMPANY_DESCRIPTION', 'index.php?parent=Settings&module=Vtiger&view=CompanyDetails', 1, 0, 0);
INSERT INTO `vtiger_settings_field` VALUES (15, 8, 'LBL_MAIL_SERVER_SETTINGS', 'ogmailserver.gif', 'LBL_MAIL_SERVER_DESCRIPTION', 'index.php?parent=Settings&module=Vtiger&view=OutgoingServerDetail', 4, 0, 0);
INSERT INTO `vtiger_settings_field` VALUES (16, 8, 'LBL_CURRENCY_SETTINGS', 'currency.gif', 'LBL_CURRENCY_DESCRIPTION', 'index.php?parent=Settings&module=Currency&view=List', 3, 0, 0);
INSERT INTO `vtiger_settings_field` VALUES (17, 10, 'LBL_TAX_SETTINGS', 'taxConfiguration.gif', 'LBL_TAX_DESCRIPTION', 'index.php?module=Vtiger&parent=Settings&view=TaxIndex', 1, 0, 0);
INSERT INTO `vtiger_settings_field` VALUES (18, 4, 'LBL_SYSTEM_INFO', 'system.gif', 'LBL_SYSTEM_DESCRIPTION', 'index.php?module=Settings&submodule=Server&view=ProxyConfig', 6, 1, 0);
INSERT INTO `vtiger_settings_field` VALUES (20, 4, 'LBL_DEFAULT_MODULE_VIEW', 'set-IcoTwoTabConfig.gif', 'LBL_DEFAULT_MODULE_VIEW_DESC', 'index.php?module=Settings&action=DefModuleView&parenttab=Settings', 2, 0, 0);
INSERT INTO `vtiger_settings_field` VALUES (21, 10, 'INVENTORYTERMSANDCONDITIONS', 'terms.gif', 'LBL_INV_TANDC_DESCRIPTION', 'index.php?parent=Settings&module=Vtiger&view=TermsAndConditionsEdit', 2, 0, 0);
INSERT INTO `vtiger_settings_field` VALUES (22, 5, 'LBL_CUSTOMIZE_MODENT_NUMBER', 'settingsInvNumber.gif', 'LBL_CUSTOMIZE_MODENT_NUMBER_DESCRIPTION', 'index.php?module=Vtiger&parent=Settings&view=CustomRecordNumbering', 4, 0, 0);
INSERT INTO `vtiger_settings_field` VALUES (23, 4, 'LBL_MAIL_SCANNER', 'mailScanner.gif', 'LBL_MAIL_SCANNER_DESCRIPTION', 'index.php?parent=Settings&module=MailConverter&view=List', 5, 0, 0);
INSERT INTO `vtiger_settings_field` VALUES (24, 7, 'LBL_LIST_WORKFLOWS', 'settingsWorkflow.png', 'LBL_LIST_WORKFLOWS_DESCRIPTION', 'index.php?module=Workflows&parent=Settings&view=List', 3, 0, 1);
INSERT INTO `vtiger_settings_field` VALUES (25, 8, 'Configuration Editor', 'migrate.gif', 'LBL_CONFIG_EDITOR_DESCRIPTION', 'index.php?module=Vtiger&parent=Settings&view=ConfigEditorDetail', 5, 0, 0);
INSERT INTO `vtiger_settings_field` VALUES (26, 7, 'Scheduler', 'Cron.png', 'Allows you to Configure Cron Task', 'index.php?module=CronTasks&parent=Settings&view=List', 2, 0, 0);
INSERT INTO `vtiger_settings_field` VALUES (28, 4, 'ModTracker', 'set-IcoLoginHistory.gif', 'LBL_MODTRACKER_DESCRIPTION', 'index.php?module=ModTracker&action=BasicSettings&parenttab=Settings&formodule=ModTracker', 9, 0, 0);
INSERT INTO `vtiger_settings_field` VALUES (29, 6, 'LBL_PBXMANAGER', '', 'PBXManager module Configuration', 'index.php?module=PBXManager&parent=Settings&view=Index', 2, 0, 0);
INSERT INTO `vtiger_settings_field` VALUES (30, 8, 'LBL_CUSTOMER_PORTAL', 'portal_icon.png', 'PORTAL_EXTENSION_DESCRIPTION', 'index.php?module=CustomerPortal&parent=Settings&view=Index', 2, 0, 0);
INSERT INTO `vtiger_settings_field` VALUES (31, 7, 'Webforms', 'modules/Webforms/img/Webform.png', 'LBL_WEBFORMS_DESCRIPTION', 'index.php?module=Webforms&parent=Settings&view=List', 1, 0, 0);
INSERT INTO `vtiger_settings_field` VALUES (32, 5, 'LBL_EDIT_FIELDS', '', 'LBL_LAYOUT_EDITOR_DESCRIPTION', 'index.php?module=LayoutEditor&parent=Settings&view=Index', 2, 0, 0);
INSERT INTO `vtiger_settings_field` VALUES (33, 9, 'LBL_LEAD_MAPPING', 'NULL', 'NULL', 'index.php?parent=Settings&module=Leads&view=MappingDetail', 1, 0, 1);
INSERT INTO `vtiger_settings_field` VALUES (34, 9, 'LBL_OPPORTUNITY_MAPPING', 'NULL', 'NULL', 'index.php?parent=Settings&module=Potentials&view=MappingDetail', 2, 0, 1);
INSERT INTO `vtiger_settings_field` VALUES (35, 11, 'My Preferences', 'NULL', 'NULL', 'index.php?module=Users&view=PreferenceDetail&parent=Settings&record=1', 1, 0, 1);
INSERT INTO `vtiger_settings_field` VALUES (36, 11, 'Calendar Settings', 'NULL', 'NULL', 'index.php?module=Users&parent=Settings&view=Calendar&record=1', 2, 0, 1);
INSERT INTO `vtiger_settings_field` VALUES (37, 11, 'LBL_MY_TAGS', 'NULL', 'NULL', 'index.php?module=Tags&parent=Settings&view=List&record=1', 3, 0, 1);
INSERT INTO `vtiger_settings_field` VALUES (38, 12, 'LBL_EXTENSION_STORE', 'NULL', 'NULL', 'index.php?module=ExtensionStore&parent=Settings&view=ExtensionStore', 1, 0, 1);
INSERT INTO `vtiger_settings_field` VALUES (39, 12, 'LBL_GOOGLE', 'NULL', 'NULL', 'index.php?module=Contacts&parent=Settings&view=Extension&extensionModule=Google&extensionView=Index&mode=settings', 2, 0, 1);

-- ----------------------------
-- Table structure for vtiger_settings_field_seq
-- ----------------------------
DROP TABLE IF EXISTS `vtiger_settings_field_seq`;
CREATE TABLE `vtiger_settings_field_seq`  (
  `id` int NOT NULL
) ENGINE = InnoDB CHARACTER SET = utf8mb4 COLLATE = utf8mb4_0900_ai_ci ROW_FORMAT = Dynamic;

-- ----------------------------
-- Records of vtiger_settings_field_seq
-- ----------------------------
INSERT INTO `vtiger_settings_field_seq` VALUES (39);

-- ----------------------------
-- Table structure for vtiger_sharedcalendar
-- ----------------------------
DROP TABLE IF EXISTS `vtiger_sharedcalendar`;
CREATE TABLE `vtiger_sharedcalendar`  (
  `userid` int NOT NULL,
  `sharedid` int NOT NULL,
  PRIMARY KEY (`userid`, `sharedid`) USING BTREE
) ENGINE = InnoDB CHARACTER SET = utf8mb3 COLLATE = utf8mb3_general_ci ROW_FORMAT = Dynamic;

-- ----------------------------
-- Records of vtiger_sharedcalendar
-- ----------------------------

-- ----------------------------
-- Table structure for vtiger_shareduserinfo
-- ----------------------------
DROP TABLE IF EXISTS `vtiger_shareduserinfo`;
CREATE TABLE `vtiger_shareduserinfo`  (
  `userid` int NOT NULL DEFAULT 0,
  `shareduserid` int NOT NULL DEFAULT 0,
  `color` varchar(50) CHARACTER SET utf8mb3 COLLATE utf8mb3_general_ci NULL DEFAULT NULL,
  `visible` int NULL DEFAULT 1
) ENGINE = InnoDB CHARACTER SET = utf8mb3 COLLATE = utf8mb3_general_ci ROW_FORMAT = Dynamic;

-- ----------------------------
-- Records of vtiger_shareduserinfo
-- ----------------------------

-- ----------------------------
-- Table structure for vtiger_shippingtaxinfo
-- ----------------------------
DROP TABLE IF EXISTS `vtiger_shippingtaxinfo`;
CREATE TABLE `vtiger_shippingtaxinfo`  (
  `taxid` int NOT NULL,
  `taxname` varchar(50) CHARACTER SET utf8mb3 COLLATE utf8mb3_general_ci NULL DEFAULT NULL,
  `taxlabel` varchar(50) CHARACTER SET utf8mb3 COLLATE utf8mb3_general_ci NULL DEFAULT NULL,
  `percentage` decimal(7, 3) NULL DEFAULT NULL,
  `deleted` int NULL DEFAULT NULL,
  `method` varchar(10) CHARACTER SET utf8mb3 COLLATE utf8mb3_general_ci NULL DEFAULT NULL,
  `type` varchar(10) CHARACTER SET utf8mb3 COLLATE utf8mb3_general_ci NULL DEFAULT NULL,
  `compoundon` varchar(400) CHARACTER SET utf8mb3 COLLATE utf8mb3_general_ci NULL DEFAULT NULL,
  `regions` text CHARACTER SET utf8mb3 COLLATE utf8mb3_general_ci NULL,
  PRIMARY KEY (`taxid`) USING BTREE,
  INDEX `shippingtaxinfo_taxname_idx`(`taxname` ASC) USING BTREE
) ENGINE = InnoDB CHARACTER SET = utf8mb3 COLLATE = utf8mb3_general_ci ROW_FORMAT = Dynamic;

-- ----------------------------
-- Records of vtiger_shippingtaxinfo
-- ----------------------------
INSERT INTO `vtiger_shippingtaxinfo` VALUES (1, 'shtax1', 'VAT', 4.500, 0, 'Simple', 'Fixed', '[]', '[]');
INSERT INTO `vtiger_shippingtaxinfo` VALUES (2, 'shtax2', 'Sales', 10.000, 0, 'Simple', 'Fixed', '[]', '[]');
INSERT INTO `vtiger_shippingtaxinfo` VALUES (3, 'shtax3', 'Service', 12.500, 0, 'Simple', 'Fixed', '[]', '[]');

-- ----------------------------
-- Table structure for vtiger_shippingtaxinfo_seq
-- ----------------------------
DROP TABLE IF EXISTS `vtiger_shippingtaxinfo_seq`;
CREATE TABLE `vtiger_shippingtaxinfo_seq`  (
  `id` int NOT NULL
) ENGINE = InnoDB CHARACTER SET = utf8mb4 COLLATE = utf8mb4_0900_ai_ci ROW_FORMAT = Dynamic;

-- ----------------------------
-- Records of vtiger_shippingtaxinfo_seq
-- ----------------------------
INSERT INTO `vtiger_shippingtaxinfo_seq` VALUES (3);

-- ----------------------------
-- Table structure for vtiger_shorturls
-- ----------------------------
DROP TABLE IF EXISTS `vtiger_shorturls`;
CREATE TABLE `vtiger_shorturls`  (
  `id` int NOT NULL AUTO_INCREMENT,
  `uid` varchar(50) CHARACTER SET utf8mb3 COLLATE utf8mb3_general_ci NULL DEFAULT NULL,
  `handler_path` varchar(400) CHARACTER SET utf8mb3 COLLATE utf8mb3_general_ci NULL DEFAULT NULL,
  `handler_class` varchar(100) CHARACTER SET utf8mb3 COLLATE utf8mb3_general_ci NULL DEFAULT NULL,
  `handler_function` varchar(100) CHARACTER SET utf8mb3 COLLATE utf8mb3_general_ci NULL DEFAULT NULL,
  `handler_data` text CHARACTER SET utf8mb3 COLLATE utf8mb3_general_ci NULL,
  `onetime` int NULL DEFAULT NULL,
  PRIMARY KEY (`id`) USING BTREE,
  INDEX `uid`(`uid` ASC) USING BTREE
) ENGINE = InnoDB CHARACTER SET = utf8mb3 COLLATE = utf8mb3_general_ci ROW_FORMAT = Dynamic;

-- ----------------------------
-- Records of vtiger_shorturls
-- ----------------------------

-- ----------------------------
-- Table structure for vtiger_smsnotifier
-- ----------------------------
DROP TABLE IF EXISTS `vtiger_smsnotifier`;
CREATE TABLE `vtiger_smsnotifier`  (
  `smsnotifierid` int NOT NULL,
  `message` text CHARACTER SET utf8mb3 COLLATE utf8mb3_general_ci NULL,
  `status` varchar(100) CHARACTER SET utf8mb3 COLLATE utf8mb3_general_ci NULL DEFAULT NULL,
  PRIMARY KEY (`smsnotifierid`) USING BTREE,
  CONSTRAINT `fk_crmid_vtiger_smsnotifier` FOREIGN KEY (`smsnotifierid`) REFERENCES `vtiger_crmentity` (`crmid`) ON DELETE CASCADE ON UPDATE RESTRICT
) ENGINE = InnoDB CHARACTER SET = utf8mb3 COLLATE = utf8mb3_general_ci ROW_FORMAT = Dynamic;

-- ----------------------------
-- Records of vtiger_smsnotifier
-- ----------------------------

-- ----------------------------
-- Table structure for vtiger_smsnotifier_servers
-- ----------------------------
DROP TABLE IF EXISTS `vtiger_smsnotifier_servers`;
CREATE TABLE `vtiger_smsnotifier_servers`  (
  `id` int NOT NULL AUTO_INCREMENT,
  `password` varchar(255) CHARACTER SET utf8mb3 COLLATE utf8mb3_general_ci NULL DEFAULT NULL,
  `isactive` int NULL DEFAULT NULL,
  `providertype` varchar(50) CHARACTER SET utf8mb3 COLLATE utf8mb3_general_ci NULL DEFAULT NULL,
  `username` varchar(255) CHARACTER SET utf8mb3 COLLATE utf8mb3_general_ci NULL DEFAULT NULL,
  `parameters` text CHARACTER SET utf8mb3 COLLATE utf8mb3_general_ci NULL,
  PRIMARY KEY (`id`) USING BTREE
) ENGINE = InnoDB CHARACTER SET = utf8mb3 COLLATE = utf8mb3_general_ci ROW_FORMAT = Dynamic;

-- ----------------------------
-- Records of vtiger_smsnotifier_servers
-- ----------------------------

-- ----------------------------
-- Table structure for vtiger_smsnotifier_status
-- ----------------------------
DROP TABLE IF EXISTS `vtiger_smsnotifier_status`;
CREATE TABLE `vtiger_smsnotifier_status`  (
  `smsnotifierid` int NULL DEFAULT NULL,
  `tonumber` varchar(20) CHARACTER SET utf8mb3 COLLATE utf8mb3_general_ci NULL DEFAULT NULL,
  `status` varchar(10) CHARACTER SET utf8mb3 COLLATE utf8mb3_general_ci NULL DEFAULT NULL,
  `smsmessageid` varchar(50) CHARACTER SET utf8mb3 COLLATE utf8mb3_general_ci NULL DEFAULT NULL,
  `needlookup` int NULL DEFAULT 1,
  `statusid` int NOT NULL AUTO_INCREMENT,
  `statusmessage` varchar(100) CHARACTER SET utf8mb3 COLLATE utf8mb3_general_ci NULL DEFAULT NULL,
  PRIMARY KEY (`statusid`) USING BTREE
) ENGINE = InnoDB CHARACTER SET = utf8mb3 COLLATE = utf8mb3_general_ci ROW_FORMAT = Dynamic;

-- ----------------------------
-- Records of vtiger_smsnotifier_status
-- ----------------------------

-- ----------------------------
-- Table structure for vtiger_smsnotifiercf
-- ----------------------------
DROP TABLE IF EXISTS `vtiger_smsnotifiercf`;
CREATE TABLE `vtiger_smsnotifiercf`  (
  `smsnotifierid` int NOT NULL,
  PRIMARY KEY (`smsnotifierid`) USING BTREE,
  CONSTRAINT `fk_smsnotifierid_vtiger_smsnotifiercf` FOREIGN KEY (`smsnotifierid`) REFERENCES `vtiger_smsnotifier` (`smsnotifierid`) ON DELETE CASCADE ON UPDATE RESTRICT
) ENGINE = InnoDB CHARACTER SET = utf8mb3 COLLATE = utf8mb3_general_ci ROW_FORMAT = Dynamic;

-- ----------------------------
-- Records of vtiger_smsnotifiercf
-- ----------------------------

-- ----------------------------
-- Table structure for vtiger_soapservice
-- ----------------------------
DROP TABLE IF EXISTS `vtiger_soapservice`;
CREATE TABLE `vtiger_soapservice`  (
  `id` int NULL DEFAULT NULL,
  `type` varchar(25) CHARACTER SET utf8mb3 COLLATE utf8mb3_general_ci NULL DEFAULT NULL,
  `sessionid` varchar(100) CHARACTER SET utf8mb3 COLLATE utf8mb3_general_ci NULL DEFAULT NULL
) ENGINE = InnoDB CHARACTER SET = utf8mb3 COLLATE = utf8mb3_general_ci ROW_FORMAT = Dynamic;

-- ----------------------------
-- Records of vtiger_soapservice
-- ----------------------------

-- ----------------------------
-- Table structure for vtiger_sobillads
-- ----------------------------
DROP TABLE IF EXISTS `vtiger_sobillads`;
CREATE TABLE `vtiger_sobillads`  (
  `sobilladdressid` int NOT NULL DEFAULT 0,
  `bill_city` varchar(30) CHARACTER SET utf8mb3 COLLATE utf8mb3_general_ci NULL DEFAULT NULL,
  `bill_code` varchar(30) CHARACTER SET utf8mb3 COLLATE utf8mb3_general_ci NULL DEFAULT NULL,
  `bill_country` varchar(30) CHARACTER SET utf8mb3 COLLATE utf8mb3_general_ci NULL DEFAULT NULL,
  `bill_state` varchar(30) CHARACTER SET utf8mb3 COLLATE utf8mb3_general_ci NULL DEFAULT NULL,
  `bill_street` varchar(250) CHARACTER SET utf8mb3 COLLATE utf8mb3_general_ci NULL DEFAULT NULL,
  `bill_pobox` varchar(30) CHARACTER SET utf8mb3 COLLATE utf8mb3_general_ci NULL DEFAULT NULL,
  PRIMARY KEY (`sobilladdressid`) USING BTREE,
  CONSTRAINT `fk_1_vtiger_sobillads` FOREIGN KEY (`sobilladdressid`) REFERENCES `vtiger_salesorder` (`salesorderid`) ON DELETE CASCADE ON UPDATE RESTRICT
) ENGINE = InnoDB CHARACTER SET = utf8mb3 COLLATE = utf8mb3_general_ci ROW_FORMAT = Dynamic;

-- ----------------------------
-- Records of vtiger_sobillads
-- ----------------------------

-- ----------------------------
-- Table structure for vtiger_soshipads
-- ----------------------------
DROP TABLE IF EXISTS `vtiger_soshipads`;
CREATE TABLE `vtiger_soshipads`  (
  `soshipaddressid` int NOT NULL DEFAULT 0,
  `ship_city` varchar(30) CHARACTER SET utf8mb3 COLLATE utf8mb3_general_ci NULL DEFAULT NULL,
  `ship_code` varchar(30) CHARACTER SET utf8mb3 COLLATE utf8mb3_general_ci NULL DEFAULT NULL,
  `ship_country` varchar(30) CHARACTER SET utf8mb3 COLLATE utf8mb3_general_ci NULL DEFAULT NULL,
  `ship_state` varchar(30) CHARACTER SET utf8mb3 COLLATE utf8mb3_general_ci NULL DEFAULT NULL,
  `ship_street` varchar(250) CHARACTER SET utf8mb3 COLLATE utf8mb3_general_ci NULL DEFAULT NULL,
  `ship_pobox` varchar(30) CHARACTER SET utf8mb3 COLLATE utf8mb3_general_ci NULL DEFAULT NULL,
  PRIMARY KEY (`soshipaddressid`) USING BTREE,
  CONSTRAINT `fk_1_vtiger_soshipads` FOREIGN KEY (`soshipaddressid`) REFERENCES `vtiger_salesorder` (`salesorderid`) ON DELETE CASCADE ON UPDATE RESTRICT
) ENGINE = InnoDB CHARACTER SET = utf8mb3 COLLATE = utf8mb3_general_ci ROW_FORMAT = Dynamic;

-- ----------------------------
-- Records of vtiger_soshipads
-- ----------------------------

-- ----------------------------
-- Table structure for vtiger_sostatus
-- ----------------------------
DROP TABLE IF EXISTS `vtiger_sostatus`;
CREATE TABLE `vtiger_sostatus`  (
  `sostatusid` int NOT NULL AUTO_INCREMENT,
  `sostatus` varchar(200) CHARACTER SET utf8mb3 COLLATE utf8mb3_general_ci NOT NULL,
  `presence` int NOT NULL DEFAULT 1,
  `picklist_valueid` int NOT NULL DEFAULT 0,
  `sortorderid` int NULL DEFAULT NULL,
  `color` varchar(10) CHARACTER SET utf8mb3 COLLATE utf8mb3_general_ci NULL DEFAULT NULL,
  PRIMARY KEY (`sostatusid`) USING BTREE,
  UNIQUE INDEX `sostatus_sostatus_idx`(`sostatus` ASC) USING BTREE
) ENGINE = InnoDB AUTO_INCREMENT = 5 CHARACTER SET = utf8mb3 COLLATE = utf8mb3_general_ci ROW_FORMAT = Dynamic;

-- ----------------------------
-- Records of vtiger_sostatus
-- ----------------------------
INSERT INTO `vtiger_sostatus` VALUES (1, 'Created', 0, 166, 0, NULL);
INSERT INTO `vtiger_sostatus` VALUES (2, 'Approved', 0, 167, 1, NULL);
INSERT INTO `vtiger_sostatus` VALUES (3, 'Delivered', 0, 168, 2, NULL);
INSERT INTO `vtiger_sostatus` VALUES (4, 'Cancelled', 0, 169, 3, NULL);

-- ----------------------------
-- Table structure for vtiger_sostatus_seq
-- ----------------------------
DROP TABLE IF EXISTS `vtiger_sostatus_seq`;
CREATE TABLE `vtiger_sostatus_seq`  (
  `id` int NOT NULL
) ENGINE = InnoDB CHARACTER SET = utf8mb4 COLLATE = utf8mb4_0900_ai_ci ROW_FORMAT = Dynamic;

-- ----------------------------
-- Records of vtiger_sostatus_seq
-- ----------------------------
INSERT INTO `vtiger_sostatus_seq` VALUES (4);

-- ----------------------------
-- Table structure for vtiger_sostatushistory
-- ----------------------------
DROP TABLE IF EXISTS `vtiger_sostatushistory`;
CREATE TABLE `vtiger_sostatushistory`  (
  `historyid` int NOT NULL AUTO_INCREMENT,
  `salesorderid` int NOT NULL,
  `accountname` varchar(100) CHARACTER SET utf8mb3 COLLATE utf8mb3_general_ci NULL DEFAULT NULL,
  `total` decimal(10, 0) NULL DEFAULT NULL,
  `sostatus` varchar(200) CHARACTER SET utf8mb3 COLLATE utf8mb3_general_ci NULL DEFAULT NULL,
  `lastmodified` datetime NULL DEFAULT NULL,
  PRIMARY KEY (`historyid`) USING BTREE,
  INDEX `sostatushistory_salesorderid_idx`(`salesorderid` ASC) USING BTREE,
  CONSTRAINT `fk_1_vtiger_sostatushistory` FOREIGN KEY (`salesorderid`) REFERENCES `vtiger_salesorder` (`salesorderid`) ON DELETE CASCADE ON UPDATE RESTRICT
) ENGINE = InnoDB AUTO_INCREMENT = 1 CHARACTER SET = utf8mb3 COLLATE = utf8mb3_general_ci ROW_FORMAT = Dynamic;

-- ----------------------------
-- Records of vtiger_sostatushistory
-- ----------------------------

-- ----------------------------
-- Table structure for vtiger_sqltimelog
-- ----------------------------
DROP TABLE IF EXISTS `vtiger_sqltimelog`;
CREATE TABLE `vtiger_sqltimelog`  (
  `id` int NULL DEFAULT NULL,
  `type` varchar(10) CHARACTER SET utf8mb4 COLLATE utf8mb4_0900_ai_ci NULL DEFAULT NULL,
  `data` text CHARACTER SET utf8mb4 COLLATE utf8mb4_0900_ai_ci NULL,
  `started` decimal(20, 6) NULL DEFAULT NULL,
  `ended` decimal(20, 6) NULL DEFAULT NULL,
  `loggedon` datetime NULL DEFAULT NULL
) ENGINE = InnoDB CHARACTER SET = utf8mb4 COLLATE = utf8mb4_0900_ai_ci ROW_FORMAT = Dynamic;

-- ----------------------------
-- Records of vtiger_sqltimelog
-- ----------------------------

-- ----------------------------
-- Table structure for vtiger_start_hour
-- ----------------------------
DROP TABLE IF EXISTS `vtiger_start_hour`;
CREATE TABLE `vtiger_start_hour`  (
  `start_hourid` int NOT NULL AUTO_INCREMENT,
  `start_hour` varchar(200) CHARACTER SET utf8mb3 COLLATE utf8mb3_general_ci NOT NULL,
  `sortorderid` int NULL DEFAULT NULL,
  `presence` int NOT NULL DEFAULT 1,
  PRIMARY KEY (`start_hourid`) USING BTREE
) ENGINE = InnoDB AUTO_INCREMENT = 25 CHARACTER SET = utf8mb3 COLLATE = utf8mb3_general_ci ROW_FORMAT = Dynamic;

-- ----------------------------
-- Records of vtiger_start_hour
-- ----------------------------
INSERT INTO `vtiger_start_hour` VALUES (1, '00:00', 0, 1);
INSERT INTO `vtiger_start_hour` VALUES (2, '01:00', 1, 1);
INSERT INTO `vtiger_start_hour` VALUES (3, '02:00', 2, 1);
INSERT INTO `vtiger_start_hour` VALUES (4, '03:00', 3, 1);
INSERT INTO `vtiger_start_hour` VALUES (5, '04:00', 4, 1);
INSERT INTO `vtiger_start_hour` VALUES (6, '05:00', 5, 1);
INSERT INTO `vtiger_start_hour` VALUES (7, '06:00', 6, 1);
INSERT INTO `vtiger_start_hour` VALUES (8, '07:00', 7, 1);
INSERT INTO `vtiger_start_hour` VALUES (9, '08:00', 8, 1);
INSERT INTO `vtiger_start_hour` VALUES (10, '09:00', 9, 1);
INSERT INTO `vtiger_start_hour` VALUES (11, '10:00', 10, 1);
INSERT INTO `vtiger_start_hour` VALUES (12, '11:00', 11, 1);
INSERT INTO `vtiger_start_hour` VALUES (13, '12:00', 12, 1);
INSERT INTO `vtiger_start_hour` VALUES (14, '13:00', 13, 1);
INSERT INTO `vtiger_start_hour` VALUES (15, '14:00', 14, 1);
INSERT INTO `vtiger_start_hour` VALUES (16, '15:00', 15, 1);
INSERT INTO `vtiger_start_hour` VALUES (17, '16:00', 16, 1);
INSERT INTO `vtiger_start_hour` VALUES (18, '17:00', 17, 1);
INSERT INTO `vtiger_start_hour` VALUES (19, '18:00', 18, 1);
INSERT INTO `vtiger_start_hour` VALUES (20, '19:00', 19, 1);
INSERT INTO `vtiger_start_hour` VALUES (21, '20:00', 20, 1);
INSERT INTO `vtiger_start_hour` VALUES (22, '21:00', 21, 1);
INSERT INTO `vtiger_start_hour` VALUES (23, '22:00', 22, 1);
INSERT INTO `vtiger_start_hour` VALUES (24, '23:00', 23, 1);

-- ----------------------------
-- Table structure for vtiger_start_hour_seq
-- ----------------------------
DROP TABLE IF EXISTS `vtiger_start_hour_seq`;
CREATE TABLE `vtiger_start_hour_seq`  (
  `id` int NOT NULL
) ENGINE = InnoDB CHARACTER SET = utf8mb4 COLLATE = utf8mb4_0900_ai_ci ROW_FORMAT = Dynamic;

-- ----------------------------
-- Records of vtiger_start_hour_seq
-- ----------------------------
INSERT INTO `vtiger_start_hour_seq` VALUES (24);

-- ----------------------------
-- Table structure for vtiger_status
-- ----------------------------
DROP TABLE IF EXISTS `vtiger_status`;
CREATE TABLE `vtiger_status`  (
  `statusid` int NOT NULL AUTO_INCREMENT,
  `status` varchar(200) CHARACTER SET utf8mb3 COLLATE utf8mb3_general_ci NOT NULL,
  `presence` int NOT NULL DEFAULT 1,
  `picklist_valueid` int NOT NULL DEFAULT 0,
  PRIMARY KEY (`statusid`) USING BTREE
) ENGINE = InnoDB AUTO_INCREMENT = 3 CHARACTER SET = utf8mb3 COLLATE = utf8mb3_general_ci ROW_FORMAT = Dynamic;

-- ----------------------------
-- Records of vtiger_status
-- ----------------------------
INSERT INTO `vtiger_status` VALUES (1, 'Active', 0, 1);
INSERT INTO `vtiger_status` VALUES (2, 'Inactive', 1, 1);

-- ----------------------------
-- Table structure for vtiger_status_seq
-- ----------------------------
DROP TABLE IF EXISTS `vtiger_status_seq`;
CREATE TABLE `vtiger_status_seq`  (
  `id` int NOT NULL
) ENGINE = InnoDB CHARACTER SET = utf8mb4 COLLATE = utf8mb4_0900_ai_ci ROW_FORMAT = Dynamic;

-- ----------------------------
-- Records of vtiger_status_seq
-- ----------------------------
INSERT INTO `vtiger_status_seq` VALUES (2);

-- ----------------------------
-- Table structure for vtiger_systems
-- ----------------------------
DROP TABLE IF EXISTS `vtiger_systems`;
CREATE TABLE `vtiger_systems`  (
  `id` int NOT NULL,
  `server` varchar(100) CHARACTER SET utf8mb3 COLLATE utf8mb3_general_ci NULL DEFAULT NULL,
  `server_port` int NULL DEFAULT NULL,
  `server_username` varchar(100) CHARACTER SET utf8mb3 COLLATE utf8mb3_general_ci NULL DEFAULT NULL,
  `server_password` text CHARACTER SET utf8mb3 COLLATE utf8mb3_general_ci NULL,
  `server_type` varchar(20) CHARACTER SET utf8mb3 COLLATE utf8mb3_general_ci NULL DEFAULT NULL,
  `smtp_auth` varchar(5) CHARACTER SET utf8mb3 COLLATE utf8mb3_general_ci NULL DEFAULT NULL,
  `server_path` varchar(256) CHARACTER SET utf8mb3 COLLATE utf8mb3_general_ci NULL DEFAULT NULL,
  `from_email_field` varchar(50) CHARACTER SET utf8mb3 COLLATE utf8mb3_general_ci NULL DEFAULT NULL,
  PRIMARY KEY (`id`) USING BTREE
) ENGINE = InnoDB CHARACTER SET = utf8mb3 COLLATE = utf8mb3_general_ci ROW_FORMAT = Dynamic;

-- ----------------------------
-- Records of vtiger_systems
-- ----------------------------

-- ----------------------------
-- Table structure for vtiger_tab
-- ----------------------------
DROP TABLE IF EXISTS `vtiger_tab`;
CREATE TABLE `vtiger_tab`  (
  `tabid` int NOT NULL DEFAULT 0,
  `name` varchar(25) CHARACTER SET utf8mb3 COLLATE utf8mb3_general_ci NOT NULL,
  `presence` int NOT NULL DEFAULT 1,
  `tabsequence` int NULL DEFAULT NULL,
  `tablabel` varchar(100) CHARACTER SET utf8mb3 COLLATE utf8mb3_general_ci NULL DEFAULT NULL,
  `modifiedby` int NULL DEFAULT NULL,
  `modifiedtime` int NULL DEFAULT NULL,
  `customized` int NULL DEFAULT NULL,
  `ownedby` int NULL DEFAULT NULL,
  `isentitytype` int NOT NULL DEFAULT 1,
  `trial` int NOT NULL DEFAULT 0,
  `version` varchar(10) CHARACTER SET utf8mb3 COLLATE utf8mb3_general_ci NULL DEFAULT NULL,
  `parent` varchar(30) CHARACTER SET utf8mb3 COLLATE utf8mb3_general_ci NULL DEFAULT NULL,
  `source` varchar(255) CHARACTER SET utf8mb3 COLLATE utf8mb3_general_ci NULL DEFAULT 'custom',
  `issyncable` tinyint(1) NULL DEFAULT 0,
  `allowduplicates` tinyint(1) NULL DEFAULT 1,
  `sync_action_for_duplicates` int NULL DEFAULT 1,
  PRIMARY KEY (`tabid`) USING BTREE,
  UNIQUE INDEX `tab_name_idx`(`name` ASC) USING BTREE,
  INDEX `tab_modifiedby_idx`(`modifiedby` ASC) USING BTREE,
  INDEX `tab_tabid_idx`(`tabid` ASC) USING BTREE
) ENGINE = InnoDB CHARACTER SET = utf8mb3 COLLATE = utf8mb3_general_ci ROW_FORMAT = Dynamic;

-- ----------------------------
-- Records of vtiger_tab
-- ----------------------------
INSERT INTO `vtiger_tab` VALUES (1, 'Dashboard', 0, 12, 'Dashboards', NULL, NULL, 0, 1, 0, 0, NULL, 'Analytics', NULL, 1, 1, 1);
INSERT INTO `vtiger_tab` VALUES (2, 'Potentials', 0, 7, 'Potentials', NULL, NULL, 0, 0, 1, 0, NULL, 'Sales', NULL, 1, 1, 1);
INSERT INTO `vtiger_tab` VALUES (3, 'Home', 0, 1, 'Home', NULL, NULL, 0, 1, 0, 0, NULL, NULL, NULL, 1, 1, 1);
INSERT INTO `vtiger_tab` VALUES (4, 'Contacts', 0, 6, 'Contacts', NULL, NULL, 0, 0, 1, 0, NULL, 'Sales', NULL, 1, 1, 1);
INSERT INTO `vtiger_tab` VALUES (6, 'Accounts', 0, 5, 'Accounts', NULL, NULL, 0, 0, 1, 0, NULL, 'Sales', NULL, 1, 0, 1);
INSERT INTO `vtiger_tab` VALUES (7, 'Leads', 0, 4, 'Leads', NULL, NULL, 0, 0, 1, 0, NULL, 'Sales', NULL, 1, 1, 1);
INSERT INTO `vtiger_tab` VALUES (8, 'Documents', 0, 9, 'Documents', NULL, NULL, 0, 0, 1, 0, NULL, 'Tools', NULL, 1, 1, 1);
INSERT INTO `vtiger_tab` VALUES (9, 'Calendar', 0, 3, 'Calendar', NULL, NULL, 0, 0, 1, 0, NULL, 'Tools', NULL, 1, 1, 1);
INSERT INTO `vtiger_tab` VALUES (10, 'Emails', 0, 10, 'Emails', NULL, NULL, 0, 0, 1, 0, NULL, 'Tools', NULL, 1, 1, 1);
INSERT INTO `vtiger_tab` VALUES (13, 'HelpDesk', 0, 11, 'HelpDesk', NULL, NULL, 0, 0, 1, 0, NULL, 'Support', NULL, 1, 1, 1);
INSERT INTO `vtiger_tab` VALUES (14, 'Products', 0, 8, 'Products', NULL, NULL, 0, 0, 1, 0, NULL, 'Inventory', NULL, 1, 1, 1);
INSERT INTO `vtiger_tab` VALUES (15, 'Faq', 0, -1, 'Faq', NULL, NULL, 0, 1, 1, 0, NULL, 'Support', NULL, 1, 1, 1);
INSERT INTO `vtiger_tab` VALUES (16, 'Events', 2, -1, 'Events', NULL, NULL, 0, 0, 1, 0, NULL, NULL, NULL, 1, 1, 1);
INSERT INTO `vtiger_tab` VALUES (18, 'Vendors', 0, -1, 'Vendors', NULL, NULL, 0, 0, 1, 0, NULL, 'Inventory', NULL, 1, 1, 1);
INSERT INTO `vtiger_tab` VALUES (19, 'PriceBooks', 0, -1, 'PriceBooks', NULL, NULL, 0, 1, 1, 0, NULL, 'Inventory', NULL, 1, 1, 1);
INSERT INTO `vtiger_tab` VALUES (20, 'Quotes', 0, -1, 'Quotes', NULL, NULL, 0, 0, 1, 0, NULL, 'Sales', NULL, 1, 1, 1);
INSERT INTO `vtiger_tab` VALUES (21, 'PurchaseOrder', 0, -1, 'PurchaseOrder', NULL, NULL, 0, 0, 1, 0, NULL, 'Inventory', NULL, 1, 1, 1);
INSERT INTO `vtiger_tab` VALUES (22, 'SalesOrder', 0, -1, 'SalesOrder', NULL, NULL, 0, 0, 1, 0, NULL, 'Sales', NULL, 1, 1, 1);
INSERT INTO `vtiger_tab` VALUES (23, 'Invoice', 0, -1, 'Invoice', NULL, NULL, 0, 0, 1, 0, NULL, 'Sales', NULL, 1, 1, 1);
INSERT INTO `vtiger_tab` VALUES (24, 'Rss', 0, -1, 'Rss', NULL, NULL, 0, 1, 0, 0, NULL, 'Tools', NULL, 1, 1, 1);
INSERT INTO `vtiger_tab` VALUES (25, 'Reports', 0, -1, 'Reports', NULL, NULL, 0, 1, 0, 0, NULL, 'Analytics', NULL, 1, 1, 1);
INSERT INTO `vtiger_tab` VALUES (26, 'Campaigns', 0, -1, 'Campaigns', NULL, NULL, 0, 0, 1, 0, NULL, 'Marketing', NULL, 1, 1, 1);
INSERT INTO `vtiger_tab` VALUES (27, 'Portal', 0, -1, 'Portal', NULL, NULL, 0, 1, 0, 0, NULL, 'Tools', NULL, 1, 1, 1);
INSERT INTO `vtiger_tab` VALUES (28, 'Webmails', 0, -1, 'Webmails', NULL, NULL, 0, 1, 1, 0, NULL, NULL, NULL, 1, 1, 1);
INSERT INTO `vtiger_tab` VALUES (29, 'Users', 0, -1, 'Users', NULL, NULL, 0, 1, 0, 0, NULL, NULL, NULL, 1, 1, 1);
INSERT INTO `vtiger_tab` VALUES (30, 'Import', 0, -1, 'Import', NULL, NULL, 1, 0, 0, 0, '1.7', '', NULL, 1, 1, 1);
INSERT INTO `vtiger_tab` VALUES (31, 'MailManager', 0, -1, 'MailManager', NULL, NULL, 1, 0, 0, 0, '1.9', 'Tools', NULL, 1, 1, 1);
INSERT INTO `vtiger_tab` VALUES (32, 'Mobile', 0, -1, 'Mobile', NULL, NULL, 1, 0, 0, 0, '2.0', '', NULL, 1, 1, 1);
INSERT INTO `vtiger_tab` VALUES (33, 'ModTracker', 0, -1, 'ModTracker', NULL, NULL, 0, 0, 0, 0, '1.2', '', NULL, 1, 1, 1);
INSERT INTO `vtiger_tab` VALUES (34, 'PBXManager', 0, -1, 'PBXManager', NULL, NULL, 1, 0, 1, 0, '2.2', 'Tools', NULL, 1, 1, 1);
INSERT INTO `vtiger_tab` VALUES (35, 'ServiceContracts', 0, -1, 'Service Contracts', NULL, NULL, 0, 0, 1, 0, '2.4', 'Support', NULL, 1, 1, 1);
INSERT INTO `vtiger_tab` VALUES (36, 'Services', 0, -1, 'Services', NULL, NULL, 0, 0, 1, 0, '2.7', 'Inventory', NULL, 1, 1, 1);
INSERT INTO `vtiger_tab` VALUES (37, 'WSAPP', 0, -1, 'WSAPP', NULL, NULL, 1, 0, 0, 0, '3.4.4', '', NULL, 1, 1, 1);
INSERT INTO `vtiger_tab` VALUES (38, 'Assets', 0, -1, 'Assets', NULL, NULL, 0, 0, 1, 0, '2.0', 'Inventory', NULL, 1, 1, 1);
INSERT INTO `vtiger_tab` VALUES (39, 'CustomerPortal', 0, -1, 'CustomerPortal', NULL, NULL, 0, 0, 0, 0, '1.4', '', NULL, 1, 1, 1);
INSERT INTO `vtiger_tab` VALUES (40, 'EmailTemplates', 0, -1, 'Email Templates', NULL, NULL, 1, 0, 0, 0, '1.0', 'Tools', NULL, 1, 1, 1);
INSERT INTO `vtiger_tab` VALUES (41, 'Google', 0, -1, 'Google', NULL, NULL, 0, 0, 0, 0, '1.5', '', NULL, 1, 1, 1);
INSERT INTO `vtiger_tab` VALUES (42, 'ModComments', 0, -1, 'Comments', NULL, NULL, 0, 0, 1, 0, '2.1', '', NULL, 1, 1, 1);
INSERT INTO `vtiger_tab` VALUES (43, 'ProjectMilestone', 0, -1, 'ProjectMilestone', NULL, NULL, 0, 0, 1, 0, '3.0', 'Support', NULL, 1, 1, 1);
INSERT INTO `vtiger_tab` VALUES (44, 'ProjectTask', 0, -1, 'ProjectTask', NULL, NULL, 0, 0, 1, 0, '3.1', 'Support', NULL, 1, 1, 1);
INSERT INTO `vtiger_tab` VALUES (45, 'Project', 0, -1, 'Project', NULL, NULL, 0, 0, 1, 0, '3.3', 'Support', NULL, 1, 1, 1);
INSERT INTO `vtiger_tab` VALUES (46, 'RecycleBin', 0, -1, 'Recycle Bin', NULL, NULL, 0, 0, 0, 0, '1.5', 'Tools', NULL, 1, 1, 1);
INSERT INTO `vtiger_tab` VALUES (47, 'SMSNotifier', 0, -1, 'SMSNotifier', NULL, NULL, 0, 0, 1, 0, '2.1', 'Sales', NULL, 1, 1, 1);
INSERT INTO `vtiger_tab` VALUES (48, 'Webforms', 0, -1, 'Webforms', NULL, NULL, 0, 0, 0, 0, '1.6', '', NULL, 1, 1, 1);
INSERT INTO `vtiger_tab` VALUES (49, 'ExtensionStore', 0, -1, 'Extension Store', NULL, NULL, 1, 0, 0, 0, '1.2', NULL, NULL, 1, 1, 1);
INSERT INTO `vtiger_tab` VALUES (50, 'Warehouses', 0, -1, 'Warehouses', NULL, NULL, 1, 0, 1, 0, '1.1', 'INVENTORY', 'custom', 0, 1, 1);

-- ----------------------------
-- Table structure for vtiger_tab_info
-- ----------------------------
DROP TABLE IF EXISTS `vtiger_tab_info`;
CREATE TABLE `vtiger_tab_info`  (
  `tabid` int NULL DEFAULT NULL,
  `prefname` varchar(256) CHARACTER SET utf8mb3 COLLATE utf8mb3_general_ci NULL DEFAULT NULL,
  `prefvalue` varchar(256) CHARACTER SET utf8mb3 COLLATE utf8mb3_general_ci NULL DEFAULT NULL,
  INDEX `fk_1_vtiger_tab_info`(`tabid` ASC) USING BTREE,
  CONSTRAINT `fk_1_vtiger_tab_info` FOREIGN KEY (`tabid`) REFERENCES `vtiger_tab` (`tabid`) ON DELETE CASCADE ON UPDATE CASCADE
) ENGINE = InnoDB CHARACTER SET = utf8mb3 COLLATE = utf8mb3_general_ci ROW_FORMAT = Dynamic;

-- ----------------------------
-- Records of vtiger_tab_info
-- ----------------------------
INSERT INTO `vtiger_tab_info` VALUES (30, 'vtiger_min_version', '6.0.0rc');
INSERT INTO `vtiger_tab_info` VALUES (30, 'vtiger_max_version', '8.*');
INSERT INTO `vtiger_tab_info` VALUES (31, 'vtiger_min_version', '6.0.0RC');
INSERT INTO `vtiger_tab_info` VALUES (32, 'vtiger_min_version', '6.0.0rc');
INSERT INTO `vtiger_tab_info` VALUES (33, 'vtiger_min_version', '6.0.0rc');
INSERT INTO `vtiger_tab_info` VALUES (34, 'vtiger_min_version', '6.0.0');
INSERT INTO `vtiger_tab_info` VALUES (34, 'vtiger_max_version', '8.*');
INSERT INTO `vtiger_tab_info` VALUES (35, 'vtiger_min_version', '6.0.0rc');
INSERT INTO `vtiger_tab_info` VALUES (36, 'vtiger_min_version', '6.0.0rc');
INSERT INTO `vtiger_tab_info` VALUES (36, 'vtiger_max_version', '8.*');
INSERT INTO `vtiger_tab_info` VALUES (37, 'vtiger_min_version', '6.0.0rc');
INSERT INTO `vtiger_tab_info` VALUES (38, 'vtiger_min_version', '6.0.0rc');
INSERT INTO `vtiger_tab_info` VALUES (38, 'vtiger_max_version', '8.*');
INSERT INTO `vtiger_tab_info` VALUES (39, 'vtiger_min_version', '6.0.0rc');
INSERT INTO `vtiger_tab_info` VALUES (39, 'vtiger_max_version', '8.*');
INSERT INTO `vtiger_tab_info` VALUES (40, 'vtiger_min_version', '6.0.0rc');
INSERT INTO `vtiger_tab_info` VALUES (40, 'vtiger_max_version', '8.*');
INSERT INTO `vtiger_tab_info` VALUES (41, 'vtiger_min_version', '6.0.0rc');
INSERT INTO `vtiger_tab_info` VALUES (41, 'vtiger_max_version', '8.*');
INSERT INTO `vtiger_tab_info` VALUES (42, 'vtiger_min_version', '6.0.0rc');
INSERT INTO `vtiger_tab_info` VALUES (42, 'vtiger_max_version', '8.*');
INSERT INTO `vtiger_tab_info` VALUES (43, 'vtiger_min_version', '6.0.0rc');
INSERT INTO `vtiger_tab_info` VALUES (43, 'vtiger_max_version', '8.*');
INSERT INTO `vtiger_tab_info` VALUES (44, 'vtiger_min_version', '6.0.0rc');
INSERT INTO `vtiger_tab_info` VALUES (45, 'vtiger_min_version', '6.0.0rc');
INSERT INTO `vtiger_tab_info` VALUES (46, 'vtiger_min_version', '6.0.0rc');
INSERT INTO `vtiger_tab_info` VALUES (46, 'vtiger_max_version', '8.*');
INSERT INTO `vtiger_tab_info` VALUES (47, 'vtiger_min_version', '6.0.0');
INSERT INTO `vtiger_tab_info` VALUES (47, 'vtiger_max_version', '8.*');
INSERT INTO `vtiger_tab_info` VALUES (48, 'vtiger_min_version', '6.0.0rc');
INSERT INTO `vtiger_tab_info` VALUES (48, 'vtiger_max_version', '8.*');
INSERT INTO `vtiger_tab_info` VALUES (49, 'vtiger_min_version', '6.0.0');
INSERT INTO `vtiger_tab_info` VALUES (49, 'vtiger_max_version', '8.*');
INSERT INTO `vtiger_tab_info` VALUES (50, 'vtiger_min_version', '7.0.0');
INSERT INTO `vtiger_tab_info` VALUES (50, 'vtiger_max_version', '7.*');

-- ----------------------------
-- Table structure for vtiger_taskpriority
-- ----------------------------
DROP TABLE IF EXISTS `vtiger_taskpriority`;
CREATE TABLE `vtiger_taskpriority`  (
  `taskpriorityid` int NOT NULL AUTO_INCREMENT,
  `taskpriority` varchar(200) CHARACTER SET utf8mb3 COLLATE utf8mb3_general_ci NULL DEFAULT NULL,
  `presence` int NOT NULL DEFAULT 1,
  `picklist_valueid` int NOT NULL DEFAULT 0,
  `sortorderid` int NULL DEFAULT NULL,
  `color` varchar(10) CHARACTER SET utf8mb3 COLLATE utf8mb3_general_ci NULL DEFAULT NULL,
  PRIMARY KEY (`taskpriorityid`) USING BTREE
) ENGINE = InnoDB AUTO_INCREMENT = 4 CHARACTER SET = utf8mb3 COLLATE = utf8mb3_general_ci ROW_FORMAT = Dynamic;

-- ----------------------------
-- Records of vtiger_taskpriority
-- ----------------------------
INSERT INTO `vtiger_taskpriority` VALUES (1, 'High', 1, 170, 0, NULL);
INSERT INTO `vtiger_taskpriority` VALUES (2, 'Medium', 1, 171, 1, NULL);
INSERT INTO `vtiger_taskpriority` VALUES (3, 'Low', 1, 172, 2, NULL);

-- ----------------------------
-- Table structure for vtiger_taskpriority_seq
-- ----------------------------
DROP TABLE IF EXISTS `vtiger_taskpriority_seq`;
CREATE TABLE `vtiger_taskpriority_seq`  (
  `id` int NOT NULL
) ENGINE = InnoDB CHARACTER SET = utf8mb4 COLLATE = utf8mb4_0900_ai_ci ROW_FORMAT = Dynamic;

-- ----------------------------
-- Records of vtiger_taskpriority_seq
-- ----------------------------
INSERT INTO `vtiger_taskpriority_seq` VALUES (3);

-- ----------------------------
-- Table structure for vtiger_taskstatus
-- ----------------------------
DROP TABLE IF EXISTS `vtiger_taskstatus`;
CREATE TABLE `vtiger_taskstatus`  (
  `taskstatusid` int NOT NULL AUTO_INCREMENT,
  `taskstatus` varchar(200) CHARACTER SET utf8mb3 COLLATE utf8mb3_general_ci NULL DEFAULT NULL,
  `presence` int NOT NULL DEFAULT 1,
  `picklist_valueid` int NOT NULL DEFAULT 0,
  `sortorderid` int NULL DEFAULT NULL,
  `color` varchar(10) CHARACTER SET utf8mb3 COLLATE utf8mb3_general_ci NULL DEFAULT NULL,
  PRIMARY KEY (`taskstatusid`) USING BTREE
) ENGINE = InnoDB AUTO_INCREMENT = 7 CHARACTER SET = utf8mb3 COLLATE = utf8mb3_general_ci ROW_FORMAT = Dynamic;

-- ----------------------------
-- Records of vtiger_taskstatus
-- ----------------------------
INSERT INTO `vtiger_taskstatus` VALUES (1, 'Not Started', 0, 173, 0, NULL);
INSERT INTO `vtiger_taskstatus` VALUES (2, 'In Progress', 0, 174, 1, NULL);
INSERT INTO `vtiger_taskstatus` VALUES (3, 'Completed', 0, 175, 2, NULL);
INSERT INTO `vtiger_taskstatus` VALUES (4, 'Pending Input', 0, 176, 3, NULL);
INSERT INTO `vtiger_taskstatus` VALUES (5, 'Deferred', 0, 177, 4, NULL);
INSERT INTO `vtiger_taskstatus` VALUES (6, 'Planned', 0, 178, 5, NULL);

-- ----------------------------
-- Table structure for vtiger_taskstatus_seq
-- ----------------------------
DROP TABLE IF EXISTS `vtiger_taskstatus_seq`;
CREATE TABLE `vtiger_taskstatus_seq`  (
  `id` int NOT NULL
) ENGINE = InnoDB CHARACTER SET = utf8mb4 COLLATE = utf8mb4_0900_ai_ci ROW_FORMAT = Dynamic;

-- ----------------------------
-- Records of vtiger_taskstatus_seq
-- ----------------------------
INSERT INTO `vtiger_taskstatus_seq` VALUES (6);

-- ----------------------------
-- Table structure for vtiger_taxclass
-- ----------------------------
DROP TABLE IF EXISTS `vtiger_taxclass`;
CREATE TABLE `vtiger_taxclass`  (
  `taxclassid` int NOT NULL AUTO_INCREMENT,
  `taxclass` varchar(200) CHARACTER SET utf8mb3 COLLATE utf8mb3_general_ci NOT NULL,
  `sortorderid` int NOT NULL DEFAULT 0,
  `presence` int NOT NULL DEFAULT 1,
  PRIMARY KEY (`taxclassid`) USING BTREE,
  UNIQUE INDEX `taxclass_carrier_idx`(`taxclass` ASC) USING BTREE
) ENGINE = InnoDB AUTO_INCREMENT = 3 CHARACTER SET = utf8mb3 COLLATE = utf8mb3_general_ci ROW_FORMAT = Dynamic;

-- ----------------------------
-- Records of vtiger_taxclass
-- ----------------------------
INSERT INTO `vtiger_taxclass` VALUES (1, 'SalesTax', 0, 1);
INSERT INTO `vtiger_taxclass` VALUES (2, 'Vat', 1, 1);

-- ----------------------------
-- Table structure for vtiger_taxclass_seq
-- ----------------------------
DROP TABLE IF EXISTS `vtiger_taxclass_seq`;
CREATE TABLE `vtiger_taxclass_seq`  (
  `id` int NOT NULL
) ENGINE = InnoDB CHARACTER SET = utf8mb4 COLLATE = utf8mb4_0900_ai_ci ROW_FORMAT = Dynamic;

-- ----------------------------
-- Records of vtiger_taxclass_seq
-- ----------------------------
INSERT INTO `vtiger_taxclass_seq` VALUES (2);

-- ----------------------------
-- Table structure for vtiger_taxregions
-- ----------------------------
DROP TABLE IF EXISTS `vtiger_taxregions`;
CREATE TABLE `vtiger_taxregions`  (
  `regionid` int NOT NULL AUTO_INCREMENT,
  `name` varchar(100) CHARACTER SET utf8mb4 COLLATE utf8mb4_0900_ai_ci NOT NULL,
  PRIMARY KEY (`regionid`) USING BTREE
) ENGINE = InnoDB CHARACTER SET = utf8mb4 COLLATE = utf8mb4_0900_ai_ci ROW_FORMAT = Dynamic;

-- ----------------------------
-- Records of vtiger_taxregions
-- ----------------------------

-- ----------------------------
-- Table structure for vtiger_ticketcategories
-- ----------------------------
DROP TABLE IF EXISTS `vtiger_ticketcategories`;
CREATE TABLE `vtiger_ticketcategories`  (
  `ticketcategories_id` int NOT NULL AUTO_INCREMENT,
  `ticketcategories` varchar(200) CHARACTER SET utf8mb3 COLLATE utf8mb3_general_ci NULL DEFAULT NULL,
  `presence` int NOT NULL DEFAULT 0,
  `picklist_valueid` int NOT NULL DEFAULT 0,
  `sortorderid` int NULL DEFAULT NULL,
  `color` varchar(10) CHARACTER SET utf8mb3 COLLATE utf8mb3_general_ci NULL DEFAULT NULL,
  PRIMARY KEY (`ticketcategories_id`) USING BTREE
) ENGINE = InnoDB AUTO_INCREMENT = 4 CHARACTER SET = utf8mb3 COLLATE = utf8mb3_general_ci ROW_FORMAT = Dynamic;

-- ----------------------------
-- Records of vtiger_ticketcategories
-- ----------------------------
INSERT INTO `vtiger_ticketcategories` VALUES (1, 'Big Problem', 1, 179, 0, NULL);
INSERT INTO `vtiger_ticketcategories` VALUES (2, 'Small Problem', 1, 180, 1, NULL);
INSERT INTO `vtiger_ticketcategories` VALUES (3, 'Other Problem', 1, 181, 2, NULL);

-- ----------------------------
-- Table structure for vtiger_ticketcategories_seq
-- ----------------------------
DROP TABLE IF EXISTS `vtiger_ticketcategories_seq`;
CREATE TABLE `vtiger_ticketcategories_seq`  (
  `id` int NOT NULL
) ENGINE = InnoDB CHARACTER SET = utf8mb4 COLLATE = utf8mb4_0900_ai_ci ROW_FORMAT = Dynamic;

-- ----------------------------
-- Records of vtiger_ticketcategories_seq
-- ----------------------------
INSERT INTO `vtiger_ticketcategories_seq` VALUES (3);

-- ----------------------------
-- Table structure for vtiger_ticketcf
-- ----------------------------
DROP TABLE IF EXISTS `vtiger_ticketcf`;
CREATE TABLE `vtiger_ticketcf`  (
  `ticketid` int NOT NULL DEFAULT 0,
  `from_portal` varchar(3) CHARACTER SET utf8mb3 COLLATE utf8mb3_general_ci NULL DEFAULT NULL,
  PRIMARY KEY (`ticketid`) USING BTREE,
  CONSTRAINT `fk_1_vtiger_ticketcf` FOREIGN KEY (`ticketid`) REFERENCES `vtiger_troubletickets` (`ticketid`) ON DELETE CASCADE ON UPDATE RESTRICT
) ENGINE = InnoDB CHARACTER SET = utf8mb3 COLLATE = utf8mb3_general_ci ROW_FORMAT = Dynamic;

-- ----------------------------
-- Records of vtiger_ticketcf
-- ----------------------------

-- ----------------------------
-- Table structure for vtiger_ticketcomments
-- ----------------------------
DROP TABLE IF EXISTS `vtiger_ticketcomments`;
CREATE TABLE `vtiger_ticketcomments`  (
  `commentid` int NOT NULL AUTO_INCREMENT,
  `ticketid` int NULL DEFAULT NULL,
  `comments` text CHARACTER SET utf8mb3 COLLATE utf8mb3_general_ci NULL,
  `ownerid` int NOT NULL DEFAULT 0,
  `ownertype` varchar(10) CHARACTER SET utf8mb3 COLLATE utf8mb3_general_ci NULL DEFAULT NULL,
  `createdtime` datetime NOT NULL,
  PRIMARY KEY (`commentid`) USING BTREE,
  INDEX `ticketcomments_ticketid_idx`(`ticketid` ASC) USING BTREE,
  CONSTRAINT `fk_1_vtiger_ticketcomments` FOREIGN KEY (`ticketid`) REFERENCES `vtiger_troubletickets` (`ticketid`) ON DELETE CASCADE ON UPDATE RESTRICT
) ENGINE = InnoDB AUTO_INCREMENT = 1 CHARACTER SET = utf8mb3 COLLATE = utf8mb3_general_ci ROW_FORMAT = Dynamic;

-- ----------------------------
-- Records of vtiger_ticketcomments
-- ----------------------------

-- ----------------------------
-- Table structure for vtiger_ticketpriorities
-- ----------------------------
DROP TABLE IF EXISTS `vtiger_ticketpriorities`;
CREATE TABLE `vtiger_ticketpriorities`  (
  `ticketpriorities_id` int NOT NULL AUTO_INCREMENT,
  `ticketpriorities` varchar(200) CHARACTER SET utf8mb3 COLLATE utf8mb3_general_ci NULL DEFAULT NULL,
  `presence` int NOT NULL DEFAULT 0,
  `picklist_valueid` int NOT NULL DEFAULT 0,
  `sortorderid` int NULL DEFAULT NULL,
  `color` varchar(10) CHARACTER SET utf8mb3 COLLATE utf8mb3_general_ci NULL DEFAULT NULL,
  PRIMARY KEY (`ticketpriorities_id`) USING BTREE
) ENGINE = InnoDB AUTO_INCREMENT = 5 CHARACTER SET = utf8mb3 COLLATE = utf8mb3_general_ci ROW_FORMAT = Dynamic;

-- ----------------------------
-- Records of vtiger_ticketpriorities
-- ----------------------------
INSERT INTO `vtiger_ticketpriorities` VALUES (1, 'Low', 1, 182, 0, NULL);
INSERT INTO `vtiger_ticketpriorities` VALUES (2, 'Normal', 1, 183, 1, NULL);
INSERT INTO `vtiger_ticketpriorities` VALUES (3, 'High', 1, 184, 2, NULL);
INSERT INTO `vtiger_ticketpriorities` VALUES (4, 'Urgent', 1, 185, 3, NULL);

-- ----------------------------
-- Table structure for vtiger_ticketpriorities_seq
-- ----------------------------
DROP TABLE IF EXISTS `vtiger_ticketpriorities_seq`;
CREATE TABLE `vtiger_ticketpriorities_seq`  (
  `id` int NOT NULL
) ENGINE = InnoDB CHARACTER SET = utf8mb4 COLLATE = utf8mb4_0900_ai_ci ROW_FORMAT = Dynamic;

-- ----------------------------
-- Records of vtiger_ticketpriorities_seq
-- ----------------------------
INSERT INTO `vtiger_ticketpriorities_seq` VALUES (4);

-- ----------------------------
-- Table structure for vtiger_ticketseverities
-- ----------------------------
DROP TABLE IF EXISTS `vtiger_ticketseverities`;
CREATE TABLE `vtiger_ticketseverities`  (
  `ticketseverities_id` int NOT NULL AUTO_INCREMENT,
  `ticketseverities` varchar(200) CHARACTER SET utf8mb3 COLLATE utf8mb3_general_ci NULL DEFAULT NULL,
  `presence` int NOT NULL DEFAULT 0,
  `picklist_valueid` int NOT NULL DEFAULT 0,
  `sortorderid` int NULL DEFAULT NULL,
  `color` varchar(10) CHARACTER SET utf8mb3 COLLATE utf8mb3_general_ci NULL DEFAULT NULL,
  PRIMARY KEY (`ticketseverities_id`) USING BTREE
) ENGINE = InnoDB AUTO_INCREMENT = 5 CHARACTER SET = utf8mb3 COLLATE = utf8mb3_general_ci ROW_FORMAT = Dynamic;

-- ----------------------------
-- Records of vtiger_ticketseverities
-- ----------------------------
INSERT INTO `vtiger_ticketseverities` VALUES (1, 'Minor', 1, 186, 0, NULL);
INSERT INTO `vtiger_ticketseverities` VALUES (2, 'Major', 1, 187, 1, NULL);
INSERT INTO `vtiger_ticketseverities` VALUES (3, 'Feature', 1, 188, 2, NULL);
INSERT INTO `vtiger_ticketseverities` VALUES (4, 'Critical', 1, 189, 3, NULL);

-- ----------------------------
-- Table structure for vtiger_ticketseverities_seq
-- ----------------------------
DROP TABLE IF EXISTS `vtiger_ticketseverities_seq`;
CREATE TABLE `vtiger_ticketseverities_seq`  (
  `id` int NOT NULL
) ENGINE = InnoDB CHARACTER SET = utf8mb4 COLLATE = utf8mb4_0900_ai_ci ROW_FORMAT = Dynamic;

-- ----------------------------
-- Records of vtiger_ticketseverities_seq
-- ----------------------------
INSERT INTO `vtiger_ticketseverities_seq` VALUES (4);

-- ----------------------------
-- Table structure for vtiger_ticketstatus
-- ----------------------------
DROP TABLE IF EXISTS `vtiger_ticketstatus`;
CREATE TABLE `vtiger_ticketstatus`  (
  `ticketstatus_id` int NOT NULL AUTO_INCREMENT,
  `ticketstatus` varchar(200) CHARACTER SET utf8mb3 COLLATE utf8mb3_general_ci NULL DEFAULT NULL,
  `presence` int NOT NULL DEFAULT 0,
  `picklist_valueid` int NOT NULL DEFAULT 0,
  `sortorderid` int NULL DEFAULT NULL,
  `color` varchar(10) CHARACTER SET utf8mb3 COLLATE utf8mb3_general_ci NULL DEFAULT NULL,
  PRIMARY KEY (`ticketstatus_id`) USING BTREE
) ENGINE = InnoDB AUTO_INCREMENT = 5 CHARACTER SET = utf8mb3 COLLATE = utf8mb3_general_ci ROW_FORMAT = Dynamic;

-- ----------------------------
-- Records of vtiger_ticketstatus
-- ----------------------------
INSERT INTO `vtiger_ticketstatus` VALUES (1, 'Open', 0, 190, 0, NULL);
INSERT INTO `vtiger_ticketstatus` VALUES (2, 'In Progress', 0, 191, 1, NULL);
INSERT INTO `vtiger_ticketstatus` VALUES (3, 'Wait For Response', 0, 192, 2, NULL);
INSERT INTO `vtiger_ticketstatus` VALUES (4, 'Closed', 0, 193, 3, NULL);

-- ----------------------------
-- Table structure for vtiger_ticketstatus_seq
-- ----------------------------
DROP TABLE IF EXISTS `vtiger_ticketstatus_seq`;
CREATE TABLE `vtiger_ticketstatus_seq`  (
  `id` int NOT NULL
) ENGINE = InnoDB CHARACTER SET = utf8mb4 COLLATE = utf8mb4_0900_ai_ci ROW_FORMAT = Dynamic;

-- ----------------------------
-- Records of vtiger_ticketstatus_seq
-- ----------------------------
INSERT INTO `vtiger_ticketstatus_seq` VALUES (4);

-- ----------------------------
-- Table structure for vtiger_time_zone
-- ----------------------------
DROP TABLE IF EXISTS `vtiger_time_zone`;
CREATE TABLE `vtiger_time_zone`  (
  `time_zoneid` int NOT NULL AUTO_INCREMENT,
  `time_zone` varchar(200) CHARACTER SET utf8mb3 COLLATE utf8mb3_general_ci NOT NULL,
  `sortorderid` int NOT NULL DEFAULT 0,
  `presence` int NOT NULL DEFAULT 1,
  PRIMARY KEY (`time_zoneid`) USING BTREE
) ENGINE = InnoDB AUTO_INCREMENT = 98 CHARACTER SET = utf8mb3 COLLATE = utf8mb3_general_ci ROW_FORMAT = Dynamic;

-- ----------------------------
-- Records of vtiger_time_zone
-- ----------------------------
INSERT INTO `vtiger_time_zone` VALUES (1, 'Pacific/Midway', 1, 1);
INSERT INTO `vtiger_time_zone` VALUES (2, 'Pacific/Samoa', 0, 1);
INSERT INTO `vtiger_time_zone` VALUES (3, 'Pacific/Honolulu', 2, 1);
INSERT INTO `vtiger_time_zone` VALUES (4, 'America/Anchorage', 3, 1);
INSERT INTO `vtiger_time_zone` VALUES (5, 'America/Los_Angeles', 5, 1);
INSERT INTO `vtiger_time_zone` VALUES (6, 'America/Tijuana', 4, 1);
INSERT INTO `vtiger_time_zone` VALUES (7, 'America/Denver', 6, 1);
INSERT INTO `vtiger_time_zone` VALUES (8, 'America/Chihuahua', 8, 1);
INSERT INTO `vtiger_time_zone` VALUES (9, 'America/Mazatlan', 7, 1);
INSERT INTO `vtiger_time_zone` VALUES (10, 'America/Phoenix', 9, 1);
INSERT INTO `vtiger_time_zone` VALUES (11, 'America/Regina', 10, 1);
INSERT INTO `vtiger_time_zone` VALUES (12, 'America/Tegucigalpa', 14, 1);
INSERT INTO `vtiger_time_zone` VALUES (13, 'America/Chicago', 13, 1);
INSERT INTO `vtiger_time_zone` VALUES (14, 'America/Mexico_City', 12, 1);
INSERT INTO `vtiger_time_zone` VALUES (15, 'America/Monterrey', 11, 1);
INSERT INTO `vtiger_time_zone` VALUES (16, 'America/New_York', 18, 1);
INSERT INTO `vtiger_time_zone` VALUES (17, 'America/Bogota', 19, 1);
INSERT INTO `vtiger_time_zone` VALUES (18, 'America/Lima', 16, 1);
INSERT INTO `vtiger_time_zone` VALUES (19, 'America/Rio_Branco', 15, 1);
INSERT INTO `vtiger_time_zone` VALUES (20, 'America/Indiana/Indianapolis', 17, 1);
INSERT INTO `vtiger_time_zone` VALUES (21, 'America/Caracas', 20, 1);
INSERT INTO `vtiger_time_zone` VALUES (22, 'America/Halifax', 25, 1);
INSERT INTO `vtiger_time_zone` VALUES (23, 'America/Manaus', 22, 1);
INSERT INTO `vtiger_time_zone` VALUES (24, 'America/Santiago', 21, 1);
INSERT INTO `vtiger_time_zone` VALUES (25, 'America/La_Paz', 23, 1);
INSERT INTO `vtiger_time_zone` VALUES (26, 'America/Cuiaba', 24, 1);
INSERT INTO `vtiger_time_zone` VALUES (27, 'America/Asuncion', 26, 1);
INSERT INTO `vtiger_time_zone` VALUES (28, 'America/St_Johns', 27, 1);
INSERT INTO `vtiger_time_zone` VALUES (29, 'America/Argentina/Buenos_Aires', 30, 1);
INSERT INTO `vtiger_time_zone` VALUES (30, 'America/Sao_Paulo', 31, 1);
INSERT INTO `vtiger_time_zone` VALUES (31, 'America/Godthab', 29, 1);
INSERT INTO `vtiger_time_zone` VALUES (32, 'America/Montevideo', 28, 1);
INSERT INTO `vtiger_time_zone` VALUES (33, 'Atlantic/South_Georgia', 32, 1);
INSERT INTO `vtiger_time_zone` VALUES (34, 'Atlantic/Azores', 34, 1);
INSERT INTO `vtiger_time_zone` VALUES (35, 'Atlantic/Cape_Verde', 33, 1);
INSERT INTO `vtiger_time_zone` VALUES (36, 'Europe/London', 37, 1);
INSERT INTO `vtiger_time_zone` VALUES (37, 'UTC', 36, 1);
INSERT INTO `vtiger_time_zone` VALUES (38, 'Africa/Monrovia', 38, 1);
INSERT INTO `vtiger_time_zone` VALUES (39, 'Africa/Casablanca', 35, 1);
INSERT INTO `vtiger_time_zone` VALUES (40, 'Europe/Belgrade', 40, 1);
INSERT INTO `vtiger_time_zone` VALUES (41, 'Europe/Sarajevo', 42, 1);
INSERT INTO `vtiger_time_zone` VALUES (42, 'Europe/Brussels', 41, 1);
INSERT INTO `vtiger_time_zone` VALUES (43, 'Africa/Algiers', 43, 1);
INSERT INTO `vtiger_time_zone` VALUES (44, 'Europe/Amsterdam', 39, 1);
INSERT INTO `vtiger_time_zone` VALUES (45, 'Europe/Minsk', 52, 1);
INSERT INTO `vtiger_time_zone` VALUES (46, 'Africa/Cairo', 47, 1);
INSERT INTO `vtiger_time_zone` VALUES (47, 'Europe/Helsinki', 49, 1);
INSERT INTO `vtiger_time_zone` VALUES (48, 'Europe/Athens', 45, 1);
INSERT INTO `vtiger_time_zone` VALUES (49, 'Europe/Istanbul', 50, 1);
INSERT INTO `vtiger_time_zone` VALUES (50, 'Asia/Jerusalem', 51, 1);
INSERT INTO `vtiger_time_zone` VALUES (51, 'Asia/Amman', 44, 1);
INSERT INTO `vtiger_time_zone` VALUES (52, 'Asia/Beirut', 46, 1);
INSERT INTO `vtiger_time_zone` VALUES (53, 'Africa/Windhoek', 53, 1);
INSERT INTO `vtiger_time_zone` VALUES (54, 'Africa/Harare', 48, 1);
INSERT INTO `vtiger_time_zone` VALUES (55, 'Asia/Kuwait', 55, 1);
INSERT INTO `vtiger_time_zone` VALUES (56, 'Asia/Baghdad', 54, 1);
INSERT INTO `vtiger_time_zone` VALUES (57, 'Africa/Nairobi', 57, 1);
INSERT INTO `vtiger_time_zone` VALUES (58, 'Asia/Tehran', 58, 1);
INSERT INTO `vtiger_time_zone` VALUES (59, 'Asia/Tbilisi', 61, 1);
INSERT INTO `vtiger_time_zone` VALUES (60, 'Europe/Moscow', 56, 1);
INSERT INTO `vtiger_time_zone` VALUES (61, 'Asia/Muscat', 59, 1);
INSERT INTO `vtiger_time_zone` VALUES (62, 'Asia/Baku', 60, 1);
INSERT INTO `vtiger_time_zone` VALUES (63, 'Asia/Yerevan', 62, 1);
INSERT INTO `vtiger_time_zone` VALUES (64, 'Asia/Karachi', 63, 1);
INSERT INTO `vtiger_time_zone` VALUES (65, 'Asia/Tashkent', 64, 1);
INSERT INTO `vtiger_time_zone` VALUES (66, 'Asia/Kolkata', 65, 1);
INSERT INTO `vtiger_time_zone` VALUES (67, 'Asia/Colombo', 66, 1);
INSERT INTO `vtiger_time_zone` VALUES (68, 'Asia/Katmandu', 67, 1);
INSERT INTO `vtiger_time_zone` VALUES (69, 'Asia/Dhaka', 69, 1);
INSERT INTO `vtiger_time_zone` VALUES (70, 'Asia/Almaty', 68, 1);
INSERT INTO `vtiger_time_zone` VALUES (71, 'Asia/Yekaterinburg', 70, 1);
INSERT INTO `vtiger_time_zone` VALUES (72, 'Asia/Rangoon', 71, 1);
INSERT INTO `vtiger_time_zone` VALUES (73, 'Asia/Novosibirsk', 73, 1);
INSERT INTO `vtiger_time_zone` VALUES (74, 'Asia/Bangkok', 72, 1);
INSERT INTO `vtiger_time_zone` VALUES (75, 'Asia/Brunei', 74, 1);
INSERT INTO `vtiger_time_zone` VALUES (76, 'Asia/Krasnoyarsk', 75, 1);
INSERT INTO `vtiger_time_zone` VALUES (77, 'Asia/Ulaanbaatar', 79, 1);
INSERT INTO `vtiger_time_zone` VALUES (78, 'Asia/Kuala_Lumpur', 76, 1);
INSERT INTO `vtiger_time_zone` VALUES (79, 'Asia/Taipei', 78, 1);
INSERT INTO `vtiger_time_zone` VALUES (80, 'Australia/Perth', 77, 1);
INSERT INTO `vtiger_time_zone` VALUES (81, 'Asia/Irkutsk', 80, 1);
INSERT INTO `vtiger_time_zone` VALUES (82, 'Asia/Seoul', 81, 1);
INSERT INTO `vtiger_time_zone` VALUES (83, 'Asia/Tokyo', 82, 1);
INSERT INTO `vtiger_time_zone` VALUES (84, 'Australia/Darwin', 84, 1);
INSERT INTO `vtiger_time_zone` VALUES (85, 'Australia/Adelaide', 83, 1);
INSERT INTO `vtiger_time_zone` VALUES (86, 'Australia/Canberra', 86, 1);
INSERT INTO `vtiger_time_zone` VALUES (87, 'Australia/Brisbane', 85, 1);
INSERT INTO `vtiger_time_zone` VALUES (88, 'Australia/Hobart', 88, 1);
INSERT INTO `vtiger_time_zone` VALUES (89, 'Asia/Vladivostok', 89, 1);
INSERT INTO `vtiger_time_zone` VALUES (90, 'Pacific/Guam', 87, 1);
INSERT INTO `vtiger_time_zone` VALUES (91, 'Asia/Yakutsk', 90, 1);
INSERT INTO `vtiger_time_zone` VALUES (92, 'Pacific/Fiji', 93, 1);
INSERT INTO `vtiger_time_zone` VALUES (93, 'Asia/Kamchatka', 94, 1);
INSERT INTO `vtiger_time_zone` VALUES (94, 'Pacific/Auckland', 92, 1);
INSERT INTO `vtiger_time_zone` VALUES (95, 'Asia/Magadan', 95, 1);
INSERT INTO `vtiger_time_zone` VALUES (96, 'Pacific/Tongatapu', 96, 1);
INSERT INTO `vtiger_time_zone` VALUES (97, 'Etc/GMT-11', 91, 1);

-- ----------------------------
-- Table structure for vtiger_time_zone_seq
-- ----------------------------
DROP TABLE IF EXISTS `vtiger_time_zone_seq`;
CREATE TABLE `vtiger_time_zone_seq`  (
  `id` int NOT NULL
) ENGINE = InnoDB CHARACTER SET = utf8mb4 COLLATE = utf8mb4_0900_ai_ci ROW_FORMAT = Dynamic;

-- ----------------------------
-- Records of vtiger_time_zone_seq
-- ----------------------------
INSERT INTO `vtiger_time_zone_seq` VALUES (96);

-- ----------------------------
-- Table structure for vtiger_tmp_read_group_rel_sharing_per
-- ----------------------------
DROP TABLE IF EXISTS `vtiger_tmp_read_group_rel_sharing_per`;
CREATE TABLE `vtiger_tmp_read_group_rel_sharing_per`  (
  `userid` int NOT NULL,
  `tabid` int NOT NULL,
  `relatedtabid` int NOT NULL,
  `sharedgroupid` int NOT NULL,
  PRIMARY KEY (`userid`, `tabid`, `relatedtabid`, `sharedgroupid`) USING BTREE,
  INDEX `tmp_read_group_rel_sharing_per_userid_sharedgroupid_tabid`(`userid` ASC, `sharedgroupid` ASC, `tabid` ASC) USING BTREE,
  CONSTRAINT `fk_4_vtiger_tmp_read_group_rel_sharing_per` FOREIGN KEY (`userid`) REFERENCES `vtiger_users` (`id`) ON DELETE CASCADE ON UPDATE RESTRICT
) ENGINE = InnoDB CHARACTER SET = utf8mb3 COLLATE = utf8mb3_general_ci ROW_FORMAT = Dynamic;

-- ----------------------------
-- Records of vtiger_tmp_read_group_rel_sharing_per
-- ----------------------------

-- ----------------------------
-- Table structure for vtiger_tmp_read_group_sharing_per
-- ----------------------------
DROP TABLE IF EXISTS `vtiger_tmp_read_group_sharing_per`;
CREATE TABLE `vtiger_tmp_read_group_sharing_per`  (
  `userid` int NOT NULL,
  `tabid` int NOT NULL,
  `sharedgroupid` int NOT NULL,
  PRIMARY KEY (`userid`, `tabid`, `sharedgroupid`) USING BTREE,
  INDEX `tmp_read_group_sharing_per_userid_sharedgroupid_idx`(`userid` ASC, `sharedgroupid` ASC) USING BTREE,
  CONSTRAINT `fk_3_vtiger_tmp_read_group_sharing_per` FOREIGN KEY (`userid`) REFERENCES `vtiger_users` (`id`) ON DELETE CASCADE ON UPDATE RESTRICT
) ENGINE = InnoDB CHARACTER SET = utf8mb3 COLLATE = utf8mb3_general_ci ROW_FORMAT = Dynamic;

-- ----------------------------
-- Records of vtiger_tmp_read_group_sharing_per
-- ----------------------------

-- ----------------------------
-- Table structure for vtiger_tmp_read_user_rel_sharing_per
-- ----------------------------
DROP TABLE IF EXISTS `vtiger_tmp_read_user_rel_sharing_per`;
CREATE TABLE `vtiger_tmp_read_user_rel_sharing_per`  (
  `userid` int NOT NULL,
  `tabid` int NOT NULL,
  `relatedtabid` int NOT NULL,
  `shareduserid` int NOT NULL,
  PRIMARY KEY (`userid`, `tabid`, `relatedtabid`, `shareduserid`) USING BTREE,
  INDEX `tmp_read_user_rel_sharing_per_userid_shared_reltabid_idx`(`userid` ASC, `shareduserid` ASC, `relatedtabid` ASC) USING BTREE,
  CONSTRAINT `fk_4_vtiger_tmp_read_user_rel_sharing_per` FOREIGN KEY (`userid`) REFERENCES `vtiger_users` (`id`) ON DELETE CASCADE ON UPDATE RESTRICT
) ENGINE = InnoDB CHARACTER SET = utf8mb3 COLLATE = utf8mb3_general_ci ROW_FORMAT = Dynamic;

-- ----------------------------
-- Records of vtiger_tmp_read_user_rel_sharing_per
-- ----------------------------

-- ----------------------------
-- Table structure for vtiger_tmp_read_user_sharing_per
-- ----------------------------
DROP TABLE IF EXISTS `vtiger_tmp_read_user_sharing_per`;
CREATE TABLE `vtiger_tmp_read_user_sharing_per`  (
  `userid` int NOT NULL,
  `tabid` int NOT NULL,
  `shareduserid` int NOT NULL,
  PRIMARY KEY (`userid`, `tabid`, `shareduserid`) USING BTREE,
  INDEX `tmp_read_user_sharing_per_userid_shareduserid_idx`(`userid` ASC, `shareduserid` ASC) USING BTREE,
  CONSTRAINT `fk_3_vtiger_tmp_read_user_sharing_per` FOREIGN KEY (`userid`) REFERENCES `vtiger_users` (`id`) ON DELETE CASCADE ON UPDATE RESTRICT
) ENGINE = InnoDB CHARACTER SET = utf8mb3 COLLATE = utf8mb3_general_ci ROW_FORMAT = Dynamic;

-- ----------------------------
-- Records of vtiger_tmp_read_user_sharing_per
-- ----------------------------

-- ----------------------------
-- Table structure for vtiger_tmp_write_group_rel_sharing_per
-- ----------------------------
DROP TABLE IF EXISTS `vtiger_tmp_write_group_rel_sharing_per`;
CREATE TABLE `vtiger_tmp_write_group_rel_sharing_per`  (
  `userid` int NOT NULL,
  `tabid` int NOT NULL,
  `relatedtabid` int NOT NULL,
  `sharedgroupid` int NOT NULL,
  PRIMARY KEY (`userid`, `tabid`, `relatedtabid`, `sharedgroupid`) USING BTREE,
  INDEX `tmp_write_group_rel_sharing_per_userid_sharedgroupid_tabid_idx`(`userid` ASC, `sharedgroupid` ASC, `tabid` ASC) USING BTREE,
  CONSTRAINT `fk_4_vtiger_tmp_write_group_rel_sharing_per` FOREIGN KEY (`userid`) REFERENCES `vtiger_users` (`id`) ON DELETE CASCADE ON UPDATE RESTRICT
) ENGINE = InnoDB CHARACTER SET = utf8mb3 COLLATE = utf8mb3_general_ci ROW_FORMAT = Dynamic;

-- ----------------------------
-- Records of vtiger_tmp_write_group_rel_sharing_per
-- ----------------------------

-- ----------------------------
-- Table structure for vtiger_tmp_write_group_sharing_per
-- ----------------------------
DROP TABLE IF EXISTS `vtiger_tmp_write_group_sharing_per`;
CREATE TABLE `vtiger_tmp_write_group_sharing_per`  (
  `userid` int NOT NULL,
  `tabid` int NOT NULL,
  `sharedgroupid` int NOT NULL,
  PRIMARY KEY (`userid`, `tabid`, `sharedgroupid`) USING BTREE,
  INDEX `tmp_write_group_sharing_per_UK1`(`userid` ASC, `sharedgroupid` ASC) USING BTREE,
  CONSTRAINT `fk_3_vtiger_tmp_write_group_sharing_per` FOREIGN KEY (`userid`) REFERENCES `vtiger_users` (`id`) ON DELETE CASCADE ON UPDATE RESTRICT
) ENGINE = InnoDB CHARACTER SET = utf8mb3 COLLATE = utf8mb3_general_ci ROW_FORMAT = Dynamic;

-- ----------------------------
-- Records of vtiger_tmp_write_group_sharing_per
-- ----------------------------

-- ----------------------------
-- Table structure for vtiger_tmp_write_user_rel_sharing_per
-- ----------------------------
DROP TABLE IF EXISTS `vtiger_tmp_write_user_rel_sharing_per`;
CREATE TABLE `vtiger_tmp_write_user_rel_sharing_per`  (
  `userid` int NOT NULL,
  `tabid` int NOT NULL,
  `relatedtabid` int NOT NULL,
  `shareduserid` int NOT NULL,
  PRIMARY KEY (`userid`, `tabid`, `relatedtabid`, `shareduserid`) USING BTREE,
  INDEX `tmp_write_user_rel_sharing_per_userid_sharduserid_tabid_idx`(`userid` ASC, `shareduserid` ASC, `tabid` ASC) USING BTREE,
  CONSTRAINT `fk_4_vtiger_tmp_write_user_rel_sharing_per` FOREIGN KEY (`userid`) REFERENCES `vtiger_users` (`id`) ON DELETE CASCADE ON UPDATE RESTRICT
) ENGINE = InnoDB CHARACTER SET = utf8mb3 COLLATE = utf8mb3_general_ci ROW_FORMAT = Dynamic;

-- ----------------------------
-- Records of vtiger_tmp_write_user_rel_sharing_per
-- ----------------------------

-- ----------------------------
-- Table structure for vtiger_tmp_write_user_sharing_per
-- ----------------------------
DROP TABLE IF EXISTS `vtiger_tmp_write_user_sharing_per`;
CREATE TABLE `vtiger_tmp_write_user_sharing_per`  (
  `userid` int NOT NULL,
  `tabid` int NOT NULL,
  `shareduserid` int NOT NULL,
  PRIMARY KEY (`userid`, `tabid`, `shareduserid`) USING BTREE,
  INDEX `tmp_write_user_sharing_per_userid_shareduserid_idx`(`userid` ASC, `shareduserid` ASC) USING BTREE,
  CONSTRAINT `fk_3_vtiger_tmp_write_user_sharing_per` FOREIGN KEY (`userid`) REFERENCES `vtiger_users` (`id`) ON DELETE CASCADE ON UPDATE RESTRICT
) ENGINE = InnoDB CHARACTER SET = utf8mb3 COLLATE = utf8mb3_general_ci ROW_FORMAT = Dynamic;

-- ----------------------------
-- Records of vtiger_tmp_write_user_sharing_per
-- ----------------------------

-- ----------------------------
-- Table structure for vtiger_tracker
-- ----------------------------
DROP TABLE IF EXISTS `vtiger_tracker`;
CREATE TABLE `vtiger_tracker`  (
  `id` int NOT NULL AUTO_INCREMENT,
  `user_id` varchar(36) CHARACTER SET utf8mb3 COLLATE utf8mb3_general_ci NULL DEFAULT NULL,
  `module_name` varchar(25) CHARACTER SET utf8mb3 COLLATE utf8mb3_general_ci NULL DEFAULT NULL,
  `item_id` varchar(36) CHARACTER SET utf8mb3 COLLATE utf8mb3_general_ci NULL DEFAULT NULL,
  `item_summary` varchar(255) CHARACTER SET utf8mb3 COLLATE utf8mb3_general_ci NULL DEFAULT NULL,
  PRIMARY KEY (`id`) USING BTREE
) ENGINE = InnoDB CHARACTER SET = utf8mb3 COLLATE = utf8mb3_general_ci ROW_FORMAT = Dynamic;

-- ----------------------------
-- Records of vtiger_tracker
-- ----------------------------

-- ----------------------------
-- Table structure for vtiger_tracking_unit
-- ----------------------------
DROP TABLE IF EXISTS `vtiger_tracking_unit`;
CREATE TABLE `vtiger_tracking_unit`  (
  `tracking_unitid` int NOT NULL AUTO_INCREMENT,
  `tracking_unit` varchar(200) CHARACTER SET utf8mb3 COLLATE utf8mb3_general_ci NOT NULL,
  `presence` int NOT NULL DEFAULT 1,
  `picklist_valueid` int NOT NULL DEFAULT 0,
  `sortorderid` int NULL DEFAULT 0,
  `color` varchar(10) CHARACTER SET utf8mb3 COLLATE utf8mb3_general_ci NULL DEFAULT NULL,
  PRIMARY KEY (`tracking_unitid`) USING BTREE
) ENGINE = InnoDB AUTO_INCREMENT = 5 CHARACTER SET = utf8mb3 COLLATE = utf8mb3_general_ci ROW_FORMAT = Dynamic;

-- ----------------------------
-- Records of vtiger_tracking_unit
-- ----------------------------
INSERT INTO `vtiger_tracking_unit` VALUES (2, 'Hours', 1, 211, 2, NULL);
INSERT INTO `vtiger_tracking_unit` VALUES (3, 'Days', 1, 212, 3, NULL);
INSERT INTO `vtiger_tracking_unit` VALUES (4, 'Incidents', 1, 213, 4, NULL);

-- ----------------------------
-- Table structure for vtiger_tracking_unit_seq
-- ----------------------------
DROP TABLE IF EXISTS `vtiger_tracking_unit_seq`;
CREATE TABLE `vtiger_tracking_unit_seq`  (
  `id` int NOT NULL
) ENGINE = InnoDB CHARACTER SET = utf8mb4 COLLATE = utf8mb4_0900_ai_ci ROW_FORMAT = Dynamic;

-- ----------------------------
-- Records of vtiger_tracking_unit_seq
-- ----------------------------
INSERT INTO `vtiger_tracking_unit_seq` VALUES (4);

-- ----------------------------
-- Table structure for vtiger_troubletickets
-- ----------------------------
DROP TABLE IF EXISTS `vtiger_troubletickets`;
CREATE TABLE `vtiger_troubletickets`  (
  `ticketid` int NOT NULL,
  `ticket_no` varchar(100) CHARACTER SET utf8mb3 COLLATE utf8mb3_general_ci NOT NULL,
  `groupname` varchar(100) CHARACTER SET utf8mb3 COLLATE utf8mb3_general_ci NULL DEFAULT NULL,
  `parent_id` varchar(100) CHARACTER SET utf8mb3 COLLATE utf8mb3_general_ci NULL DEFAULT NULL,
  `product_id` varchar(100) CHARACTER SET utf8mb3 COLLATE utf8mb3_general_ci NULL DEFAULT NULL,
  `priority` varchar(200) CHARACTER SET utf8mb3 COLLATE utf8mb3_general_ci NULL DEFAULT NULL,
  `severity` varchar(200) CHARACTER SET utf8mb3 COLLATE utf8mb3_general_ci NULL DEFAULT NULL,
  `status` varchar(200) CHARACTER SET utf8mb3 COLLATE utf8mb3_general_ci NULL DEFAULT NULL,
  `category` varchar(200) CHARACTER SET utf8mb3 COLLATE utf8mb3_general_ci NULL DEFAULT NULL,
  `title` varchar(255) CHARACTER SET utf8mb3 COLLATE utf8mb3_general_ci NOT NULL,
  `solution` text CHARACTER SET utf8mb3 COLLATE utf8mb3_general_ci NULL,
  `update_log` text CHARACTER SET utf8mb3 COLLATE utf8mb3_general_ci NULL,
  `version_id` int NULL DEFAULT NULL,
  `hours` decimal(25, 8) NULL DEFAULT NULL,
  `days` decimal(25, 8) NULL DEFAULT NULL,
  `contact_id` int NULL DEFAULT NULL,
  `tags` varchar(1) CHARACTER SET utf8mb3 COLLATE utf8mb3_general_ci NULL DEFAULT NULL,
  PRIMARY KEY (`ticketid`) USING BTREE,
  INDEX `troubletickets_ticketid_idx`(`ticketid` ASC) USING BTREE,
  INDEX `troubletickets_status_idx`(`status` ASC) USING BTREE,
  CONSTRAINT `fk_1_vtiger_troubletickets` FOREIGN KEY (`ticketid`) REFERENCES `vtiger_crmentity` (`crmid`) ON DELETE CASCADE ON UPDATE RESTRICT
) ENGINE = InnoDB CHARACTER SET = utf8mb3 COLLATE = utf8mb3_general_ci ROW_FORMAT = Dynamic;

-- ----------------------------
-- Records of vtiger_troubletickets
-- ----------------------------

-- ----------------------------
-- Table structure for vtiger_usageunit
-- ----------------------------
DROP TABLE IF EXISTS `vtiger_usageunit`;
CREATE TABLE `vtiger_usageunit`  (
  `usageunitid` int NOT NULL AUTO_INCREMENT,
  `usageunit` varchar(200) CHARACTER SET utf8mb3 COLLATE utf8mb3_general_ci NOT NULL,
  `presence` int NOT NULL DEFAULT 1,
  `picklist_valueid` int NOT NULL DEFAULT 0,
  `sortorderid` int NULL DEFAULT NULL,
  `color` varchar(10) CHARACTER SET utf8mb3 COLLATE utf8mb3_general_ci NULL DEFAULT NULL,
  PRIMARY KEY (`usageunitid`) USING BTREE,
  UNIQUE INDEX `usageunit_usageunit_idx`(`usageunit` ASC) USING BTREE
) ENGINE = InnoDB AUTO_INCREMENT = 17 CHARACTER SET = utf8mb3 COLLATE = utf8mb3_general_ci ROW_FORMAT = Dynamic;

-- ----------------------------
-- Records of vtiger_usageunit
-- ----------------------------
INSERT INTO `vtiger_usageunit` VALUES (1, 'Box', 1, 194, 0, NULL);
INSERT INTO `vtiger_usageunit` VALUES (2, 'Carton', 1, 195, 1, NULL);
INSERT INTO `vtiger_usageunit` VALUES (3, 'Dozen', 1, 196, 2, NULL);
INSERT INTO `vtiger_usageunit` VALUES (4, 'Each', 1, 197, 3, NULL);
INSERT INTO `vtiger_usageunit` VALUES (5, 'Hours', 1, 198, 4, NULL);
INSERT INTO `vtiger_usageunit` VALUES (6, 'Impressions', 1, 199, 5, NULL);
INSERT INTO `vtiger_usageunit` VALUES (7, 'Lb', 1, 200, 6, NULL);
INSERT INTO `vtiger_usageunit` VALUES (8, 'M', 1, 201, 7, NULL);
INSERT INTO `vtiger_usageunit` VALUES (9, 'Pack', 1, 202, 8, NULL);
INSERT INTO `vtiger_usageunit` VALUES (10, 'Pages', 1, 203, 9, NULL);
INSERT INTO `vtiger_usageunit` VALUES (11, 'Pieces', 1, 204, 10, NULL);
INSERT INTO `vtiger_usageunit` VALUES (12, 'Quantity', 1, 205, 11, NULL);
INSERT INTO `vtiger_usageunit` VALUES (13, 'Reams', 1, 206, 12, NULL);
INSERT INTO `vtiger_usageunit` VALUES (14, 'Sheet', 1, 207, 13, NULL);
INSERT INTO `vtiger_usageunit` VALUES (15, 'Spiral Binder', 1, 208, 14, NULL);
INSERT INTO `vtiger_usageunit` VALUES (16, 'Sq Ft', 1, 209, 15, NULL);

-- ----------------------------
-- Table structure for vtiger_usageunit_seq
-- ----------------------------
DROP TABLE IF EXISTS `vtiger_usageunit_seq`;
CREATE TABLE `vtiger_usageunit_seq`  (
  `id` int NOT NULL
) ENGINE = InnoDB CHARACTER SET = utf8mb4 COLLATE = utf8mb4_0900_ai_ci ROW_FORMAT = Dynamic;

-- ----------------------------
-- Records of vtiger_usageunit_seq
-- ----------------------------
INSERT INTO `vtiger_usageunit_seq` VALUES (16);

-- ----------------------------
-- Table structure for vtiger_user2mergefields
-- ----------------------------
DROP TABLE IF EXISTS `vtiger_user2mergefields`;
CREATE TABLE `vtiger_user2mergefields`  (
  `userid` int NULL DEFAULT NULL,
  `tabid` int NULL DEFAULT NULL,
  `fieldid` int NULL DEFAULT NULL,
  `visible` int NULL DEFAULT NULL,
  INDEX `userid_tabid_idx`(`userid` ASC, `tabid` ASC) USING BTREE
) ENGINE = InnoDB CHARACTER SET = utf8mb3 COLLATE = utf8mb3_general_ci ROW_FORMAT = Dynamic;

-- ----------------------------
-- Records of vtiger_user2mergefields
-- ----------------------------

-- ----------------------------
-- Table structure for vtiger_user2role
-- ----------------------------
DROP TABLE IF EXISTS `vtiger_user2role`;
CREATE TABLE `vtiger_user2role`  (
  `userid` int NOT NULL,
  `roleid` varchar(255) CHARACTER SET utf8mb3 COLLATE utf8mb3_general_ci NOT NULL,
  PRIMARY KEY (`userid`) USING BTREE,
  INDEX `user2role_roleid_idx`(`roleid` ASC) USING BTREE,
  CONSTRAINT `fk_2_vtiger_user2role` FOREIGN KEY (`userid`) REFERENCES `vtiger_users` (`id`) ON DELETE CASCADE ON UPDATE RESTRICT
) ENGINE = InnoDB CHARACTER SET = utf8mb3 COLLATE = utf8mb3_general_ci ROW_FORMAT = Dynamic;

-- ----------------------------
-- Records of vtiger_user2role
-- ----------------------------
INSERT INTO `vtiger_user2role` VALUES (1, 'H2');

-- ----------------------------
-- Table structure for vtiger_user_module_preferences
-- ----------------------------
DROP TABLE IF EXISTS `vtiger_user_module_preferences`;
CREATE TABLE `vtiger_user_module_preferences`  (
  `userid` int NOT NULL,
  `tabid` int NOT NULL,
  `default_cvid` int NOT NULL,
  PRIMARY KEY (`userid`, `tabid`) USING BTREE,
  INDEX `fk_2_vtiger_user_module_preferences`(`tabid` ASC) USING BTREE,
  CONSTRAINT `fk_2_vtiger_user_module_preferences` FOREIGN KEY (`tabid`) REFERENCES `vtiger_tab` (`tabid`) ON DELETE CASCADE ON UPDATE CASCADE
) ENGINE = InnoDB CHARACTER SET = utf8mb3 COLLATE = utf8mb3_general_ci ROW_FORMAT = Dynamic;

-- ----------------------------
-- Records of vtiger_user_module_preferences
-- ----------------------------

-- ----------------------------
-- Table structure for vtiger_users
-- ----------------------------
DROP TABLE IF EXISTS `vtiger_users`;
CREATE TABLE `vtiger_users`  (
  `id` int NOT NULL AUTO_INCREMENT,
  `user_name` varchar(255) CHARACTER SET utf8mb3 COLLATE utf8mb3_general_ci NULL DEFAULT NULL,
  `user_password` varchar(200) CHARACTER SET utf8mb3 COLLATE utf8mb3_general_ci NULL DEFAULT NULL,
  `cal_color` varchar(25) CHARACTER SET utf8mb3 COLLATE utf8mb3_general_ci NULL DEFAULT '#E6FAD8',
  `first_name` varchar(30) CHARACTER SET utf8mb3 COLLATE utf8mb3_general_ci NULL DEFAULT NULL,
  `last_name` varchar(30) CHARACTER SET utf8mb3 COLLATE utf8mb3_general_ci NULL DEFAULT NULL,
  `reports_to_id` varchar(36) CHARACTER SET utf8mb3 COLLATE utf8mb3_general_ci NULL DEFAULT NULL,
  `is_admin` varchar(3) CHARACTER SET utf8mb3 COLLATE utf8mb3_general_ci NULL DEFAULT '0',
  `currency_id` int NOT NULL DEFAULT 1,
  `description` text CHARACTER SET utf8mb3 COLLATE utf8mb3_general_ci NULL,
  `date_entered` timestamp NOT NULL,
  `date_modified` datetime NULL DEFAULT NULL,
  `modified_user_id` varchar(36) CHARACTER SET utf8mb3 COLLATE utf8mb3_general_ci NULL DEFAULT NULL,
  `title` varchar(50) CHARACTER SET utf8mb3 COLLATE utf8mb3_general_ci NULL DEFAULT NULL,
  `department` varchar(50) CHARACTER SET utf8mb3 COLLATE utf8mb3_general_ci NULL DEFAULT NULL,
  `phone_home` varchar(50) CHARACTER SET utf8mb3 COLLATE utf8mb3_general_ci NULL DEFAULT NULL,
  `phone_mobile` varchar(50) CHARACTER SET utf8mb3 COLLATE utf8mb3_general_ci NULL DEFAULT NULL,
  `phone_work` varchar(50) CHARACTER SET utf8mb3 COLLATE utf8mb3_general_ci NULL DEFAULT NULL,
  `phone_other` varchar(50) CHARACTER SET utf8mb3 COLLATE utf8mb3_general_ci NULL DEFAULT NULL,
  `phone_fax` varchar(50) CHARACTER SET utf8mb3 COLLATE utf8mb3_general_ci NULL DEFAULT NULL,
  `email1` varchar(100) CHARACTER SET utf8mb3 COLLATE utf8mb3_general_ci NULL DEFAULT NULL,
  `email2` varchar(100) CHARACTER SET utf8mb3 COLLATE utf8mb3_general_ci NULL DEFAULT NULL,
  `secondaryemail` varchar(100) CHARACTER SET utf8mb3 COLLATE utf8mb3_general_ci NULL DEFAULT NULL,
  `status` varchar(25) CHARACTER SET utf8mb3 COLLATE utf8mb3_general_ci NULL DEFAULT NULL,
  `signature` text CHARACTER SET utf8mb3 COLLATE utf8mb3_general_ci NULL,
  `address_street` varchar(150) CHARACTER SET utf8mb3 COLLATE utf8mb3_general_ci NULL DEFAULT NULL,
  `address_city` varchar(100) CHARACTER SET utf8mb3 COLLATE utf8mb3_general_ci NULL DEFAULT NULL,
  `address_state` varchar(100) CHARACTER SET utf8mb3 COLLATE utf8mb3_general_ci NULL DEFAULT NULL,
  `address_country` varchar(25) CHARACTER SET utf8mb3 COLLATE utf8mb3_general_ci NULL DEFAULT NULL,
  `address_postalcode` varchar(9) CHARACTER SET utf8mb3 COLLATE utf8mb3_general_ci NULL DEFAULT NULL,
  `user_preferences` text CHARACTER SET utf8mb3 COLLATE utf8mb3_general_ci NULL,
  `tz` varchar(30) CHARACTER SET utf8mb3 COLLATE utf8mb3_general_ci NULL DEFAULT NULL,
  `holidays` varchar(60) CHARACTER SET utf8mb3 COLLATE utf8mb3_general_ci NULL DEFAULT NULL,
  `namedays` varchar(60) CHARACTER SET utf8mb3 COLLATE utf8mb3_general_ci NULL DEFAULT NULL,
  `workdays` varchar(30) CHARACTER SET utf8mb3 COLLATE utf8mb3_general_ci NULL DEFAULT NULL,
  `weekstart` int NULL DEFAULT NULL,
  `date_format` varchar(200) CHARACTER SET utf8mb3 COLLATE utf8mb3_general_ci NULL DEFAULT NULL,
  `hour_format` varchar(30) CHARACTER SET utf8mb3 COLLATE utf8mb3_general_ci NULL DEFAULT 'am/pm',
  `start_hour` varchar(30) CHARACTER SET utf8mb3 COLLATE utf8mb3_general_ci NULL DEFAULT '10:00',
  `end_hour` varchar(30) CHARACTER SET utf8mb3 COLLATE utf8mb3_general_ci NULL DEFAULT '23:00',
  `is_owner` varchar(100) CHARACTER SET utf8mb3 COLLATE utf8mb3_general_ci NULL DEFAULT '0',
  `activity_view` varchar(200) CHARACTER SET utf8mb3 COLLATE utf8mb3_general_ci NULL DEFAULT 'Today',
  `lead_view` varchar(200) CHARACTER SET utf8mb3 COLLATE utf8mb3_general_ci NULL DEFAULT 'Today',
  `imagename` varchar(250) CHARACTER SET utf8mb3 COLLATE utf8mb3_general_ci NULL DEFAULT NULL,
  `deleted` int NOT NULL DEFAULT 0,
  `confirm_password` varchar(300) CHARACTER SET utf8mb3 COLLATE utf8mb3_general_ci NULL DEFAULT NULL,
  `internal_mailer` varchar(3) CHARACTER SET utf8mb3 COLLATE utf8mb3_general_ci NOT NULL DEFAULT '1',
  `reminder_interval` varchar(100) CHARACTER SET utf8mb3 COLLATE utf8mb3_general_ci NULL DEFAULT NULL,
  `reminder_next_time` varchar(100) CHARACTER SET utf8mb3 COLLATE utf8mb3_general_ci NULL DEFAULT NULL,
  `crypt_type` varchar(20) CHARACTER SET utf8mb3 COLLATE utf8mb3_general_ci NOT NULL DEFAULT 'MD5',
  `accesskey` varchar(36) CHARACTER SET utf8mb3 COLLATE utf8mb3_general_ci NULL DEFAULT NULL,
  `theme` varchar(100) CHARACTER SET utf8mb3 COLLATE utf8mb3_general_ci NULL DEFAULT NULL,
  `language` varchar(36) CHARACTER SET utf8mb3 COLLATE utf8mb3_general_ci NULL DEFAULT NULL,
  `time_zone` varchar(200) CHARACTER SET utf8mb3 COLLATE utf8mb3_general_ci NULL DEFAULT NULL,
  `currency_grouping_pattern` varchar(100) CHARACTER SET utf8mb3 COLLATE utf8mb3_general_ci NULL DEFAULT NULL,
  `currency_decimal_separator` varchar(2) CHARACTER SET utf8mb3 COLLATE utf8mb3_general_ci NULL DEFAULT NULL,
  `currency_grouping_separator` varchar(2) CHARACTER SET utf8mb3 COLLATE utf8mb3_general_ci NULL DEFAULT NULL,
  `currency_symbol_placement` varchar(20) CHARACTER SET utf8mb3 COLLATE utf8mb3_general_ci NULL DEFAULT NULL,
  `userlabel` varchar(255) CHARACTER SET utf8mb3 COLLATE utf8mb3_general_ci NULL DEFAULT NULL,
  `defaultlandingpage` varchar(200) CHARACTER SET utf8mb3 COLLATE utf8mb3_general_ci NULL DEFAULT NULL,
  `phone_crm_extension` varchar(100) CHARACTER SET utf8mb3 COLLATE utf8mb3_general_ci NULL DEFAULT NULL,
  `no_of_currency_decimals` varchar(2) CHARACTER SET utf8mb3 COLLATE utf8mb3_general_ci NULL DEFAULT NULL,
  `truncate_trailing_zeros` varchar(3) CHARACTER SET utf8mb3 COLLATE utf8mb3_general_ci NULL DEFAULT NULL,
  `dayoftheweek` varchar(100) CHARACTER SET utf8mb3 COLLATE utf8mb3_general_ci NULL DEFAULT NULL,
  `callduration` varchar(100) CHARACTER SET utf8mb3 COLLATE utf8mb3_general_ci NULL DEFAULT NULL,
  `othereventduration` varchar(100) CHARACTER SET utf8mb3 COLLATE utf8mb3_general_ci NULL DEFAULT NULL,
  `calendarsharedtype` varchar(100) CHARACTER SET utf8mb3 COLLATE utf8mb3_general_ci NULL DEFAULT NULL,
  `default_record_view` varchar(10) CHARACTER SET utf8mb3 COLLATE utf8mb3_general_ci NULL DEFAULT NULL,
  `leftpanelhide` varchar(3) CHARACTER SET utf8mb3 COLLATE utf8mb3_general_ci NULL DEFAULT NULL,
  `rowheight` varchar(10) CHARACTER SET utf8mb3 COLLATE utf8mb3_general_ci NULL DEFAULT NULL,
  `defaulteventstatus` varchar(50) CHARACTER SET utf8mb3 COLLATE utf8mb3_general_ci NULL DEFAULT NULL,
  `defaultactivitytype` varchar(50) CHARACTER SET utf8mb3 COLLATE utf8mb3_general_ci NULL DEFAULT NULL,
  `hidecompletedevents` int NULL DEFAULT NULL,
  `defaultcalendarview` varchar(100) CHARACTER SET utf8mb3 COLLATE utf8mb3_general_ci NULL DEFAULT NULL,
  PRIMARY KEY (`id`) USING BTREE,
  INDEX `user_user_name_idx`(`user_name` ASC) USING BTREE,
  INDEX `user_user_password_idx`(`user_password` ASC) USING BTREE
) ENGINE = InnoDB AUTO_INCREMENT = 2 CHARACTER SET = utf8mb3 COLLATE = utf8mb3_general_ci ROW_FORMAT = Dynamic;

-- ----------------------------
-- Records of vtiger_users
-- ----------------------------
INSERT INTO `vtiger_users` VALUES (1, 'admin', '$2y$10$kqX9FceOVZfB5sYVR0j/FOy1LTq7s9eY1OpWbWzmPNLGoOhtpEOhW', '#E6FAD8', 'hadi', 'Administrator', '', 'on', 1, '', '0000-00-00 00:00:00', NULL, NULL, '', '', '', '', '', '', '', 'hadilwox@gmail.com', '', '', 'Active', '', '', '', '', '', '', NULL, NULL, NULL, NULL, NULL, NULL, 'mm-dd-yyyy', '12', '00:00', '23:00', '1', 'This Week', 'Today', '', 0, '$2y$10$sOStQAojxdTaC6MVAGYNXu0raNQ.nEP0pELggqYCertsy9LsmRSeq', '1', '1 Minute', NULL, 'PHASH', 'l0S9pXE6EKFJ3P32', 'alphagrey', 'en_us', 'Asia/Tehran', '123,456,789', '.', ',', '$1.0', 'hadi Administrator', 'Home', '', '2', '1', 'Sunday', '5', '5', 'public', 'Summary', '0', '', 'Planned', 'Call', 0, 'MyCalendar');

-- ----------------------------
-- Table structure for vtiger_users2group
-- ----------------------------
DROP TABLE IF EXISTS `vtiger_users2group`;
CREATE TABLE `vtiger_users2group`  (
  `groupid` int NOT NULL,
  `userid` int NOT NULL,
  PRIMARY KEY (`groupid`, `userid`) USING BTREE,
  INDEX `users2group_groupname_uerid_idx`(`groupid` ASC, `userid` ASC) USING BTREE,
  INDEX `fk_2_vtiger_users2group`(`userid` ASC) USING BTREE,
  CONSTRAINT `fk_2_vtiger_users2group` FOREIGN KEY (`userid`) REFERENCES `vtiger_users` (`id`) ON DELETE CASCADE ON UPDATE RESTRICT
) ENGINE = InnoDB CHARACTER SET = utf8mb3 COLLATE = utf8mb3_general_ci ROW_FORMAT = Dynamic;

-- ----------------------------
-- Records of vtiger_users2group
-- ----------------------------
INSERT INTO `vtiger_users2group` VALUES (3, 1);

-- ----------------------------
-- Table structure for vtiger_users_last_import
-- ----------------------------
DROP TABLE IF EXISTS `vtiger_users_last_import`;
CREATE TABLE `vtiger_users_last_import`  (
  `id` int NOT NULL AUTO_INCREMENT,
  `assigned_user_id` varchar(36) CHARACTER SET utf8mb3 COLLATE utf8mb3_general_ci NULL DEFAULT NULL,
  `bean_type` varchar(36) CHARACTER SET utf8mb3 COLLATE utf8mb3_general_ci NULL DEFAULT NULL,
  `bean_id` varchar(36) CHARACTER SET utf8mb3 COLLATE utf8mb3_general_ci NULL DEFAULT NULL,
  `deleted` int NOT NULL DEFAULT 0,
  PRIMARY KEY (`id`) USING BTREE,
  INDEX `idx_user_id`(`assigned_user_id` ASC) USING BTREE
) ENGINE = InnoDB CHARACTER SET = utf8mb3 COLLATE = utf8mb3_general_ci ROW_FORMAT = Dynamic;

-- ----------------------------
-- Records of vtiger_users_last_import
-- ----------------------------

-- ----------------------------
-- Table structure for vtiger_users_seq
-- ----------------------------
DROP TABLE IF EXISTS `vtiger_users_seq`;
CREATE TABLE `vtiger_users_seq`  (
  `id` int NOT NULL
) ENGINE = InnoDB CHARACTER SET = utf8mb4 COLLATE = utf8mb4_0900_ai_ci ROW_FORMAT = Dynamic;

-- ----------------------------
-- Records of vtiger_users_seq
-- ----------------------------
INSERT INTO `vtiger_users_seq` VALUES (4);

-- ----------------------------
-- Table structure for vtiger_vendor
-- ----------------------------
DROP TABLE IF EXISTS `vtiger_vendor`;
CREATE TABLE `vtiger_vendor`  (
  `vendorid` int NOT NULL DEFAULT 0,
  `vendor_no` varchar(100) CHARACTER SET utf8mb3 COLLATE utf8mb3_general_ci NOT NULL,
  `vendorname` varchar(100) CHARACTER SET utf8mb3 COLLATE utf8mb3_general_ci NULL DEFAULT NULL,
  `phone` varchar(100) CHARACTER SET utf8mb3 COLLATE utf8mb3_general_ci NULL DEFAULT NULL,
  `email` varchar(100) CHARACTER SET utf8mb3 COLLATE utf8mb3_general_ci NULL DEFAULT NULL,
  `website` varchar(100) CHARACTER SET utf8mb3 COLLATE utf8mb3_general_ci NULL DEFAULT NULL,
  `glacct` varchar(200) CHARACTER SET utf8mb3 COLLATE utf8mb3_general_ci NULL DEFAULT NULL,
  `category` varchar(50) CHARACTER SET utf8mb3 COLLATE utf8mb3_general_ci NULL DEFAULT NULL,
  `street` text CHARACTER SET utf8mb3 COLLATE utf8mb3_general_ci NULL,
  `city` varchar(30) CHARACTER SET utf8mb3 COLLATE utf8mb3_general_ci NULL DEFAULT NULL,
  `state` varchar(30) CHARACTER SET utf8mb3 COLLATE utf8mb3_general_ci NULL DEFAULT NULL,
  `pobox` varchar(30) CHARACTER SET utf8mb3 COLLATE utf8mb3_general_ci NULL DEFAULT NULL,
  `postalcode` varchar(100) CHARACTER SET utf8mb3 COLLATE utf8mb3_general_ci NULL DEFAULT NULL,
  `country` varchar(100) CHARACTER SET utf8mb3 COLLATE utf8mb3_general_ci NULL DEFAULT NULL,
  `description` text CHARACTER SET utf8mb3 COLLATE utf8mb3_general_ci NULL,
  `tags` varchar(1) CHARACTER SET utf8mb3 COLLATE utf8mb3_general_ci NULL DEFAULT NULL,
  PRIMARY KEY (`vendorid`) USING BTREE,
  CONSTRAINT `fk_1_vtiger_vendor` FOREIGN KEY (`vendorid`) REFERENCES `vtiger_crmentity` (`crmid`) ON DELETE CASCADE ON UPDATE RESTRICT
) ENGINE = InnoDB CHARACTER SET = utf8mb3 COLLATE = utf8mb3_general_ci ROW_FORMAT = Dynamic;

-- ----------------------------
-- Records of vtiger_vendor
-- ----------------------------

-- ----------------------------
-- Table structure for vtiger_vendorcf
-- ----------------------------
DROP TABLE IF EXISTS `vtiger_vendorcf`;
CREATE TABLE `vtiger_vendorcf`  (
  `vendorid` int NOT NULL DEFAULT 0,
  PRIMARY KEY (`vendorid`) USING BTREE,
  CONSTRAINT `fk_1_vtiger_vendorcf` FOREIGN KEY (`vendorid`) REFERENCES `vtiger_vendor` (`vendorid`) ON DELETE CASCADE ON UPDATE RESTRICT
) ENGINE = InnoDB CHARACTER SET = utf8mb3 COLLATE = utf8mb3_general_ci ROW_FORMAT = Dynamic;

-- ----------------------------
-- Records of vtiger_vendorcf
-- ----------------------------

-- ----------------------------
-- Table structure for vtiger_vendorcontactrel
-- ----------------------------
DROP TABLE IF EXISTS `vtiger_vendorcontactrel`;
CREATE TABLE `vtiger_vendorcontactrel`  (
  `vendorid` int NOT NULL DEFAULT 0,
  `contactid` int NOT NULL DEFAULT 0,
  PRIMARY KEY (`vendorid`, `contactid`) USING BTREE,
  INDEX `vendorcontactrel_vendorid_idx`(`vendorid` ASC) USING BTREE,
  INDEX `vendorcontactrel_contact_idx`(`contactid` ASC) USING BTREE,
  CONSTRAINT `fk_2_vtiger_vendorcontactrel` FOREIGN KEY (`vendorid`) REFERENCES `vtiger_vendor` (`vendorid`) ON DELETE CASCADE ON UPDATE RESTRICT
) ENGINE = InnoDB CHARACTER SET = utf8mb3 COLLATE = utf8mb3_general_ci ROW_FORMAT = Dynamic;

-- ----------------------------
-- Records of vtiger_vendorcontactrel
-- ----------------------------

-- ----------------------------
-- Table structure for vtiger_version
-- ----------------------------
DROP TABLE IF EXISTS `vtiger_version`;
CREATE TABLE `vtiger_version`  (
  `id` int NOT NULL AUTO_INCREMENT,
  `old_version` varchar(30) CHARACTER SET utf8mb3 COLLATE utf8mb3_general_ci NULL DEFAULT NULL,
  `current_version` varchar(30) CHARACTER SET utf8mb3 COLLATE utf8mb3_general_ci NULL DEFAULT NULL,
  PRIMARY KEY (`id`) USING BTREE
) ENGINE = InnoDB AUTO_INCREMENT = 2 CHARACTER SET = utf8mb3 COLLATE = utf8mb3_general_ci ROW_FORMAT = Dynamic;

-- ----------------------------
-- Records of vtiger_version
-- ----------------------------
INSERT INTO `vtiger_version` VALUES (1, '8.3.0', '8.3.0');

-- ----------------------------
-- Table structure for vtiger_version_seq
-- ----------------------------
DROP TABLE IF EXISTS `vtiger_version_seq`;
CREATE TABLE `vtiger_version_seq`  (
  `id` int NOT NULL
) ENGINE = InnoDB CHARACTER SET = utf8mb4 COLLATE = utf8mb4_0900_ai_ci ROW_FORMAT = Dynamic;

-- ----------------------------
-- Records of vtiger_version_seq
-- ----------------------------
INSERT INTO `vtiger_version_seq` VALUES (1);

-- ----------------------------
-- Table structure for vtiger_visibility
-- ----------------------------
DROP TABLE IF EXISTS `vtiger_visibility`;
CREATE TABLE `vtiger_visibility`  (
  `visibilityid` int NOT NULL AUTO_INCREMENT,
  `visibility` varchar(200) CHARACTER SET utf8mb3 COLLATE utf8mb3_general_ci NOT NULL,
  `sortorderid` int NOT NULL DEFAULT 0,
  `presence` int NOT NULL DEFAULT 1,
  `color` varchar(10) CHARACTER SET utf8mb3 COLLATE utf8mb3_general_ci NULL DEFAULT NULL,
  PRIMARY KEY (`visibilityid`) USING BTREE,
  UNIQUE INDEX `visibility_visibility_idx`(`visibility` ASC) USING BTREE
) ENGINE = InnoDB AUTO_INCREMENT = 3 CHARACTER SET = utf8mb3 COLLATE = utf8mb3_general_ci ROW_FORMAT = Dynamic;

-- ----------------------------
-- Records of vtiger_visibility
-- ----------------------------
INSERT INTO `vtiger_visibility` VALUES (1, 'Private', 0, 1, NULL);
INSERT INTO `vtiger_visibility` VALUES (2, 'Public', 1, 1, NULL);

-- ----------------------------
-- Table structure for vtiger_visibility_seq
-- ----------------------------
DROP TABLE IF EXISTS `vtiger_visibility_seq`;
CREATE TABLE `vtiger_visibility_seq`  (
  `id` int NOT NULL
) ENGINE = InnoDB CHARACTER SET = utf8mb4 COLLATE = utf8mb4_0900_ai_ci ROW_FORMAT = Dynamic;

-- ----------------------------
-- Records of vtiger_visibility_seq
-- ----------------------------
INSERT INTO `vtiger_visibility_seq` VALUES (2);

-- ----------------------------
-- Table structure for vtiger_warehouseproductrel
-- ----------------------------
DROP TABLE IF EXISTS `vtiger_warehouseproductrel`;
CREATE TABLE `vtiger_warehouseproductrel`  (
  `warehouseproductrelid` int NOT NULL AUTO_INCREMENT,
  `warehouseid` int NOT NULL,
  `productid` int NOT NULL,
  `quantity` int NULL DEFAULT NULL,
  PRIMARY KEY (`warehouseproductrelid`) USING BTREE,
  INDEX `fk_warehouseid`(`warehouseid` ASC) USING BTREE,
  INDEX `fk_productid`(`productid` ASC) USING BTREE,
  CONSTRAINT `fk_productid` FOREIGN KEY (`productid`) REFERENCES `vtiger_products` (`productid`) ON DELETE CASCADE ON UPDATE RESTRICT,
  CONSTRAINT `fk_warehouseid` FOREIGN KEY (`warehouseid`) REFERENCES `vtiger_warehouses` (`warehouseid`) ON DELETE CASCADE ON UPDATE RESTRICT
) ENGINE = InnoDB CHARACTER SET = utf8mb3 COLLATE = utf8mb3_general_ci ROW_FORMAT = Dynamic;

-- ----------------------------
-- Records of vtiger_warehouseproductrel
-- ----------------------------

-- ----------------------------
-- Table structure for vtiger_warehouses
-- ----------------------------
DROP TABLE IF EXISTS `vtiger_warehouses`;
CREATE TABLE `vtiger_warehouses`  (
  `warehouseid` int NOT NULL AUTO_INCREMENT,
  `warehouse_name` varchar(255) CHARACTER SET utf8mb3 COLLATE utf8mb3_general_ci NULL DEFAULT NULL,
  PRIMARY KEY (`warehouseid`) USING BTREE
) ENGINE = InnoDB CHARACTER SET = utf8mb3 COLLATE = utf8mb3_general_ci ROW_FORMAT = Dynamic;

-- ----------------------------
-- Records of vtiger_warehouses
-- ----------------------------

-- ----------------------------
-- Table structure for vtiger_warehousescf
-- ----------------------------
DROP TABLE IF EXISTS `vtiger_warehousescf`;
CREATE TABLE `vtiger_warehousescf`  (
  `warehouseid` int NOT NULL,
  PRIMARY KEY (`warehouseid`) USING BTREE
) ENGINE = InnoDB CHARACTER SET = utf8mb3 COLLATE = utf8mb3_general_ci ROW_FORMAT = Dynamic;

-- ----------------------------
-- Records of vtiger_warehousescf
-- ----------------------------

-- ----------------------------
-- Table structure for vtiger_webform_file_fields
-- ----------------------------
DROP TABLE IF EXISTS `vtiger_webform_file_fields`;
CREATE TABLE `vtiger_webform_file_fields`  (
  `id` int NOT NULL AUTO_INCREMENT,
  `webformid` int NOT NULL,
  `fieldname` varchar(100) CHARACTER SET utf8mb3 COLLATE utf8mb3_general_ci NOT NULL,
  `fieldlabel` varchar(100) CHARACTER SET utf8mb3 COLLATE utf8mb3_general_ci NOT NULL,
  `required` int NOT NULL DEFAULT 0,
  PRIMARY KEY (`id`) USING BTREE,
  INDEX `fk_vtiger_webforms`(`webformid` ASC) USING BTREE,
  CONSTRAINT `fk_vtiger_webforms` FOREIGN KEY (`webformid`) REFERENCES `vtiger_webforms` (`id`) ON DELETE CASCADE ON UPDATE RESTRICT
) ENGINE = InnoDB CHARACTER SET = utf8mb3 COLLATE = utf8mb3_general_ci ROW_FORMAT = Dynamic;

-- ----------------------------
-- Records of vtiger_webform_file_fields
-- ----------------------------

-- ----------------------------
-- Table structure for vtiger_webforms
-- ----------------------------
DROP TABLE IF EXISTS `vtiger_webforms`;
CREATE TABLE `vtiger_webforms`  (
  `id` int NOT NULL AUTO_INCREMENT,
  `name` varchar(100) CHARACTER SET utf8mb3 COLLATE utf8mb3_general_ci NOT NULL,
  `publicid` varchar(100) CHARACTER SET utf8mb3 COLLATE utf8mb3_general_ci NOT NULL,
  `enabled` int NOT NULL DEFAULT 1,
  `targetmodule` varchar(50) CHARACTER SET utf8mb3 COLLATE utf8mb3_general_ci NOT NULL,
  `description` text CHARACTER SET utf8mb3 COLLATE utf8mb3_general_ci NULL,
  `ownerid` int NOT NULL,
  `returnurl` varchar(250) CHARACTER SET utf8mb3 COLLATE utf8mb3_general_ci NULL DEFAULT NULL,
  `captcha` int NOT NULL DEFAULT 0,
  `roundrobin` int NOT NULL DEFAULT 0,
  `roundrobin_userid` varchar(256) CHARACTER SET utf8mb3 COLLATE utf8mb3_general_ci NULL DEFAULT NULL,
  `roundrobin_logic` int NOT NULL DEFAULT 0,
  PRIMARY KEY (`id`) USING BTREE,
  UNIQUE INDEX `webformname`(`name` ASC) USING BTREE,
  UNIQUE INDEX `publicid`(`id` ASC) USING BTREE,
  INDEX `webforms_webforms_id_idx`(`id` ASC) USING BTREE
) ENGINE = InnoDB AUTO_INCREMENT = 1 CHARACTER SET = utf8mb3 COLLATE = utf8mb3_general_ci ROW_FORMAT = Dynamic;

-- ----------------------------
-- Records of vtiger_webforms
-- ----------------------------

-- ----------------------------
-- Table structure for vtiger_webforms_field
-- ----------------------------
DROP TABLE IF EXISTS `vtiger_webforms_field`;
CREATE TABLE `vtiger_webforms_field`  (
  `id` int NOT NULL AUTO_INCREMENT,
  `webformid` int NOT NULL,
  `fieldname` varchar(50) CHARACTER SET utf8mb3 COLLATE utf8mb3_general_ci NOT NULL,
  `neutralizedfield` varchar(50) CHARACTER SET utf8mb3 COLLATE utf8mb3_general_ci NOT NULL,
  `defaultvalue` text CHARACTER SET utf8mb3 COLLATE utf8mb3_general_ci NULL,
  `required` int NOT NULL DEFAULT 0,
  `sequence` int NULL DEFAULT NULL,
  `hidden` int NULL DEFAULT NULL,
  PRIMARY KEY (`id`) USING BTREE,
  INDEX `webforms_webforms_field_idx`(`id` ASC) USING BTREE,
  INDEX `fk_1_vtiger_webforms_field`(`webformid` ASC) USING BTREE,
  INDEX `fk_2_vtiger_webforms_field`(`fieldname` ASC) USING BTREE,
  CONSTRAINT `fk_1_vtiger_webforms_field` FOREIGN KEY (`webformid`) REFERENCES `vtiger_webforms` (`id`) ON DELETE CASCADE ON UPDATE RESTRICT,
  CONSTRAINT `fk_3_vtiger_webforms_field` FOREIGN KEY (`fieldname`) REFERENCES `vtiger_field` (`fieldname`) ON DELETE CASCADE ON UPDATE RESTRICT
) ENGINE = InnoDB AUTO_INCREMENT = 1 CHARACTER SET = utf8mb3 COLLATE = utf8mb3_general_ci ROW_FORMAT = Dynamic;

-- ----------------------------
-- Records of vtiger_webforms_field
-- ----------------------------

-- ----------------------------
-- Table structure for vtiger_wordtemplates
-- ----------------------------
DROP TABLE IF EXISTS `vtiger_wordtemplates`;
CREATE TABLE `vtiger_wordtemplates`  (
  `templateid` int NOT NULL,
  `filename` varchar(100) CHARACTER SET utf8mb3 COLLATE utf8mb3_general_ci NOT NULL,
  `module` varchar(30) CHARACTER SET utf8mb3 COLLATE utf8mb3_general_ci NOT NULL,
  `date_entered` timestamp NOT NULL,
  `parent_type` varchar(50) CHARACTER SET utf8mb3 COLLATE utf8mb3_general_ci NOT NULL,
  `data` longblob NOT NULL,
  `description` text CHARACTER SET utf8mb3 COLLATE utf8mb3_general_ci NULL,
  `filesize` varchar(50) CHARACTER SET utf8mb3 COLLATE utf8mb3_general_ci NOT NULL,
  `filetype` varchar(20) CHARACTER SET utf8mb3 COLLATE utf8mb3_general_ci NOT NULL,
  `deleted` int NOT NULL DEFAULT 0,
  PRIMARY KEY (`templateid`) USING BTREE
) ENGINE = InnoDB CHARACTER SET = utf8mb3 COLLATE = utf8mb3_general_ci ROW_FORMAT = Dynamic;

-- ----------------------------
-- Records of vtiger_wordtemplates
-- ----------------------------

-- ----------------------------
-- Table structure for vtiger_ws_entity
-- ----------------------------
DROP TABLE IF EXISTS `vtiger_ws_entity`;
CREATE TABLE `vtiger_ws_entity`  (
  `id` int NOT NULL AUTO_INCREMENT,
  `name` varchar(25) CHARACTER SET utf8mb3 COLLATE utf8mb3_general_ci NOT NULL,
  `handler_path` varchar(255) CHARACTER SET utf8mb3 COLLATE utf8mb3_general_ci NOT NULL,
  `handler_class` varchar(64) CHARACTER SET utf8mb3 COLLATE utf8mb3_general_ci NOT NULL,
  `ismodule` int NOT NULL,
  PRIMARY KEY (`id`) USING BTREE
) ENGINE = InnoDB AUTO_INCREMENT = 36 CHARACTER SET = utf8mb3 COLLATE = utf8mb3_general_ci ROW_FORMAT = Dynamic;

-- ----------------------------
-- Records of vtiger_ws_entity
-- ----------------------------
INSERT INTO `vtiger_ws_entity` VALUES (1, 'Faq', 'include/Webservices/VtigerModuleOperation.php', 'VtigerModuleOperation', 1);
INSERT INTO `vtiger_ws_entity` VALUES (2, 'Vendors', 'include/Webservices/VtigerModuleOperation.php', 'VtigerModuleOperation', 1);
INSERT INTO `vtiger_ws_entity` VALUES (3, 'PriceBooks', 'include/Webservices/VtigerModuleOperation.php', 'VtigerModuleOperation', 1);
INSERT INTO `vtiger_ws_entity` VALUES (4, 'Quotes', 'include/Webservices/LineItem/VtigerInventoryOperation.php', 'VtigerInventoryOperation', 1);
INSERT INTO `vtiger_ws_entity` VALUES (5, 'PurchaseOrder', 'include/Webservices/LineItem/VtigerInventoryOperation.php', 'VtigerInventoryOperation', 1);
INSERT INTO `vtiger_ws_entity` VALUES (6, 'SalesOrder', 'include/Webservices/LineItem/VtigerInventoryOperation.php', 'VtigerInventoryOperation', 1);
INSERT INTO `vtiger_ws_entity` VALUES (7, 'Invoice', 'include/Webservices/LineItem/VtigerInventoryOperation.php', 'VtigerInventoryOperation', 1);
INSERT INTO `vtiger_ws_entity` VALUES (8, 'Campaigns', 'include/Webservices/VtigerModuleOperation.php', 'VtigerModuleOperation', 1);
INSERT INTO `vtiger_ws_entity` VALUES (9, 'Calendar', 'include/Webservices/VtigerModuleOperation.php', 'VtigerModuleOperation', 1);
INSERT INTO `vtiger_ws_entity` VALUES (10, 'Leads', 'include/Webservices/VtigerModuleOperation.php', 'VtigerModuleOperation', 1);
INSERT INTO `vtiger_ws_entity` VALUES (11, 'Accounts', 'include/Webservices/VtigerModuleOperation.php', 'VtigerModuleOperation', 1);
INSERT INTO `vtiger_ws_entity` VALUES (12, 'Contacts', 'include/Webservices/VtigerModuleOperation.php', 'VtigerModuleOperation', 1);
INSERT INTO `vtiger_ws_entity` VALUES (13, 'Potentials', 'include/Webservices/VtigerModuleOperation.php', 'VtigerModuleOperation', 1);
INSERT INTO `vtiger_ws_entity` VALUES (14, 'Products', 'include/Webservices/VtigerProductOperation.php', 'VtigerProductOperation', 1);
INSERT INTO `vtiger_ws_entity` VALUES (15, 'Documents', 'include/Webservices/VtigerModuleOperation.php', 'VtigerModuleOperation', 1);
INSERT INTO `vtiger_ws_entity` VALUES (16, 'Emails', 'include/Webservices/VtigerModuleOperation.php', 'VtigerModuleOperation', 1);
INSERT INTO `vtiger_ws_entity` VALUES (17, 'HelpDesk', 'include/Webservices/VtigerModuleOperation.php', 'VtigerModuleOperation', 1);
INSERT INTO `vtiger_ws_entity` VALUES (18, 'Events', 'include/Webservices/VtigerModuleOperation.php', 'VtigerModuleOperation', 1);
INSERT INTO `vtiger_ws_entity` VALUES (19, 'Users', 'include/Webservices/VtigerModuleOperation.php', 'VtigerModuleOperation', 1);
INSERT INTO `vtiger_ws_entity` VALUES (20, 'Groups', 'include/Webservices/VtigerActorOperation.php', 'VtigerActorOperation', 0);
INSERT INTO `vtiger_ws_entity` VALUES (21, 'Currency', 'include/Webservices/VtigerActorOperation.php', 'VtigerActorOperation', 0);
INSERT INTO `vtiger_ws_entity` VALUES (22, 'DocumentFolders', 'include/Webservices/VtigerActorOperation.php', 'VtigerActorOperation', 0);
INSERT INTO `vtiger_ws_entity` VALUES (23, 'CompanyDetails', 'include/Webservices/VtigerCompanyDetails.php', 'VtigerCompanyDetails', 0);
INSERT INTO `vtiger_ws_entity` VALUES (24, 'PBXManager', 'include/Webservices/VtigerModuleOperation.php', 'VtigerModuleOperation', 1);
INSERT INTO `vtiger_ws_entity` VALUES (25, 'ServiceContracts', 'include/Webservices/VtigerModuleOperation.php', 'VtigerModuleOperation', 1);
INSERT INTO `vtiger_ws_entity` VALUES (26, 'Services', 'include/Webservices/VtigerProductOperation.php', 'VtigerProductOperation', 1);
INSERT INTO `vtiger_ws_entity` VALUES (27, 'Assets', 'include/Webservices/VtigerModuleOperation.php', 'VtigerModuleOperation', 1);
INSERT INTO `vtiger_ws_entity` VALUES (28, 'ModComments', 'include/Webservices/VtigerModuleOperation.php', 'VtigerModuleOperation', 1);
INSERT INTO `vtiger_ws_entity` VALUES (29, 'ProjectMilestone', 'include/Webservices/VtigerModuleOperation.php', 'VtigerModuleOperation', 1);
INSERT INTO `vtiger_ws_entity` VALUES (30, 'ProjectTask', 'include/Webservices/VtigerModuleOperation.php', 'VtigerModuleOperation', 1);
INSERT INTO `vtiger_ws_entity` VALUES (31, 'Project', 'include/Webservices/VtigerModuleOperation.php', 'VtigerModuleOperation', 1);
INSERT INTO `vtiger_ws_entity` VALUES (32, 'SMSNotifier', 'include/Webservices/VtigerModuleOperation.php', 'VtigerModuleOperation', 1);
INSERT INTO `vtiger_ws_entity` VALUES (33, 'LineItem', 'include/Webservices/LineItem/VtigerLineItemOperation.php', 'VtigerLineItemOperation', 0);
INSERT INTO `vtiger_ws_entity` VALUES (34, 'Tax', 'include/Webservices/LineItem/VtigerTaxOperation.php', 'VtigerTaxOperation', 0);
INSERT INTO `vtiger_ws_entity` VALUES (35, 'ProductTaxes', 'include/Webservices/LineItem/VtigerProductTaxesOperation.php', 'VtigerProductTaxesOperation', 0);

-- ----------------------------
-- Table structure for vtiger_ws_entity_fieldtype
-- ----------------------------
DROP TABLE IF EXISTS `vtiger_ws_entity_fieldtype`;
CREATE TABLE `vtiger_ws_entity_fieldtype`  (
  `fieldtypeid` int NOT NULL AUTO_INCREMENT,
  `table_name` varchar(50) CHARACTER SET utf8mb3 COLLATE utf8mb3_general_ci NOT NULL,
  `field_name` varchar(50) CHARACTER SET utf8mb3 COLLATE utf8mb3_general_ci NOT NULL,
  `fieldtype` varchar(200) CHARACTER SET utf8mb3 COLLATE utf8mb3_general_ci NOT NULL,
  PRIMARY KEY (`fieldtypeid`) USING BTREE,
  UNIQUE INDEX `vtiger_idx_1_tablename_fieldname`(`table_name` ASC, `field_name` ASC) USING BTREE
) ENGINE = InnoDB AUTO_INCREMENT = 11 CHARACTER SET = utf8mb3 COLLATE = utf8mb3_general_ci ROW_FORMAT = Dynamic;

-- ----------------------------
-- Records of vtiger_ws_entity_fieldtype
-- ----------------------------
INSERT INTO `vtiger_ws_entity_fieldtype` VALUES (1, 'vtiger_attachmentsfolder', 'createdby', 'reference');
INSERT INTO `vtiger_ws_entity_fieldtype` VALUES (2, 'vtiger_organizationdetails', 'logoname', 'file');
INSERT INTO `vtiger_ws_entity_fieldtype` VALUES (3, 'vtiger_organizationdetails', 'phone', 'phone');
INSERT INTO `vtiger_ws_entity_fieldtype` VALUES (4, 'vtiger_organizationdetails', 'fax', 'phone');
INSERT INTO `vtiger_ws_entity_fieldtype` VALUES (5, 'vtiger_organizationdetails', 'website', 'url');
INSERT INTO `vtiger_ws_entity_fieldtype` VALUES (6, 'vtiger_inventoryproductrel', 'productid', 'reference');
INSERT INTO `vtiger_ws_entity_fieldtype` VALUES (7, 'vtiger_inventoryproductrel', 'id', 'reference');
INSERT INTO `vtiger_ws_entity_fieldtype` VALUES (8, 'vtiger_inventoryproductrel', 'incrementondel', 'autogenerated');
INSERT INTO `vtiger_ws_entity_fieldtype` VALUES (9, 'vtiger_producttaxrel', 'productid', 'reference');
INSERT INTO `vtiger_ws_entity_fieldtype` VALUES (10, 'vtiger_producttaxrel', 'taxid', 'reference');

-- ----------------------------
-- Table structure for vtiger_ws_entity_fieldtype_seq
-- ----------------------------
DROP TABLE IF EXISTS `vtiger_ws_entity_fieldtype_seq`;
CREATE TABLE `vtiger_ws_entity_fieldtype_seq`  (
  `id` int NOT NULL
) ENGINE = InnoDB CHARACTER SET = utf8mb4 COLLATE = utf8mb4_0900_ai_ci ROW_FORMAT = Dynamic;

-- ----------------------------
-- Records of vtiger_ws_entity_fieldtype_seq
-- ----------------------------
INSERT INTO `vtiger_ws_entity_fieldtype_seq` VALUES (10);

-- ----------------------------
-- Table structure for vtiger_ws_entity_name
-- ----------------------------
DROP TABLE IF EXISTS `vtiger_ws_entity_name`;
CREATE TABLE `vtiger_ws_entity_name`  (
  `entity_id` int NOT NULL,
  `name_fields` varchar(50) CHARACTER SET utf8mb3 COLLATE utf8mb3_general_ci NOT NULL,
  `index_field` varchar(50) CHARACTER SET utf8mb3 COLLATE utf8mb3_general_ci NOT NULL,
  `table_name` varchar(50) CHARACTER SET utf8mb3 COLLATE utf8mb3_general_ci NOT NULL,
  PRIMARY KEY (`entity_id`) USING BTREE
) ENGINE = InnoDB CHARACTER SET = utf8mb3 COLLATE = utf8mb3_general_ci ROW_FORMAT = Dynamic;

-- ----------------------------
-- Records of vtiger_ws_entity_name
-- ----------------------------
INSERT INTO `vtiger_ws_entity_name` VALUES (20, 'groupname', 'groupid', 'vtiger_groups');
INSERT INTO `vtiger_ws_entity_name` VALUES (21, 'currency_name', 'id', 'vtiger_currency_info');
INSERT INTO `vtiger_ws_entity_name` VALUES (22, 'foldername', 'folderid', 'vtiger_attachmentsfolder');
INSERT INTO `vtiger_ws_entity_name` VALUES (23, 'organizationname', 'groupid', 'vtiger_organizationdetails');
INSERT INTO `vtiger_ws_entity_name` VALUES (34, 'taxlabel', 'taxid', 'vtiger_inventorytaxinfo');

-- ----------------------------
-- Table structure for vtiger_ws_entity_referencetype
-- ----------------------------
DROP TABLE IF EXISTS `vtiger_ws_entity_referencetype`;
CREATE TABLE `vtiger_ws_entity_referencetype`  (
  `fieldtypeid` int NOT NULL,
  `type` varchar(25) CHARACTER SET utf8mb3 COLLATE utf8mb3_general_ci NOT NULL,
  PRIMARY KEY (`fieldtypeid`, `type`) USING BTREE,
  CONSTRAINT `vtiger_fk_1_actors_referencetype` FOREIGN KEY (`fieldtypeid`) REFERENCES `vtiger_ws_entity_fieldtype` (`fieldtypeid`) ON DELETE CASCADE ON UPDATE RESTRICT
) ENGINE = InnoDB CHARACTER SET = utf8mb3 COLLATE = utf8mb3_general_ci ROW_FORMAT = Dynamic;

-- ----------------------------
-- Records of vtiger_ws_entity_referencetype
-- ----------------------------
INSERT INTO `vtiger_ws_entity_referencetype` VALUES (5, 'Users');
INSERT INTO `vtiger_ws_entity_referencetype` VALUES (6, 'Products');
INSERT INTO `vtiger_ws_entity_referencetype` VALUES (7, 'Invoice');
INSERT INTO `vtiger_ws_entity_referencetype` VALUES (7, 'PurchaseOrder');
INSERT INTO `vtiger_ws_entity_referencetype` VALUES (7, 'Quotes');
INSERT INTO `vtiger_ws_entity_referencetype` VALUES (7, 'SalesOrder');
INSERT INTO `vtiger_ws_entity_referencetype` VALUES (9, 'Products');
INSERT INTO `vtiger_ws_entity_referencetype` VALUES (10, 'Tax');

-- ----------------------------
-- Table structure for vtiger_ws_entity_seq
-- ----------------------------
DROP TABLE IF EXISTS `vtiger_ws_entity_seq`;
CREATE TABLE `vtiger_ws_entity_seq`  (
  `id` int NOT NULL
) ENGINE = InnoDB CHARACTER SET = utf8mb4 COLLATE = utf8mb4_0900_ai_ci ROW_FORMAT = Dynamic;

-- ----------------------------
-- Records of vtiger_ws_entity_seq
-- ----------------------------
INSERT INTO `vtiger_ws_entity_seq` VALUES (35);

-- ----------------------------
-- Table structure for vtiger_ws_entity_tables
-- ----------------------------
DROP TABLE IF EXISTS `vtiger_ws_entity_tables`;
CREATE TABLE `vtiger_ws_entity_tables`  (
  `webservice_entity_id` int NOT NULL,
  `table_name` varchar(50) CHARACTER SET utf8mb3 COLLATE utf8mb3_general_ci NOT NULL,
  PRIMARY KEY (`webservice_entity_id`, `table_name`) USING BTREE,
  CONSTRAINT `fk_1_vtiger_ws_actor_tables` FOREIGN KEY (`webservice_entity_id`) REFERENCES `vtiger_ws_entity` (`id`) ON DELETE CASCADE ON UPDATE RESTRICT
) ENGINE = InnoDB CHARACTER SET = utf8mb3 COLLATE = utf8mb3_general_ci ROW_FORMAT = Dynamic;

-- ----------------------------
-- Records of vtiger_ws_entity_tables
-- ----------------------------
INSERT INTO `vtiger_ws_entity_tables` VALUES (20, 'vtiger_groups');
INSERT INTO `vtiger_ws_entity_tables` VALUES (21, 'vtiger_currency_info');
INSERT INTO `vtiger_ws_entity_tables` VALUES (22, 'vtiger_attachmentsfolder');
INSERT INTO `vtiger_ws_entity_tables` VALUES (23, 'vtiger_organizationdetails');
INSERT INTO `vtiger_ws_entity_tables` VALUES (33, 'vtiger_inventoryproductrel');
INSERT INTO `vtiger_ws_entity_tables` VALUES (34, 'vtiger_inventorytaxinfo');
INSERT INTO `vtiger_ws_entity_tables` VALUES (35, 'vtiger_producttaxrel');

-- ----------------------------
-- Table structure for vtiger_ws_fieldinfo
-- ----------------------------
DROP TABLE IF EXISTS `vtiger_ws_fieldinfo`;
CREATE TABLE `vtiger_ws_fieldinfo`  (
  `id` varchar(64) CHARACTER SET utf8mb3 COLLATE utf8mb3_general_ci NOT NULL,
  `property_name` varchar(32) CHARACTER SET utf8mb3 COLLATE utf8mb3_general_ci NULL DEFAULT NULL,
  `property_value` varchar(64) CHARACTER SET utf8mb3 COLLATE utf8mb3_general_ci NULL DEFAULT NULL,
  PRIMARY KEY (`id`) USING BTREE
) ENGINE = InnoDB CHARACTER SET = utf8mb3 COLLATE = utf8mb3_general_ci ROW_FORMAT = Dynamic;

-- ----------------------------
-- Records of vtiger_ws_fieldinfo
-- ----------------------------
INSERT INTO `vtiger_ws_fieldinfo` VALUES ('vtiger_organizationdetails.organization_id', 'upload.path', '1');

-- ----------------------------
-- Table structure for vtiger_ws_fieldtype
-- ----------------------------
DROP TABLE IF EXISTS `vtiger_ws_fieldtype`;
CREATE TABLE `vtiger_ws_fieldtype`  (
  `fieldtypeid` int NOT NULL AUTO_INCREMENT,
  `uitype` varchar(30) CHARACTER SET utf8mb3 COLLATE utf8mb3_general_ci NOT NULL,
  `fieldtype` varchar(200) CHARACTER SET utf8mb3 COLLATE utf8mb3_general_ci NOT NULL,
  PRIMARY KEY (`fieldtypeid`) USING BTREE,
  UNIQUE INDEX `uitype_idx`(`uitype` ASC) USING BTREE
) ENGINE = InnoDB AUTO_INCREMENT = 42 CHARACTER SET = utf8mb3 COLLATE = utf8mb3_general_ci ROW_FORMAT = Dynamic;

-- ----------------------------
-- Records of vtiger_ws_fieldtype
-- ----------------------------
INSERT INTO `vtiger_ws_fieldtype` VALUES (1, '15', 'picklist');
INSERT INTO `vtiger_ws_fieldtype` VALUES (2, '16', 'picklist');
INSERT INTO `vtiger_ws_fieldtype` VALUES (3, '19', 'text');
INSERT INTO `vtiger_ws_fieldtype` VALUES (4, '20', 'text');
INSERT INTO `vtiger_ws_fieldtype` VALUES (5, '21', 'text');
INSERT INTO `vtiger_ws_fieldtype` VALUES (6, '24', 'text');
INSERT INTO `vtiger_ws_fieldtype` VALUES (7, '3', 'autogenerated');
INSERT INTO `vtiger_ws_fieldtype` VALUES (8, '11', 'phone');
INSERT INTO `vtiger_ws_fieldtype` VALUES (9, '33', 'multipicklist');
INSERT INTO `vtiger_ws_fieldtype` VALUES (10, '17', 'url');
INSERT INTO `vtiger_ws_fieldtype` VALUES (11, '85', 'skype');
INSERT INTO `vtiger_ws_fieldtype` VALUES (12, '56', 'boolean');
INSERT INTO `vtiger_ws_fieldtype` VALUES (13, '156', 'boolean');
INSERT INTO `vtiger_ws_fieldtype` VALUES (14, '53', 'owner');
INSERT INTO `vtiger_ws_fieldtype` VALUES (15, '61', 'file');
INSERT INTO `vtiger_ws_fieldtype` VALUES (16, '28', 'file');
INSERT INTO `vtiger_ws_fieldtype` VALUES (17, '13', 'email');
INSERT INTO `vtiger_ws_fieldtype` VALUES (18, '71', 'currency');
INSERT INTO `vtiger_ws_fieldtype` VALUES (19, '72', 'currency');
INSERT INTO `vtiger_ws_fieldtype` VALUES (20, '50', 'reference');
INSERT INTO `vtiger_ws_fieldtype` VALUES (21, '51', 'reference');
INSERT INTO `vtiger_ws_fieldtype` VALUES (22, '57', 'reference');
INSERT INTO `vtiger_ws_fieldtype` VALUES (23, '58', 'reference');
INSERT INTO `vtiger_ws_fieldtype` VALUES (24, '73', 'reference');
INSERT INTO `vtiger_ws_fieldtype` VALUES (25, '75', 'reference');
INSERT INTO `vtiger_ws_fieldtype` VALUES (26, '76', 'reference');
INSERT INTO `vtiger_ws_fieldtype` VALUES (27, '78', 'reference');
INSERT INTO `vtiger_ws_fieldtype` VALUES (28, '80', 'reference');
INSERT INTO `vtiger_ws_fieldtype` VALUES (29, '81', 'reference');
INSERT INTO `vtiger_ws_fieldtype` VALUES (30, '101', 'reference');
INSERT INTO `vtiger_ws_fieldtype` VALUES (31, '52', 'reference');
INSERT INTO `vtiger_ws_fieldtype` VALUES (32, '357', 'reference');
INSERT INTO `vtiger_ws_fieldtype` VALUES (33, '59', 'reference');
INSERT INTO `vtiger_ws_fieldtype` VALUES (34, '66', 'reference');
INSERT INTO `vtiger_ws_fieldtype` VALUES (35, '77', 'reference');
INSERT INTO `vtiger_ws_fieldtype` VALUES (36, '68', 'reference');
INSERT INTO `vtiger_ws_fieldtype` VALUES (37, '117', 'reference');
INSERT INTO `vtiger_ws_fieldtype` VALUES (38, '26', 'reference');
INSERT INTO `vtiger_ws_fieldtype` VALUES (39, '10', 'reference');
INSERT INTO `vtiger_ws_fieldtype` VALUES (40, '98', 'reference');
INSERT INTO `vtiger_ws_fieldtype` VALUES (41, '69', 'image');

-- ----------------------------
-- Table structure for vtiger_ws_operation
-- ----------------------------
DROP TABLE IF EXISTS `vtiger_ws_operation`;
CREATE TABLE `vtiger_ws_operation`  (
  `operationid` int NOT NULL AUTO_INCREMENT,
  `name` varchar(128) CHARACTER SET utf8mb3 COLLATE utf8mb3_general_ci NOT NULL,
  `handler_path` varchar(255) CHARACTER SET utf8mb3 COLLATE utf8mb3_general_ci NOT NULL,
  `handler_method` varchar(64) CHARACTER SET utf8mb3 COLLATE utf8mb3_general_ci NOT NULL,
  `type` varchar(8) CHARACTER SET utf8mb3 COLLATE utf8mb3_general_ci NOT NULL,
  `prelogin` int NOT NULL,
  PRIMARY KEY (`operationid`) USING BTREE
) ENGINE = InnoDB AUTO_INCREMENT = 39 CHARACTER SET = utf8mb3 COLLATE = utf8mb3_general_ci ROW_FORMAT = Dynamic;

-- ----------------------------
-- Records of vtiger_ws_operation
-- ----------------------------
INSERT INTO `vtiger_ws_operation` VALUES (1, 'login', 'include/Webservices/Login.php', 'vtws_login', 'POST', 1);
INSERT INTO `vtiger_ws_operation` VALUES (2, 'retrieve', 'include/Webservices/Retrieve.php', 'vtws_retrieve', 'GET', 0);
INSERT INTO `vtiger_ws_operation` VALUES (3, 'create', 'include/Webservices/Create.php', 'vtws_create', 'POST', 0);
INSERT INTO `vtiger_ws_operation` VALUES (4, 'update', 'include/Webservices/Update.php', 'vtws_update', 'POST', 0);
INSERT INTO `vtiger_ws_operation` VALUES (5, 'delete', 'include/Webservices/Delete.php', 'vtws_delete', 'POST', 0);
INSERT INTO `vtiger_ws_operation` VALUES (6, 'sync', 'include/Webservices/GetUpdates.php', 'vtws_sync', 'GET', 0);
INSERT INTO `vtiger_ws_operation` VALUES (7, 'query', 'include/Webservices/Query.php', 'vtws_query', 'GET', 0);
INSERT INTO `vtiger_ws_operation` VALUES (8, 'logout', 'include/Webservices/Logout.php', 'vtws_logout', 'POST', 0);
INSERT INTO `vtiger_ws_operation` VALUES (9, 'listtypes', 'include/Webservices/ModuleTypes.php', 'vtws_listtypes', 'GET', 0);
INSERT INTO `vtiger_ws_operation` VALUES (10, 'getchallenge', 'include/Webservices/AuthToken.php', 'vtws_getchallenge', 'GET', 1);
INSERT INTO `vtiger_ws_operation` VALUES (11, 'describe', 'include/Webservices/DescribeObject.php', 'vtws_describe', 'GET', 0);
INSERT INTO `vtiger_ws_operation` VALUES (12, 'extendsession', 'include/Webservices/ExtendSession.php', 'vtws_extendSession', 'POST', 1);
INSERT INTO `vtiger_ws_operation` VALUES (13, 'convertlead', 'include/Webservices/ConvertLead.php', 'vtws_convertlead', 'POST', 0);
INSERT INTO `vtiger_ws_operation` VALUES (14, 'revise', 'include/Webservices/Revise.php', 'vtws_revise', 'POST', 0);
INSERT INTO `vtiger_ws_operation` VALUES (15, 'changePassword', 'include/Webservices/ChangePassword.php', 'vtws_changePassword', 'POST', 0);
INSERT INTO `vtiger_ws_operation` VALUES (16, 'deleteUser', 'include/Webservices/DeleteUser.php', 'vtws_deleteUser', 'POST', 0);
INSERT INTO `vtiger_ws_operation` VALUES (17, 'mobile.fetchallalerts', 'modules/Mobile/api/wsapi.php', 'mobile_ws_fetchAllAlerts', 'POST', 0);
INSERT INTO `vtiger_ws_operation` VALUES (18, 'mobile.alertdetailswithmessage', 'modules/Mobile/api/wsapi.php', 'mobile_ws_alertDetailsWithMessage', 'POST', 0);
INSERT INTO `vtiger_ws_operation` VALUES (19, 'mobile.fetchmodulefilters', 'modules/Mobile/api/wsapi.php', 'mobile_ws_fetchModuleFilters', 'POST', 0);
INSERT INTO `vtiger_ws_operation` VALUES (20, 'mobile.fetchrecord', 'modules/Mobile/api/wsapi.php', 'mobile_ws_fetchRecord', 'POST', 0);
INSERT INTO `vtiger_ws_operation` VALUES (21, 'mobile.fetchrecordwithgrouping', 'modules/Mobile/api/wsapi.php', 'mobile_ws_fetchRecordWithGrouping', 'POST', 0);
INSERT INTO `vtiger_ws_operation` VALUES (22, 'mobile.filterdetailswithcount', 'modules/Mobile/api/wsapi.php', 'mobile_ws_filterDetailsWithCount', 'POST', 0);
INSERT INTO `vtiger_ws_operation` VALUES (23, 'mobile.listmodulerecords', 'modules/Mobile/api/wsapi.php', 'mobile_ws_listModuleRecords', 'POST', 0);
INSERT INTO `vtiger_ws_operation` VALUES (24, 'mobile.saverecord', 'modules/Mobile/api/wsapi.php', 'mobile_ws_saveRecord', 'POST', 0);
INSERT INTO `vtiger_ws_operation` VALUES (25, 'mobile.syncModuleRecords', 'modules/Mobile/api/wsapi.php', 'mobile_ws_syncModuleRecords', 'POST', 0);
INSERT INTO `vtiger_ws_operation` VALUES (26, 'mobile.query', 'modules/Mobile/api/wsapi.php', 'mobile_ws_query', 'POST', 0);
INSERT INTO `vtiger_ws_operation` VALUES (27, 'mobile.querywithgrouping', 'modules/Mobile/api/wsapi.php', 'mobile_ws_queryWithGrouping', 'POST', 0);
INSERT INTO `vtiger_ws_operation` VALUES (28, 'wsapp_register', 'modules/WSAPP/api/ws/Register.php', 'wsapp_register', 'POST', 0);
INSERT INTO `vtiger_ws_operation` VALUES (29, 'wsapp_deregister', 'modules/WSAPP/api/ws/DeRegister.php', 'wsapp_deregister', 'POST', 0);
INSERT INTO `vtiger_ws_operation` VALUES (30, 'wsapp_get', 'modules/WSAPP/api/ws/Get.php', 'wsapp_get', 'POST', 0);
INSERT INTO `vtiger_ws_operation` VALUES (31, 'wsapp_put', 'modules/WSAPP/api/ws/Put.php', 'wsapp_put', 'POST', 0);
INSERT INTO `vtiger_ws_operation` VALUES (32, 'wsapp_map', 'modules/WSAPP/api/ws/Map.php', 'wsapp_map', 'POST', 0);
INSERT INTO `vtiger_ws_operation` VALUES (33, 'retrieve_inventory', 'include/Webservices/LineItem/RetrieveInventory.php', 'vtws_retrieve_inventory', 'GET', 0);
INSERT INTO `vtiger_ws_operation` VALUES (34, 'relatedtypes', 'include/Webservices/RelatedTypes.php', 'vtws_relatedtypes', 'GET', 0);
INSERT INTO `vtiger_ws_operation` VALUES (35, 'retrieve_related', 'include/Webservices/RetrieveRelated.php', 'vtws_retrieve_related', 'GET', 0);
INSERT INTO `vtiger_ws_operation` VALUES (36, 'query_related', 'include/Webservices/QueryRelated.php', 'vtws_query_related', 'GET', 0);
INSERT INTO `vtiger_ws_operation` VALUES (37, 'add_related', 'include/Webservices/AddRelated.php', 'vtws_add_related', 'POST', 0);
INSERT INTO `vtiger_ws_operation` VALUES (38, 'files_retrieve', 'include/Webservices/FileRetrieve.php', 'vtws_file_retrieve', 'GET', 0);

-- ----------------------------
-- Table structure for vtiger_ws_operation_parameters
-- ----------------------------
DROP TABLE IF EXISTS `vtiger_ws_operation_parameters`;
CREATE TABLE `vtiger_ws_operation_parameters`  (
  `operationid` int NOT NULL AUTO_INCREMENT,
  `name` varchar(128) CHARACTER SET utf8mb3 COLLATE utf8mb3_general_ci NOT NULL,
  `type` varchar(64) CHARACTER SET utf8mb3 COLLATE utf8mb3_general_ci NOT NULL,
  `sequence` int NOT NULL,
  PRIMARY KEY (`operationid`, `name`) USING BTREE
) ENGINE = InnoDB AUTO_INCREMENT = 39 CHARACTER SET = utf8mb3 COLLATE = utf8mb3_general_ci ROW_FORMAT = Dynamic;

-- ----------------------------
-- Records of vtiger_ws_operation_parameters
-- ----------------------------
INSERT INTO `vtiger_ws_operation_parameters` VALUES (1, 'accessKey', 'String', 2);
INSERT INTO `vtiger_ws_operation_parameters` VALUES (1, 'username', 'String', 1);
INSERT INTO `vtiger_ws_operation_parameters` VALUES (2, 'id', 'String', 1);
INSERT INTO `vtiger_ws_operation_parameters` VALUES (3, 'element', 'encoded', 2);
INSERT INTO `vtiger_ws_operation_parameters` VALUES (3, 'elementType', 'String', 1);
INSERT INTO `vtiger_ws_operation_parameters` VALUES (4, 'element', 'encoded', 1);
INSERT INTO `vtiger_ws_operation_parameters` VALUES (5, 'id', 'String', 1);
INSERT INTO `vtiger_ws_operation_parameters` VALUES (6, 'elementType', 'String', 2);
INSERT INTO `vtiger_ws_operation_parameters` VALUES (6, 'modifiedTime', 'DateTime', 1);
INSERT INTO `vtiger_ws_operation_parameters` VALUES (7, 'query', 'String', 1);
INSERT INTO `vtiger_ws_operation_parameters` VALUES (8, 'sessionName', 'String', 1);
INSERT INTO `vtiger_ws_operation_parameters` VALUES (9, 'fieldTypeList', 'encoded', 1);
INSERT INTO `vtiger_ws_operation_parameters` VALUES (10, 'username', 'String', 1);
INSERT INTO `vtiger_ws_operation_parameters` VALUES (11, 'elementType', 'String', 1);
INSERT INTO `vtiger_ws_operation_parameters` VALUES (13, 'element', 'encoded', 1);
INSERT INTO `vtiger_ws_operation_parameters` VALUES (14, 'element', 'Encoded', 1);
INSERT INTO `vtiger_ws_operation_parameters` VALUES (15, 'confirmPassword', 'String', 4);
INSERT INTO `vtiger_ws_operation_parameters` VALUES (15, 'id', 'String', 1);
INSERT INTO `vtiger_ws_operation_parameters` VALUES (15, 'newPassword', 'String', 3);
INSERT INTO `vtiger_ws_operation_parameters` VALUES (15, 'oldPassword', 'String', 2);
INSERT INTO `vtiger_ws_operation_parameters` VALUES (16, 'id', 'String', 1);
INSERT INTO `vtiger_ws_operation_parameters` VALUES (16, 'newOwnerId', 'String', 2);
INSERT INTO `vtiger_ws_operation_parameters` VALUES (18, 'alertid', 'string', 1);
INSERT INTO `vtiger_ws_operation_parameters` VALUES (19, 'module', 'string', 1);
INSERT INTO `vtiger_ws_operation_parameters` VALUES (20, 'record', 'string', 1);
INSERT INTO `vtiger_ws_operation_parameters` VALUES (21, 'record', 'string', 1);
INSERT INTO `vtiger_ws_operation_parameters` VALUES (22, 'filterid', 'string', 1);
INSERT INTO `vtiger_ws_operation_parameters` VALUES (23, 'elements', 'encoded', 1);
INSERT INTO `vtiger_ws_operation_parameters` VALUES (24, 'module', 'string', 1);
INSERT INTO `vtiger_ws_operation_parameters` VALUES (24, 'record', 'string', 2);
INSERT INTO `vtiger_ws_operation_parameters` VALUES (24, 'values', 'encoded', 3);
INSERT INTO `vtiger_ws_operation_parameters` VALUES (25, 'module', 'string', 1);
INSERT INTO `vtiger_ws_operation_parameters` VALUES (25, 'page', 'string', 3);
INSERT INTO `vtiger_ws_operation_parameters` VALUES (25, 'syncToken', 'string', 2);
INSERT INTO `vtiger_ws_operation_parameters` VALUES (26, 'module', 'string', 1);
INSERT INTO `vtiger_ws_operation_parameters` VALUES (26, 'page', 'string', 3);
INSERT INTO `vtiger_ws_operation_parameters` VALUES (26, 'query', 'string', 2);
INSERT INTO `vtiger_ws_operation_parameters` VALUES (27, 'module', 'string', 1);
INSERT INTO `vtiger_ws_operation_parameters` VALUES (27, 'page', 'string', 3);
INSERT INTO `vtiger_ws_operation_parameters` VALUES (27, 'query', 'string', 2);
INSERT INTO `vtiger_ws_operation_parameters` VALUES (28, 'synctype', 'string', 2);
INSERT INTO `vtiger_ws_operation_parameters` VALUES (28, 'type', 'string', 1);
INSERT INTO `vtiger_ws_operation_parameters` VALUES (29, 'key', 'string', 2);
INSERT INTO `vtiger_ws_operation_parameters` VALUES (29, 'type', 'string', 1);
INSERT INTO `vtiger_ws_operation_parameters` VALUES (30, 'key', 'string', 1);
INSERT INTO `vtiger_ws_operation_parameters` VALUES (30, 'module', 'string', 2);
INSERT INTO `vtiger_ws_operation_parameters` VALUES (30, 'token', 'string', 3);
INSERT INTO `vtiger_ws_operation_parameters` VALUES (31, 'element', 'encoded', 2);
INSERT INTO `vtiger_ws_operation_parameters` VALUES (31, 'key', 'string', 1);
INSERT INTO `vtiger_ws_operation_parameters` VALUES (32, 'element', 'encoded', 2);
INSERT INTO `vtiger_ws_operation_parameters` VALUES (32, 'key', 'string', 1);
INSERT INTO `vtiger_ws_operation_parameters` VALUES (33, 'id', 'String', 1);
INSERT INTO `vtiger_ws_operation_parameters` VALUES (34, 'elementType', 'string', 1);
INSERT INTO `vtiger_ws_operation_parameters` VALUES (35, 'id', 'string', 1);
INSERT INTO `vtiger_ws_operation_parameters` VALUES (35, 'relatedLabel', 'string', 3);
INSERT INTO `vtiger_ws_operation_parameters` VALUES (35, 'relatedType', 'string', 2);
INSERT INTO `vtiger_ws_operation_parameters` VALUES (36, 'id', 'string', 2);
INSERT INTO `vtiger_ws_operation_parameters` VALUES (36, 'query', 'string', 1);
INSERT INTO `vtiger_ws_operation_parameters` VALUES (36, 'relatedLabel', 'string', 3);
INSERT INTO `vtiger_ws_operation_parameters` VALUES (37, 'relatedRecordId', 'string', 2);
INSERT INTO `vtiger_ws_operation_parameters` VALUES (37, 'relationIdLabel', 'string', 3);
INSERT INTO `vtiger_ws_operation_parameters` VALUES (37, 'sourceRecordId', 'string', 1);
INSERT INTO `vtiger_ws_operation_parameters` VALUES (38, 'id', 'string', 1);

-- ----------------------------
-- Table structure for vtiger_ws_operation_seq
-- ----------------------------
DROP TABLE IF EXISTS `vtiger_ws_operation_seq`;
CREATE TABLE `vtiger_ws_operation_seq`  (
  `id` int NOT NULL
) ENGINE = InnoDB CHARACTER SET = utf8mb4 COLLATE = utf8mb4_0900_ai_ci ROW_FORMAT = Dynamic;

-- ----------------------------
-- Records of vtiger_ws_operation_seq
-- ----------------------------
INSERT INTO `vtiger_ws_operation_seq` VALUES (38);

-- ----------------------------
-- Table structure for vtiger_ws_referencetype
-- ----------------------------
DROP TABLE IF EXISTS `vtiger_ws_referencetype`;
CREATE TABLE `vtiger_ws_referencetype`  (
  `fieldtypeid` int NOT NULL,
  `type` varchar(25) CHARACTER SET utf8mb3 COLLATE utf8mb3_general_ci NOT NULL,
  PRIMARY KEY (`fieldtypeid`, `type`) USING BTREE,
  CONSTRAINT `fk_1_vtiger_referencetype` FOREIGN KEY (`fieldtypeid`) REFERENCES `vtiger_ws_fieldtype` (`fieldtypeid`) ON DELETE CASCADE ON UPDATE RESTRICT
) ENGINE = InnoDB CHARACTER SET = utf8mb3 COLLATE = utf8mb3_general_ci ROW_FORMAT = Dynamic;

-- ----------------------------
-- Records of vtiger_ws_referencetype
-- ----------------------------
INSERT INTO `vtiger_ws_referencetype` VALUES (20, 'Accounts');
INSERT INTO `vtiger_ws_referencetype` VALUES (21, 'Accounts');
INSERT INTO `vtiger_ws_referencetype` VALUES (22, 'Contacts');
INSERT INTO `vtiger_ws_referencetype` VALUES (23, 'Campaigns');
INSERT INTO `vtiger_ws_referencetype` VALUES (24, 'Accounts');
INSERT INTO `vtiger_ws_referencetype` VALUES (25, 'Vendors');
INSERT INTO `vtiger_ws_referencetype` VALUES (26, 'Potentials');
INSERT INTO `vtiger_ws_referencetype` VALUES (27, 'Quotes');
INSERT INTO `vtiger_ws_referencetype` VALUES (28, 'SalesOrder');
INSERT INTO `vtiger_ws_referencetype` VALUES (29, 'Vendors');
INSERT INTO `vtiger_ws_referencetype` VALUES (30, 'Users');
INSERT INTO `vtiger_ws_referencetype` VALUES (31, 'Users');
INSERT INTO `vtiger_ws_referencetype` VALUES (32, 'Accounts');
INSERT INTO `vtiger_ws_referencetype` VALUES (32, 'Contacts');
INSERT INTO `vtiger_ws_referencetype` VALUES (32, 'Leads');
INSERT INTO `vtiger_ws_referencetype` VALUES (32, 'Users');
INSERT INTO `vtiger_ws_referencetype` VALUES (32, 'Vendors');
INSERT INTO `vtiger_ws_referencetype` VALUES (33, 'Products');
INSERT INTO `vtiger_ws_referencetype` VALUES (34, 'Accounts');
INSERT INTO `vtiger_ws_referencetype` VALUES (34, 'Campaigns');
INSERT INTO `vtiger_ws_referencetype` VALUES (34, 'HelpDesk');
INSERT INTO `vtiger_ws_referencetype` VALUES (34, 'Invoice');
INSERT INTO `vtiger_ws_referencetype` VALUES (34, 'Leads');
INSERT INTO `vtiger_ws_referencetype` VALUES (34, 'Potentials');
INSERT INTO `vtiger_ws_referencetype` VALUES (34, 'PurchaseOrder');
INSERT INTO `vtiger_ws_referencetype` VALUES (34, 'Quotes');
INSERT INTO `vtiger_ws_referencetype` VALUES (34, 'SalesOrder');
INSERT INTO `vtiger_ws_referencetype` VALUES (35, 'Users');
INSERT INTO `vtiger_ws_referencetype` VALUES (36, 'Accounts');
INSERT INTO `vtiger_ws_referencetype` VALUES (36, 'Contacts');
INSERT INTO `vtiger_ws_referencetype` VALUES (37, 'Currency');
INSERT INTO `vtiger_ws_referencetype` VALUES (38, 'DocumentFolders');

-- ----------------------------
-- Table structure for vtiger_ws_userauthtoken
-- ----------------------------
DROP TABLE IF EXISTS `vtiger_ws_userauthtoken`;
CREATE TABLE `vtiger_ws_userauthtoken`  (
  `userid` int NOT NULL,
  `token` varchar(36) CHARACTER SET utf8mb3 COLLATE utf8mb3_general_ci NOT NULL,
  `expiretime` int NOT NULL,
  PRIMARY KEY (`userid`, `expiretime`) USING BTREE,
  UNIQUE INDEX `userid_idx`(`userid` ASC) USING BTREE
) ENGINE = InnoDB CHARACTER SET = utf8mb3 COLLATE = utf8mb3_general_ci ROW_FORMAT = Dynamic;

-- ----------------------------
-- Records of vtiger_ws_userauthtoken
-- ----------------------------

-- ----------------------------
-- Table structure for vtiger_wsapp
-- ----------------------------
DROP TABLE IF EXISTS `vtiger_wsapp`;
CREATE TABLE `vtiger_wsapp`  (
  `appid` int NOT NULL AUTO_INCREMENT,
  `name` varchar(200) CHARACTER SET utf8mb3 COLLATE utf8mb3_general_ci NOT NULL,
  `appkey` varchar(255) CHARACTER SET utf8mb3 COLLATE utf8mb3_general_ci NULL DEFAULT NULL,
  `type` varchar(100) CHARACTER SET utf8mb3 COLLATE utf8mb3_general_ci NULL DEFAULT NULL,
  PRIMARY KEY (`appid`) USING BTREE
) ENGINE = InnoDB AUTO_INCREMENT = 2 CHARACTER SET = utf8mb3 COLLATE = utf8mb3_general_ci ROW_FORMAT = Dynamic;

-- ----------------------------
-- Records of vtiger_wsapp
-- ----------------------------
INSERT INTO `vtiger_wsapp` VALUES (1, 'vtigerCRM', '6718ec0f9c1cf', 'user');

-- ----------------------------
-- Table structure for vtiger_wsapp_handlerdetails
-- ----------------------------
DROP TABLE IF EXISTS `vtiger_wsapp_handlerdetails`;
CREATE TABLE `vtiger_wsapp_handlerdetails`  (
  `type` varchar(200) CHARACTER SET utf8mb3 COLLATE utf8mb3_general_ci NOT NULL,
  `handlerclass` varchar(100) CHARACTER SET utf8mb3 COLLATE utf8mb3_general_ci NULL DEFAULT NULL,
  `handlerpath` varchar(300) CHARACTER SET utf8mb3 COLLATE utf8mb3_general_ci NULL DEFAULT NULL
) ENGINE = InnoDB CHARACTER SET = utf8mb3 COLLATE = utf8mb3_general_ci ROW_FORMAT = Dynamic;

-- ----------------------------
-- Records of vtiger_wsapp_handlerdetails
-- ----------------------------
INSERT INTO `vtiger_wsapp_handlerdetails` VALUES ('Outlook', 'OutlookHandler', 'modules/WSAPP/Handlers/OutlookHandler.php');
INSERT INTO `vtiger_wsapp_handlerdetails` VALUES ('vtigerCRM', 'vtigerCRMHandler', 'modules/WSAPP/Handlers/vtigerCRMHandler.php');
INSERT INTO `vtiger_wsapp_handlerdetails` VALUES ('vtigerSyncLib', 'WSAPP_VtigerSyncEventHandler', 'modules/WSAPP/synclib/handlers/VtigerSyncEventHandler.php');
INSERT INTO `vtiger_wsapp_handlerdetails` VALUES ('Google_vtigerHandler', 'Google_Vtiger_Handler', 'modules/Google/handlers/Vtiger.php');
INSERT INTO `vtiger_wsapp_handlerdetails` VALUES ('Google_vtigerSyncHandler', 'Google_VtigerSync_Handler', 'modules/Google/handlers/VtigerSync.php');

-- ----------------------------
-- Table structure for vtiger_wsapp_logs_basic
-- ----------------------------
DROP TABLE IF EXISTS `vtiger_wsapp_logs_basic`;
CREATE TABLE `vtiger_wsapp_logs_basic`  (
  `id` int NOT NULL AUTO_INCREMENT,
  `extensiontabid` int NULL DEFAULT NULL,
  `module` varchar(50) CHARACTER SET utf8mb3 COLLATE utf8mb3_general_ci NOT NULL,
  `sync_datetime` datetime NOT NULL,
  `app_create_count` int NULL DEFAULT NULL,
  `app_update_count` int NULL DEFAULT NULL,
  `app_delete_count` int NULL DEFAULT NULL,
  `app_skip_count` int NULL DEFAULT NULL,
  `vt_create_count` int NULL DEFAULT NULL,
  `vt_update_count` int NULL DEFAULT NULL,
  `vt_delete_count` int NULL DEFAULT NULL,
  `vt_skip_count` int NULL DEFAULT NULL,
  `userid` int NULL DEFAULT NULL,
  PRIMARY KEY (`id`) USING BTREE
) ENGINE = InnoDB CHARACTER SET = utf8mb3 COLLATE = utf8mb3_general_ci ROW_FORMAT = Dynamic;

-- ----------------------------
-- Records of vtiger_wsapp_logs_basic
-- ----------------------------

-- ----------------------------
-- Table structure for vtiger_wsapp_logs_details
-- ----------------------------
DROP TABLE IF EXISTS `vtiger_wsapp_logs_details`;
CREATE TABLE `vtiger_wsapp_logs_details`  (
  `id` int NOT NULL,
  `app_create_ids` mediumtext CHARACTER SET utf8mb3 COLLATE utf8mb3_general_ci NULL,
  `app_update_ids` mediumtext CHARACTER SET utf8mb3 COLLATE utf8mb3_general_ci NULL,
  `app_delete_ids` mediumtext CHARACTER SET utf8mb3 COLLATE utf8mb3_general_ci NULL,
  `app_skip_info` mediumtext CHARACTER SET utf8mb3 COLLATE utf8mb3_general_ci NULL,
  `vt_create_ids` mediumtext CHARACTER SET utf8mb3 COLLATE utf8mb3_general_ci NULL,
  `vt_update_ids` mediumtext CHARACTER SET utf8mb3 COLLATE utf8mb3_general_ci NULL,
  `vt_delete_ids` mediumtext CHARACTER SET utf8mb3 COLLATE utf8mb3_general_ci NULL,
  `vt_skip_info` mediumtext CHARACTER SET utf8mb3 COLLATE utf8mb3_general_ci NULL,
  INDEX `vtiger_wsapp_logs_basic_ibfk_1`(`id` ASC) USING BTREE,
  CONSTRAINT `vtiger_wsapp_logs_basic_ibfk_1` FOREIGN KEY (`id`) REFERENCES `vtiger_wsapp_logs_basic` (`id`) ON DELETE CASCADE ON UPDATE RESTRICT
) ENGINE = InnoDB CHARACTER SET = utf8mb3 COLLATE = utf8mb3_general_ci ROW_FORMAT = Dynamic;

-- ----------------------------
-- Records of vtiger_wsapp_logs_details
-- ----------------------------

-- ----------------------------
-- Table structure for vtiger_wsapp_queuerecords
-- ----------------------------
DROP TABLE IF EXISTS `vtiger_wsapp_queuerecords`;
CREATE TABLE `vtiger_wsapp_queuerecords`  (
  `syncserverid` int NULL DEFAULT NULL,
  `details` varchar(300) CHARACTER SET utf8mb3 COLLATE utf8mb3_general_ci NULL DEFAULT NULL,
  `flag` varchar(100) CHARACTER SET utf8mb3 COLLATE utf8mb3_general_ci NULL DEFAULT NULL,
  `appid` int NULL DEFAULT NULL
) ENGINE = InnoDB CHARACTER SET = utf8mb3 COLLATE = utf8mb3_general_ci ROW_FORMAT = Dynamic;

-- ----------------------------
-- Records of vtiger_wsapp_queuerecords
-- ----------------------------

-- ----------------------------
-- Table structure for vtiger_wsapp_recordmapping
-- ----------------------------
DROP TABLE IF EXISTS `vtiger_wsapp_recordmapping`;
CREATE TABLE `vtiger_wsapp_recordmapping`  (
  `id` int NOT NULL AUTO_INCREMENT,
  `serverid` varchar(10) CHARACTER SET utf8mb3 COLLATE utf8mb3_general_ci NULL DEFAULT NULL,
  `clientid` varchar(255) CHARACTER SET utf8mb3 COLLATE utf8mb3_general_ci NULL DEFAULT NULL,
  `clientmodifiedtime` datetime NULL DEFAULT NULL,
  `appid` int NULL DEFAULT NULL,
  `servermodifiedtime` datetime NULL DEFAULT NULL,
  `serverappid` int NULL DEFAULT NULL,
  PRIMARY KEY (`id`) USING BTREE
) ENGINE = InnoDB CHARACTER SET = utf8mb3 COLLATE = utf8mb3_general_ci ROW_FORMAT = Dynamic;

-- ----------------------------
-- Records of vtiger_wsapp_recordmapping
-- ----------------------------

-- ----------------------------
-- Table structure for vtiger_wsapp_sync_state
-- ----------------------------
DROP TABLE IF EXISTS `vtiger_wsapp_sync_state`;
CREATE TABLE `vtiger_wsapp_sync_state`  (
  `id` int NOT NULL AUTO_INCREMENT,
  `name` varchar(200) CHARACTER SET utf8mb3 COLLATE utf8mb3_general_ci NULL DEFAULT NULL,
  `stateencodedvalues` varchar(300) CHARACTER SET utf8mb3 COLLATE utf8mb3_general_ci NOT NULL,
  `userid` int NULL DEFAULT NULL,
  PRIMARY KEY (`id`) USING BTREE
) ENGINE = InnoDB AUTO_INCREMENT = 1 CHARACTER SET = utf8mb3 COLLATE = utf8mb3_general_ci ROW_FORMAT = Dynamic;

-- ----------------------------
-- Records of vtiger_wsapp_sync_state
-- ----------------------------

SET FOREIGN_KEY_CHECKS = 1;
